pharmacy_id,date,product_id,opening_physical_stock,receipts,usage_sales_units,stockout_units,closing_physical_stock,closing_system_stock,system_physical_gap,avg_daily_use_7d,days_of_supply,order_qty,order_type,supplied_qty,month_end_count,supply_shortage_period,source_file,source_sheet,generated_at
PH_DUMMY_01,2026-01-01,R001,358,0,0,0,358,358,0,,,0,,0,,,virtual_dummy.xlsx,L48_재고수량·잔여일수,2026-10-05T01:15
PH_DUMMY_01,2026-01-01,R002,1956,0,0,0,1956,1956,0,,,0,,0,,,virtual_dummy.xlsx,L48_재고수량·잔여일수,2026-10-05T01:15
PH_DUMMY_01,2026-01-01,R003,610,0,0,0,610,610,0,,,0,,0,,,virtual_dummy.xlsx,L48_재고수량·잔여일수,2026-10-05T01:15
PH_DUMMY_01,2026-01-01,R004,1220,0,0,0,1220,1220,0,,,0,,0,,,virtual_dummy.xlsx,L48_재고수량·잔여일수,2026-10-05T01:15
PH_DUMMY_01,2026-01-01,R005,1770,0,0,0,1770,1770,0,,,0,,0,,,virtual_dummy.xlsx,L48_재고수량·잔여일수,2026-10-05T01:15
PH_DUMMY_01,2026-01-01,R006,1127,0,0,0,1127,1127,0,,,0,,0,,,virtual_dummy.xlsx,L48_재고수량·잔여일수,2026-10-05T01:15
PH_DUMMY_01,2026-01-01,R007,2217,0,0,0,2217,2217,0,,,0,,0,,,virtual_dummy.xlsx,L48_재고수량·잔여일수,2026-10-05T01:15
PH_DUMMY_01,2026-01-01,O001,25,0,0,0,25,25,0,,,0,,0,,,virtual_dummy.xlsx,L48_재고수량·잔여일수,2026-10-05T01:15
PH_DUMMY_01,2026-01-01,O002,17,0,0,0,17,17,0,,,0,,0,,,virtual_dummy.xlsx,L48_재고수량·잔여일수,2026-10-05T01:15
PH_DUMMY_01,2026-01-01,O003,21,0,0,0,21,21,0,,,0,,0,,,virtual_dummy.xlsx,L48_재고수량·잔여일수,2026-10-05T01:15
PH_DUMMY_01,2026-01-01,O004,3,0,0,0,3,3,0,,,0,,0,,,virtual_dummy.xlsx,L48_재고수량·잔여일수,2026-10-05T01:15
PH_DUMMY_01,2026-01-01,Q001,9,0,0,0,9,9,0,,,0,,0,,,virtual_dummy.xlsx,L48_재고수량·잔여일수,2026-10-05T01:15
PH_DUMMY_01,2026-01-01,Q002,2,0,0,0,2,2,0,,,0,,0,,,virtual_dummy.xlsx,L48_재고수량·잔여일수,2026-10-05T01:15
PH_DUMMY_01,2026-01-02,R001,358,0,68,0,290,290,0,68,4.3,300,정기(주간),300,,,virtual_dummy.xlsx,L48_재고수량·잔여일수,2026-10-05T01:15
PH_DUMMY_01,2026-01-02,R002,1956,0,452,0,1504,1504,0,452,3.3,1500,정기(주간),1500,,,virtual_dummy.xlsx,L48_재고수량·잔여일수,2026-10-05T01:15
PH_DUMMY_01,2026-01-02,R003,610,0,229,0,381,361,-20,229,1.7,500,정기(주간),500,,,virtual_dummy.xlsx,L48_재고수량·잔여일수,2026-10-05T01:15
PH_DUMMY_01,2026-01-02,R004,1220,0,400,0,820,820,0,400,2,1000,정기(주간),1000,,,virtual_dummy.xlsx,L48_재고수량·잔여일수,2026-10-05T01:15
PH_DUMMY_01,2026-01-02,R005,1770,0,326,0,1444,1444,0,326,4.4,1500,정기(주간),1500,,,virtual_dummy.xlsx,L48_재고수량·잔여일수,2026-10-05T01:15
PH_DUMMY_01,2026-01-02,R006,1127,0,318,0,809,809,0,318,2.5,900,정기(주간),900,,,virtual_dummy.xlsx,L48_재고수량·잔여일수,2026-10-05T01:15
PH_DUMMY_01,2026-01-02,R007,2217,0,448,0,1769,1769,0,448,3.9,1500,정기(주간),1500,,,virtual_dummy.xlsx,L48_재고수량·잔여일수,2026-10-05T01:15
PH_DUMMY_01,2026-01-02,O001,25,0,8,0,17,17,0,8,2.1,20,정기(주간),20,,,virtual_dummy.xlsx,L48_재고수량·잔여일수,2026-10-05T01:15
PH_DUMMY_01,2026-01-02,O002,17,0,4,0,13,13,0,4,3.2,20,정기(주간),20,,,virtual_dummy.xlsx,L48_재고수량·잔여일수,2026-10-05T01:15
PH_DUMMY_01,2026-01-02,O003,21,0,8,0,13,13,0,8,1.6,20,정기(주간),20,,,virtual_dummy.xlsx,L48_재고수량·잔여일수,2026-10-05T01:15
PH_DUMMY_01,2026-01-02,O004,3,0,0,0,3,3,0,0,,2,정기(주간),2,,,virtual_dummy.xlsx,L48_재고수량·잔여일수,2026-10-05T01:15
PH_DUMMY_01,2026-01-02,Q001,9,0,0,0,9,9,0,0,,10,정기(주간),10,,,virtual_dummy.xlsx,L48_재고수량·잔여일수,2026-10-05T01:15
PH_DUMMY_01,2026-01-02,Q002,2,0,1,0,1,0,-1,1,1,2,정기(주간),2,,,virtual_dummy.xlsx,L48_재고수량·잔여일수,2026-10-05T01:15
PH_DUMMY_01,2026-01-03,R001,290,300,22,0,568,568,0,45,12.6,0,,0,,,virtual_dummy.xlsx,L48_재고수량·잔여일수,2026-10-05T01:15
PH_DUMMY_01,2026-01-03,R002,1504,1500,158,0,2846,2846,0,305,9.3,0,,0,,,virtual_dummy.xlsx,L48_재고수량·잔여일수,2026-10-05T01:15
PH_DUMMY_01,2026-01-03,R003,381,500,153,0,728,708,-20,191,3.8,0,,0,,,virtual_dummy.xlsx,L48_재고수량·잔여일수,2026-10-05T01:15
PH_DUMMY_01,2026-01-03,R004,820,1000,227,0,1593,1573,-20,313.5,5.1,0,,0,,,virtual_dummy.xlsx,L48_재고수량·잔여일수,2026-10-05T01:15
PH_DUMMY_01,2026-01-03,R005,1444,1500,253,0,2691,2721,30,289.5,9.3,0,,0,,,virtual_dummy.xlsx,L48_재고수량·잔여일수,2026-10-05T01:15
PH_DUMMY_01,2026-01-03,R006,809,900,206,0,1503,1503,0,262,5.7,0,,0,,,virtual_dummy.xlsx,L48_재고수량·잔여일수,2026-10-05T01:15
PH_DUMMY_01,2026-01-03,R007,1769,1500,372,0,2897,2897,0,410,7.1,0,,0,,,virtual_dummy.xlsx,L48_재고수량·잔여일수,2026-10-05T01:15
PH_DUMMY_01,2026-01-03,O001,17,20,3,0,34,34,0,5.5,6.2,0,,0,,,virtual_dummy.xlsx,L48_재고수량·잔여일수,2026-10-05T01:15
PH_DUMMY_01,2026-01-03,O002,13,20,1,0,32,32,0,2.5,12.8,0,,0,,,virtual_dummy.xlsx,L48_재고수량·잔여일수,2026-10-05T01:15
PH_DUMMY_01,2026-01-03,O003,13,20,6,0,27,27,0,7,3.9,0,,0,,,virtual_dummy.xlsx,L48_재고수량·잔여일수,2026-10-05T01:15
PH_DUMMY_01,2026-01-03,O004,3,2,0,0,5,5,0,0,,0,,0,,,virtual_dummy.xlsx,L48_재고수량·잔여일수,2026-10-05T01:15
PH_DUMMY_01,2026-01-03,Q001,9,10,1,0,18,18,0,0.5,36,0,,0,,,virtual_dummy.xlsx,L48_재고수량·잔여일수,2026-10-05T01:15
PH_DUMMY_01,2026-01-03,Q002,1,2,0,0,3,1,-2,0.5,6,0,,0,,,virtual_dummy.xlsx,L48_재고수량·잔여일수,2026-10-05T01:15
PH_DUMMY_01,2026-01-04,R001,568,0,0,0,568,568,0,,,0,,0,,,virtual_dummy.xlsx,L48_재고수량·잔여일수,2026-10-05T01:15
PH_DUMMY_01,2026-01-04,R002,2846,0,0,0,2846,2846,0,,,0,,0,,,virtual_dummy.xlsx,L48_재고수량·잔여일수,2026-10-05T01:15
PH_DUMMY_01,2026-01-04,R003,728,0,0,0,728,708,-20,,,0,,0,,,virtual_dummy.xlsx,L48_재고수량·잔여일수,2026-10-05T01:15
PH_DUMMY_01,2026-01-04,R004,1593,0,0,0,1593,1573,-20,,,0,,0,,,virtual_dummy.xlsx,L48_재고수량·잔여일수,2026-10-05T01:15
PH_DUMMY_01,2026-01-04,R005,2691,0,0,0,2691,2721,30,,,0,,0,,,virtual_dummy.xlsx,L48_재고수량·잔여일수,2026-10-05T01:15
PH_DUMMY_01,2026-01-04,R006,1503,0,0,0,1503,1503,0,,,0,,0,,,virtual_dummy.xlsx,L48_재고수량·잔여일수,2026-10-05T01:15
PH_DUMMY_01,2026-01-04,R007,2897,0,0,0,2897,2897,0,,,0,,0,,,virtual_dummy.xlsx,L48_재고수량·잔여일수,2026-10-05T01:15
PH_DUMMY_01,2026-01-04,O001,34,0,0,0,34,34,0,,,0,,0,,,virtual_dummy.xlsx,L48_재고수량·잔여일수,2026-10-05T01:15
PH_DUMMY_01,2026-01-04,O002,32,0,0,0,32,32,0,,,0,,0,,,virtual_dummy.xlsx,L48_재고수량·잔여일수,2026-10-05T01:15
PH_DUMMY_01,2026-01-04,O003,27,0,0,0,27,27,0,,,0,,0,,,virtual_dummy.xlsx,L48_재고수량·잔여일수,2026-10-05T01:15
PH_DUMMY_01,2026-01-04,O004,5,0,0,0,5,5,0,,,0,,0,,,virtual_dummy.xlsx,L48_재고수량·잔여일수,2026-10-05T01:15
PH_DUMMY_01,2026-01-04,Q001,18,0,0,0,18,18,0,,,0,,0,,,virtual_dummy.xlsx,L48_재고수량·잔여일수,2026-10-05T01:15
PH_DUMMY_01,2026-01-04,Q002,3,0,0,0,3,1,-2,,,0,,0,,,virtual_dummy.xlsx,L48_재고수량·잔여일수,2026-10-05T01:15
PH_DUMMY_01,2026-01-05,R001,568,0,71,0,497,497,0,53.7,9.3,100,정기(주간),100,,,virtual_dummy.xlsx,L48_재고수량·잔여일수,2026-10-05T01:15
PH_DUMMY_01,2026-01-05,R002,2846,0,207,0,2639,2639,0,272.3,9.7,300,정기(주간),300,,,virtual_dummy.xlsx,L48_재고수량·잔여일수,2026-10-05T01:15
PH_DUMMY_01,2026-01-05,R003,728,0,262,0,466,446,-20,214.7,2.2,500,정기(주간),500,,,virtual_dummy.xlsx,L48_재고수량·잔여일수,2026-10-05T01:15
PH_DUMMY_01,2026-01-05,R004,1593,0,393,0,1200,1180,-20,340,3.5,1000,정기(주간),300,,Y,virtual_dummy.xlsx,L48_재고수량·잔여일수,2026-10-05T01:15
PH_DUMMY_01,2026-01-05,R005,2691,0,164,0,2527,2527,0,247.7,10.2,500,정기(주간),500,,,virtual_dummy.xlsx,L48_재고수량·잔여일수,2026-10-05T01:15
PH_DUMMY_01,2026-01-05,R006,1503,0,217,0,1286,1286,0,247,5.2,600,정기(주간),600,,,virtual_dummy.xlsx,L48_재고수량·잔여일수,2026-10-05T01:15
PH_DUMMY_01,2026-01-05,R007,2897,0,460,0,2437,2467,30,426.7,5.7,1000,정기(주간),1000,,,virtual_dummy.xlsx,L48_재고수량·잔여일수,2026-10-05T01:15
PH_DUMMY_01,2026-01-05,O001,34,0,4,0,30,30,0,5,6,10,정기(주간),10,,,virtual_dummy.xlsx,L48_재고수량·잔여일수,2026-10-05T01:15
PH_DUMMY_01,2026-01-05,O002,32,0,0,0,32,32,0,1.7,19.2,0,,0,,,virtual_dummy.xlsx,L48_재고수량·잔여일수,2026-10-05T01:15
PH_DUMMY_01,2026-01-05,O003,27,0,6,0,21,21,0,6.7,3.2,10,정기(주간),10,,,virtual_dummy.xlsx,L48_재고수량·잔여일수,2026-10-05T01:15
PH_DUMMY_01,2026-01-05,O004,5,0,0,0,5,5,0,0,,0,,0,,,virtual_dummy.xlsx,L48_재고수량·잔여일수,2026-10-05T01:15
PH_DUMMY_01,2026-01-05,Q001,18,0,1,0,17,17,0,0.7,25.5,0,,0,,,virtual_dummy.xlsx,L48_재고수량·잔여일수,2026-10-05T01:15
PH_DUMMY_01,2026-01-05,Q002,3,0,0,0,3,1,-2,0.3,9,0,,0,,,virtual_dummy.xlsx,L48_재고수량·잔여일수,2026-10-05T01:15
PH_DUMMY_01,2026-01-06,R001,497,100,135,0,462,462,0,74,6.2,0,,0,,,virtual_dummy.xlsx,L48_재고수량·잔여일수,2026-10-05T01:15
PH_DUMMY_01,2026-01-06,R002,2639,300,130,0,2809,2809,0,236.8,11.9,0,,0,,,virtual_dummy.xlsx,L48_재고수량·잔여일수,2026-10-05T01:15
PH_DUMMY_01,2026-01-06,R003,466,500,127,0,839,819,-20,192.8,4.4,0,,0,,,virtual_dummy.xlsx,L48_재고수량·잔여일수,2026-10-05T01:15
PH_DUMMY_01,2026-01-06,R004,1200,300,165,0,1335,1315,-20,296.2,4.5,0,,0,,Y,virtual_dummy.xlsx,L48_재고수량·잔여일수,2026-10-05T01:15
PH_DUMMY_01,2026-01-06,R005,2527,500,534,0,2493,2493,0,319.2,7.8,0,,0,,,virtual_dummy.xlsx,L48_재고수량·잔여일수,2026-10-05T01:15
PH_DUMMY_01,2026-01-06,R006,1286,600,398,0,1488,1488,0,284.8,5.2,0,,0,,,virtual_dummy.xlsx,L48_재고수량·잔여일수,2026-10-05T01:15
PH_DUMMY_01,2026-01-06,R007,2437,1000,487,0,2950,2980,30,441.8,6.7,0,,0,,,virtual_dummy.xlsx,L48_재고수량·잔여일수,2026-10-05T01:15
PH_DUMMY_01,2026-01-06,O001,30,10,2,0,38,38,0,4.2,8.9,0,,0,,,virtual_dummy.xlsx,L48_재고수량·잔여일수,2026-10-05T01:15
PH_DUMMY_01,2026-01-06,O002,32,0,4,0,28,28,0,2.2,12.4,0,,0,,,virtual_dummy.xlsx,L48_재고수량·잔여일수,2026-10-05T01:15
PH_DUMMY_01,2026-01-06,O003,21,10,3,0,28,28,0,5.8,4.9,0,,0,,,virtual_dummy.xlsx,L48_재고수량·잔여일수,2026-10-05T01:15
PH_DUMMY_01,2026-01-06,O004,5,0,0,0,5,8,3,0,,0,,0,,,virtual_dummy.xlsx,L48_재고수량·잔여일수,2026-10-05T01:15
PH_DUMMY_01,2026-01-06,Q001,17,0,2,0,15,15,0,1,15,0,,0,,,virtual_dummy.xlsx,L48_재고수량·잔여일수,2026-10-05T01:15
PH_DUMMY_01,2026-01-06,Q002,3,0,0,0,3,1,-2,0.2,12,0,,0,,,virtual_dummy.xlsx,L48_재고수량·잔여일수,2026-10-05T01:15
PH_DUMMY_01,2026-01-07,R001,462,0,50,0,412,392,-20,69.2,6,0,,0,,,virtual_dummy.xlsx,L48_재고수량·잔여일수,2026-10-05T01:15
PH_DUMMY_01,2026-01-07,R002,2809,0,141,0,2668,2668,0,217.6,12.3,0,,0,,,virtual_dummy.xlsx,L48_재고수량·잔여일수,2026-10-05T01:15
PH_DUMMY_01,2026-01-07,R003,839,0,81,0,758,738,-20,170.4,4.4,0,,0,,,virtual_dummy.xlsx,L48_재고수량·잔여일수,2026-10-05T01:15
PH_DUMMY_01,2026-01-07,R004,1335,0,360,0,975,955,-20,309,3.2,0,,0,,Y,virtual_dummy.xlsx,L48_재고수량·잔여일수,2026-10-05T01:15
PH_DUMMY_01,2026-01-07,R005,2493,0,179,0,2314,2314,0,291.2,7.9,0,,0,,,virtual_dummy.xlsx,L48_재고수량·잔여일수,2026-10-05T01:15
PH_DUMMY_01,2026-01-07,R006,1488,0,109,0,1379,1369,-10,249.6,5.5,0,,0,,,virtual_dummy.xlsx,L48_재고수량·잔여일수,2026-10-05T01:15
PH_DUMMY_01,2026-01-07,R007,2950,0,235,0,2715,2745,30,400.4,6.8,0,,0,,,virtual_dummy.xlsx,L48_재고수량·잔여일수,2026-10-05T01:15
PH_DUMMY_01,2026-01-07,O001,38,0,9,0,29,29,0,5.2,5.6,0,,0,,,virtual_dummy.xlsx,L48_재고수량·잔여일수,2026-10-05T01:15
PH_DUMMY_01,2026-01-07,O002,28,0,1,0,27,27,0,2,13.5,0,,0,,,virtual_dummy.xlsx,L48_재고수량·잔여일수,2026-10-05T01:15
PH_DUMMY_01,2026-01-07,O003,28,0,5,0,23,24,1,5.6,4.1,0,,0,,,virtual_dummy.xlsx,L48_재고수량·잔여일수,2026-10-05T01:15
PH_DUMMY_01,2026-01-07,O004,5,0,0,0,5,8,3,0,,0,,0,,,virtual_dummy.xlsx,L48_재고수량·잔여일수,2026-10-05T01:15
PH_DUMMY_01,2026-01-07,Q001,15,0,2,0,13,13,0,1.2,10.8,0,,0,,,virtual_dummy.xlsx,L48_재고수량·잔여일수,2026-10-05T01:15
PH_DUMMY_01,2026-01-07,Q002,3,0,0,0,3,1,-2,0.2,15,0,,0,,,virtual_dummy.xlsx,L48_재고수량·잔여일수,2026-10-05T01:15
PH_DUMMY_01,2026-01-08,R001,412,0,64,0,348,328,-20,68.3,5.1,0,,0,,,virtual_dummy.xlsx,L48_재고수량·잔여일수,2026-10-05T01:15
PH_DUMMY_01,2026-01-08,R002,2668,0,288,0,2380,2380,0,229.3,10.4,0,,0,,,virtual_dummy.xlsx,L48_재고수량·잔여일수,2026-10-05T01:15
PH_DUMMY_01,2026-01-08,R003,758,0,296,0,462,442,-20,191.3,2.4,0,,0,,,virtual_dummy.xlsx,L48_재고수량·잔여일수,2026-10-05T01:15
PH_DUMMY_01,2026-01-08,R004,975,0,551,0,424,404,-20,349.3,1.2,1500,긴급,450,,Y,virtual_dummy.xlsx,L48_재고수량·잔여일수,2026-10-05T01:15
PH_DUMMY_01,2026-01-08,R005,2314,0,347,0,1967,1967,0,300.5,6.5,0,,0,,,virtual_dummy.xlsx,L48_재고수량·잔여일수,2026-10-05T01:15
PH_DUMMY_01,2026-01-08,R006,1379,0,161,0,1218,1208,-10,234.8,5.2,0,,0,,,virtual_dummy.xlsx,L48_재고수량·잔여일수,2026-10-05T01:15
PH_DUMMY_01,2026-01-08,R007,2715,0,411,0,2304,2334,30,402.2,5.7,0,,0,,,virtual_dummy.xlsx,L48_재고수량·잔여일수,2026-10-05T01:15
PH_DUMMY_01,2026-01-08,O001,29,0,4,0,25,25,0,5,5,0,,0,,,virtual_dummy.xlsx,L48_재고수량·잔여일수,2026-10-05T01:15
PH_DUMMY_01,2026-01-08,O002,27,0,3,0,24,24,0,2.2,11.1,0,,0,,,virtual_dummy.xlsx,L48_재고수량·잔여일수,2026-10-05T01:15
PH_DUMMY_01,2026-01-08,O003,23,0,4,0,19,20,1,5.3,3.6,0,,0,,,virtual_dummy.xlsx,L48_재고수량·잔여일수,2026-10-05T01:15
PH_DUMMY_01,2026-01-08,O004,5,0,0,0,5,8,3,0,,0,,0,,,virtual_dummy.xlsx,L48_재고수량·잔여일수,2026-10-05T01:15
PH_DUMMY_01,2026-01-08,Q001,13,0,1,0,12,12,0,1.2,10.3,0,,0,,,virtual_dummy.xlsx,L48_재고수량·잔여일수,2026-10-05T01:15
PH_DUMMY_01,2026-01-08,Q002,3,0,0,0,3,1,-2,0.2,18,0,,0,,,virtual_dummy.xlsx,L48_재고수량·잔여일수,2026-10-05T01:15
PH_DUMMY_01,2026-01-09,R001,348,0,46,0,302,282,-20,65.1,4.6,0,,0,,,virtual_dummy.xlsx,L48_재고수량·잔여일수,2026-10-05T01:15
PH_DUMMY_01,2026-01-09,R002,2380,0,322,0,2058,2058,0,242.6,8.5,0,,0,,,virtual_dummy.xlsx,L48_재고수량·잔여일수,2026-10-05T01:15
PH_DUMMY_01,2026-01-09,R003,462,0,162,0,300,280,-20,187.1,1.6,0,,0,,,virtual_dummy.xlsx,L48_재고수량·잔여일수,2026-10-05T01:15
PH_DUMMY_01,2026-01-09,R004,424,450,494,0,380,360,-20,370,1,1500,긴급,0,,Y,virtual_dummy.xlsx,L48_재고수량·잔여일수,2026-10-05T01:15
PH_DUMMY_01,2026-01-09,R005,1967,0,199,0,1768,1738,-30,286,6.2,0,,0,,,virtual_dummy.xlsx,L48_재고수량·잔여일수,2026-10-05T01:15
PH_DUMMY_01,2026-01-09,R006,1218,0,330,0,888,878,-10,248.4,3.6,0,,0,,,virtual_dummy.xlsx,L48_재고수량·잔여일수,2026-10-05T01:15
PH_DUMMY_01,2026-01-09,R007,2304,0,513,0,1791,1821,30,418,4.3,0,,0,,,virtual_dummy.xlsx,L48_재고수량·잔여일수,2026-10-05T01:15
PH_DUMMY_01,2026-01-09,O001,25,0,13,0,12,12,0,6.1,2,0,,0,,,virtual_dummy.xlsx,L48_재고수량·잔여일수,2026-10-05T01:15
PH_DUMMY_01,2026-01-09,O002,24,0,8,0,16,16,0,3,5.3,0,,0,,,virtual_dummy.xlsx,L48_재고수량·잔여일수,2026-10-05T01:15
PH_DUMMY_01,2026-01-09,O003,19,0,8,0,11,12,1,5.7,1.9,0,,0,,,virtual_dummy.xlsx,L48_재고수량·잔여일수,2026-10-05T01:15
PH_DUMMY_01,2026-01-09,O004,5,0,0,0,5,8,3,0,,0,,0,,,virtual_dummy.xlsx,L48_재고수량·잔여일수,2026-10-05T01:15
PH_DUMMY_01,2026-01-09,Q001,12,0,1,0,11,11,0,1.1,9.6,0,,0,,,virtual_dummy.xlsx,L48_재고수량·잔여일수,2026-10-05T01:15
PH_DUMMY_01,2026-01-09,Q002,3,0,0,0,3,1,-2,0.1,21,0,,0,,,virtual_dummy.xlsx,L48_재고수량·잔여일수,2026-10-05T01:15
PH_DUMMY_01,2026-01-10,R001,302,0,47,0,255,235,-20,62.1,4.1,0,,0,,,virtual_dummy.xlsx,L48_재고수량·잔여일수,2026-10-05T01:15
PH_DUMMY_01,2026-01-10,R002,2058,0,148,0,1910,1880,-30,199.1,9.6,0,,0,,,virtual_dummy.xlsx,L48_재고수량·잔여일수,2026-10-05T01:15
PH_DUMMY_01,2026-01-10,R003,300,0,125,0,175,155,-20,172.3,1,600,긴급,600,,,virtual_dummy.xlsx,L48_재고수량·잔여일수,2026-10-05T01:15
PH_DUMMY_01,2026-01-10,R004,380,0,281,0,99,79,-20,353,0.3,1500,긴급,0,,Y,virtual_dummy.xlsx,L48_재고수량·잔여일수,2026-10-05T01:15
PH_DUMMY_01,2026-01-10,R005,1768,0,110,0,1658,1628,-30,255.1,6.5,0,,0,,,virtual_dummy.xlsx,L48_재고수량·잔여일수,2026-10-05T01:15
PH_DUMMY_01,2026-01-10,R006,888,0,172,0,716,706,-10,227.6,3.1,0,,0,,,virtual_dummy.xlsx,L48_재고수량·잔여일수,2026-10-05T01:15
PH_DUMMY_01,2026-01-10,R007,1791,0,197,0,1594,1634,40,382.1,4.2,0,,0,,,virtual_dummy.xlsx,L48_재고수량·잔여일수,2026-10-05T01:15
PH_DUMMY_01,2026-01-10,O001,12,0,1,0,11,11,0,5.1,2.1,0,,0,,,virtual_dummy.xlsx,L48_재고수량·잔여일수,2026-10-05T01:15
PH_DUMMY_01,2026-01-10,O002,16,0,1,0,15,15,0,2.6,5.8,0,,0,,,virtual_dummy.xlsx,L48_재고수량·잔여일수,2026-10-05T01:15
PH_DUMMY_01,2026-01-10,O003,11,0,2,0,9,10,1,4.9,1.9,0,,0,,,virtual_dummy.xlsx,L48_재고수량·잔여일수,2026-10-05T01:15
PH_DUMMY_01,2026-01-10,O004,5,0,0,0,5,8,3,0,,0,,0,,,virtual_dummy.xlsx,L48_재고수량·잔여일수,2026-10-05T01:15
PH_DUMMY_01,2026-01-10,Q001,11,0,1,0,10,10,0,1.3,7.8,0,,0,,,virtual_dummy.xlsx,L48_재고수량·잔여일수,2026-10-05T01:15
PH_DUMMY_01,2026-01-10,Q002,3,0,0,0,3,1,-2,0,,0,,0,,,virtual_dummy.xlsx,L48_재고수량·잔여일수,2026-10-05T01:15
PH_DUMMY_01,2026-01-11,R001,255,0,0,0,255,235,-20,,,0,,0,,,virtual_dummy.xlsx,L48_재고수량·잔여일수,2026-10-05T01:15
PH_DUMMY_01,2026-01-11,R002,1910,0,0,0,1910,1880,-30,,,0,,0,,,virtual_dummy.xlsx,L48_재고수량·잔여일수,2026-10-05T01:15
PH_DUMMY_01,2026-01-11,R003,175,0,0,0,175,155,-20,,,0,,0,,,virtual_dummy.xlsx,L48_재고수량·잔여일수,2026-10-05T01:15
PH_DUMMY_01,2026-01-11,R004,99,0,0,0,99,79,-20,,,0,,0,,Y,virtual_dummy.xlsx,L48_재고수량·잔여일수,2026-10-05T01:15
PH_DUMMY_01,2026-01-11,R005,1658,0,0,0,1658,1628,-30,,,0,,0,,,virtual_dummy.xlsx,L48_재고수량·잔여일수,2026-10-05T01:15
PH_DUMMY_01,2026-01-11,R006,716,0,0,0,716,706,-10,,,0,,0,,,virtual_dummy.xlsx,L48_재고수량·잔여일수,2026-10-05T01:15
PH_DUMMY_01,2026-01-11,R007,1594,0,0,0,1594,1634,40,,,0,,0,,,virtual_dummy.xlsx,L48_재고수량·잔여일수,2026-10-05T01:15
PH_DUMMY_01,2026-01-11,O001,11,0,0,0,11,11,0,,,0,,0,,,virtual_dummy.xlsx,L48_재고수량·잔여일수,2026-10-05T01:15
PH_DUMMY_01,2026-01-11,O002,15,0,0,0,15,15,0,,,0,,0,,,virtual_dummy.xlsx,L48_재고수량·잔여일수,2026-10-05T01:15
PH_DUMMY_01,2026-01-11,O003,9,0,0,0,9,10,1,,,0,,0,,,virtual_dummy.xlsx,L48_재고수량·잔여일수,2026-10-05T01:15
PH_DUMMY_01,2026-01-11,O004,5,0,0,0,5,8,3,,,0,,0,,,virtual_dummy.xlsx,L48_재고수량·잔여일수,2026-10-05T01:15
PH_DUMMY_01,2026-01-11,Q001,10,0,0,0,10,10,0,,,0,,0,,,virtual_dummy.xlsx,L48_재고수량·잔여일수,2026-10-05T01:15
PH_DUMMY_01,2026-01-11,Q002,3,0,0,0,3,1,-2,,,0,,0,,,virtual_dummy.xlsx,L48_재고수량·잔여일수,2026-10-05T01:15
PH_DUMMY_01,2026-01-12,R001,255,0,72,0,183,163,-20,69.3,2.6,400,정기(주간),400,,,virtual_dummy.xlsx,L48_재고수량·잔여일수,2026-10-05T01:15
PH_DUMMY_01,2026-01-12,R002,1910,0,267,0,1643,1613,-30,214.7,7.7,300,정기(주간),300,,,virtual_dummy.xlsx,L48_재고수량·잔여일수,2026-10-05T01:15
PH_DUMMY_01,2026-01-12,R003,175,600,101,0,674,654,-20,164.9,4.1,700,정기(주간),700,,,virtual_dummy.xlsx,L48_재고수량·잔여일수,2026-10-05T01:15
PH_DUMMY_01,2026-01-12,R004,99,0,99,266,0,0,0,372.7,0,3000,정기(주간),900,,Y,virtual_dummy.xlsx,L48_재고수량·잔여일수,2026-10-05T01:15
PH_DUMMY_01,2026-01-12,R005,1658,0,564,0,1094,1064,-30,299.6,3.7,1500,정기(주간),1500,,,virtual_dummy.xlsx,L48_재고수량·잔여일수,2026-10-05T01:15
PH_DUMMY_01,2026-01-12,R006,716,0,309,0,407,397,-10,242.3,1.7,1800,정기(주간),1800,,,virtual_dummy.xlsx,L48_재고수량·잔여일수,2026-10-05T01:15
PH_DUMMY_01,2026-01-12,R007,1594,0,423,0,1171,1211,40,389.4,3,2000,정기(주간),2000,,,virtual_dummy.xlsx,L48_재고수량·잔여일수,2026-10-05T01:15
PH_DUMMY_01,2026-01-12,O001,11,0,7,0,4,4,0,5.7,0.7,50,정기(주간),50,,,virtual_dummy.xlsx,L48_재고수량·잔여일수,2026-10-05T01:15
PH_DUMMY_01,2026-01-12,O002,15,0,0,0,15,15,0,2.4,6.2,10,정기(주간),10,,,virtual_dummy.xlsx,L48_재고수량·잔여일수,2026-10-05T01:15
PH_DUMMY_01,2026-01-12,O003,9,0,9,2,0,1,1,5.6,0,60,정기(주간),60,,,virtual_dummy.xlsx,L48_재고수량·잔여일수,2026-10-05T01:15
PH_DUMMY_01,2026-01-12,O004,5,0,1,0,4,7,3,0.1,28,0,,0,,,virtual_dummy.xlsx,L48_재고수량·잔여일수,2026-10-05T01:15
PH_DUMMY_01,2026-01-12,Q001,10,0,2,0,8,8,0,1.4,5.6,10,정기(주간),10,,,virtual_dummy.xlsx,L48_재고수량·잔여일수,2026-10-05T01:15
PH_DUMMY_01,2026-01-12,Q002,3,0,0,0,3,1,-2,0,,0,,0,,,virtual_dummy.xlsx,L48_재고수량·잔여일수,2026-10-05T01:15
PH_DUMMY_01,2026-01-13,R001,183,400,88,0,495,475,-20,71.7,6.9,0,,0,,,virtual_dummy.xlsx,L48_재고수량·잔여일수,2026-10-05T01:15
PH_DUMMY_01,2026-01-13,R002,1643,300,180,0,1763,1733,-30,210.9,8.4,0,,0,,,virtual_dummy.xlsx,L48_재고수량·잔여일수,2026-10-05T01:15
PH_DUMMY_01,2026-01-13,R003,674,700,226,0,1148,1128,-20,159.7,7.2,0,,0,,,virtual_dummy.xlsx,L48_재고수량·잔여일수,2026-10-05T01:15
PH_DUMMY_01,2026-01-13,R004,0,900,344,0,556,546,-10,365.7,1.5,0,,0,,Y,virtual_dummy.xlsx,L48_재고수량·잔여일수,2026-10-05T01:15
PH_DUMMY_01,2026-01-13,R005,1094,1500,430,0,2164,2134,-30,337.6,6.4,0,,0,,,virtual_dummy.xlsx,L48_재고수량·잔여일수,2026-10-05T01:15
PH_DUMMY_01,2026-01-13,R006,407,1800,177,0,2030,2020,-10,236.6,8.6,0,,0,,,virtual_dummy.xlsx,L48_재고수량·잔여일수,2026-10-05T01:15
PH_DUMMY_01,2026-01-13,R007,1171,2000,601,0,2570,2610,40,409.6,6.3,0,,0,,,virtual_dummy.xlsx,L48_재고수량·잔여일수,2026-10-05T01:15
PH_DUMMY_01,2026-01-13,O001,4,50,3,0,51,51,0,5.6,9.2,0,,0,,,virtual_dummy.xlsx,L48_재고수량·잔여일수,2026-10-05T01:15
PH_DUMMY_01,2026-01-13,O002,15,10,1,0,24,24,0,2.6,9.3,0,,0,,,virtual_dummy.xlsx,L48_재고수량·잔여일수,2026-10-05T01:15
PH_DUMMY_01,2026-01-13,O003,0,60,4,0,56,57,1,5.3,10.6,0,,0,,,virtual_dummy.xlsx,L48_재고수량·잔여일수,2026-10-05T01:15
PH_DUMMY_01,2026-01-13,O004,4,0,1,0,3,6,3,0.3,10.5,0,,0,,,virtual_dummy.xlsx,L48_재고수량·잔여일수,2026-10-05T01:15
PH_DUMMY_01,2026-01-13,Q001,8,10,3,0,15,15,0,1.7,8.8,0,,0,,,virtual_dummy.xlsx,L48_재고수량·잔여일수,2026-10-05T01:15
PH_DUMMY_01,2026-01-13,Q002,3,0,0,0,3,1,-2,0,,0,,0,,,virtual_dummy.xlsx,L48_재고수량·잔여일수,2026-10-05T01:15
PH_DUMMY_01,2026-01-14,R001,495,0,33,0,462,442,-20,57.1,8.1,0,,0,,,virtual_dummy.xlsx,L48_재고수량·잔여일수,2026-10-05T01:15
PH_DUMMY_01,2026-01-14,R002,1763,0,127,0,1636,1606,-30,210.4,7.8,0,,0,,,virtual_dummy.xlsx,L48_재고수량·잔여일수,2026-10-05T01:15
PH_DUMMY_01,2026-01-14,R003,1148,0,78,0,1070,1020,-50,152.7,7,0,,0,,,virtual_dummy.xlsx,L48_재고수량·잔여일수,2026-10-05T01:15
PH_DUMMY_01,2026-01-14,R004,556,0,317,0,239,229,-10,387.4,0.6,1500,긴급,0,,Y,virtual_dummy.xlsx,L48_재고수량·잔여일수,2026-10-05T01:15
PH_DUMMY_01,2026-01-14,R005,2164,0,249,0,1915,1885,-30,296.9,6.5,0,,0,,,virtual_dummy.xlsx,L48_재고수량·잔여일수,2026-10-05T01:15
PH_DUMMY_01,2026-01-14,R006,2030,0,316,0,1714,1704,-10,224.9,7.6,0,,0,,,virtual_dummy.xlsx,L48_재고수량·잔여일수,2026-10-05T01:15
PH_DUMMY_01,2026-01-14,R007,2570,0,498,0,2072,2112,40,411.1,5,0,,0,,,virtual_dummy.xlsx,L48_재고수량·잔여일수,2026-10-05T01:15
PH_DUMMY_01,2026-01-14,O001,51,0,4,0,47,47,0,5.9,8,0,,0,,,virtual_dummy.xlsx,L48_재고수량·잔여일수,2026-10-05T01:15
PH_DUMMY_01,2026-01-14,O002,24,0,4,0,20,20,0,2.6,7.8,0,,0,,,virtual_dummy.xlsx,L48_재고수량·잔여일수,2026-10-05T01:15
PH_DUMMY_01,2026-01-14,O003,56,0,8,0,48,49,1,6,8,0,,0,,,virtual_dummy.xlsx,L48_재고수량·잔여일수,2026-10-05T01:15
PH_DUMMY_01,2026-01-14,O004,3,0,0,0,3,6,3,0.3,10.5,0,,0,,,virtual_dummy.xlsx,L48_재고수량·잔여일수,2026-10-05T01:15
PH_DUMMY_01,2026-01-14,Q001,15,0,2,0,13,13,0,1.7,7.6,0,,0,,,virtual_dummy.xlsx,L48_재고수량·잔여일수,2026-10-05T01:15
PH_DUMMY_01,2026-01-14,Q002,3,0,0,0,3,1,-2,0,,0,,0,,,virtual_dummy.xlsx,L48_재고수량·잔여일수,2026-10-05T01:15
PH_DUMMY_01,2026-01-15,R001,462,0,77,0,385,395,10,61,6.3,0,,0,,,virtual_dummy.xlsx,L48_재고수량·잔여일수,2026-10-05T01:15
PH_DUMMY_01,2026-01-15,R002,1636,0,276,0,1360,1330,-30,229.7,5.9,0,,0,,,virtual_dummy.xlsx,L48_재고수량·잔여일수,2026-10-05T01:15
PH_DUMMY_01,2026-01-15,R003,1070,0,127,0,943,893,-50,159.3,5.9,0,,0,,,virtual_dummy.xlsx,L48_재고수량·잔여일수,2026-10-05T01:15
PH_DUMMY_01,2026-01-15,R004,239,0,233,0,6,0,-6,369.3,0,1500,긴급,0,,Y,virtual_dummy.xlsx,L48_재고수량·잔여일수,2026-10-05T01:15
PH_DUMMY_01,2026-01-15,R005,1915,0,1164,0,751,741,-10,437.6,1.7,0,,0,,,virtual_dummy.xlsx,L48_재고수량·잔여일수,2026-10-05T01:15
PH_DUMMY_01,2026-01-15,R006,1714,0,307,0,1407,1397,-10,253.1,5.6,0,,0,,,virtual_dummy.xlsx,L48_재고수량·잔여일수,2026-10-05T01:15
PH_DUMMY_01,2026-01-15,R007,2072,0,617,0,1455,1495,40,465.7,3.1,0,,0,,,virtual_dummy.xlsx,L48_재고수량·잔여일수,2026-10-05T01:15
PH_DUMMY_01,2026-01-15,O001,47,0,2,0,45,45,0,4.9,9.3,0,,0,,,virtual_dummy.xlsx,L48_재고수량·잔여일수,2026-10-05T01:15
PH_DUMMY_01,2026-01-15,O002,20,0,1,0,19,19,0,2.6,7.4,0,,0,,,virtual_dummy.xlsx,L48_재고수량·잔여일수,2026-10-05T01:15
PH_DUMMY_01,2026-01-15,O003,48,0,1,0,47,48,1,5.4,8.7,0,,0,,,virtual_dummy.xlsx,L48_재고수량·잔여일수,2026-10-05T01:15
PH_DUMMY_01,2026-01-15,O004,3,0,0,0,3,6,3,0.3,10.5,0,,0,,,virtual_dummy.xlsx,L48_재고수량·잔여일수,2026-10-05T01:15
PH_DUMMY_01,2026-01-15,Q001,13,0,0,0,13,13,0,1.4,9.1,0,,0,,,virtual_dummy.xlsx,L48_재고수량·잔여일수,2026-10-05T01:15
PH_DUMMY_01,2026-01-15,Q002,3,0,0,0,3,1,-2,0,,0,,0,,,virtual_dummy.xlsx,L48_재고수량·잔여일수,2026-10-05T01:15
PH_DUMMY_01,2026-01-16,R001,385,0,116,0,269,279,10,68.4,3.9,0,,0,,,virtual_dummy.xlsx,L48_재고수량·잔여일수,2026-10-05T01:15
PH_DUMMY_01,2026-01-16,R002,1360,0,437,0,923,893,-30,251,3.7,0,,0,,,virtual_dummy.xlsx,L48_재고수량·잔여일수,2026-10-05T01:15
PH_DUMMY_01,2026-01-16,R003,943,0,226,0,717,667,-50,149.3,4.8,0,,0,,,virtual_dummy.xlsx,L48_재고수량·잔여일수,2026-10-05T01:15
PH_DUMMY_01,2026-01-16,R004,6,0,6,446,0,0,0,355.1,0,1500,긴급,0,,Y,virtual_dummy.xlsx,L48_재고수량·잔여일수,2026-10-05T01:15
PH_DUMMY_01,2026-01-16,R005,751,0,421,0,330,320,-10,448.1,0.7,1500,긴급,1500,,,virtual_dummy.xlsx,L48_재고수량·잔여일수,2026-10-05T01:15
PH_DUMMY_01,2026-01-16,R006,1407,0,204,0,1203,1223,20,259.3,4.6,0,,0,,,virtual_dummy.xlsx,L48_재고수량·잔여일수,2026-10-05T01:15
PH_DUMMY_01,2026-01-16,R007,1455,0,756,0,699,739,40,515,1.4,1500,긴급,1500,,,virtual_dummy.xlsx,L48_재고수량·잔여일수,2026-10-05T01:15
PH_DUMMY_01,2026-01-16,O001,45,0,3,0,42,42,0,4.7,8.9,0,,0,,,virtual_dummy.xlsx,L48_재고수량·잔여일수,2026-10-05T01:15
PH_DUMMY_01,2026-01-16,O002,19,0,1,0,18,18,0,2.3,7.9,0,,0,,,virtual_dummy.xlsx,L48_재고수량·잔여일수,2026-10-05T01:15
PH_DUMMY_01,2026-01-16,O003,47,0,9,0,38,39,1,6.1,6.2,0,,0,,,virtual_dummy.xlsx,L48_재고수량·잔여일수,2026-10-05T01:15
PH_DUMMY_01,2026-01-16,O004,3,0,0,0,3,6,3,0.3,10.5,0,,0,,,virtual_dummy.xlsx,L48_재고수량·잔여일수,2026-10-05T01:15
PH_DUMMY_01,2026-01-16,Q001,13,0,4,0,9,9,0,1.9,4.8,0,,0,,,virtual_dummy.xlsx,L48_재고수량·잔여일수,2026-10-05T01:15
PH_DUMMY_01,2026-01-16,Q002,3,0,1,0,2,0,-2,0.1,14,0,,0,,,virtual_dummy.xlsx,L48_재고수량·잔여일수,2026-10-05T01:15
PH_DUMMY_01,2026-01-17,R001,269,0,25,0,244,254,10,65.4,3.7,0,,0,,,virtual_dummy.xlsx,L48_재고수량·잔여일수,2026-10-05T01:15
PH_DUMMY_01,2026-01-17,R002,923,0,102,0,821,791,-30,219.6,3.7,0,,0,,,virtual_dummy.xlsx,L48_재고수량·잔여일수,2026-10-05T01:15
PH_DUMMY_01,2026-01-17,R003,717,0,64,0,653,603,-50,135.3,4.8,0,,0,,,virtual_dummy.xlsx,L48_재고수량·잔여일수,2026-10-05T01:15
PH_DUMMY_01,2026-01-17,R004,0,0,0,295,0,0,0,326.7,0,1500,긴급,450,,Y,virtual_dummy.xlsx,L48_재고수량·잔여일수,2026-10-05T01:15
PH_DUMMY_01,2026-01-17,R005,330,1500,82,0,1748,1718,-30,431.4,4.1,0,,0,,,virtual_dummy.xlsx,L48_재고수량·잔여일수,2026-10-05T01:15
PH_DUMMY_01,2026-01-17,R006,1203,0,109,0,1094,1114,20,227.7,4.8,0,,0,,,virtual_dummy.xlsx,L48_재고수량·잔여일수,2026-10-05T01:15
PH_DUMMY_01,2026-01-17,R007,699,1500,251,0,1948,1988,40,477.6,4.1,0,,0,,,virtual_dummy.xlsx,L48_재고수량·잔여일수,2026-10-05T01:15
PH_DUMMY_01,2026-01-17,O001,42,0,5,0,37,37,0,3.6,10.4,0,,0,,,virtual_dummy.xlsx,L48_재고수량·잔여일수,2026-10-05T01:15
PH_DUMMY_01,2026-01-17,O002,18,0,0,0,18,18,0,1.1,15.8,0,,0,,,virtual_dummy.xlsx,L48_재고수량·잔여일수,2026-10-05T01:15
PH_DUMMY_01,2026-01-17,O003,38,0,6,0,32,33,1,5.9,5.5,0,,0,,,virtual_dummy.xlsx,L48_재고수량·잔여일수,2026-10-05T01:15
PH_DUMMY_01,2026-01-17,O004,3,0,2,0,1,4,3,0.6,1.8,0,,0,,,virtual_dummy.xlsx,L48_재고수량·잔여일수,2026-10-05T01:15
PH_DUMMY_01,2026-01-17,Q001,9,0,2,0,7,7,0,2,3.5,0,,0,,,virtual_dummy.xlsx,L48_재고수량·잔여일수,2026-10-05T01:15
PH_DUMMY_01,2026-01-17,Q002,2,0,0,0,2,0,-2,0.1,14,0,,0,,,virtual_dummy.xlsx,L48_재고수량·잔여일수,2026-10-05T01:15
PH_DUMMY_01,2026-01-18,R001,244,0,0,0,244,254,10,,,0,,0,,,virtual_dummy.xlsx,L48_재고수량·잔여일수,2026-10-05T01:15
PH_DUMMY_01,2026-01-18,R002,821,0,0,0,821,791,-30,,,0,,0,,,virtual_dummy.xlsx,L48_재고수량·잔여일수,2026-10-05T01:15
PH_DUMMY_01,2026-01-18,R003,653,0,0,0,653,603,-50,,,0,,0,,,virtual_dummy.xlsx,L48_재고수량·잔여일수,2026-10-05T01:15
PH_DUMMY_01,2026-01-18,R004,0,0,0,0,0,0,0,,,0,,0,,Y,virtual_dummy.xlsx,L48_재고수량·잔여일수,2026-10-05T01:15
PH_DUMMY_01,2026-01-18,R005,1748,0,0,0,1748,1718,-30,,,0,,0,,,virtual_dummy.xlsx,L48_재고수량·잔여일수,2026-10-05T01:15
PH_DUMMY_01,2026-01-18,R006,1094,0,0,0,1094,1114,20,,,0,,0,,,virtual_dummy.xlsx,L48_재고수량·잔여일수,2026-10-05T01:15
PH_DUMMY_01,2026-01-18,R007,1948,0,0,0,1948,1988,40,,,0,,0,,,virtual_dummy.xlsx,L48_재고수량·잔여일수,2026-10-05T01:15
PH_DUMMY_01,2026-01-18,O001,37,0,0,0,37,37,0,,,0,,0,,,virtual_dummy.xlsx,L48_재고수량·잔여일수,2026-10-05T01:15
PH_DUMMY_01,2026-01-18,O002,18,0,0,0,18,18,0,,,0,,0,,,virtual_dummy.xlsx,L48_재고수량·잔여일수,2026-10-05T01:15
PH_DUMMY_01,2026-01-18,O003,32,0,0,0,32,33,1,,,0,,0,,,virtual_dummy.xlsx,L48_재고수량·잔여일수,2026-10-05T01:15
PH_DUMMY_01,2026-01-18,O004,1,0,0,0,1,4,3,,,0,,0,,,virtual_dummy.xlsx,L48_재고수량·잔여일수,2026-10-05T01:15
PH_DUMMY_01,2026-01-18,Q001,7,0,0,0,7,7,0,,,0,,0,,,virtual_dummy.xlsx,L48_재고수량·잔여일수,2026-10-05T01:15
PH_DUMMY_01,2026-01-18,Q002,2,0,0,0,2,0,-2,,,0,,0,,,virtual_dummy.xlsx,L48_재고수량·잔여일수,2026-10-05T01:15
PH_DUMMY_01,2026-01-19,R001,244,0,97,0,147,157,10,72.6,2,400,정기(주간),400,,,virtual_dummy.xlsx,L48_재고수량·잔여일수,2026-10-05T01:15
PH_DUMMY_01,2026-01-19,R002,821,0,129,0,692,652,-40,216.9,3.2,1200,정기(주간),1200,,,virtual_dummy.xlsx,L48_재고수량·잔여일수,2026-10-05T01:15
PH_DUMMY_01,2026-01-19,R003,653,0,0,0,653,603,-50,117.4,5.6,600,정기(주간),600,,,virtual_dummy.xlsx,L48_재고수량·잔여일수,2026-10-05T01:15
PH_DUMMY_01,2026-01-19,R004,0,450,0,0,450,440,-10,286.6,1.6,2500,정기(주간),750,,Y,virtual_dummy.xlsx,L48_재고수량·잔여일수,2026-10-05T01:15
PH_DUMMY_01,2026-01-19,R005,1748,0,145,0,1603,1573,-30,436.4,3.7,1500,정기(주간),1500,,,virtual_dummy.xlsx,L48_재고수량·잔여일수,2026-10-05T01:15
PH_DUMMY_01,2026-01-19,R006,1094,0,449,0,645,665,20,267.3,2.4,1500,정기(주간),1500,,,virtual_dummy.xlsx,L48_재고수량·잔여일수,2026-10-05T01:15
PH_DUMMY_01,2026-01-19,R007,1948,0,379,0,1569,1609,40,503.6,3.1,2000,정기(주간),2000,,,virtual_dummy.xlsx,L48_재고수량·잔여일수,2026-10-05T01:15
PH_DUMMY_01,2026-01-19,O001,37,0,4,0,33,33,0,4,8.2,10,정기(주간),10,,,virtual_dummy.xlsx,L48_재고수량·잔여일수,2026-10-05T01:15
PH_DUMMY_01,2026-01-19,O002,18,0,1,0,17,17,0,1.1,14.9,0,,0,,,virtual_dummy.xlsx,L48_재고수량·잔여일수,2026-10-05T01:15
PH_DUMMY_01,2026-01-19,O003,32,0,1,0,31,32,1,5.7,5.4,20,정기(주간),20,,,virtual_dummy.xlsx,L48_재고수량·잔여일수,2026-10-05T01:15
PH_DUMMY_01,2026-01-19,O004,1,0,0,0,1,4,3,0.6,1.8,2,정기(주간),2,,,virtual_dummy.xlsx,L48_재고수량·잔여일수,2026-10-05T01:15
PH_DUMMY_01,2026-01-19,Q001,7,0,0,0,7,7,0,1.9,3.8,10,정기(주간),10,,,virtual_dummy.xlsx,L48_재고수량·잔여일수,2026-10-05T01:15
PH_DUMMY_01,2026-01-19,Q002,2,0,1,0,1,0,-1,0.3,3.5,2,정기(주간),2,,,virtual_dummy.xlsx,L48_재고수량·잔여일수,2026-10-05T01:15
PH_DUMMY_01,2026-01-20,R001,147,400,71,0,476,486,10,72.4,6.6,0,,0,,,virtual_dummy.xlsx,L48_재고수량·잔여일수,2026-10-05T01:15
PH_DUMMY_01,2026-01-20,R002,692,1200,316,0,1576,1536,-40,223.9,7,0,,0,,,virtual_dummy.xlsx,L48_재고수량·잔여일수,2026-10-05T01:15
PH_DUMMY_01,2026-01-20,R003,653,600,183,0,1070,1020,-50,129.1,8.3,0,,0,,,virtual_dummy.xlsx,L48_재고수량·잔여일수,2026-10-05T01:15
PH_DUMMY_01,2026-01-20,R004,450,750,336,0,864,854,-10,282.4,3.1,0,,0,,Y,virtual_dummy.xlsx,L48_재고수량·잔여일수,2026-10-05T01:15
PH_DUMMY_01,2026-01-20,R005,1603,1500,361,0,2742,2712,-30,407.4,6.7,0,,0,,,virtual_dummy.xlsx,L48_재고수량·잔여일수,2026-10-05T01:15
PH_DUMMY_01,2026-01-20,R006,645,1500,241,0,1904,1924,20,257.6,7.4,0,,0,,,virtual_dummy.xlsx,L48_재고수량·잔여일수,2026-10-05T01:15
PH_DUMMY_01,2026-01-20,R007,1569,2000,541,0,3028,3068,40,520.4,5.8,0,,0,,,virtual_dummy.xlsx,L48_재고수량·잔여일수,2026-10-05T01:15
PH_DUMMY_01,2026-01-20,O001,33,10,1,0,42,42,0,3.1,13.4,0,,0,,,virtual_dummy.xlsx,L48_재고수량·잔여일수,2026-10-05T01:15
PH_DUMMY_01,2026-01-20,O002,17,0,1,0,16,16,0,1.3,12.4,0,,0,,,virtual_dummy.xlsx,L48_재고수량·잔여일수,2026-10-05T01:15
PH_DUMMY_01,2026-01-20,O003,31,20,5,0,46,47,1,4.9,9.5,0,,0,,,virtual_dummy.xlsx,L48_재고수량·잔여일수,2026-10-05T01:15
PH_DUMMY_01,2026-01-20,O004,1,2,0,0,3,6,3,0.4,7,0,,0,,,virtual_dummy.xlsx,L48_재고수량·잔여일수,2026-10-05T01:15
PH_DUMMY_01,2026-01-20,Q001,7,10,2,0,15,15,0,1.9,8.1,0,,0,,,virtual_dummy.xlsx,L48_재고수량·잔여일수,2026-10-05T01:15
PH_DUMMY_01,2026-01-20,Q002,1,2,0,0,3,1,-2,0.3,10.5,0,,0,,,virtual_dummy.xlsx,L48_재고수량·잔여일수,2026-10-05T01:15
PH_DUMMY_01,2026-01-21,R001,476,0,41,0,435,445,10,65.7,6.6,0,,0,,,virtual_dummy.xlsx,L48_재고수량·잔여일수,2026-10-05T01:15
PH_DUMMY_01,2026-01-21,R002,1576,0,316,0,1260,1220,-40,243.3,5.2,0,,0,,,virtual_dummy.xlsx,L48_재고수량·잔여일수,2026-10-05T01:15
PH_DUMMY_01,2026-01-21,R003,1070,0,48,0,1022,972,-50,103.7,9.9,0,,0,,,virtual_dummy.xlsx,L48_재고수량·잔여일수,2026-10-05T01:15
PH_DUMMY_01,2026-01-21,R004,864,0,47,0,817,807,-10,240,3.4,0,,0,,Y,virtual_dummy.xlsx,L48_재고수량·잔여일수,2026-10-05T01:15
PH_DUMMY_01,2026-01-21,R005,2742,0,459,0,2283,2253,-30,411.6,5.5,0,,0,,,virtual_dummy.xlsx,L48_재고수량·잔여일수,2026-10-05T01:15
PH_DUMMY_01,2026-01-21,R006,1904,0,264,0,1640,1660,20,270,6.1,0,,0,,,virtual_dummy.xlsx,L48_재고수량·잔여일수,2026-10-05T01:15
PH_DUMMY_01,2026-01-21,R007,3028,0,442,0,2586,2626,40,497.7,5.2,0,,0,,,virtual_dummy.xlsx,L48_재고수량·잔여일수,2026-10-05T01:15
PH_DUMMY_01,2026-01-21,O001,42,0,0,0,42,42,0,2.7,15.5,0,,0,,,virtual_dummy.xlsx,L48_재고수량·잔여일수,2026-10-05T01:15
PH_DUMMY_01,2026-01-21,O002,16,0,2,0,14,14,0,1.4,9.8,0,,0,,,virtual_dummy.xlsx,L48_재고수량·잔여일수,2026-10-05T01:15
PH_DUMMY_01,2026-01-21,O003,46,0,2,0,44,45,1,4.6,9.6,0,,0,,,virtual_dummy.xlsx,L48_재고수량·잔여일수,2026-10-05T01:15
PH_DUMMY_01,2026-01-21,O004,3,0,0,0,3,6,3,0.3,10.5,0,,0,,,virtual_dummy.xlsx,L48_재고수량·잔여일수,2026-10-05T01:15
PH_DUMMY_01,2026-01-21,Q001,15,0,3,0,12,12,0,1.9,6.5,0,,0,,,virtual_dummy.xlsx,L48_재고수량·잔여일수,2026-10-05T01:15
PH_DUMMY_01,2026-01-21,Q002,3,0,0,0,3,1,-2,0.3,10.5,0,,0,,,virtual_dummy.xlsx,L48_재고수량·잔여일수,2026-10-05T01:15
PH_DUMMY_01,2026-01-22,R001,435,0,35,0,400,410,10,66,6.1,0,,0,,,virtual_dummy.xlsx,L48_재고수량·잔여일수,2026-10-05T01:15
PH_DUMMY_01,2026-01-22,R002,1260,0,202,0,1058,1018,-40,254,4.2,0,,0,,,virtual_dummy.xlsx,L48_재고수량·잔여일수,2026-10-05T01:15
PH_DUMMY_01,2026-01-22,R003,1022,0,129,0,893,843,-50,111,8,0,,0,,,virtual_dummy.xlsx,L48_재고수량·잔여일수,2026-10-05T01:15
PH_DUMMY_01,2026-01-22,R004,817,0,266,0,551,541,-10,232.7,2.4,0,,0,,Y,virtual_dummy.xlsx,L48_재고수량·잔여일수,2026-10-05T01:15
PH_DUMMY_01,2026-01-22,R005,2283,0,275,0,2008,1978,-30,415.3,4.8,0,,0,,,virtual_dummy.xlsx,L48_재고수량·잔여일수,2026-10-05T01:15
PH_DUMMY_01,2026-01-22,R006,1640,0,263,0,1377,1397,20,262.4,5.2,0,,0,,,virtual_dummy.xlsx,L48_재고수량·잔여일수,2026-10-05T01:15
PH_DUMMY_01,2026-01-22,R007,2586,0,370,0,2216,2236,20,479.4,4.6,0,,0,,,virtual_dummy.xlsx,L48_재고수량·잔여일수,2026-10-05T01:15
PH_DUMMY_01,2026-01-22,O001,42,0,6,0,36,36,0,3,12,0,,0,,,virtual_dummy.xlsx,L48_재고수량·잔여일수,2026-10-05T01:15
PH_DUMMY_01,2026-01-22,O002,14,0,5,0,9,9,0,1.6,5.7,0,,0,,,virtual_dummy.xlsx,L48_재고수량·잔여일수,2026-10-05T01:15
PH_DUMMY_01,2026-01-22,O003,44,0,3,0,41,42,1,3.9,10.6,0,,0,,,virtual_dummy.xlsx,L48_재고수량·잔여일수,2026-10-05T01:15
PH_DUMMY_01,2026-01-22,O004,3,0,3,1,0,3,3,0.9,0,2,긴급,2,,,virtual_dummy.xlsx,L48_재고수량·잔여일수,2026-10-05T01:15
PH_DUMMY_01,2026-01-22,Q001,12,0,0,0,12,12,0,1.6,7.6,0,,0,,,virtual_dummy.xlsx,L48_재고수량·잔여일수,2026-10-05T01:15
PH_DUMMY_01,2026-01-22,Q002,3,0,0,0,3,1,-2,0.3,10.5,0,,0,,,virtual_dummy.xlsx,L48_재고수량·잔여일수,2026-10-05T01:15
PH_DUMMY_01,2026-01-23,R001,400,0,50,0,350,360,10,62.1,5.6,0,,0,,,virtual_dummy.xlsx,L48_재고수량·잔여일수,2026-10-05T01:15
PH_DUMMY_01,2026-01-23,R002,1058,0,150,0,908,868,-40,236,3.8,0,,0,,,virtual_dummy.xlsx,L48_재고수량·잔여일수,2026-10-05T01:15
PH_DUMMY_01,2026-01-23,R003,893,0,163,0,730,680,-50,116.1,6.3,0,,0,,,virtual_dummy.xlsx,L48_재고수량·잔여일수,2026-10-05T01:15
PH_DUMMY_01,2026-01-23,R004,551,0,113,0,438,428,-10,215.6,2,0,,0,,Y,virtual_dummy.xlsx,L48_재고수량·잔여일수,2026-10-05T01:15
PH_DUMMY_01,2026-01-23,R005,2008,0,355,0,1653,1623,-30,299.7,5.5,0,,0,,,virtual_dummy.xlsx,L48_재고수량·잔여일수,2026-10-05T01:15
PH_DUMMY_01,2026-01-23,R006,1377,0,215,0,1162,1182,20,249.3,4.7,0,,0,,,virtual_dummy.xlsx,L48_재고수량·잔여일수,2026-10-05T01:15
PH_DUMMY_01,2026-01-23,R007,2216,0,710,0,1506,1546,40,492.7,3.1,0,,0,,,virtual_dummy.xlsx,L48_재고수량·잔여일수,2026-10-05T01:15
PH_DUMMY_01,2026-01-23,O001,36,0,3,0,33,33,0,3.1,10.5,0,,0,,,virtual_dummy.xlsx,L48_재고수량·잔여일수,2026-10-05T01:15
PH_DUMMY_01,2026-01-23,O002,9,0,1,0,8,8,0,1.6,5.1,0,,0,,,virtual_dummy.xlsx,L48_재고수량·잔여일수,2026-10-05T01:15
PH_DUMMY_01,2026-01-23,O003,41,0,6,0,35,36,1,4.6,7.7,0,,0,,,virtual_dummy.xlsx,L48_재고수량·잔여일수,2026-10-05T01:15
PH_DUMMY_01,2026-01-23,O004,0,2,2,1,0,3,3,1.3,0,4,긴급,4,,,virtual_dummy.xlsx,L48_재고수량·잔여일수,2026-10-05T01:15
PH_DUMMY_01,2026-01-23,Q001,12,0,3,0,9,9,0,2,4.5,0,,0,,,virtual_dummy.xlsx,L48_재고수량·잔여일수,2026-10-05T01:15
PH_DUMMY_01,2026-01-23,Q002,3,0,0,0,3,1,-2,0.3,10.5,0,,0,,,virtual_dummy.xlsx,L48_재고수량·잔여일수,2026-10-05T01:15
PH_DUMMY_01,2026-01-24,R001,350,0,54,0,296,316,20,53.3,5.6,0,,0,,,virtual_dummy.xlsx,L48_재고수량·잔여일수,2026-10-05T01:15
PH_DUMMY_01,2026-01-24,R002,908,0,194,0,714,674,-40,201.3,3.5,0,,0,,,virtual_dummy.xlsx,L48_재고수량·잔여일수,2026-10-05T01:15
PH_DUMMY_01,2026-01-24,R003,730,0,22,0,708,658,-50,87,8.1,0,,0,,,virtual_dummy.xlsx,L48_재고수량·잔여일수,2026-10-05T01:15
PH_DUMMY_01,2026-01-24,R004,438,0,55,0,383,373,-10,158.9,2.4,0,,0,,Y,virtual_dummy.xlsx,L48_재고수량·잔여일수,2026-10-05T01:15
PH_DUMMY_01,2026-01-24,R005,1653,0,447,0,1206,1176,-30,303.4,4,0,,0,,,virtual_dummy.xlsx,L48_재고수량·잔여일수,2026-10-05T01:15
PH_DUMMY_01,2026-01-24,R006,1162,0,313,0,849,869,20,264.9,3.2,0,,0,,,virtual_dummy.xlsx,L48_재고수량·잔여일수,2026-10-05T01:15
PH_DUMMY_01,2026-01-24,R007,1506,0,621,0,885,905,20,473.4,1.9,0,,0,,,virtual_dummy.xlsx,L48_재고수량·잔여일수,2026-10-05T01:15
PH_DUMMY_01,2026-01-24,O001,33,0,2,0,31,31,0,3,10.3,0,,0,,,virtual_dummy.xlsx,L48_재고수량·잔여일수,2026-10-05T01:15
PH_DUMMY_01,2026-01-24,O002,8,0,2,0,6,6,0,1.7,3.5,0,,0,,,virtual_dummy.xlsx,L48_재고수량·잔여일수,2026-10-05T01:15
PH_DUMMY_01,2026-01-24,O003,35,0,2,0,33,34,1,3.6,9.2,0,,0,,,virtual_dummy.xlsx,L48_재고수량·잔여일수,2026-10-05T01:15
PH_DUMMY_01,2026-01-24,O004,0,4,0,0,4,7,3,1.3,3.1,0,,0,,,virtual_dummy.xlsx,L48_재고수량·잔여일수,2026-10-05T01:15
PH_DUMMY_01,2026-01-24,Q001,9,0,2,0,7,7,0,1.7,4.1,0,,0,,,virtual_dummy.xlsx,L48_재고수량·잔여일수,2026-10-05T01:15
PH_DUMMY_01,2026-01-24,Q002,3,0,0,0,3,1,-2,0.1,21,0,,0,,,virtual_dummy.xlsx,L48_재고수량·잔여일수,2026-10-05T01:15
PH_DUMMY_01,2026-01-25,R001,296,0,0,0,296,316,20,,,0,,0,,,virtual_dummy.xlsx,L48_재고수량·잔여일수,2026-10-05T01:15
PH_DUMMY_01,2026-01-25,R002,714,0,0,0,714,674,-40,,,0,,0,,,virtual_dummy.xlsx,L48_재고수량·잔여일수,2026-10-05T01:15
PH_DUMMY_01,2026-01-25,R003,708,0,0,0,708,658,-50,,,0,,0,,,virtual_dummy.xlsx,L48_재고수량·잔여일수,2026-10-05T01:15
PH_DUMMY_01,2026-01-25,R004,383,0,0,0,383,373,-10,,,0,,0,,Y,virtual_dummy.xlsx,L48_재고수량·잔여일수,2026-10-05T01:15
PH_DUMMY_01,2026-01-25,R005,1206,0,0,0,1206,1176,-30,,,0,,0,,,virtual_dummy.xlsx,L48_재고수량·잔여일수,2026-10-05T01:15
PH_DUMMY_01,2026-01-25,R006,849,0,0,0,849,869,20,,,0,,0,,,virtual_dummy.xlsx,L48_재고수량·잔여일수,2026-10-05T01:15
PH_DUMMY_01,2026-01-25,R007,885,0,0,0,885,905,20,,,0,,0,,,virtual_dummy.xlsx,L48_재고수량·잔여일수,2026-10-05T01:15
PH_DUMMY_01,2026-01-25,O001,31,0,0,0,31,31,0,,,0,,0,,,virtual_dummy.xlsx,L48_재고수량·잔여일수,2026-10-05T01:15
PH_DUMMY_01,2026-01-25,O002,6,0,0,0,6,6,0,,,0,,0,,,virtual_dummy.xlsx,L48_재고수량·잔여일수,2026-10-05T01:15
PH_DUMMY_01,2026-01-25,O003,33,0,0,0,33,34,1,,,0,,0,,,virtual_dummy.xlsx,L48_재고수량·잔여일수,2026-10-05T01:15
PH_DUMMY_01,2026-01-25,O004,4,0,0,0,4,7,3,,,0,,0,,,virtual_dummy.xlsx,L48_재고수량·잔여일수,2026-10-05T01:15
PH_DUMMY_01,2026-01-25,Q001,7,0,0,0,7,7,0,,,0,,0,,,virtual_dummy.xlsx,L48_재고수량·잔여일수,2026-10-05T01:15
PH_DUMMY_01,2026-01-25,Q002,3,0,0,0,3,1,-2,,,0,,0,,,virtual_dummy.xlsx,L48_재고수량·잔여일수,2026-10-05T01:15
PH_DUMMY_01,2026-01-26,R001,296,0,60,0,236,256,20,58.3,4,300,정기(주간),300,,,virtual_dummy.xlsx,L48_재고수량·잔여일수,2026-10-05T01:15
PH_DUMMY_01,2026-01-26,R002,714,0,156,0,558,518,-40,209,2.7,1200,정기(주간),1200,,,virtual_dummy.xlsx,L48_재고수량·잔여일수,2026-10-05T01:15
PH_DUMMY_01,2026-01-26,R003,708,0,60,0,648,578,-70,86.4,7.5,300,정기(주간),300,,,virtual_dummy.xlsx,L48_재고수량·잔여일수,2026-10-05T01:15
PH_DUMMY_01,2026-01-26,R004,383,0,114,0,269,259,-10,133,2,2000,정기(주간),600,,Y,virtual_dummy.xlsx,L48_재고수량·잔여일수,2026-10-05T01:15
PH_DUMMY_01,2026-01-26,R005,1206,0,585,0,621,591,-30,375.3,1.7,3000,정기(주간),3000,,,virtual_dummy.xlsx,L48_재고수량·잔여일수,2026-10-05T01:15
PH_DUMMY_01,2026-01-26,R006,849,0,393,0,456,476,20,305.4,1.5,1800,정기(주간),1800,,,virtual_dummy.xlsx,L48_재고수량·잔여일수,2026-10-05T01:15
PH_DUMMY_01,2026-01-26,R007,885,0,700,0,185,225,40,537.6,0.3,4000,정기(주간),4000,,,virtual_dummy.xlsx,L48_재고수량·잔여일수,2026-10-05T01:15
PH_DUMMY_01,2026-01-26,O001,31,0,5,0,26,24,-2,3,8.7,10,정기(주간),10,,,virtual_dummy.xlsx,L48_재고수량·잔여일수,2026-10-05T01:15
PH_DUMMY_01,2026-01-26,O002,6,0,4,0,2,2,0,2.3,0.9,20,정기(주간),20,,,virtual_dummy.xlsx,L48_재고수량·잔여일수,2026-10-05T01:15
PH_DUMMY_01,2026-01-26,O003,33,0,4,0,29,30,1,3.3,8.8,20,정기(주간),20,,,virtual_dummy.xlsx,L48_재고수량·잔여일수,2026-10-05T01:15
PH_DUMMY_01,2026-01-26,O004,4,0,0,0,4,7,3,1,4,4,정기(주간),4,,,virtual_dummy.xlsx,L48_재고수량·잔여일수,2026-10-05T01:15
PH_DUMMY_01,2026-01-26,Q001,7,0,2,0,5,5,0,1.7,2.9,20,정기(주간),20,,,virtual_dummy.xlsx,L48_재고수량·잔여일수,2026-10-05T01:15
PH_DUMMY_01,2026-01-26,Q002,3,0,0,0,3,1,-2,0.1,21,0,,0,,,virtual_dummy.xlsx,L48_재고수량·잔여일수,2026-10-05T01:15
PH_DUMMY_01,2026-01-27,R001,236,300,74,0,462,482,20,55,8.4,0,,0,,,virtual_dummy.xlsx,L48_재고수량·잔여일수,2026-10-05T01:15
PH_DUMMY_01,2026-01-27,R002,558,1200,314,0,1444,1404,-40,235.4,6.1,0,,0,,,virtual_dummy.xlsx,L48_재고수량·잔여일수,2026-10-05T01:15
PH_DUMMY_01,2026-01-27,R003,648,300,98,0,850,780,-70,100.4,8.5,0,,0,,,virtual_dummy.xlsx,L48_재고수량·잔여일수,2026-10-05T01:15
PH_DUMMY_01,2026-01-27,R004,269,600,122,0,747,737,-10,150.4,5,0,,0,,Y,virtual_dummy.xlsx,L48_재고수량·잔여일수,2026-10-05T01:15
PH_DUMMY_01,2026-01-27,R005,621,3000,363,0,3258,3228,-30,406.4,8,0,,0,,,virtual_dummy.xlsx,L48_재고수량·잔여일수,2026-10-05T01:15
PH_DUMMY_01,2026-01-27,R006,456,1800,300,0,1956,1976,20,284.1,6.9,0,,0,,,virtual_dummy.xlsx,L48_재고수량·잔여일수,2026-10-05T01:15
PH_DUMMY_01,2026-01-27,R007,185,4000,645,0,3540,3580,40,575.6,6.2,0,,0,,,virtual_dummy.xlsx,L48_재고수량·잔여일수,2026-10-05T01:15
PH_DUMMY_01,2026-01-27,O001,26,10,5,0,31,29,-2,3.1,9.9,0,,0,,,virtual_dummy.xlsx,L48_재고수량·잔여일수,2026-10-05T01:15
PH_DUMMY_01,2026-01-27,O002,2,20,3,0,19,19,0,2.6,7.4,0,,0,,,virtual_dummy.xlsx,L48_재고수량·잔여일수,2026-10-05T01:15
PH_DUMMY_01,2026-01-27,O003,29,20,3,0,46,47,1,3.6,12.9,0,,0,,,virtual_dummy.xlsx,L48_재고수량·잔여일수,2026-10-05T01:15
PH_DUMMY_01,2026-01-27,O004,4,4,0,0,8,11,3,1,8,0,,0,,,virtual_dummy.xlsx,L48_재고수량·잔여일수,2026-10-05T01:15
PH_DUMMY_01,2026-01-27,Q001,5,20,3,0,22,22,0,2.1,10.3,0,,0,,,virtual_dummy.xlsx,L48_재고수량·잔여일수,2026-10-05T01:15
PH_DUMMY_01,2026-01-27,Q002,3,0,1,0,2,1,-1,0.1,14,0,,0,,,virtual_dummy.xlsx,L48_재고수량·잔여일수,2026-10-05T01:15
PH_DUMMY_01,2026-01-28,R001,462,0,55,0,407,437,30,52.7,7.7,0,,0,,,virtual_dummy.xlsx,L48_재고수량·잔여일수,2026-10-05T01:15
PH_DUMMY_01,2026-01-28,R002,1444,0,78,0,1366,1326,-40,201.4,6.8,0,,0,,,virtual_dummy.xlsx,L48_재고수량·잔여일수,2026-10-05T01:15
PH_DUMMY_01,2026-01-28,R003,850,0,52,0,798,728,-70,81.7,9.8,0,,0,,,virtual_dummy.xlsx,L48_재고수량·잔여일수,2026-10-05T01:15
PH_DUMMY_01,2026-01-28,R004,747,0,0,0,747,737,-10,102.4,7.3,0,,0,,Y,virtual_dummy.xlsx,L48_재고수량·잔여일수,2026-10-05T01:15
PH_DUMMY_01,2026-01-28,R005,3258,0,196,0,3062,3032,-30,382.9,8,0,,0,,,virtual_dummy.xlsx,L48_재고수량·잔여일수,2026-10-05T01:15
PH_DUMMY_01,2026-01-28,R006,1956,0,87,0,1869,1889,20,262.1,7.1,0,,0,,,virtual_dummy.xlsx,L48_재고수량·잔여일수,2026-10-05T01:15
PH_DUMMY_01,2026-01-28,R007,3540,0,289,0,3251,3271,20,539.6,6,0,,0,,,virtual_dummy.xlsx,L48_재고수량·잔여일수,2026-10-05T01:15
PH_DUMMY_01,2026-01-28,O001,31,0,2,0,29,27,-2,3.3,8.8,0,,0,,,virtual_dummy.xlsx,L48_재고수량·잔여일수,2026-10-05T01:15
PH_DUMMY_01,2026-01-28,O002,19,0,3,0,16,16,0,2.9,5.6,0,,0,,,virtual_dummy.xlsx,L48_재고수량·잔여일수,2026-10-05T01:15
PH_DUMMY_01,2026-01-28,O003,46,0,3,0,43,44,1,3.3,13.1,0,,0,,,virtual_dummy.xlsx,L48_재고수량·잔여일수,2026-10-05T01:15
PH_DUMMY_01,2026-01-28,O004,8,0,0,0,8,9,1,1,8,0,,0,,,virtual_dummy.xlsx,L48_재고수량·잔여일수,2026-10-05T01:15
PH_DUMMY_01,2026-01-28,Q001,22,0,4,0,18,18,0,2.4,7.4,0,,0,,,virtual_dummy.xlsx,L48_재고수량·잔여일수,2026-10-05T01:15
PH_DUMMY_01,2026-01-28,Q002,2,0,0,0,2,1,-1,0.1,14,0,,0,,,virtual_dummy.xlsx,L48_재고수량·잔여일수,2026-10-05T01:15
PH_DUMMY_01,2026-01-29,R001,407,0,52,0,355,385,30,54.3,6.5,0,,0,,,virtual_dummy.xlsx,L48_재고수량·잔여일수,2026-10-05T01:15
PH_DUMMY_01,2026-01-29,R002,1366,0,161,0,1205,1165,-40,179.3,6.7,0,,0,,,virtual_dummy.xlsx,L48_재고수량·잔여일수,2026-10-05T01:15
PH_DUMMY_01,2026-01-29,R003,798,0,128,0,670,600,-70,93.1,7.2,0,,0,,,virtual_dummy.xlsx,L48_재고수량·잔여일수,2026-10-05T01:15
PH_DUMMY_01,2026-01-29,R004,747,0,51,0,696,686,-10,103,6.8,0,,0,,Y,virtual_dummy.xlsx,L48_재고수량·잔여일수,2026-10-05T01:15
PH_DUMMY_01,2026-01-29,R005,3062,0,378,0,2684,2654,-30,371.3,7.2,0,,0,,,virtual_dummy.xlsx,L48_재고수량·잔여일수,2026-10-05T01:15
PH_DUMMY_01,2026-01-29,R006,1869,0,94,0,1775,1795,20,237.9,7.5,0,,0,,,virtual_dummy.xlsx,L48_재고수량·잔여일수,2026-10-05T01:15
PH_DUMMY_01,2026-01-29,R007,3251,0,383,0,2868,2888,20,531.1,5.4,0,,0,,,virtual_dummy.xlsx,L48_재고수량·잔여일수,2026-10-05T01:15
PH_DUMMY_01,2026-01-29,O001,29,0,3,0,26,24,-2,3.7,7,0,,0,,,virtual_dummy.xlsx,L48_재고수량·잔여일수,2026-10-05T01:15
PH_DUMMY_01,2026-01-29,O002,16,0,1,0,15,18,3,2.7,5.5,0,,0,,,virtual_dummy.xlsx,L48_재고수량·잔여일수,2026-10-05T01:15
PH_DUMMY_01,2026-01-29,O003,43,0,4,0,39,37,-2,3.6,10.9,0,,0,,,virtual_dummy.xlsx,L48_재고수량·잔여일수,2026-10-05T01:15
PH_DUMMY_01,2026-01-29,O004,8,0,2,0,6,7,1,1.3,4.7,0,,0,,,virtual_dummy.xlsx,L48_재고수량·잔여일수,2026-10-05T01:15
PH_DUMMY_01,2026-01-29,Q001,18,0,1,0,17,17,0,2.1,7.9,0,,0,,,virtual_dummy.xlsx,L48_재고수량·잔여일수,2026-10-05T01:15
PH_DUMMY_01,2026-01-29,Q002,2,0,0,0,2,1,-1,0.1,14,0,,0,,,virtual_dummy.xlsx,L48_재고수량·잔여일수,2026-10-05T01:15
PH_DUMMY_01,2026-01-30,R001,355,0,90,0,265,295,30,62.1,4.3,0,,0,,,virtual_dummy.xlsx,L48_재고수량·잔여일수,2026-10-05T01:15
PH_DUMMY_01,2026-01-30,R002,1205,0,160,0,1045,1005,-40,173.3,6,0,,0,,,virtual_dummy.xlsx,L48_재고수량·잔여일수,2026-10-05T01:15
PH_DUMMY_01,2026-01-30,R003,670,0,74,0,596,526,-70,85.3,7,0,,0,,,virtual_dummy.xlsx,L48_재고수량·잔여일수,2026-10-05T01:15
PH_DUMMY_01,2026-01-30,R004,696,0,241,0,455,445,-10,99.4,4.6,0,,0,,Y,virtual_dummy.xlsx,L48_재고수량·잔여일수,2026-10-05T01:15
PH_DUMMY_01,2026-01-30,R005,2684,0,226,0,2458,2428,-30,364.3,6.7,0,,0,,,virtual_dummy.xlsx,L48_재고수량·잔여일수,2026-10-05T01:15
PH_DUMMY_01,2026-01-30,R006,1775,0,212,0,1563,1583,20,230.6,6.8,0,,0,,,virtual_dummy.xlsx,L48_재고수량·잔여일수,2026-10-05T01:15
PH_DUMMY_01,2026-01-30,R007,2868,0,216,0,2652,2672,20,509.1,5.2,0,,0,,,virtual_dummy.xlsx,L48_재고수량·잔여일수,2026-10-05T01:15
PH_DUMMY_01,2026-01-30,O001,26,0,3,0,23,21,-2,3.3,7,0,,0,,,virtual_dummy.xlsx,L48_재고수량·잔여일수,2026-10-05T01:15
PH_DUMMY_01,2026-01-30,O002,15,0,2,0,13,14,1,2.3,5.7,0,,0,,,virtual_dummy.xlsx,L48_재고수량·잔여일수,2026-10-05T01:15
PH_DUMMY_01,2026-01-30,O003,39,0,2,0,37,35,-2,3.4,10.8,0,,0,,,virtual_dummy.xlsx,L48_재고수량·잔여일수,2026-10-05T01:15
PH_DUMMY_01,2026-01-30,O004,6,0,0,0,6,7,1,0.7,8.4,0,,0,,,virtual_dummy.xlsx,L48_재고수량·잔여일수,2026-10-05T01:15
PH_DUMMY_01,2026-01-30,Q001,17,0,2,0,15,15,0,2.4,6.2,0,,0,,,virtual_dummy.xlsx,L48_재고수량·잔여일수,2026-10-05T01:15
PH_DUMMY_01,2026-01-30,Q002,2,0,0,0,2,1,-1,0.1,14,0,,0,,,virtual_dummy.xlsx,L48_재고수량·잔여일수,2026-10-05T01:15
PH_DUMMY_01,2026-01-31,R001,265,0,91,0,174,174,0,68,2.6,0,,0,Y,,virtual_dummy.xlsx,L48_재고수량·잔여일수,2026-10-05T01:15
PH_DUMMY_01,2026-01-31,R002,1045,0,134,0,911,911,0,171,5.3,0,,0,Y,,virtual_dummy.xlsx,L48_재고수량·잔여일수,2026-10-05T01:15
PH_DUMMY_01,2026-01-31,R003,596,0,54,0,542,542,0,69.7,7.8,0,,0,Y,,virtual_dummy.xlsx,L48_재고수량·잔여일수,2026-10-05T01:15
PH_DUMMY_01,2026-01-31,R004,455,0,274,0,181,181,0,122.4,1.5,1000,긴급,0,Y,Y,virtual_dummy.xlsx,L48_재고수량·잔여일수,2026-10-05T01:15
PH_DUMMY_01,2026-01-31,R005,2458,0,198,0,2260,2260,0,341.9,6.6,0,,0,Y,,virtual_dummy.xlsx,L48_재고수량·잔여일수,2026-10-05T01:15
PH_DUMMY_01,2026-01-31,R006,1563,0,152,0,1411,1411,0,221.6,6.4,0,,0,Y,,virtual_dummy.xlsx,L48_재고수량·잔여일수,2026-10-05T01:15
PH_DUMMY_01,2026-01-31,R007,2652,0,123,0,2529,2529,0,425.3,5.9,0,,0,Y,,virtual_dummy.xlsx,L48_재고수량·잔여일수,2026-10-05T01:15
PH_DUMMY_01,2026-01-31,O001,23,0,4,0,19,19,0,3.4,5.5,0,,0,Y,,virtual_dummy.xlsx,L48_재고수량·잔여일수,2026-10-05T01:15
PH_DUMMY_01,2026-01-31,O002,13,0,3,0,10,10,0,2.6,3.9,0,,0,Y,,virtual_dummy.xlsx,L48_재고수량·잔여일수,2026-10-05T01:15
PH_DUMMY_01,2026-01-31,O003,37,0,1,0,36,36,0,2.7,13.3,0,,0,Y,,virtual_dummy.xlsx,L48_재고수량·잔여일수,2026-10-05T01:15
PH_DUMMY_01,2026-01-31,O004,6,0,0,0,6,6,0,0.3,21,0,,0,Y,,virtual_dummy.xlsx,L48_재고수량·잔여일수,2026-10-05T01:15
PH_DUMMY_01,2026-01-31,Q001,15,0,0,0,15,15,0,2,7.5,0,,0,Y,,virtual_dummy.xlsx,L48_재고수량·잔여일수,2026-10-05T01:15
PH_DUMMY_01,2026-01-31,Q002,2,0,0,0,2,2,0,0.1,14,0,,0,Y,,virtual_dummy.xlsx,L48_재고수량·잔여일수,2026-10-05T01:15
PH_DUMMY_01,2026-02-01,R001,174,0,0,0,174,174,0,,,0,,0,,,virtual_dummy.xlsx,L48_재고수량·잔여일수,2026-10-05T01:15
PH_DUMMY_01,2026-02-01,R002,911,0,0,0,911,911,0,,,0,,0,,,virtual_dummy.xlsx,L48_재고수량·잔여일수,2026-10-05T01:15
PH_DUMMY_01,2026-02-01,R003,542,0,0,0,542,542,0,,,0,,0,,,virtual_dummy.xlsx,L48_재고수량·잔여일수,2026-10-05T01:15
PH_DUMMY_01,2026-02-01,R004,181,0,0,0,181,181,0,,,0,,0,,Y,virtual_dummy.xlsx,L48_재고수량·잔여일수,2026-10-05T01:15
PH_DUMMY_01,2026-02-01,R005,2260,0,0,0,2260,2260,0,,,0,,0,,,virtual_dummy.xlsx,L48_재고수량·잔여일수,2026-10-05T01:15
PH_DUMMY_01,2026-02-01,R006,1411,0,0,0,1411,1411,0,,,0,,0,,,virtual_dummy.xlsx,L48_재고수량·잔여일수,2026-10-05T01:15
PH_DUMMY_01,2026-02-01,R007,2529,0,0,0,2529,2529,0,,,0,,0,,,virtual_dummy.xlsx,L48_재고수량·잔여일수,2026-10-05T01:15
PH_DUMMY_01,2026-02-01,O001,19,0,0,0,19,19,0,,,0,,0,,,virtual_dummy.xlsx,L48_재고수량·잔여일수,2026-10-05T01:15
PH_DUMMY_01,2026-02-01,O002,10,0,0,0,10,10,0,,,0,,0,,,virtual_dummy.xlsx,L48_재고수량·잔여일수,2026-10-05T01:15
PH_DUMMY_01,2026-02-01,O003,36,0,0,0,36,36,0,,,0,,0,,,virtual_dummy.xlsx,L48_재고수량·잔여일수,2026-10-05T01:15
PH_DUMMY_01,2026-02-01,O004,6,0,0,0,6,6,0,,,0,,0,,,virtual_dummy.xlsx,L48_재고수량·잔여일수,2026-10-05T01:15
PH_DUMMY_01,2026-02-01,Q001,15,0,0,0,15,15,0,,,0,,0,,,virtual_dummy.xlsx,L48_재고수량·잔여일수,2026-10-05T01:15
PH_DUMMY_01,2026-02-01,Q002,2,0,0,0,2,2,0,,,0,,0,,,virtual_dummy.xlsx,L48_재고수량·잔여일수,2026-10-05T01:15
PH_DUMMY_01,2026-02-02,R001,174,0,103,0,71,71,0,75,0.9,500,정기(주간),500,,,virtual_dummy.xlsx,L48_재고수량·잔여일수,2026-10-05T01:15
PH_DUMMY_01,2026-02-02,R002,911,0,287,0,624,624,0,184.3,3.4,1200,정기(주간),1200,,,virtual_dummy.xlsx,L48_재고수량·잔여일수,2026-10-05T01:15
PH_DUMMY_01,2026-02-02,R003,542,0,171,0,371,371,0,91,4.1,400,정기(주간),400,,,virtual_dummy.xlsx,L48_재고수량·잔여일수,2026-10-05T01:15
PH_DUMMY_01,2026-02-02,R004,181,0,181,382,0,0,0,195,0,1500,정기(주간),450,,Y,virtual_dummy.xlsx,L48_재고수량·잔여일수,2026-10-05T01:15
PH_DUMMY_01,2026-02-02,R005,2260,0,1284,0,976,976,0,461.4,2.1,2500,정기(주간),2500,,,virtual_dummy.xlsx,L48_재고수량·잔여일수,2026-10-05T01:15
PH_DUMMY_01,2026-02-02,R006,1411,0,465,0,946,946,0,243.3,3.9,1200,정기(주간),1200,,,virtual_dummy.xlsx,L48_재고수량·잔여일수,2026-10-05T01:15
PH_DUMMY_01,2026-02-02,R007,2529,0,818,0,1711,1711,0,453.4,3.8,2000,정기(주간),2000,,,virtual_dummy.xlsx,L48_재고수량·잔여일수,2026-10-05T01:15
PH_DUMMY_01,2026-02-02,O001,19,0,8,0,11,11,0,4.3,2.6,30,정기(주간),30,,,virtual_dummy.xlsx,L48_재고수량·잔여일수,2026-10-05T01:15
PH_DUMMY_01,2026-02-02,O002,10,0,2,0,8,8,0,2.6,3.1,20,정기(주간),20,,,virtual_dummy.xlsx,L48_재고수량·잔여일수,2026-10-05T01:15
PH_DUMMY_01,2026-02-02,O003,36,0,3,0,33,33,0,2.9,11.5,0,,0,,,virtual_dummy.xlsx,L48_재고수량·잔여일수,2026-10-05T01:15
PH_DUMMY_01,2026-02-02,O004,6,0,0,0,6,6,0,0.3,21,2,정기(주간),2,,,virtual_dummy.xlsx,L48_재고수량·잔여일수,2026-10-05T01:15
PH_DUMMY_01,2026-02-02,Q001,15,0,3,0,12,12,0,2.1,5.6,10,정기(주간),10,,,virtual_dummy.xlsx,L48_재고수량·잔여일수,2026-10-05T01:15
PH_DUMMY_01,2026-02-02,Q002,2,0,0,0,2,2,0,0.1,14,0,,0,,,virtual_dummy.xlsx,L48_재고수량·잔여일수,2026-10-05T01:15
PH_DUMMY_01,2026-02-03,R001,71,500,30,0,541,541,0,70.7,7.7,0,,0,,,virtual_dummy.xlsx,L48_재고수량·잔여일수,2026-10-05T01:15
PH_DUMMY_01,2026-02-03,R002,624,1200,95,0,1729,1729,0,175.6,9.8,0,,0,,,virtual_dummy.xlsx,L48_재고수량·잔여일수,2026-10-05T01:15
PH_DUMMY_01,2026-02-03,R003,371,400,73,0,698,698,0,92.9,7.5,0,,0,,,virtual_dummy.xlsx,L48_재고수량·잔여일수,2026-10-05T01:15
PH_DUMMY_01,2026-02-03,R004,0,450,91,0,359,349,-10,191.7,1.9,0,,0,,Y,virtual_dummy.xlsx,L48_재고수량·잔여일수,2026-10-05T01:15
PH_DUMMY_01,2026-02-03,R005,976,2500,211,0,3265,3265,0,408,8,0,,0,,,virtual_dummy.xlsx,L48_재고수량·잔여일수,2026-10-05T01:15
PH_DUMMY_01,2026-02-03,R006,946,1200,114,0,2032,2032,0,203.4,10,0,,0,,,virtual_dummy.xlsx,L48_재고수량·잔여일수,2026-10-05T01:15
PH_DUMMY_01,2026-02-03,R007,1711,2000,144,0,3567,3547,-20,374,9.5,0,,0,,,virtual_dummy.xlsx,L48_재고수량·잔여일수,2026-10-05T01:15
PH_DUMMY_01,2026-02-03,O001,11,30,1,0,40,40,0,3.7,10.8,0,,0,,,virtual_dummy.xlsx,L48_재고수량·잔여일수,2026-10-05T01:15
PH_DUMMY_01,2026-02-03,O002,8,20,0,0,28,28,0,2,14,0,,0,,,virtual_dummy.xlsx,L48_재고수량·잔여일수,2026-10-05T01:15
PH_DUMMY_01,2026-02-03,O003,33,0,1,0,32,32,0,2.4,13.2,0,,0,,,virtual_dummy.xlsx,L48_재고수량·잔여일수,2026-10-05T01:15
PH_DUMMY_01,2026-02-03,O004,6,2,0,0,8,7,-1,0.3,28,0,,0,,,virtual_dummy.xlsx,L48_재고수량·잔여일수,2026-10-05T01:15
PH_DUMMY_01,2026-02-03,Q001,12,10,0,0,22,22,0,1.9,11.8,0,,0,,,virtual_dummy.xlsx,L48_재고수량·잔여일수,2026-10-05T01:15
PH_DUMMY_01,2026-02-03,Q002,2,0,0,0,2,2,0,0.1,14,0,,0,,,virtual_dummy.xlsx,L48_재고수량·잔여일수,2026-10-05T01:15
PH_DUMMY_01,2026-02-04,R001,541,0,30,0,511,511,0,64.4,7.9,0,,0,,,virtual_dummy.xlsx,L48_재고수량·잔여일수,2026-10-05T01:15
PH_DUMMY_01,2026-02-04,R002,1729,0,129,0,1600,1610,10,149.1,10.7,0,,0,,,virtual_dummy.xlsx,L48_재고수량·잔여일수,2026-10-05T01:15
PH_DUMMY_01,2026-02-04,R003,698,0,39,0,659,659,0,84.4,7.8,0,,0,,,virtual_dummy.xlsx,L48_재고수량·잔여일수,2026-10-05T01:15
PH_DUMMY_01,2026-02-04,R004,359,0,181,0,178,168,-10,200.1,0.9,1000,긴급,300,,Y,virtual_dummy.xlsx,L48_재고수량·잔여일수,2026-10-05T01:15
PH_DUMMY_01,2026-02-04,R005,3265,0,183,0,3082,3082,0,382.3,8.1,0,,0,,,virtual_dummy.xlsx,L48_재고수량·잔여일수,2026-10-05T01:15
PH_DUMMY_01,2026-02-04,R006,2032,0,89,0,1943,1943,0,173.3,11.2,0,,0,,,virtual_dummy.xlsx,L48_재고수량·잔여일수,2026-10-05T01:15
PH_DUMMY_01,2026-02-04,R007,3567,0,141,0,3426,3406,-20,302,11.3,0,,0,,,virtual_dummy.xlsx,L48_재고수량·잔여일수,2026-10-05T01:15
PH_DUMMY_01,2026-02-04,O001,40,0,1,0,39,39,0,3.1,12.4,0,,0,,,virtual_dummy.xlsx,L48_재고수량·잔여일수,2026-10-05T01:15
PH_DUMMY_01,2026-02-04,O002,28,0,2,0,26,26,0,1.9,14,0,,0,,,virtual_dummy.xlsx,L48_재고수량·잔여일수,2026-10-05T01:15
PH_DUMMY_01,2026-02-04,O003,32,0,2,0,30,30,0,2.3,13.1,0,,0,,,virtual_dummy.xlsx,L48_재고수량·잔여일수,2026-10-05T01:15
PH_DUMMY_01,2026-02-04,O004,8,0,0,0,8,7,-1,0.3,28,0,,0,,,virtual_dummy.xlsx,L48_재고수량·잔여일수,2026-10-05T01:15
PH_DUMMY_01,2026-02-04,Q001,22,0,1,0,21,21,0,1.6,13.4,0,,0,,,virtual_dummy.xlsx,L48_재고수량·잔여일수,2026-10-05T01:15
PH_DUMMY_01,2026-02-04,Q002,2,0,0,0,2,2,0,0,,0,,0,,,virtual_dummy.xlsx,L48_재고수량·잔여일수,2026-10-05T01:15
PH_DUMMY_01,2026-02-05,R001,511,0,55,0,456,456,0,64.4,7.1,0,,0,,,virtual_dummy.xlsx,L48_재고수량·잔여일수,2026-10-05T01:15
PH_DUMMY_01,2026-02-05,R002,1600,0,139,0,1461,1471,10,157.9,9.3,0,,0,,,virtual_dummy.xlsx,L48_재고수량·잔여일수,2026-10-05T01:15
PH_DUMMY_01,2026-02-05,R003,659,0,218,0,441,441,0,108.1,4.1,0,,0,,,virtual_dummy.xlsx,L48_재고수량·잔여일수,2026-10-05T01:15
PH_DUMMY_01,2026-02-05,R004,178,300,202,0,276,266,-10,229,1.2,500,긴급,150,,Y,virtual_dummy.xlsx,L48_재고수량·잔여일수,2026-10-05T01:15
PH_DUMMY_01,2026-02-05,R005,3082,0,424,0,2658,2658,0,414.9,6.4,0,,0,,,virtual_dummy.xlsx,L48_재고수량·잔여일수,2026-10-05T01:15
PH_DUMMY_01,2026-02-05,R006,1943,0,131,0,1812,1812,0,179.6,10.1,0,,0,,,virtual_dummy.xlsx,L48_재고수량·잔여일수,2026-10-05T01:15
PH_DUMMY_01,2026-02-05,R007,3426,0,370,0,3056,3036,-20,313.6,9.7,0,,0,,,virtual_dummy.xlsx,L48_재고수량·잔여일수,2026-10-05T01:15
PH_DUMMY_01,2026-02-05,O001,39,0,1,0,38,38,0,3,12.7,0,,0,,,virtual_dummy.xlsx,L48_재고수량·잔여일수,2026-10-05T01:15
PH_DUMMY_01,2026-02-05,O002,26,0,4,0,22,23,1,2,11,0,,0,,,virtual_dummy.xlsx,L48_재고수량·잔여일수,2026-10-05T01:15
PH_DUMMY_01,2026-02-05,O003,30,0,3,0,27,27,0,2.3,11.8,0,,0,,,virtual_dummy.xlsx,L48_재고수량·잔여일수,2026-10-05T01:15
PH_DUMMY_01,2026-02-05,O004,8,0,0,0,8,7,-1,0.3,28,0,,0,,,virtual_dummy.xlsx,L48_재고수량·잔여일수,2026-10-05T01:15
PH_DUMMY_01,2026-02-05,Q001,21,0,2,0,19,19,0,1.3,14.8,0,,0,,,virtual_dummy.xlsx,L48_재고수량·잔여일수,2026-10-05T01:15
PH_DUMMY_01,2026-02-05,Q002,2,0,0,0,2,5,3,0,,0,,0,,,virtual_dummy.xlsx,L48_재고수량·잔여일수,2026-10-05T01:15
PH_DUMMY_01,2026-02-06,R001,456,0,63,0,393,393,0,66,6,0,,0,,,virtual_dummy.xlsx,L48_재고수량·잔여일수,2026-10-05T01:15
PH_DUMMY_01,2026-02-06,R002,1461,0,294,0,1167,1177,10,176.9,6.6,0,,0,,,virtual_dummy.xlsx,L48_재고수량·잔여일수,2026-10-05T01:15
PH_DUMMY_01,2026-02-06,R003,441,0,76,0,365,365,0,100.7,3.6,0,,0,,,virtual_dummy.xlsx,L48_재고수량·잔여일수,2026-10-05T01:15
PH_DUMMY_01,2026-02-06,R004,276,150,188,0,238,228,-10,248.6,1,1000,긴급,0,,Y,virtual_dummy.xlsx,L48_재고수량·잔여일수,2026-10-05T01:15
PH_DUMMY_01,2026-02-06,R005,2658,0,727,0,1931,1931,0,464.7,4.2,0,,0,,,virtual_dummy.xlsx,L48_재고수량·잔여일수,2026-10-05T01:15
PH_DUMMY_01,2026-02-06,R006,1812,0,427,0,1385,1385,0,227.1,6.1,0,,0,,,virtual_dummy.xlsx,L48_재고수량·잔여일수,2026-10-05T01:15
PH_DUMMY_01,2026-02-06,R007,3056,0,732,0,2324,2304,-20,363.4,6.4,0,,0,,,virtual_dummy.xlsx,L48_재고수량·잔여일수,2026-10-05T01:15
PH_DUMMY_01,2026-02-06,O001,38,0,3,0,35,35,0,3,11.7,0,,0,,,virtual_dummy.xlsx,L48_재고수량·잔여일수,2026-10-05T01:15
PH_DUMMY_01,2026-02-06,O002,22,0,1,0,21,22,1,2,10.5,0,,0,,,virtual_dummy.xlsx,L48_재고수량·잔여일수,2026-10-05T01:15
PH_DUMMY_01,2026-02-06,O003,27,0,2,0,25,25,0,2,12.5,0,,0,,,virtual_dummy.xlsx,L48_재고수량·잔여일수,2026-10-05T01:15
PH_DUMMY_01,2026-02-06,O004,8,0,0,0,8,7,-1,0,,0,,0,,,virtual_dummy.xlsx,L48_재고수량·잔여일수,2026-10-05T01:15
PH_DUMMY_01,2026-02-06,Q001,19,0,5,0,14,14,0,1.9,7.5,0,,0,,,virtual_dummy.xlsx,L48_재고수량·잔여일수,2026-10-05T01:15
PH_DUMMY_01,2026-02-06,Q002,2,0,2,0,0,3,3,0.3,0,2,긴급,2,,,virtual_dummy.xlsx,L48_재고수량·잔여일수,2026-10-05T01:15
PH_DUMMY_01,2026-02-07,R001,393,0,47,0,346,346,0,59.9,5.8,0,,0,,,virtual_dummy.xlsx,L48_재고수량·잔여일수,2026-10-05T01:15
PH_DUMMY_01,2026-02-07,R002,1167,0,204,0,963,973,10,183.1,5.3,0,,0,,,virtual_dummy.xlsx,L48_재고수량·잔여일수,2026-10-05T01:15
PH_DUMMY_01,2026-02-07,R003,365,0,95,0,270,270,0,103.7,2.6,0,,0,,,virtual_dummy.xlsx,L48_재고수량·잔여일수,2026-10-05T01:15
PH_DUMMY_01,2026-02-07,R004,238,0,122,0,116,106,-10,231.6,0.5,500,긴급,0,,Y,virtual_dummy.xlsx,L48_재고수량·잔여일수,2026-10-05T01:15
PH_DUMMY_01,2026-02-07,R005,1931,0,742,0,1189,1189,0,538.4,2.2,0,,0,,,virtual_dummy.xlsx,L48_재고수량·잔여일수,2026-10-05T01:15
PH_DUMMY_01,2026-02-07,R006,1385,0,148,0,1237,1237,0,218,5.7,0,,0,,,virtual_dummy.xlsx,L48_재고수량·잔여일수,2026-10-05T01:15
PH_DUMMY_01,2026-02-07,R007,2324,0,413,0,1911,1891,-20,391.6,4.9,0,,0,,,virtual_dummy.xlsx,L48_재고수량·잔여일수,2026-10-05T01:15
PH_DUMMY_01,2026-02-07,O001,35,0,5,0,30,30,0,3.3,9.1,0,,0,,,virtual_dummy.xlsx,L48_재고수량·잔여일수,2026-10-05T01:15
PH_DUMMY_01,2026-02-07,O002,21,0,1,0,20,21,1,1.9,10.8,0,,0,,,virtual_dummy.xlsx,L48_재고수량·잔여일수,2026-10-05T01:15
PH_DUMMY_01,2026-02-07,O003,25,0,0,0,25,25,0,1.7,14.6,0,,0,,,virtual_dummy.xlsx,L48_재고수량·잔여일수,2026-10-05T01:15
PH_DUMMY_01,2026-02-07,O004,8,0,1,0,7,6,-1,0.1,49,0,,0,,,virtual_dummy.xlsx,L48_재고수량·잔여일수,2026-10-05T01:15
PH_DUMMY_01,2026-02-07,Q001,14,0,1,0,13,11,-2,1.7,7.6,0,,0,,,virtual_dummy.xlsx,L48_재고수량·잔여일수,2026-10-05T01:15
PH_DUMMY_01,2026-02-07,Q002,0,2,0,0,2,5,3,0.3,7,0,,0,,,virtual_dummy.xlsx,L48_재고수량·잔여일수,2026-10-05T01:15
PH_DUMMY_01,2026-02-08,R001,346,0,0,0,346,346,0,,,0,,0,,,virtual_dummy.xlsx,L48_재고수량·잔여일수,2026-10-05T01:15
PH_DUMMY_01,2026-02-08,R002,963,0,0,0,963,973,10,,,0,,0,,,virtual_dummy.xlsx,L48_재고수량·잔여일수,2026-10-05T01:15
PH_DUMMY_01,2026-02-08,R003,270,0,0,0,270,270,0,,,0,,0,,,virtual_dummy.xlsx,L48_재고수량·잔여일수,2026-10-05T01:15
PH_DUMMY_01,2026-02-08,R004,116,0,0,0,116,106,-10,,,0,,0,,Y,virtual_dummy.xlsx,L48_재고수량·잔여일수,2026-10-05T01:15
PH_DUMMY_01,2026-02-08,R005,1189,0,0,0,1189,1189,0,,,0,,0,,,virtual_dummy.xlsx,L48_재고수량·잔여일수,2026-10-05T01:15
PH_DUMMY_01,2026-02-08,R006,1237,0,0,0,1237,1237,0,,,0,,0,,,virtual_dummy.xlsx,L48_재고수량·잔여일수,2026-10-05T01:15
PH_DUMMY_01,2026-02-08,R007,1911,0,0,0,1911,1891,-20,,,0,,0,,,virtual_dummy.xlsx,L48_재고수량·잔여일수,2026-10-05T01:15
PH_DUMMY_01,2026-02-08,O001,30,0,0,0,30,30,0,,,0,,0,,,virtual_dummy.xlsx,L48_재고수량·잔여일수,2026-10-05T01:15
PH_DUMMY_01,2026-02-08,O002,20,0,0,0,20,21,1,,,0,,0,,,virtual_dummy.xlsx,L48_재고수량·잔여일수,2026-10-05T01:15
PH_DUMMY_01,2026-02-08,O003,25,0,0,0,25,25,0,,,0,,0,,,virtual_dummy.xlsx,L48_재고수량·잔여일수,2026-10-05T01:15
PH_DUMMY_01,2026-02-08,O004,7,0,0,0,7,6,-1,,,0,,0,,,virtual_dummy.xlsx,L48_재고수량·잔여일수,2026-10-05T01:15
PH_DUMMY_01,2026-02-08,Q001,13,0,0,0,13,11,-2,,,0,,0,,,virtual_dummy.xlsx,L48_재고수량·잔여일수,2026-10-05T01:15
PH_DUMMY_01,2026-02-08,Q002,2,0,0,0,2,5,3,,,0,,0,,,virtual_dummy.xlsx,L48_재고수량·잔여일수,2026-10-05T01:15
PH_DUMMY_01,2026-02-09,R001,346,0,73,0,273,273,0,57.3,4.8,300,정기(주간),300,,,virtual_dummy.xlsx,L48_재고수량·잔여일수,2026-10-05T01:15
PH_DUMMY_01,2026-02-09,R002,963,0,240,0,723,763,40,198.3,3.6,900,정기(주간),900,,,virtual_dummy.xlsx,L48_재고수량·잔여일수,2026-10-05T01:15
PH_DUMMY_01,2026-02-09,R003,270,0,129,0,141,141,0,114.4,1.2,600,정기(주간),600,,,virtual_dummy.xlsx,L48_재고수량·잔여일수,2026-10-05T01:15
PH_DUMMY_01,2026-02-09,R004,116,0,116,164,0,0,0,232.4,0,1500,정기(주간),450,,Y,virtual_dummy.xlsx,L48_재고수량·잔여일수,2026-10-05T01:15
PH_DUMMY_01,2026-02-09,R005,1189,0,314,0,875,875,0,555,1.6,3000,정기(주간),3000,,,virtual_dummy.xlsx,L48_재고수량·잔여일수,2026-10-05T01:15
PH_DUMMY_01,2026-02-09,R006,1237,0,168,0,1069,1069,0,220.3,4.9,900,정기(주간),900,,,virtual_dummy.xlsx,L48_재고수량·잔여일수,2026-10-05T01:15
PH_DUMMY_01,2026-02-09,R007,1911,0,724,0,1187,1167,-20,477.4,2.5,2500,정기(주간),2500,,,virtual_dummy.xlsx,L48_재고수량·잔여일수,2026-10-05T01:15
PH_DUMMY_01,2026-02-09,O001,30,0,2,0,28,28,0,3,9.3,10,정기(주간),10,,,virtual_dummy.xlsx,L48_재고수량·잔여일수,2026-10-05T01:15
PH_DUMMY_01,2026-02-09,O002,20,0,2,0,18,19,1,1.7,10.5,10,정기(주간),10,,,virtual_dummy.xlsx,L48_재고수량·잔여일수,2026-10-05T01:15
PH_DUMMY_01,2026-02-09,O003,25,0,2,0,23,23,0,1.9,12.4,0,,0,,,virtual_dummy.xlsx,L48_재고수량·잔여일수,2026-10-05T01:15
PH_DUMMY_01,2026-02-09,O004,7,0,0,0,7,6,-1,0.1,49,0,,0,,,virtual_dummy.xlsx,L48_재고수량·잔여일수,2026-10-05T01:15
PH_DUMMY_01,2026-02-09,Q001,13,0,1,0,12,10,-2,1.9,6.5,10,정기(주간),10,,,virtual_dummy.xlsx,L48_재고수량·잔여일수,2026-10-05T01:15
PH_DUMMY_01,2026-02-09,Q002,2,0,0,0,2,5,3,0.3,7,0,,0,,,virtual_dummy.xlsx,L48_재고수량·잔여일수,2026-10-05T01:15
PH_DUMMY_01,2026-02-10,R001,273,300,73,0,500,480,-20,53,9.4,0,,0,,,virtual_dummy.xlsx,L48_재고수량·잔여일수,2026-10-05T01:15
PH_DUMMY_01,2026-02-10,R002,723,900,164,0,1459,1499,40,180.7,8.1,0,,0,,,virtual_dummy.xlsx,L48_재고수량·잔여일수,2026-10-05T01:15
PH_DUMMY_01,2026-02-10,R003,141,600,90,0,651,651,0,102.9,6.3,0,,0,,,virtual_dummy.xlsx,L48_재고수량·잔여일수,2026-10-05T01:15
PH_DUMMY_01,2026-02-10,R004,0,450,413,0,37,27,-10,211,0.2,1000,긴급,300,,Y,virtual_dummy.xlsx,L48_재고수량·잔여일수,2026-10-05T01:15
PH_DUMMY_01,2026-02-10,R005,875,3000,335,0,3540,3540,0,419.4,8.4,0,,0,,,virtual_dummy.xlsx,L48_재고수량·잔여일수,2026-10-05T01:15
PH_DUMMY_01,2026-02-10,R006,1069,900,144,0,1825,1825,0,174.4,10.5,0,,0,,,virtual_dummy.xlsx,L48_재고수량·잔여일수,2026-10-05T01:15
PH_DUMMY_01,2026-02-10,R007,1187,2500,310,0,3377,3357,-20,404.9,8.3,0,,0,,,virtual_dummy.xlsx,L48_재고수량·잔여일수,2026-10-05T01:15
PH_DUMMY_01,2026-02-10,O001,28,10,4,0,34,34,0,2.4,14,0,,0,,,virtual_dummy.xlsx,L48_재고수량·잔여일수,2026-10-05T01:15
PH_DUMMY_01,2026-02-10,O002,18,10,3,0,25,26,1,1.9,13.5,0,,0,,,virtual_dummy.xlsx,L48_재고수량·잔여일수,2026-10-05T01:15
PH_DUMMY_01,2026-02-10,O003,23,0,2,0,21,21,0,1.7,12.2,0,,0,,,virtual_dummy.xlsx,L48_재고수량·잔여일수,2026-10-05T01:15
PH_DUMMY_01,2026-02-10,O004,7,0,1,0,6,5,-1,0.3,21,0,,0,,,virtual_dummy.xlsx,L48_재고수량·잔여일수,2026-10-05T01:15
PH_DUMMY_01,2026-02-10,Q001,12,10,2,0,20,18,-2,1.7,11.7,0,,0,,,virtual_dummy.xlsx,L48_재고수량·잔여일수,2026-10-05T01:15
PH_DUMMY_01,2026-02-10,Q002,2,0,0,0,2,5,3,0.3,7,0,,0,,,virtual_dummy.xlsx,L48_재고수량·잔여일수,2026-10-05T01:15
PH_DUMMY_01,2026-02-11,R001,500,0,27,0,473,453,-20,52.6,9,0,,0,,,virtual_dummy.xlsx,L48_재고수량·잔여일수,2026-10-05T01:15
PH_DUMMY_01,2026-02-11,R002,1459,0,145,0,1314,1354,40,187.9,7,0,,0,,,virtual_dummy.xlsx,L48_재고수량·잔여일수,2026-10-05T01:15
PH_DUMMY_01,2026-02-11,R003,651,0,54,0,597,597,0,100.1,6,0,,0,,,virtual_dummy.xlsx,L48_재고수량·잔여일수,2026-10-05T01:15
PH_DUMMY_01,2026-02-11,R004,37,300,218,0,119,109,-10,229.1,0.5,1000,긴급,0,,Y,virtual_dummy.xlsx,L48_재고수량·잔여일수,2026-10-05T01:15
PH_DUMMY_01,2026-02-11,R005,3540,0,314,0,3226,3226,0,434.1,7.4,0,,0,,,virtual_dummy.xlsx,L48_재고수량·잔여일수,2026-10-05T01:15
PH_DUMMY_01,2026-02-11,R006,1825,0,290,0,1535,1535,0,199.6,7.7,0,,0,,,virtual_dummy.xlsx,L48_재고수량·잔여일수,2026-10-05T01:15
PH_DUMMY_01,2026-02-11,R007,3377,0,256,0,3121,3101,-20,420.9,7.4,0,,0,,,virtual_dummy.xlsx,L48_재고수량·잔여일수,2026-10-05T01:15
PH_DUMMY_01,2026-02-11,O001,34,0,1,0,33,33,0,2.4,13.6,0,,0,,,virtual_dummy.xlsx,L48_재고수량·잔여일수,2026-10-05T01:15
PH_DUMMY_01,2026-02-11,O002,25,0,1,0,24,25,1,2,12,0,,0,,,virtual_dummy.xlsx,L48_재고수량·잔여일수,2026-10-05T01:15
PH_DUMMY_01,2026-02-11,O003,21,0,5,0,16,17,1,2.3,7,0,,0,,,virtual_dummy.xlsx,L48_재고수량·잔여일수,2026-10-05T01:15
PH_DUMMY_01,2026-02-11,O004,6,0,1,0,5,6,1,0.4,11.7,0,,0,,,virtual_dummy.xlsx,L48_재고수량·잔여일수,2026-10-05T01:15
PH_DUMMY_01,2026-02-11,Q001,20,0,2,0,18,16,-2,2,9,0,,0,,,virtual_dummy.xlsx,L48_재고수량·잔여일수,2026-10-05T01:15
PH_DUMMY_01,2026-02-11,Q002,2,0,1,0,1,4,3,0.4,2.3,0,,0,,,virtual_dummy.xlsx,L48_재고수량·잔여일수,2026-10-05T01:15
PH_DUMMY_01,2026-02-12,R001,473,0,97,0,376,356,-20,62.1,6.1,0,,0,,,virtual_dummy.xlsx,L48_재고수량·잔여일수,2026-10-05T01:15
PH_DUMMY_01,2026-02-12,R002,1314,0,113,0,1201,1241,40,185.6,6.5,0,,0,,,virtual_dummy.xlsx,L48_재고수량·잔여일수,2026-10-05T01:15
PH_DUMMY_01,2026-02-12,R003,597,0,66,0,531,531,0,104,5.1,0,,0,,,virtual_dummy.xlsx,L48_재고수량·잔여일수,2026-10-05T01:15
PH_DUMMY_01,2026-02-12,R004,119,0,119,73,0,0,0,230.7,0,1000,긴급,0,,Y,virtual_dummy.xlsx,L48_재고수량·잔여일수,2026-10-05T01:15
PH_DUMMY_01,2026-02-12,R005,3226,0,381,0,2845,2845,0,462.4,6.2,0,,0,,,virtual_dummy.xlsx,L48_재고수량·잔여일수,2026-10-05T01:15
PH_DUMMY_01,2026-02-12,R006,1535,0,71,0,1464,1464,0,197,7.4,0,,0,,,virtual_dummy.xlsx,L48_재고수량·잔여일수,2026-10-05T01:15
PH_DUMMY_01,2026-02-12,R007,3121,0,265,0,2856,2836,-20,438.6,6.5,0,,0,,,virtual_dummy.xlsx,L48_재고수량·잔여일수,2026-10-05T01:15
PH_DUMMY_01,2026-02-12,O001,33,0,3,0,30,31,1,2.7,11.1,0,,0,,,virtual_dummy.xlsx,L48_재고수량·잔여일수,2026-10-05T01:15
PH_DUMMY_01,2026-02-12,O002,24,0,2,0,22,23,1,2,11,0,,0,,,virtual_dummy.xlsx,L48_재고수량·잔여일수,2026-10-05T01:15
PH_DUMMY_01,2026-02-12,O003,16,0,6,0,10,11,1,2.9,3.5,0,,0,,,virtual_dummy.xlsx,L48_재고수량·잔여일수,2026-10-05T01:15
PH_DUMMY_01,2026-02-12,O004,5,0,1,0,4,5,1,0.6,7,0,,0,,,virtual_dummy.xlsx,L48_재고수량·잔여일수,2026-10-05T01:15
PH_DUMMY_01,2026-02-12,Q001,18,0,2,0,16,14,-2,2.1,7.5,0,,0,,,virtual_dummy.xlsx,L48_재고수량·잔여일수,2026-10-05T01:15
PH_DUMMY_01,2026-02-12,Q002,1,0,0,0,1,4,3,0.4,2.3,0,,0,,,virtual_dummy.xlsx,L48_재고수량·잔여일수,2026-10-05T01:15
PH_DUMMY_01,2026-02-13,R001,376,0,72,0,304,284,-20,64.6,4.7,0,,0,,,virtual_dummy.xlsx,L48_재고수량·잔여일수,2026-10-05T01:15
PH_DUMMY_01,2026-02-13,R002,1201,0,139,0,1062,1122,60,185.6,5.7,0,,0,,,virtual_dummy.xlsx,L48_재고수량·잔여일수,2026-10-05T01:15
PH_DUMMY_01,2026-02-13,R003,531,0,53,0,478,478,0,80.4,5.9,0,,0,,,virtual_dummy.xlsx,L48_재고수량·잔여일수,2026-10-05T01:15
PH_DUMMY_01,2026-02-13,R004,0,0,0,135,0,0,0,221.1,0,1000,긴급,300,,Y,virtual_dummy.xlsx,L48_재고수량·잔여일수,2026-10-05T01:15
PH_DUMMY_01,2026-02-13,R005,2845,0,360,0,2485,2485,0,453.3,5.5,0,,0,,,virtual_dummy.xlsx,L48_재고수량·잔여일수,2026-10-05T01:15
PH_DUMMY_01,2026-02-13,R006,1464,0,200,0,1264,1264,0,206.9,6.1,0,,0,,,virtual_dummy.xlsx,L48_재고수량·잔여일수,2026-10-05T01:15
PH_DUMMY_01,2026-02-13,R007,2856,0,616,0,2240,2220,-20,473.7,4.7,0,,0,,,virtual_dummy.xlsx,L48_재고수량·잔여일수,2026-10-05T01:15
PH_DUMMY_01,2026-02-13,O001,30,0,2,0,28,29,1,2.9,9.8,0,,0,,,virtual_dummy.xlsx,L48_재고수량·잔여일수,2026-10-05T01:15
PH_DUMMY_01,2026-02-13,O002,22,0,1,0,21,22,1,1.6,13.4,0,,0,,,virtual_dummy.xlsx,L48_재고수량·잔여일수,2026-10-05T01:15
PH_DUMMY_01,2026-02-13,O003,10,0,3,0,7,8,1,2.9,2.4,0,,0,,,virtual_dummy.xlsx,L48_재고수량·잔여일수,2026-10-05T01:15
PH_DUMMY_01,2026-02-13,O004,4,0,1,0,3,4,1,0.7,4.2,0,,0,,,virtual_dummy.xlsx,L48_재고수량·잔여일수,2026-10-05T01:15
PH_DUMMY_01,2026-02-13,Q001,16,0,1,0,15,13,-2,2,7.5,0,,0,,,virtual_dummy.xlsx,L48_재고수량·잔여일수,2026-10-05T01:15
PH_DUMMY_01,2026-02-13,Q002,1,0,0,0,1,4,3,0.4,2.3,0,,0,,,virtual_dummy.xlsx,L48_재고수량·잔여일수,2026-10-05T01:15
PH_DUMMY_01,2026-02-14,R001,304,0,79,0,225,185,-40,66.9,3.4,0,,0,,,virtual_dummy.xlsx,L48_재고수량·잔여일수,2026-10-05T01:15
PH_DUMMY_01,2026-02-14,R002,1062,0,122,0,940,1000,60,161,5.8,0,,0,,,virtual_dummy.xlsx,L48_재고수량·잔여일수,2026-10-05T01:15
PH_DUMMY_01,2026-02-14,R003,478,0,79,0,399,399,0,80.9,4.9,0,,0,,,virtual_dummy.xlsx,L48_재고수량·잔여일수,2026-10-05T01:15
PH_DUMMY_01,2026-02-14,R004,0,300,300,41,0,0,0,243,0,1000,긴급,300,,Y,virtual_dummy.xlsx,L48_재고수량·잔여일수,2026-10-05T01:15
PH_DUMMY_01,2026-02-14,R005,2485,0,539,0,1946,1946,0,426.4,4.6,0,,0,,,virtual_dummy.xlsx,L48_재고수량·잔여일수,2026-10-05T01:15
PH_DUMMY_01,2026-02-14,R006,1264,0,233,0,1031,1031,0,179.1,5.8,0,,0,,,virtual_dummy.xlsx,L48_재고수량·잔여일수,2026-10-05T01:15
PH_DUMMY_01,2026-02-14,R007,2240,0,490,0,1750,1730,-20,439.1,4,0,,0,,,virtual_dummy.xlsx,L48_재고수량·잔여일수,2026-10-05T01:15
PH_DUMMY_01,2026-02-14,O001,28,0,3,0,25,26,1,2.9,8.8,0,,0,,,virtual_dummy.xlsx,L48_재고수량·잔여일수,2026-10-05T01:15
PH_DUMMY_01,2026-02-14,O002,21,0,1,0,20,21,1,1.6,12.7,0,,0,,,virtual_dummy.xlsx,L48_재고수량·잔여일수,2026-10-05T01:15
PH_DUMMY_01,2026-02-14,O003,7,0,5,0,2,3,1,3.3,0.6,10,긴급,10,,,virtual_dummy.xlsx,L48_재고수량·잔여일수,2026-10-05T01:15
PH_DUMMY_01,2026-02-14,O004,3,0,0,0,3,4,1,0.7,4.2,0,,0,,,virtual_dummy.xlsx,L48_재고수량·잔여일수,2026-10-05T01:15
PH_DUMMY_01,2026-02-14,Q001,15,0,1,0,14,12,-2,1.4,9.8,0,,0,,,virtual_dummy.xlsx,L48_재고수량·잔여일수,2026-10-05T01:15
PH_DUMMY_01,2026-02-14,Q002,1,0,0,0,1,4,3,0.1,7,0,,0,,,virtual_dummy.xlsx,L48_재고수량·잔여일수,2026-10-05T01:15
PH_DUMMY_01,2026-02-15,R001,225,0,0,0,225,185,-40,,,0,,0,,,virtual_dummy.xlsx,L48_재고수량·잔여일수,2026-10-05T01:15
PH_DUMMY_01,2026-02-15,R002,940,0,0,0,940,1000,60,,,0,,0,,,virtual_dummy.xlsx,L48_재고수량·잔여일수,2026-10-05T01:15
PH_DUMMY_01,2026-02-15,R003,399,0,0,0,399,399,0,,,0,,0,,,virtual_dummy.xlsx,L48_재고수량·잔여일수,2026-10-05T01:15
PH_DUMMY_01,2026-02-15,R004,0,0,0,0,0,0,0,,,0,,0,,Y,virtual_dummy.xlsx,L48_재고수량·잔여일수,2026-10-05T01:15
PH_DUMMY_01,2026-02-15,R005,1946,0,0,0,1946,1946,0,,,0,,0,,,virtual_dummy.xlsx,L48_재고수량·잔여일수,2026-10-05T01:15
PH_DUMMY_01,2026-02-15,R006,1031,0,0,0,1031,1031,0,,,0,,0,,,virtual_dummy.xlsx,L48_재고수량·잔여일수,2026-10-05T01:15
PH_DUMMY_01,2026-02-15,R007,1750,0,0,0,1750,1730,-20,,,0,,0,,,virtual_dummy.xlsx,L48_재고수량·잔여일수,2026-10-05T01:15
PH_DUMMY_01,2026-02-15,O001,25,0,0,0,25,26,1,,,0,,0,,,virtual_dummy.xlsx,L48_재고수량·잔여일수,2026-10-05T01:15
PH_DUMMY_01,2026-02-15,O002,20,0,0,0,20,21,1,,,0,,0,,,virtual_dummy.xlsx,L48_재고수량·잔여일수,2026-10-05T01:15
PH_DUMMY_01,2026-02-15,O003,2,0,0,0,2,3,1,,,0,,0,,,virtual_dummy.xlsx,L48_재고수량·잔여일수,2026-10-05T01:15
PH_DUMMY_01,2026-02-15,O004,3,0,0,0,3,4,1,,,0,,0,,,virtual_dummy.xlsx,L48_재고수량·잔여일수,2026-10-05T01:15
PH_DUMMY_01,2026-02-15,Q001,14,0,0,0,14,12,-2,,,0,,0,,,virtual_dummy.xlsx,L48_재고수량·잔여일수,2026-10-05T01:15
PH_DUMMY_01,2026-02-15,Q002,1,0,0,0,1,4,3,,,0,,0,,,virtual_dummy.xlsx,L48_재고수량·잔여일수,2026-10-05T01:15
PH_DUMMY_01,2026-02-16,R001,225,0,0,0,225,185,-40,,,0,,0,,,virtual_dummy.xlsx,L48_재고수량·잔여일수,2026-10-05T01:15
PH_DUMMY_01,2026-02-16,R002,940,0,0,0,940,1000,60,,,0,,0,,,virtual_dummy.xlsx,L48_재고수량·잔여일수,2026-10-05T01:15
PH_DUMMY_01,2026-02-16,R003,399,0,0,0,399,399,0,,,0,,0,,,virtual_dummy.xlsx,L48_재고수량·잔여일수,2026-10-05T01:15
PH_DUMMY_01,2026-02-16,R004,0,0,0,0,0,0,0,,,0,,0,,Y,virtual_dummy.xlsx,L48_재고수량·잔여일수,2026-10-05T01:15
PH_DUMMY_01,2026-02-16,R005,1946,0,0,0,1946,1946,0,,,0,,0,,,virtual_dummy.xlsx,L48_재고수량·잔여일수,2026-10-05T01:15
PH_DUMMY_01,2026-02-16,R006,1031,0,0,0,1031,1031,0,,,0,,0,,,virtual_dummy.xlsx,L48_재고수량·잔여일수,2026-10-05T01:15
PH_DUMMY_01,2026-02-16,R007,1750,0,0,0,1750,1730,-20,,,0,,0,,,virtual_dummy.xlsx,L48_재고수량·잔여일수,2026-10-05T01:15
PH_DUMMY_01,2026-02-16,O001,25,0,0,0,25,26,1,,,0,,0,,,virtual_dummy.xlsx,L48_재고수량·잔여일수,2026-10-05T01:15
PH_DUMMY_01,2026-02-16,O002,20,0,0,0,20,21,1,,,0,,0,,,virtual_dummy.xlsx,L48_재고수량·잔여일수,2026-10-05T01:15
PH_DUMMY_01,2026-02-16,O003,2,0,0,0,2,3,1,,,0,,0,,,virtual_dummy.xlsx,L48_재고수량·잔여일수,2026-10-05T01:15
PH_DUMMY_01,2026-02-16,O004,3,0,0,0,3,4,1,,,0,,0,,,virtual_dummy.xlsx,L48_재고수량·잔여일수,2026-10-05T01:15
PH_DUMMY_01,2026-02-16,Q001,14,0,0,0,14,12,-2,,,0,,0,,,virtual_dummy.xlsx,L48_재고수량·잔여일수,2026-10-05T01:15
PH_DUMMY_01,2026-02-16,Q002,1,0,0,0,1,4,3,,,0,,0,,,virtual_dummy.xlsx,L48_재고수량·잔여일수,2026-10-05T01:15
PH_DUMMY_01,2026-02-17,R001,225,0,0,0,225,185,-40,,,0,,0,,,virtual_dummy.xlsx,L48_재고수량·잔여일수,2026-10-05T01:15
PH_DUMMY_01,2026-02-17,R002,940,0,0,0,940,1000,60,,,0,,0,,,virtual_dummy.xlsx,L48_재고수량·잔여일수,2026-10-05T01:15
PH_DUMMY_01,2026-02-17,R003,399,0,0,0,399,399,0,,,0,,0,,,virtual_dummy.xlsx,L48_재고수량·잔여일수,2026-10-05T01:15
PH_DUMMY_01,2026-02-17,R004,0,0,0,0,0,0,0,,,0,,0,,Y,virtual_dummy.xlsx,L48_재고수량·잔여일수,2026-10-05T01:15
PH_DUMMY_01,2026-02-17,R005,1946,0,0,0,1946,1946,0,,,0,,0,,,virtual_dummy.xlsx,L48_재고수량·잔여일수,2026-10-05T01:15
PH_DUMMY_01,2026-02-17,R006,1031,0,0,0,1031,1031,0,,,0,,0,,,virtual_dummy.xlsx,L48_재고수량·잔여일수,2026-10-05T01:15
PH_DUMMY_01,2026-02-17,R007,1750,0,0,0,1750,1730,-20,,,0,,0,,,virtual_dummy.xlsx,L48_재고수량·잔여일수,2026-10-05T01:15
PH_DUMMY_01,2026-02-17,O001,25,0,0,0,25,26,1,,,0,,0,,,virtual_dummy.xlsx,L48_재고수량·잔여일수,2026-10-05T01:15
PH_DUMMY_01,2026-02-17,O002,20,0,0,0,20,21,1,,,0,,0,,,virtual_dummy.xlsx,L48_재고수량·잔여일수,2026-10-05T01:15
PH_DUMMY_01,2026-02-17,O003,2,0,0,0,2,3,1,,,0,,0,,,virtual_dummy.xlsx,L48_재고수량·잔여일수,2026-10-05T01:15
PH_DUMMY_01,2026-02-17,O004,3,0,0,0,3,4,1,,,0,,0,,,virtual_dummy.xlsx,L48_재고수량·잔여일수,2026-10-05T01:15
PH_DUMMY_01,2026-02-17,Q001,14,0,0,0,14,12,-2,,,0,,0,,,virtual_dummy.xlsx,L48_재고수량·잔여일수,2026-10-05T01:15
PH_DUMMY_01,2026-02-17,Q002,1,0,0,0,1,4,3,,,0,,0,,,virtual_dummy.xlsx,L48_재고수량·잔여일수,2026-10-05T01:15
PH_DUMMY_01,2026-02-18,R001,225,0,0,0,225,185,-40,,,0,,0,,,virtual_dummy.xlsx,L48_재고수량·잔여일수,2026-10-05T01:15
PH_DUMMY_01,2026-02-18,R002,940,0,0,0,940,1000,60,,,0,,0,,,virtual_dummy.xlsx,L48_재고수량·잔여일수,2026-10-05T01:15
PH_DUMMY_01,2026-02-18,R003,399,0,0,0,399,399,0,,,0,,0,,,virtual_dummy.xlsx,L48_재고수량·잔여일수,2026-10-05T01:15
PH_DUMMY_01,2026-02-18,R004,0,0,0,0,0,0,0,,,0,,0,,Y,virtual_dummy.xlsx,L48_재고수량·잔여일수,2026-10-05T01:15
PH_DUMMY_01,2026-02-18,R005,1946,0,0,0,1946,1946,0,,,0,,0,,,virtual_dummy.xlsx,L48_재고수량·잔여일수,2026-10-05T01:15
PH_DUMMY_01,2026-02-18,R006,1031,0,0,0,1031,1031,0,,,0,,0,,,virtual_dummy.xlsx,L48_재고수량·잔여일수,2026-10-05T01:15
PH_DUMMY_01,2026-02-18,R007,1750,0,0,0,1750,1730,-20,,,0,,0,,,virtual_dummy.xlsx,L48_재고수량·잔여일수,2026-10-05T01:15
PH_DUMMY_01,2026-02-18,O001,25,0,0,0,25,26,1,,,0,,0,,,virtual_dummy.xlsx,L48_재고수량·잔여일수,2026-10-05T01:15
PH_DUMMY_01,2026-02-18,O002,20,0,0,0,20,21,1,,,0,,0,,,virtual_dummy.xlsx,L48_재고수량·잔여일수,2026-10-05T01:15
PH_DUMMY_01,2026-02-18,O003,2,0,0,0,2,3,1,,,0,,0,,,virtual_dummy.xlsx,L48_재고수량·잔여일수,2026-10-05T01:15
PH_DUMMY_01,2026-02-18,O004,3,0,0,0,3,4,1,,,0,,0,,,virtual_dummy.xlsx,L48_재고수량·잔여일수,2026-10-05T01:15
PH_DUMMY_01,2026-02-18,Q001,14,0,0,0,14,12,-2,,,0,,0,,,virtual_dummy.xlsx,L48_재고수량·잔여일수,2026-10-05T01:15
PH_DUMMY_01,2026-02-18,Q002,1,0,0,0,1,4,3,,,0,,0,,,virtual_dummy.xlsx,L48_재고수량·잔여일수,2026-10-05T01:15
PH_DUMMY_01,2026-02-19,R001,225,0,77,0,148,108,-40,71.1,2.1,400,정기(주간),400,,,virtual_dummy.xlsx,L48_재고수량·잔여일수,2026-10-05T01:15
PH_DUMMY_01,2026-02-19,R002,940,0,182,0,758,818,60,157.9,4.8,900,정기(주간),900,,,virtual_dummy.xlsx,L48_재고수량·잔여일수,2026-10-05T01:15
PH_DUMMY_01,2026-02-19,R003,399,0,159,0,240,240,0,90,2.7,600,정기(주간),600,,,virtual_dummy.xlsx,L48_재고수량·잔여일수,2026-10-05T01:15
PH_DUMMY_01,2026-02-19,R004,0,300,126,0,174,164,-10,243.6,0.7,2000,정기(주간),600,,Y,virtual_dummy.xlsx,L48_재고수량·잔여일수,2026-10-05T01:15
PH_DUMMY_01,2026-02-19,R005,1946,0,513,0,1433,1433,0,393.7,3.6,2500,정기(주간),2500,,,virtual_dummy.xlsx,L48_재고수량·잔여일수,2026-10-05T01:15
PH_DUMMY_01,2026-02-19,R006,1031,0,403,0,628,628,0,215.6,2.9,1200,정기(주간),1200,,,virtual_dummy.xlsx,L48_재고수량·잔여일수,2026-10-05T01:15
PH_DUMMY_01,2026-02-19,R007,1750,0,487,0,1263,1243,-20,449.7,2.8,2500,정기(주간),2500,,,virtual_dummy.xlsx,L48_재고수량·잔여일수,2026-10-05T01:15
PH_DUMMY_01,2026-02-19,O001,25,0,0,0,25,26,1,2.1,11.7,0,,0,,,virtual_dummy.xlsx,L48_재고수량·잔여일수,2026-10-05T01:15
PH_DUMMY_01,2026-02-19,O002,20,0,0,0,20,21,1,1.4,14,0,,0,,,virtual_dummy.xlsx,L48_재고수량·잔여일수,2026-10-05T01:15
PH_DUMMY_01,2026-02-19,O003,2,10,3,0,9,10,1,3.7,2.4,20,정기(주간),20,,,virtual_dummy.xlsx,L48_재고수량·잔여일수,2026-10-05T01:15
PH_DUMMY_01,2026-02-19,O004,3,0,0,0,3,4,1,0.6,5.2,2,정기(주간),2,,,virtual_dummy.xlsx,L48_재고수량·잔여일수,2026-10-05T01:15
PH_DUMMY_01,2026-02-19,Q001,14,0,0,0,14,12,-2,1.3,10.9,0,,0,,,virtual_dummy.xlsx,L48_재고수량·잔여일수,2026-10-05T01:15
PH_DUMMY_01,2026-02-19,Q002,1,0,0,0,1,4,3,0.1,7,2,정기(주간),2,,,virtual_dummy.xlsx,L48_재고수량·잔여일수,2026-10-05T01:15
PH_DUMMY_01,2026-02-20,R001,148,400,83,0,465,425,-40,72.6,6.4,0,,0,,,virtual_dummy.xlsx,L48_재고수량·잔여일수,2026-10-05T01:15
PH_DUMMY_01,2026-02-20,R002,758,900,185,0,1473,1533,60,150,9.8,0,,0,,,virtual_dummy.xlsx,L48_재고수량·잔여일수,2026-10-05T01:15
PH_DUMMY_01,2026-02-20,R003,240,600,93,0,747,747,0,84.9,8.8,0,,0,,,virtual_dummy.xlsx,L48_재고수량·잔여일수,2026-10-05T01:15
PH_DUMMY_01,2026-02-20,R004,174,600,58,0,716,706,-10,211.9,3.4,0,,0,,Y,virtual_dummy.xlsx,L48_재고수량·잔여일수,2026-10-05T01:15
PH_DUMMY_01,2026-02-20,R005,1433,2500,673,0,3260,3260,0,445,7.3,0,,0,,,virtual_dummy.xlsx,L48_재고수량·잔여일수,2026-10-05T01:15
PH_DUMMY_01,2026-02-20,R006,628,1200,207,0,1621,1621,0,221.1,7.3,0,,0,,,virtual_dummy.xlsx,L48_재고수량·잔여일수,2026-10-05T01:15
PH_DUMMY_01,2026-02-20,R007,1263,2500,862,0,2901,2881,-20,469.4,6.2,0,,0,,,virtual_dummy.xlsx,L48_재고수량·잔여일수,2026-10-05T01:15
PH_DUMMY_01,2026-02-20,O001,25,0,7,0,18,19,1,2.9,6.3,0,,0,,,virtual_dummy.xlsx,L48_재고수량·잔여일수,2026-10-05T01:15
PH_DUMMY_01,2026-02-20,O002,20,0,2,0,18,19,1,1.4,12.6,0,,0,,,virtual_dummy.xlsx,L48_재고수량·잔여일수,2026-10-05T01:15
PH_DUMMY_01,2026-02-20,O003,9,20,1,0,28,29,1,3.6,7.8,0,,0,,,virtual_dummy.xlsx,L48_재고수량·잔여일수,2026-10-05T01:15
PH_DUMMY_01,2026-02-20,O004,3,2,0,0,5,6,1,0.6,8.8,0,,0,,,virtual_dummy.xlsx,L48_재고수량·잔여일수,2026-10-05T01:15
PH_DUMMY_01,2026-02-20,Q001,14,0,0,0,14,12,-2,1.1,12.2,0,,0,,,virtual_dummy.xlsx,L48_재고수량·잔여일수,2026-10-05T01:15
PH_DUMMY_01,2026-02-20,Q002,1,2,1,0,2,2,0,0.3,7,0,,0,,,virtual_dummy.xlsx,L48_재고수량·잔여일수,2026-10-05T01:15
PH_DUMMY_01,2026-02-21,R001,465,0,23,0,442,402,-40,65.4,6.8,0,,0,,,virtual_dummy.xlsx,L48_재고수량·잔여일수,2026-10-05T01:15
PH_DUMMY_01,2026-02-21,R002,1473,0,239,0,1234,1294,60,160.7,7.7,0,,0,,,virtual_dummy.xlsx,L48_재고수량·잔여일수,2026-10-05T01:15
PH_DUMMY_01,2026-02-21,R003,747,0,30,0,717,717,0,76.3,9.4,0,,0,,,virtual_dummy.xlsx,L48_재고수량·잔여일수,2026-10-05T01:15
PH_DUMMY_01,2026-02-21,R004,716,0,51,0,665,655,-10,160.1,4.2,0,,0,,,virtual_dummy.xlsx,L48_재고수량·잔여일수,2026-10-05T01:15
PH_DUMMY_01,2026-02-21,R005,3260,0,345,0,2915,2915,0,446.4,6.5,0,,0,,,virtual_dummy.xlsx,L48_재고수량·잔여일수,2026-10-05T01:15
PH_DUMMY_01,2026-02-21,R006,1621,0,215,0,1406,1406,0,231.3,6.1,0,,0,,,virtual_dummy.xlsx,L48_재고수량·잔여일수,2026-10-05T01:15
PH_DUMMY_01,2026-02-21,R007,2901,0,345,0,2556,2536,-20,474.4,5.4,0,,0,,,virtual_dummy.xlsx,L48_재고수량·잔여일수,2026-10-05T01:15
PH_DUMMY_01,2026-02-21,O001,18,0,1,0,17,18,1,2.4,7,0,,0,,,virtual_dummy.xlsx,L48_재고수량·잔여일수,2026-10-05T01:15
PH_DUMMY_01,2026-02-21,O002,18,0,3,0,15,16,1,1.4,10.5,0,,0,,,virtual_dummy.xlsx,L48_재고수량·잔여일수,2026-10-05T01:15
PH_DUMMY_01,2026-02-21,O003,28,0,3,0,25,26,1,3.7,6.7,0,,0,,,virtual_dummy.xlsx,L48_재고수량·잔여일수,2026-10-05T01:15
PH_DUMMY_01,2026-02-21,O004,5,0,1,0,4,5,1,0.6,7,0,,0,,,virtual_dummy.xlsx,L48_재고수량·잔여일수,2026-10-05T01:15
PH_DUMMY_01,2026-02-21,Q001,14,0,1,0,13,11,-2,1,13,0,,0,,,virtual_dummy.xlsx,L48_재고수량·잔여일수,2026-10-05T01:15
PH_DUMMY_01,2026-02-21,Q002,2,0,1,0,1,1,0,0.4,2.3,0,,0,,,virtual_dummy.xlsx,L48_재고수량·잔여일수,2026-10-05T01:15
PH_DUMMY_01,2026-02-22,R001,442,0,0,0,442,402,-40,,,0,,0,,,virtual_dummy.xlsx,L48_재고수량·잔여일수,2026-10-05T01:15
PH_DUMMY_01,2026-02-22,R002,1234,0,0,0,1234,1294,60,,,0,,0,,,virtual_dummy.xlsx,L48_재고수량·잔여일수,2026-10-05T01:15
PH_DUMMY_01,2026-02-22,R003,717,0,0,0,717,717,0,,,0,,0,,,virtual_dummy.xlsx,L48_재고수량·잔여일수,2026-10-05T01:15
PH_DUMMY_01,2026-02-22,R004,665,0,0,0,665,655,-10,,,0,,0,,,virtual_dummy.xlsx,L48_재고수량·잔여일수,2026-10-05T01:15
PH_DUMMY_01,2026-02-22,R005,2915,0,0,0,2915,2915,0,,,0,,0,,,virtual_dummy.xlsx,L48_재고수량·잔여일수,2026-10-05T01:15
PH_DUMMY_01,2026-02-22,R006,1406,0,0,0,1406,1406,0,,,0,,0,,,virtual_dummy.xlsx,L48_재고수량·잔여일수,2026-10-05T01:15
PH_DUMMY_01,2026-02-22,R007,2556,0,0,0,2556,2536,-20,,,0,,0,,,virtual_dummy.xlsx,L48_재고수량·잔여일수,2026-10-05T01:15
PH_DUMMY_01,2026-02-22,O001,17,0,0,0,17,18,1,,,0,,0,,,virtual_dummy.xlsx,L48_재고수량·잔여일수,2026-10-05T01:15
PH_DUMMY_01,2026-02-22,O002,15,0,0,0,15,16,1,,,0,,0,,,virtual_dummy.xlsx,L48_재고수량·잔여일수,2026-10-05T01:15
PH_DUMMY_01,2026-02-22,O003,25,0,0,0,25,26,1,,,0,,0,,,virtual_dummy.xlsx,L48_재고수량·잔여일수,2026-10-05T01:15
PH_DUMMY_01,2026-02-22,O004,4,0,0,0,4,5,1,,,0,,0,,,virtual_dummy.xlsx,L48_재고수량·잔여일수,2026-10-05T01:15
PH_DUMMY_01,2026-02-22,Q001,13,0,0,0,13,11,-2,,,0,,0,,,virtual_dummy.xlsx,L48_재고수량·잔여일수,2026-10-05T01:15
PH_DUMMY_01,2026-02-22,Q002,1,0,0,0,1,1,0,,,0,,0,,,virtual_dummy.xlsx,L48_재고수량·잔여일수,2026-10-05T01:15
PH_DUMMY_01,2026-02-23,R001,442,0,32,0,410,370,-40,66.1,6.2,100,정기(주간),100,,,virtual_dummy.xlsx,L48_재고수량·잔여일수,2026-10-05T01:15
PH_DUMMY_01,2026-02-23,R002,1234,0,182,0,1052,1112,60,166,6.3,600,정기(주간),600,,,virtual_dummy.xlsx,L48_재고수량·잔여일수,2026-10-05T01:15
PH_DUMMY_01,2026-02-23,R003,717,0,118,0,599,599,0,85.4,7,200,정기(주간),200,,,virtual_dummy.xlsx,L48_재고수량·잔여일수,2026-10-05T01:15
PH_DUMMY_01,2026-02-23,R004,665,0,63,0,602,592,-10,138,4.4,1000,정기(주간),1000,,,virtual_dummy.xlsx,L48_재고수량·잔여일수,2026-10-05T01:15
PH_DUMMY_01,2026-02-23,R005,2915,0,449,0,2466,2466,0,465.7,5.3,1500,정기(주간),1500,,,virtual_dummy.xlsx,L48_재고수량·잔여일수,2026-10-05T01:15
PH_DUMMY_01,2026-02-23,R006,1406,0,342,0,1064,1064,0,238.7,4.5,900,정기(주간),900,,,virtual_dummy.xlsx,L48_재고수량·잔여일수,2026-10-05T01:15
PH_DUMMY_01,2026-02-23,R007,2556,0,555,0,2001,1981,-20,517.1,3.9,2000,정기(주간),2000,,,virtual_dummy.xlsx,L48_재고수량·잔여일수,2026-10-05T01:15
PH_DUMMY_01,2026-02-23,O001,17,0,2,0,15,16,1,2.6,5.8,10,정기(주간),10,,,virtual_dummy.xlsx,L48_재고수량·잔여일수,2026-10-05T01:15
PH_DUMMY_01,2026-02-23,O002,15,0,6,0,9,10,1,2.1,4.2,10,정기(주간),10,,,virtual_dummy.xlsx,L48_재고수량·잔여일수,2026-10-05T01:15
PH_DUMMY_01,2026-02-23,O003,25,0,1,0,24,25,1,3.1,7.6,10,정기(주간),10,,,virtual_dummy.xlsx,L48_재고수량·잔여일수,2026-10-05T01:15
PH_DUMMY_01,2026-02-23,O004,4,0,1,0,3,4,1,0.6,5.2,2,정기(주간),2,,,virtual_dummy.xlsx,L48_재고수량·잔여일수,2026-10-05T01:15
PH_DUMMY_01,2026-02-23,Q001,13,0,0,0,13,11,-2,0.7,18.2,0,,0,,,virtual_dummy.xlsx,L48_재고수량·잔여일수,2026-10-05T01:15
PH_DUMMY_01,2026-02-23,Q002,1,0,0,0,1,1,0,0.3,3.5,4,정기(주간),4,,,virtual_dummy.xlsx,L48_재고수량·잔여일수,2026-10-05T01:15
PH_DUMMY_01,2026-02-24,R001,410,100,26,0,484,444,-40,56,8.6,0,,0,,,virtual_dummy.xlsx,L48_재고수량·잔여일수,2026-10-05T01:15
PH_DUMMY_01,2026-02-24,R002,1052,600,114,0,1538,1598,60,166.1,9.3,0,,0,,,virtual_dummy.xlsx,L48_재고수량·잔여일수,2026-10-05T01:15
PH_DUMMY_01,2026-02-24,R003,599,200,47,0,752,752,0,82.7,9.1,0,,0,,,virtual_dummy.xlsx,L48_재고수량·잔여일수,2026-10-05T01:15
PH_DUMMY_01,2026-02-24,R004,602,1000,148,0,1454,1444,-10,131.7,11,0,,0,,,virtual_dummy.xlsx,L48_재고수량·잔여일수,2026-10-05T01:15
PH_DUMMY_01,2026-02-24,R005,2466,1500,32,0,3934,3934,0,415.9,9.5,0,,0,,,virtual_dummy.xlsx,L48_재고수량·잔여일수,2026-10-05T01:15
PH_DUMMY_01,2026-02-24,R006,1064,900,136,0,1828,1828,0,248,7.4,0,,0,,,virtual_dummy.xlsx,L48_재고수량·잔여일수,2026-10-05T01:15
PH_DUMMY_01,2026-02-24,R007,2001,2000,224,0,3777,3757,-20,511.3,7.4,0,,0,,,virtual_dummy.xlsx,L48_재고수량·잔여일수,2026-10-05T01:15
PH_DUMMY_01,2026-02-24,O001,15,10,4,0,21,22,1,2.7,7.7,0,,0,,,virtual_dummy.xlsx,L48_재고수량·잔여일수,2026-10-05T01:15
PH_DUMMY_01,2026-02-24,O002,9,10,0,0,19,20,1,1.9,10.2,0,,0,,,virtual_dummy.xlsx,L48_재고수량·잔여일수,2026-10-05T01:15
PH_DUMMY_01,2026-02-24,O003,24,10,0,0,34,35,1,2.3,14.9,0,,0,,,virtual_dummy.xlsx,L48_재고수량·잔여일수,2026-10-05T01:15
PH_DUMMY_01,2026-02-24,O004,3,2,0,0,5,8,3,0.4,11.7,0,,0,,,virtual_dummy.xlsx,L48_재고수량·잔여일수,2026-10-05T01:15
PH_DUMMY_01,2026-02-24,Q001,13,0,0,0,13,11,-2,0.4,30.3,0,,0,,,virtual_dummy.xlsx,L48_재고수량·잔여일수,2026-10-05T01:15
PH_DUMMY_01,2026-02-24,Q002,1,4,0,0,5,5,0,0.3,17.5,0,,0,,,virtual_dummy.xlsx,L48_재고수량·잔여일수,2026-10-05T01:15
PH_DUMMY_01,2026-02-25,R001,484,0,53,0,431,391,-40,53.3,8.1,0,,0,,,virtual_dummy.xlsx,L48_재고수량·잔여일수,2026-10-05T01:15
PH_DUMMY_01,2026-02-25,R002,1538,0,209,0,1329,1389,60,176.1,7.5,0,,0,,,virtual_dummy.xlsx,L48_재고수량·잔여일수,2026-10-05T01:15
PH_DUMMY_01,2026-02-25,R003,752,0,74,0,678,678,0,85.7,7.9,0,,0,,,virtual_dummy.xlsx,L48_재고수량·잔여일수,2026-10-05T01:15
PH_DUMMY_01,2026-02-25,R004,1454,0,144,0,1310,1300,-10,133,9.8,0,,0,,,virtual_dummy.xlsx,L48_재고수량·잔여일수,2026-10-05T01:15
PH_DUMMY_01,2026-02-25,R005,3934,0,474,0,3460,3460,0,432.1,8,0,,0,,,virtual_dummy.xlsx,L48_재고수량·잔여일수,2026-10-05T01:15
PH_DUMMY_01,2026-02-25,R006,1828,0,333,0,1495,1495,0,267,5.6,0,,0,,,virtual_dummy.xlsx,L48_재고수량·잔여일수,2026-10-05T01:15
PH_DUMMY_01,2026-02-25,R007,3777,0,431,0,3346,3326,-20,484.9,6.9,0,,0,,,virtual_dummy.xlsx,L48_재고수량·잔여일수,2026-10-05T01:15
PH_DUMMY_01,2026-02-25,O001,21,0,4,0,17,18,1,3,5.7,0,,0,,,virtual_dummy.xlsx,L48_재고수량·잔여일수,2026-10-05T01:15
PH_DUMMY_01,2026-02-25,O002,19,0,2,0,17,18,1,2,8.5,0,,0,,,virtual_dummy.xlsx,L48_재고수량·잔여일수,2026-10-05T01:15
PH_DUMMY_01,2026-02-25,O003,34,0,3,0,31,32,1,2.3,13.6,0,,0,,,virtual_dummy.xlsx,L48_재고수량·잔여일수,2026-10-05T01:15
PH_DUMMY_01,2026-02-25,O004,5,0,1,0,4,7,3,0.4,9.3,0,,0,,,virtual_dummy.xlsx,L48_재고수량·잔여일수,2026-10-05T01:15
PH_DUMMY_01,2026-02-25,Q001,13,0,2,0,11,9,-2,0.6,19.2,0,,0,,,virtual_dummy.xlsx,L48_재고수량·잔여일수,2026-10-05T01:15
PH_DUMMY_01,2026-02-25,Q002,5,0,0,0,5,5,0,0.3,17.5,0,,0,,,virtual_dummy.xlsx,L48_재고수량·잔여일수,2026-10-05T01:15
PH_DUMMY_01,2026-02-26,R001,431,0,47,0,384,344,-40,48.7,7.9,0,,0,,,virtual_dummy.xlsx,L48_재고수량·잔여일수,2026-10-05T01:15
PH_DUMMY_01,2026-02-26,R002,1329,0,189,0,1140,1200,60,185.7,6.1,0,,0,,,virtual_dummy.xlsx,L48_재고수량·잔여일수,2026-10-05T01:15
PH_DUMMY_01,2026-02-26,R003,678,0,87,0,591,591,0,86.9,6.8,0,,0,,,virtual_dummy.xlsx,L48_재고수량·잔여일수,2026-10-05T01:15
PH_DUMMY_01,2026-02-26,R004,1310,0,305,0,1005,995,-10,127.9,7.9,0,,0,,,virtual_dummy.xlsx,L48_재고수량·잔여일수,2026-10-05T01:15
PH_DUMMY_01,2026-02-26,R005,3460,0,454,0,3006,3006,0,420,7.2,0,,0,,,virtual_dummy.xlsx,L48_재고수량·잔여일수,2026-10-05T01:15
PH_DUMMY_01,2026-02-26,R006,1495,0,231,0,1264,1264,0,266.7,4.7,0,,0,,,virtual_dummy.xlsx,L48_재고수량·잔여일수,2026-10-05T01:15
PH_DUMMY_01,2026-02-26,R007,3346,0,693,0,2653,2633,-20,513.9,5.2,0,,0,,,virtual_dummy.xlsx,L48_재고수량·잔여일수,2026-10-05T01:15
PH_DUMMY_01,2026-02-26,O001,17,0,5,0,12,13,1,3.3,3.7,0,,0,,,virtual_dummy.xlsx,L48_재고수량·잔여일수,2026-10-05T01:15
PH_DUMMY_01,2026-02-26,O002,17,0,4,0,13,14,1,2.4,5.4,0,,0,,,virtual_dummy.xlsx,L48_재고수량·잔여일수,2026-10-05T01:15
PH_DUMMY_01,2026-02-26,O003,31,0,2,0,29,30,1,1.9,15.6,0,,0,,,virtual_dummy.xlsx,L48_재고수량·잔여일수,2026-10-05T01:15
PH_DUMMY_01,2026-02-26,O004,4,0,0,0,4,7,3,0.4,9.3,0,,0,,,virtual_dummy.xlsx,L48_재고수량·잔여일수,2026-10-05T01:15
PH_DUMMY_01,2026-02-26,Q001,11,0,2,0,9,7,-2,0.7,12.6,0,,0,,,virtual_dummy.xlsx,L48_재고수량·잔여일수,2026-10-05T01:15
PH_DUMMY_01,2026-02-26,Q002,5,0,0,0,5,5,0,0.3,17.5,0,,0,,,virtual_dummy.xlsx,L48_재고수량·잔여일수,2026-10-05T01:15
PH_DUMMY_01,2026-02-27,R001,384,0,44,0,340,300,-40,44,7.7,0,,0,,,virtual_dummy.xlsx,L48_재고수량·잔여일수,2026-10-05T01:15
PH_DUMMY_01,2026-02-27,R002,1140,0,212,0,928,988,60,190,4.9,0,,0,,,virtual_dummy.xlsx,L48_재고수량·잔여일수,2026-10-05T01:15
PH_DUMMY_01,2026-02-27,R003,591,0,110,0,481,451,-30,79.9,6,0,,0,,,virtual_dummy.xlsx,L48_재고수량·잔여일수,2026-10-05T01:15
PH_DUMMY_01,2026-02-27,R004,1005,0,132,0,873,883,10,128.7,6.8,0,,0,,,virtual_dummy.xlsx,L48_재고수량·잔여일수,2026-10-05T01:15
PH_DUMMY_01,2026-02-27,R005,3006,0,261,0,2745,2745,0,384,7.1,0,,0,,,virtual_dummy.xlsx,L48_재고수량·잔여일수,2026-10-05T01:15
PH_DUMMY_01,2026-02-27,R006,1264,0,397,0,867,867,0,265.9,3.3,0,,0,,,virtual_dummy.xlsx,L48_재고수량·잔여일수,2026-10-05T01:15
PH_DUMMY_01,2026-02-27,R007,2653,0,520,0,2133,2113,-20,518.6,4.1,0,,0,,,virtual_dummy.xlsx,L48_재고수량·잔여일수,2026-10-05T01:15
PH_DUMMY_01,2026-02-27,O001,12,0,6,0,6,7,1,4.1,1.4,10,긴급,10,,,virtual_dummy.xlsx,L48_재고수량·잔여일수,2026-10-05T01:15
PH_DUMMY_01,2026-02-27,O002,13,0,1,0,12,13,1,2.6,4.7,0,,0,,,virtual_dummy.xlsx,L48_재고수량·잔여일수,2026-10-05T01:15
PH_DUMMY_01,2026-02-27,O003,29,0,1,0,28,29,1,1.6,17.8,0,,0,,,virtual_dummy.xlsx,L48_재고수량·잔여일수,2026-10-05T01:15
PH_DUMMY_01,2026-02-27,O004,4,0,0,0,4,7,3,0.4,9.3,0,,0,,,virtual_dummy.xlsx,L48_재고수량·잔여일수,2026-10-05T01:15
PH_DUMMY_01,2026-02-27,Q001,9,0,1,0,8,4,-4,0.9,9.3,0,,0,,,virtual_dummy.xlsx,L48_재고수량·잔여일수,2026-10-05T01:15
PH_DUMMY_01,2026-02-27,Q002,5,0,0,0,5,5,0,0.3,17.5,0,,0,,,virtual_dummy.xlsx,L48_재고수량·잔여일수,2026-10-05T01:15
PH_DUMMY_01,2026-02-28,R001,340,0,46,0,294,294,0,38.7,7.6,0,,0,Y,,virtual_dummy.xlsx,L48_재고수량·잔여일수,2026-10-05T01:15
PH_DUMMY_01,2026-02-28,R002,928,0,97,0,831,831,0,177.4,4.7,0,,0,Y,,virtual_dummy.xlsx,L48_재고수량·잔여일수,2026-10-05T01:15
PH_DUMMY_01,2026-02-28,R003,481,0,104,0,377,377,0,81.4,4.6,0,,0,Y,,virtual_dummy.xlsx,L48_재고수량·잔여일수,2026-10-05T01:15
PH_DUMMY_01,2026-02-28,R004,873,0,171,0,702,702,0,144.9,4.8,0,,0,Y,,virtual_dummy.xlsx,L48_재고수량·잔여일수,2026-10-05T01:15
PH_DUMMY_01,2026-02-28,R005,2745,0,509,0,2236,2236,0,360.6,6.2,0,,0,Y,,virtual_dummy.xlsx,L48_재고수량·잔여일수,2026-10-05T01:15
PH_DUMMY_01,2026-02-28,R006,867,0,279,0,588,588,0,276.1,2.1,0,,0,Y,,virtual_dummy.xlsx,L48_재고수량·잔여일수,2026-10-05T01:15
PH_DUMMY_01,2026-02-28,R007,2133,0,697,0,1436,1436,0,495,2.9,0,,0,Y,,virtual_dummy.xlsx,L48_재고수량·잔여일수,2026-10-05T01:15
PH_DUMMY_01,2026-02-28,O001,6,10,8,0,8,8,0,4.3,1.9,0,,0,Y,,virtual_dummy.xlsx,L48_재고수량·잔여일수,2026-10-05T01:15
PH_DUMMY_01,2026-02-28,O002,12,0,3,0,9,9,0,2.7,3.3,0,,0,Y,,virtual_dummy.xlsx,L48_재고수량·잔여일수,2026-10-05T01:15
PH_DUMMY_01,2026-02-28,O003,28,0,6,0,22,22,0,2.3,9.6,0,,0,Y,,virtual_dummy.xlsx,L48_재고수량·잔여일수,2026-10-05T01:15
PH_DUMMY_01,2026-02-28,O004,4,0,0,0,4,4,0,0.4,9.3,0,,0,Y,,virtual_dummy.xlsx,L48_재고수량·잔여일수,2026-10-05T01:15
PH_DUMMY_01,2026-02-28,Q001,8,0,1,0,7,7,0,1,7,0,,0,Y,,virtual_dummy.xlsx,L48_재고수량·잔여일수,2026-10-05T01:15
PH_DUMMY_01,2026-02-28,Q002,5,0,0,0,5,5,0,0.1,35,0,,0,Y,,virtual_dummy.xlsx,L48_재고수량·잔여일수,2026-10-05T01:15
PH_DUMMY_01,2026-03-01,R001,294,0,0,0,294,294,0,,,0,,0,,,virtual_dummy.xlsx,L48_재고수량·잔여일수,2026-10-05T01:15
PH_DUMMY_01,2026-03-01,R002,831,0,0,0,831,831,0,,,0,,0,,,virtual_dummy.xlsx,L48_재고수량·잔여일수,2026-10-05T01:15
PH_DUMMY_01,2026-03-01,R003,377,0,0,0,377,377,0,,,0,,0,,,virtual_dummy.xlsx,L48_재고수량·잔여일수,2026-10-05T01:15
PH_DUMMY_01,2026-03-01,R004,702,0,0,0,702,702,0,,,0,,0,,,virtual_dummy.xlsx,L48_재고수량·잔여일수,2026-10-05T01:15
PH_DUMMY_01,2026-03-01,R005,2236,0,0,0,2236,2236,0,,,0,,0,,,virtual_dummy.xlsx,L48_재고수량·잔여일수,2026-10-05T01:15
PH_DUMMY_01,2026-03-01,R006,588,0,0,0,588,588,0,,,0,,0,,,virtual_dummy.xlsx,L48_재고수량·잔여일수,2026-10-05T01:15
PH_DUMMY_01,2026-03-01,R007,1436,0,0,0,1436,1436,0,,,0,,0,,,virtual_dummy.xlsx,L48_재고수량·잔여일수,2026-10-05T01:15
PH_DUMMY_01,2026-03-01,O001,8,0,0,0,8,8,0,,,0,,0,,,virtual_dummy.xlsx,L48_재고수량·잔여일수,2026-10-05T01:15
PH_DUMMY_01,2026-03-01,O002,9,0,0,0,9,9,0,,,0,,0,,,virtual_dummy.xlsx,L48_재고수량·잔여일수,2026-10-05T01:15
PH_DUMMY_01,2026-03-01,O003,22,0,0,0,22,22,0,,,0,,0,,,virtual_dummy.xlsx,L48_재고수량·잔여일수,2026-10-05T01:15
PH_DUMMY_01,2026-03-01,O004,4,0,0,0,4,4,0,,,0,,0,,,virtual_dummy.xlsx,L48_재고수량·잔여일수,2026-10-05T01:15
PH_DUMMY_01,2026-03-01,Q001,7,0,0,0,7,7,0,,,0,,0,,,virtual_dummy.xlsx,L48_재고수량·잔여일수,2026-10-05T01:15
PH_DUMMY_01,2026-03-01,Q002,5,0,0,0,5,5,0,,,0,,0,,,virtual_dummy.xlsx,L48_재고수량·잔여일수,2026-10-05T01:15
PH_DUMMY_01,2026-03-02,R001,294,0,0,0,294,294,0,,,0,,0,,,virtual_dummy.xlsx,L48_재고수량·잔여일수,2026-10-05T01:15
PH_DUMMY_01,2026-03-02,R002,831,0,0,0,831,831,0,,,0,,0,,,virtual_dummy.xlsx,L48_재고수량·잔여일수,2026-10-05T01:15
PH_DUMMY_01,2026-03-02,R003,377,0,0,0,377,377,0,,,0,,0,,,virtual_dummy.xlsx,L48_재고수량·잔여일수,2026-10-05T01:15
PH_DUMMY_01,2026-03-02,R004,702,0,0,0,702,702,0,,,0,,0,,,virtual_dummy.xlsx,L48_재고수량·잔여일수,2026-10-05T01:15
PH_DUMMY_01,2026-03-02,R005,2236,0,0,0,2236,2236,0,,,0,,0,,,virtual_dummy.xlsx,L48_재고수량·잔여일수,2026-10-05T01:15
PH_DUMMY_01,2026-03-02,R006,588,0,0,0,588,588,0,,,0,,0,,,virtual_dummy.xlsx,L48_재고수량·잔여일수,2026-10-05T01:15
PH_DUMMY_01,2026-03-02,R007,1436,0,0,0,1436,1436,0,,,0,,0,,,virtual_dummy.xlsx,L48_재고수량·잔여일수,2026-10-05T01:15
PH_DUMMY_01,2026-03-02,O001,8,0,0,0,8,8,0,,,0,,0,,,virtual_dummy.xlsx,L48_재고수량·잔여일수,2026-10-05T01:15
PH_DUMMY_01,2026-03-02,O002,9,0,0,0,9,9,0,,,0,,0,,,virtual_dummy.xlsx,L48_재고수량·잔여일수,2026-10-05T01:15
PH_DUMMY_01,2026-03-02,O003,22,0,0,0,22,22,0,,,0,,0,,,virtual_dummy.xlsx,L48_재고수량·잔여일수,2026-10-05T01:15
PH_DUMMY_01,2026-03-02,O004,4,0,0,0,4,4,0,,,0,,0,,,virtual_dummy.xlsx,L48_재고수량·잔여일수,2026-10-05T01:15
PH_DUMMY_01,2026-03-02,Q001,7,0,0,0,7,7,0,,,0,,0,,,virtual_dummy.xlsx,L48_재고수량·잔여일수,2026-10-05T01:15
PH_DUMMY_01,2026-03-02,Q002,5,0,0,0,5,5,0,,,0,,0,,,virtual_dummy.xlsx,L48_재고수량·잔여일수,2026-10-05T01:15
PH_DUMMY_01,2026-03-03,R001,294,0,61,0,233,233,0,44.1,5.3,300,정기(주간),300,,,virtual_dummy.xlsx,L48_재고수량·잔여일수,2026-10-05T01:15
PH_DUMMY_01,2026-03-03,R002,831,0,122,0,709,739,30,160.7,4.4,600,정기(주간),600,,,virtual_dummy.xlsx,L48_재고수량·잔여일수,2026-10-05T01:15
PH_DUMMY_01,2026-03-03,R003,377,0,141,0,236,236,0,97.3,2.4,500,정기(주간),500,,,virtual_dummy.xlsx,L48_재고수량·잔여일수,2026-10-05T01:15
PH_DUMMY_01,2026-03-03,R004,702,0,292,0,410,410,0,179.3,2.3,1000,정기(주간),1000,,,virtual_dummy.xlsx,L48_재고수량·잔여일수,2026-10-05T01:15
PH_DUMMY_01,2026-03-03,R005,2236,0,472,0,1764,1764,0,378.7,4.7,2000,정기(주간),2000,,,virtual_dummy.xlsx,L48_재고수량·잔여일수,2026-10-05T01:15
PH_DUMMY_01,2026-03-03,R006,588,0,457,0,131,131,0,310.7,0.4,2100,정기(주간),2100,,,virtual_dummy.xlsx,L48_재고수량·잔여일수,2026-10-05T01:15
PH_DUMMY_01,2026-03-03,R007,1436,0,770,0,666,666,0,555.7,1.2,3500,정기(주간),3500,,,virtual_dummy.xlsx,L48_재고수량·잔여일수,2026-10-05T01:15
PH_DUMMY_01,2026-03-03,O001,8,0,3,0,5,5,0,4.6,1.1,30,정기(주간),30,,,virtual_dummy.xlsx,L48_재고수량·잔여일수,2026-10-05T01:15
PH_DUMMY_01,2026-03-03,O002,9,0,3,0,6,6,0,2.7,2.2,20,정기(주간),20,,,virtual_dummy.xlsx,L48_재고수량·잔여일수,2026-10-05T01:15
PH_DUMMY_01,2026-03-03,O003,22,0,6,0,16,16,0,2.7,5.9,20,정기(주간),20,,,virtual_dummy.xlsx,L48_재고수량·잔여일수,2026-10-05T01:15
PH_DUMMY_01,2026-03-03,O004,4,0,1,0,3,3,0,0.4,7,2,정기(주간),2,,,virtual_dummy.xlsx,L48_재고수량·잔여일수,2026-10-05T01:15
PH_DUMMY_01,2026-03-03,Q001,7,0,4,0,3,3,0,1.4,2.1,10,정기(주간),10,,,virtual_dummy.xlsx,L48_재고수량·잔여일수,2026-10-05T01:15
PH_DUMMY_01,2026-03-03,Q002,5,0,0,0,5,5,0,0,,0,,0,,,virtual_dummy.xlsx,L48_재고수량·잔여일수,2026-10-05T01:15
PH_DUMMY_01,2026-03-04,R001,233,300,31,0,502,502,0,44,11.4,0,,0,,,virtual_dummy.xlsx,L48_재고수량·잔여일수,2026-10-05T01:15
PH_DUMMY_01,2026-03-04,R002,709,600,166,0,1143,1173,30,158.4,7.2,0,,0,,,virtual_dummy.xlsx,L48_재고수량·잔여일수,2026-10-05T01:15
PH_DUMMY_01,2026-03-04,R003,236,500,75,0,661,661,0,91.1,7.3,0,,0,,,virtual_dummy.xlsx,L48_재고수량·잔여일수,2026-10-05T01:15
PH_DUMMY_01,2026-03-04,R004,410,1000,341,0,1069,1039,-30,219,4.9,0,,0,,,virtual_dummy.xlsx,L48_재고수량·잔여일수,2026-10-05T01:15
PH_DUMMY_01,2026-03-04,R005,1764,2000,165,0,3599,3599,0,338.1,10.6,0,,0,,,virtual_dummy.xlsx,L48_재고수량·잔여일수,2026-10-05T01:15
PH_DUMMY_01,2026-03-04,R006,131,2100,233,0,1998,2008,10,295.1,6.8,0,,0,,,virtual_dummy.xlsx,L48_재고수량·잔여일수,2026-10-05T01:15
PH_DUMMY_01,2026-03-04,R007,666,3500,143,0,4023,4003,-20,496.9,8.1,0,,0,,,virtual_dummy.xlsx,L48_재고수량·잔여일수,2026-10-05T01:15
PH_DUMMY_01,2026-03-04,O001,5,30,3,0,32,33,1,4.7,6.8,0,,0,,,virtual_dummy.xlsx,L48_재고수량·잔여일수,2026-10-05T01:15
PH_DUMMY_01,2026-03-04,O002,6,20,2,0,24,24,0,2.1,11.2,0,,0,,,virtual_dummy.xlsx,L48_재고수량·잔여일수,2026-10-05T01:15
PH_DUMMY_01,2026-03-04,O003,16,20,2,0,34,34,0,2.9,11.9,0,,0,,,virtual_dummy.xlsx,L48_재고수량·잔여일수,2026-10-05T01:15
PH_DUMMY_01,2026-03-04,O004,3,2,0,0,5,5,0,0.3,17.5,0,,0,,,virtual_dummy.xlsx,L48_재고수량·잔여일수,2026-10-05T01:15
PH_DUMMY_01,2026-03-04,Q001,3,10,2,0,11,11,0,1.7,6.4,0,,0,,,virtual_dummy.xlsx,L48_재고수량·잔여일수,2026-10-05T01:15
PH_DUMMY_01,2026-03-04,Q002,5,0,0,0,5,5,0,0,,0,,0,,,virtual_dummy.xlsx,L48_재고수량·잔여일수,2026-10-05T01:15
PH_DUMMY_01,2026-03-05,R001,502,0,48,0,454,454,0,47.1,9.6,0,,0,,,virtual_dummy.xlsx,L48_재고수량·잔여일수,2026-10-05T01:15
PH_DUMMY_01,2026-03-05,R002,1143,0,152,0,991,1021,30,163.9,6,0,,0,,,virtual_dummy.xlsx,L48_재고수량·잔여일수,2026-10-05T01:15
PH_DUMMY_01,2026-03-05,R003,661,0,135,0,526,526,0,103.7,5.1,0,,0,,,virtual_dummy.xlsx,L48_재고수량·잔여일수,2026-10-05T01:15
PH_DUMMY_01,2026-03-05,R004,1069,0,220,0,849,819,-30,229.3,3.7,0,,0,,,virtual_dummy.xlsx,L48_재고수량·잔여일수,2026-10-05T01:15
PH_DUMMY_01,2026-03-05,R005,3599,0,366,0,3233,3233,0,385.9,8.4,0,,0,,,virtual_dummy.xlsx,L48_재고수량·잔여일수,2026-10-05T01:15
PH_DUMMY_01,2026-03-05,R006,1998,0,180,0,1818,1828,10,301.4,6,0,,0,,,virtual_dummy.xlsx,L48_재고수량·잔여일수,2026-10-05T01:15
PH_DUMMY_01,2026-03-05,R007,4023,0,330,0,3693,3673,-20,512,7.2,0,,0,,,virtual_dummy.xlsx,L48_재고수량·잔여일수,2026-10-05T01:15
PH_DUMMY_01,2026-03-05,O001,32,0,2,0,30,31,1,4.4,6.8,0,,0,,,virtual_dummy.xlsx,L48_재고수량·잔여일수,2026-10-05T01:15
PH_DUMMY_01,2026-03-05,O002,24,0,0,0,24,24,0,2.1,11.2,0,,0,,,virtual_dummy.xlsx,L48_재고수량·잔여일수,2026-10-05T01:15
PH_DUMMY_01,2026-03-05,O003,34,0,2,0,32,32,0,3.1,10.2,0,,0,,,virtual_dummy.xlsx,L48_재고수량·잔여일수,2026-10-05T01:15
PH_DUMMY_01,2026-03-05,O004,5,0,1,0,4,4,0,0.4,9.3,0,,0,,,virtual_dummy.xlsx,L48_재고수량·잔여일수,2026-10-05T01:15
PH_DUMMY_01,2026-03-05,Q001,11,0,2,0,9,9,0,2,4.5,0,,0,,,virtual_dummy.xlsx,L48_재고수량·잔여일수,2026-10-05T01:15
PH_DUMMY_01,2026-03-05,Q002,5,0,1,0,4,4,0,0.1,28,0,,0,,,virtual_dummy.xlsx,L48_재고수량·잔여일수,2026-10-05T01:15
PH_DUMMY_01,2026-03-06,R001,454,0,170,0,284,294,10,63.9,4.4,0,,0,,,virtual_dummy.xlsx,L48_재고수량·잔여일수,2026-10-05T01:15
PH_DUMMY_01,2026-03-06,R002,991,0,162,0,829,859,30,157.1,5.3,0,,0,,,virtual_dummy.xlsx,L48_재고수량·잔여일수,2026-10-05T01:15
PH_DUMMY_01,2026-03-06,R003,526,0,114,0,412,412,0,109.4,3.8,0,,0,,,virtual_dummy.xlsx,L48_재고수량·잔여일수,2026-10-05T01:15
PH_DUMMY_01,2026-03-06,R004,849,0,328,0,521,491,-30,255.6,2,0,,0,,,virtual_dummy.xlsx,L48_재고수량·잔여일수,2026-10-05T01:15
PH_DUMMY_01,2026-03-06,R005,3233,0,626,0,2607,2607,0,407.6,6.4,0,,0,,,virtual_dummy.xlsx,L48_재고수량·잔여일수,2026-10-05T01:15
PH_DUMMY_01,2026-03-06,R006,1818,0,213,0,1605,1615,10,284.3,5.6,0,,0,,,virtual_dummy.xlsx,L48_재고수량·잔여일수,2026-10-05T01:15
PH_DUMMY_01,2026-03-06,R007,3693,0,462,0,3231,3221,-10,516.4,6.3,0,,0,,,virtual_dummy.xlsx,L48_재고수량·잔여일수,2026-10-05T01:15
PH_DUMMY_01,2026-03-06,O001,30,0,5,0,25,26,1,4.6,5.5,0,,0,,,virtual_dummy.xlsx,L48_재고수량·잔여일수,2026-10-05T01:15
PH_DUMMY_01,2026-03-06,O002,24,0,2,0,22,22,0,2.1,10.3,0,,0,,,virtual_dummy.xlsx,L48_재고수량·잔여일수,2026-10-05T01:15
PH_DUMMY_01,2026-03-06,O003,32,0,3,0,29,29,0,3.1,9.2,0,,0,,,virtual_dummy.xlsx,L48_재고수량·잔여일수,2026-10-05T01:15
PH_DUMMY_01,2026-03-06,O004,4,0,0,0,4,4,0,0.3,14,0,,0,,,virtual_dummy.xlsx,L48_재고수량·잔여일수,2026-10-05T01:15
PH_DUMMY_01,2026-03-06,Q001,9,0,2,0,7,7,0,2,3.5,0,,0,,,virtual_dummy.xlsx,L48_재고수량·잔여일수,2026-10-05T01:15
PH_DUMMY_01,2026-03-06,Q002,4,0,0,0,4,4,0,0.1,28,0,,0,,,virtual_dummy.xlsx,L48_재고수량·잔여일수,2026-10-05T01:15
PH_DUMMY_01,2026-03-07,R001,284,0,74,0,210,220,10,67.7,3.1,0,,0,,,virtual_dummy.xlsx,L48_재고수량·잔여일수,2026-10-05T01:15
PH_DUMMY_01,2026-03-07,R002,829,0,169,0,660,690,30,154.3,4.3,0,,0,,,virtual_dummy.xlsx,L48_재고수량·잔여일수,2026-10-05T01:15
PH_DUMMY_01,2026-03-07,R003,412,0,107,0,305,335,30,112.3,2.7,0,,0,,,virtual_dummy.xlsx,L48_재고수량·잔여일수,2026-10-05T01:15
PH_DUMMY_01,2026-03-07,R004,521,0,381,0,140,110,-30,266.4,0.5,1000,긴급,1000,,,virtual_dummy.xlsx,L48_재고수량·잔여일수,2026-10-05T01:15
PH_DUMMY_01,2026-03-07,R005,2607,0,270,0,2337,2337,0,381.3,6.1,0,,0,,,virtual_dummy.xlsx,L48_재고수량·잔여일수,2026-10-05T01:15
PH_DUMMY_01,2026-03-07,R006,1605,0,173,0,1432,1422,-10,276,5.2,0,,0,,,virtual_dummy.xlsx,L48_재고수량·잔여일수,2026-10-05T01:15
PH_DUMMY_01,2026-03-07,R007,3231,0,362,0,2869,2859,-10,469.1,6.1,0,,0,,,virtual_dummy.xlsx,L48_재고수량·잔여일수,2026-10-05T01:15
PH_DUMMY_01,2026-03-07,O001,25,0,1,0,24,25,1,4,6,0,,0,,,virtual_dummy.xlsx,L48_재고수량·잔여일수,2026-10-05T01:15
PH_DUMMY_01,2026-03-07,O002,22,0,2,0,20,20,0,1.9,10.8,0,,0,,,virtual_dummy.xlsx,L48_재고수량·잔여일수,2026-10-05T01:15
PH_DUMMY_01,2026-03-07,O003,29,0,2,0,27,27,0,3.1,8.6,0,,0,,,virtual_dummy.xlsx,L48_재고수량·잔여일수,2026-10-05T01:15
PH_DUMMY_01,2026-03-07,O004,4,0,0,0,4,7,3,0.3,14,0,,0,,,virtual_dummy.xlsx,L48_재고수량·잔여일수,2026-10-05T01:15
PH_DUMMY_01,2026-03-07,Q001,7,0,2,0,5,5,0,2,2.5,0,,0,,,virtual_dummy.xlsx,L48_재고수량·잔여일수,2026-10-05T01:15
PH_DUMMY_01,2026-03-07,Q002,4,0,0,0,4,4,0,0.1,28,0,,0,,,virtual_dummy.xlsx,L48_재고수량·잔여일수,2026-10-05T01:15
PH_DUMMY_01,2026-03-08,R001,210,0,0,0,210,220,10,,,0,,0,,,virtual_dummy.xlsx,L48_재고수량·잔여일수,2026-10-05T01:15
PH_DUMMY_01,2026-03-08,R002,660,0,0,0,660,690,30,,,0,,0,,,virtual_dummy.xlsx,L48_재고수량·잔여일수,2026-10-05T01:15
PH_DUMMY_01,2026-03-08,R003,305,0,0,0,305,335,30,,,0,,0,,,virtual_dummy.xlsx,L48_재고수량·잔여일수,2026-10-05T01:15
PH_DUMMY_01,2026-03-08,R004,140,0,0,0,140,110,-30,,,0,,0,,,virtual_dummy.xlsx,L48_재고수량·잔여일수,2026-10-05T01:15
PH_DUMMY_01,2026-03-08,R005,2337,0,0,0,2337,2337,0,,,0,,0,,,virtual_dummy.xlsx,L48_재고수량·잔여일수,2026-10-05T01:15
PH_DUMMY_01,2026-03-08,R006,1432,0,0,0,1432,1422,-10,,,0,,0,,,virtual_dummy.xlsx,L48_재고수량·잔여일수,2026-10-05T01:15
PH_DUMMY_01,2026-03-08,R007,2869,0,0,0,2869,2859,-10,,,0,,0,,,virtual_dummy.xlsx,L48_재고수량·잔여일수,2026-10-05T01:15
PH_DUMMY_01,2026-03-08,O001,24,0,0,0,24,25,1,,,0,,0,,,virtual_dummy.xlsx,L48_재고수량·잔여일수,2026-10-05T01:15
PH_DUMMY_01,2026-03-08,O002,20,0,0,0,20,20,0,,,0,,0,,,virtual_dummy.xlsx,L48_재고수량·잔여일수,2026-10-05T01:15
PH_DUMMY_01,2026-03-08,O003,27,0,0,0,27,27,0,,,0,,0,,,virtual_dummy.xlsx,L48_재고수량·잔여일수,2026-10-05T01:15
PH_DUMMY_01,2026-03-08,O004,4,0,0,0,4,7,3,,,0,,0,,,virtual_dummy.xlsx,L48_재고수량·잔여일수,2026-10-05T01:15
PH_DUMMY_01,2026-03-08,Q001,5,0,0,0,5,5,0,,,0,,0,,,virtual_dummy.xlsx,L48_재고수량·잔여일수,2026-10-05T01:15
PH_DUMMY_01,2026-03-08,Q002,4,0,0,0,4,4,0,,,0,,0,,,virtual_dummy.xlsx,L48_재고수량·잔여일수,2026-10-05T01:15
PH_DUMMY_01,2026-03-09,R001,210,0,27,0,183,193,10,65.3,2.8,300,정기(주간),300,,,virtual_dummy.xlsx,L48_재고수량·잔여일수,2026-10-05T01:15
PH_DUMMY_01,2026-03-09,R002,660,0,257,0,403,433,30,160.7,2.5,1200,정기(주간),1200,,,virtual_dummy.xlsx,L48_재고수량·잔여일수,2026-10-05T01:15
PH_DUMMY_01,2026-03-09,R003,305,0,68,0,237,267,30,106.3,2.2,600,정기(주간),600,,,virtual_dummy.xlsx,L48_재고수량·잔여일수,2026-10-05T01:15
PH_DUMMY_01,2026-03-09,R004,140,1000,163,0,977,957,-20,270.9,3.6,1000,정기(주간),1000,,,virtual_dummy.xlsx,L48_재고수량·잔여일수,2026-10-05T01:15
PH_DUMMY_01,2026-03-09,R005,2337,0,349,0,1988,1988,0,393.9,5,1500,정기(주간),1500,,,virtual_dummy.xlsx,L48_재고수량·잔여일수,2026-10-05T01:15
PH_DUMMY_01,2026-03-09,R006,1432,0,361,0,1071,1061,-10,270.9,4,1200,정기(주간),1200,,,virtual_dummy.xlsx,L48_재고수량·잔여일수,2026-10-05T01:15
PH_DUMMY_01,2026-03-09,R007,2869,0,847,0,2022,2012,-10,515.9,3.9,2500,정기(주간),2500,,,virtual_dummy.xlsx,L48_재고수량·잔여일수,2026-10-05T01:15
PH_DUMMY_01,2026-03-09,O001,24,0,3,0,21,22,1,3.6,5.9,20,정기(주간),20,,,virtual_dummy.xlsx,L48_재고수량·잔여일수,2026-10-05T01:15
PH_DUMMY_01,2026-03-09,O002,20,0,3,0,17,17,0,2.1,7.9,10,정기(주간),10,,,virtual_dummy.xlsx,L48_재고수량·잔여일수,2026-10-05T01:15
PH_DUMMY_01,2026-03-09,O003,27,0,2,0,25,25,0,3.3,7.6,0,,0,,,virtual_dummy.xlsx,L48_재고수량·잔여일수,2026-10-05T01:15
PH_DUMMY_01,2026-03-09,O004,4,0,2,0,2,5,3,0.6,3.5,4,정기(주간),4,,,virtual_dummy.xlsx,L48_재고수량·잔여일수,2026-10-05T01:15
PH_DUMMY_01,2026-03-09,Q001,5,0,1,0,4,4,0,2,2,10,정기(주간),10,,,virtual_dummy.xlsx,L48_재고수량·잔여일수,2026-10-05T01:15
PH_DUMMY_01,2026-03-09,Q002,4,0,0,0,4,4,0,0.1,28,0,,0,,,virtual_dummy.xlsx,L48_재고수량·잔여일수,2026-10-05T01:15
PH_DUMMY_01,2026-03-10,R001,183,300,113,0,370,380,10,74.9,4.9,0,,0,,,virtual_dummy.xlsx,L48_재고수량·잔여일수,2026-10-05T01:15
PH_DUMMY_01,2026-03-10,R002,403,1200,145,0,1458,1468,10,167.6,8.7,0,,0,,,virtual_dummy.xlsx,L48_재고수량·잔여일수,2026-10-05T01:15
PH_DUMMY_01,2026-03-10,R003,237,600,163,0,674,704,30,114.7,5.9,0,,0,,,virtual_dummy.xlsx,L48_재고수량·잔여일수,2026-10-05T01:15
PH_DUMMY_01,2026-03-10,R004,977,1000,185,0,1792,1772,-20,272.9,6.6,0,,0,,,virtual_dummy.xlsx,L48_재고수량·잔여일수,2026-10-05T01:15
PH_DUMMY_01,2026-03-10,R005,1988,1500,239,0,3249,3219,-30,355.3,9.1,0,,0,,,virtual_dummy.xlsx,L48_재고수량·잔여일수,2026-10-05T01:15
PH_DUMMY_01,2026-03-10,R006,1071,1200,297,0,1974,1964,-10,273.4,7.2,0,,0,,,virtual_dummy.xlsx,L48_재고수량·잔여일수,2026-10-05T01:15
PH_DUMMY_01,2026-03-10,R007,2022,2500,383,0,4139,4129,-10,471,8.8,0,,0,,,virtual_dummy.xlsx,L48_재고수량·잔여일수,2026-10-05T01:15
PH_DUMMY_01,2026-03-10,O001,21,20,3,0,38,39,1,2.9,13.3,0,,0,,,virtual_dummy.xlsx,L48_재고수량·잔여일수,2026-10-05T01:15
PH_DUMMY_01,2026-03-10,O002,17,10,3,0,24,24,0,2.1,11.2,0,,0,,,virtual_dummy.xlsx,L48_재고수량·잔여일수,2026-10-05T01:15
PH_DUMMY_01,2026-03-10,O003,25,0,2,0,23,23,0,2.7,8.5,0,,0,,,virtual_dummy.xlsx,L48_재고수량·잔여일수,2026-10-05T01:15
PH_DUMMY_01,2026-03-10,O004,2,4,1,0,5,8,3,0.7,7,0,,0,,,virtual_dummy.xlsx,L48_재고수량·잔여일수,2026-10-05T01:15
PH_DUMMY_01,2026-03-10,Q001,4,10,3,0,11,11,0,2.3,4.8,0,,0,,,virtual_dummy.xlsx,L48_재고수량·잔여일수,2026-10-05T01:15
PH_DUMMY_01,2026-03-10,Q002,4,0,0,0,4,4,0,0.1,28,0,,0,,,virtual_dummy.xlsx,L48_재고수량·잔여일수,2026-10-05T01:15
PH_DUMMY_01,2026-03-11,R001,370,0,47,0,323,363,40,72.9,4.4,0,,0,,,virtual_dummy.xlsx,L48_재고수량·잔여일수,2026-10-05T01:15
PH_DUMMY_01,2026-03-11,R002,1458,0,156,0,1302,1312,10,172.4,7.6,0,,0,,,virtual_dummy.xlsx,L48_재고수량·잔여일수,2026-10-05T01:15
PH_DUMMY_01,2026-03-11,R003,674,0,44,0,630,660,30,100.9,6.2,0,,0,,,virtual_dummy.xlsx,L48_재고수량·잔여일수,2026-10-05T01:15
PH_DUMMY_01,2026-03-11,R004,1792,0,104,0,1688,1668,-20,246,6.9,0,,0,,,virtual_dummy.xlsx,L48_재고수량·잔여일수,2026-10-05T01:15
PH_DUMMY_01,2026-03-11,R005,3249,0,112,0,3137,3107,-30,303.9,10.3,0,,0,,,virtual_dummy.xlsx,L48_재고수량·잔여일수,2026-10-05T01:15
PH_DUMMY_01,2026-03-11,R006,1974,0,151,0,1823,1813,-10,229.7,7.9,0,,0,,,virtual_dummy.xlsx,L48_재고수량·잔여일수,2026-10-05T01:15
PH_DUMMY_01,2026-03-11,R007,4139,0,437,0,3702,3692,-10,423.4,8.7,0,,0,,,virtual_dummy.xlsx,L48_재고수량·잔여일수,2026-10-05T01:15
PH_DUMMY_01,2026-03-11,O001,38,0,1,0,37,38,1,2.6,14.4,0,,0,,,virtual_dummy.xlsx,L48_재고수량·잔여일수,2026-10-05T01:15
PH_DUMMY_01,2026-03-11,O002,24,0,7,0,17,17,0,2.7,6.3,0,,0,,,virtual_dummy.xlsx,L48_재고수량·잔여일수,2026-10-05T01:15
PH_DUMMY_01,2026-03-11,O003,23,0,2,0,21,21,0,2.1,9.8,0,,0,,,virtual_dummy.xlsx,L48_재고수량·잔여일수,2026-10-05T01:15
PH_DUMMY_01,2026-03-11,O004,5,0,0,0,5,8,3,0.6,8.8,0,,0,,,virtual_dummy.xlsx,L48_재고수량·잔여일수,2026-10-05T01:15
PH_DUMMY_01,2026-03-11,Q001,11,0,2,0,9,6,-3,2,4.5,0,,0,,,virtual_dummy.xlsx,L48_재고수량·잔여일수,2026-10-05T01:15
PH_DUMMY_01,2026-03-11,Q002,4,0,0,0,4,4,0,0.1,28,0,,0,,,virtual_dummy.xlsx,L48_재고수량·잔여일수,2026-10-05T01:15
PH_DUMMY_01,2026-03-12,R001,323,0,121,0,202,242,40,85.7,2.4,0,,0,,,virtual_dummy.xlsx,L48_재고수량·잔여일수,2026-10-05T01:15
PH_DUMMY_01,2026-03-12,R002,1302,0,167,0,1135,1145,10,172.6,6.6,0,,0,,,virtual_dummy.xlsx,L48_재고수량·잔여일수,2026-10-05T01:15
PH_DUMMY_01,2026-03-12,R003,630,0,148,0,482,512,30,111.3,4.3,0,,0,,,virtual_dummy.xlsx,L48_재고수량·잔여일수,2026-10-05T01:15
PH_DUMMY_01,2026-03-12,R004,1688,0,312,0,1376,1356,-20,241.9,5.7,0,,0,,,virtual_dummy.xlsx,L48_재고수량·잔여일수,2026-10-05T01:15
PH_DUMMY_01,2026-03-12,R005,3137,0,224,0,2913,2883,-30,312.3,9.3,0,,0,,,virtual_dummy.xlsx,L48_재고수량·잔여일수,2026-10-05T01:15
PH_DUMMY_01,2026-03-12,R006,1823,0,451,0,1372,1392,20,260.9,5.3,0,,0,,,virtual_dummy.xlsx,L48_재고수량·잔여일수,2026-10-05T01:15
PH_DUMMY_01,2026-03-12,R007,3702,0,1064,0,2638,2628,-10,555,4.8,0,,0,,,virtual_dummy.xlsx,L48_재고수량·잔여일수,2026-10-05T01:15
PH_DUMMY_01,2026-03-12,O001,37,0,1,0,36,37,1,2.3,15.8,0,,0,,,virtual_dummy.xlsx,L48_재고수량·잔여일수,2026-10-05T01:15
PH_DUMMY_01,2026-03-12,O002,17,0,3,0,14,14,0,2.9,4.9,0,,0,,,virtual_dummy.xlsx,L48_재고수량·잔여일수,2026-10-05T01:15
PH_DUMMY_01,2026-03-12,O003,21,0,2,0,19,19,0,2.1,8.9,0,,0,,,virtual_dummy.xlsx,L48_재고수량·잔여일수,2026-10-05T01:15
PH_DUMMY_01,2026-03-12,O004,5,0,1,0,4,7,3,0.7,5.6,0,,0,,,virtual_dummy.xlsx,L48_재고수량·잔여일수,2026-10-05T01:15
PH_DUMMY_01,2026-03-12,Q001,9,0,0,0,9,6,-3,1.7,5.2,0,,0,,,virtual_dummy.xlsx,L48_재고수량·잔여일수,2026-10-05T01:15
PH_DUMMY_01,2026-03-12,Q002,4,0,0,0,4,4,0,0.1,28,0,,0,,,virtual_dummy.xlsx,L48_재고수량·잔여일수,2026-10-05T01:15
PH_DUMMY_01,2026-03-13,R001,202,0,52,0,150,190,40,86.3,1.7,0,,0,,,virtual_dummy.xlsx,L48_재고수량·잔여일수,2026-10-05T01:15
PH_DUMMY_01,2026-03-13,R002,1135,0,192,0,943,953,10,178.3,5.3,0,,0,,,virtual_dummy.xlsx,L48_재고수량·잔여일수,2026-10-05T01:15
PH_DUMMY_01,2026-03-13,R003,482,0,169,0,313,343,30,116.1,2.7,0,,0,,,virtual_dummy.xlsx,L48_재고수량·잔여일수,2026-10-05T01:15
PH_DUMMY_01,2026-03-13,R004,1376,0,85,0,1291,1271,-20,222.6,5.8,0,,0,,,virtual_dummy.xlsx,L48_재고수량·잔여일수,2026-10-05T01:15
PH_DUMMY_01,2026-03-13,R005,2913,0,850,0,2063,2033,-30,381.4,5.4,0,,0,,,virtual_dummy.xlsx,L48_재고수량·잔여일수,2026-10-05T01:15
PH_DUMMY_01,2026-03-13,R006,1372,0,303,0,1069,1059,-10,278.4,3.8,0,,0,,,virtual_dummy.xlsx,L48_재고수량·잔여일수,2026-10-05T01:15
PH_DUMMY_01,2026-03-13,R007,2638,0,949,0,1689,1679,-10,643.4,2.6,0,,0,,,virtual_dummy.xlsx,L48_재고수량·잔여일수,2026-10-05T01:15
PH_DUMMY_01,2026-03-13,O001,36,0,2,0,34,35,1,2.3,14.9,0,,0,,,virtual_dummy.xlsx,L48_재고수량·잔여일수,2026-10-05T01:15
PH_DUMMY_01,2026-03-13,O002,14,0,3,0,11,11,0,3.3,3.3,0,,0,,,virtual_dummy.xlsx,L48_재고수량·잔여일수,2026-10-05T01:15
PH_DUMMY_01,2026-03-13,O003,19,0,2,0,17,17,0,2.1,7.9,0,,0,,,virtual_dummy.xlsx,L48_재고수량·잔여일수,2026-10-05T01:15
PH_DUMMY_01,2026-03-13,O004,4,0,0,0,4,7,3,0.6,7,0,,0,,,virtual_dummy.xlsx,L48_재고수량·잔여일수,2026-10-05T01:15
PH_DUMMY_01,2026-03-13,Q001,9,0,0,0,9,6,-3,1.4,6.3,0,,0,,,virtual_dummy.xlsx,L48_재고수량·잔여일수,2026-10-05T01:15
PH_DUMMY_01,2026-03-13,Q002,4,0,0,0,4,4,0,0,,0,,0,,,virtual_dummy.xlsx,L48_재고수량·잔여일수,2026-10-05T01:15
PH_DUMMY_01,2026-03-14,R001,150,0,66,0,84,124,40,71.4,1.2,300,긴급,300,,,virtual_dummy.xlsx,L48_재고수량·잔여일수,2026-10-05T01:15
PH_DUMMY_01,2026-03-14,R002,943,0,179,0,764,774,10,180.7,4.2,0,,0,,,virtual_dummy.xlsx,L48_재고수량·잔여일수,2026-10-05T01:15
PH_DUMMY_01,2026-03-14,R003,313,0,45,0,268,298,30,106.3,2.5,0,,0,,,virtual_dummy.xlsx,L48_재고수량·잔여일수,2026-10-05T01:15
PH_DUMMY_01,2026-03-14,R004,1291,0,277,0,1014,994,-20,215.3,4.7,0,,0,,,virtual_dummy.xlsx,L48_재고수량·잔여일수,2026-10-05T01:15
PH_DUMMY_01,2026-03-14,R005,2063,0,242,0,1821,1791,-30,326.6,5.6,0,,0,,,virtual_dummy.xlsx,L48_재고수량·잔여일수,2026-10-05T01:15
PH_DUMMY_01,2026-03-14,R006,1069,0,104,0,965,955,-10,262.9,3.7,0,,0,,,virtual_dummy.xlsx,L48_재고수량·잔여일수,2026-10-05T01:15
PH_DUMMY_01,2026-03-14,R007,1689,0,270,0,1419,1409,-10,616,2.3,0,,0,,,virtual_dummy.xlsx,L48_재고수량·잔여일수,2026-10-05T01:15
PH_DUMMY_01,2026-03-14,O001,34,0,2,0,32,33,1,1.9,17.2,0,,0,,,virtual_dummy.xlsx,L48_재고수량·잔여일수,2026-10-05T01:15
PH_DUMMY_01,2026-03-14,O002,11,0,1,0,10,10,0,3.1,3.2,0,,0,,,virtual_dummy.xlsx,L48_재고수량·잔여일수,2026-10-05T01:15
PH_DUMMY_01,2026-03-14,O003,17,0,0,0,17,17,0,1.7,9.9,0,,0,,,virtual_dummy.xlsx,L48_재고수량·잔여일수,2026-10-05T01:15
PH_DUMMY_01,2026-03-14,O004,4,0,0,0,4,7,3,0.6,7,0,,0,,,virtual_dummy.xlsx,L48_재고수량·잔여일수,2026-10-05T01:15
PH_DUMMY_01,2026-03-14,Q001,9,0,1,0,8,5,-3,1.3,6.2,0,,0,,,virtual_dummy.xlsx,L48_재고수량·잔여일수,2026-10-05T01:15
PH_DUMMY_01,2026-03-14,Q002,4,0,0,0,4,4,0,0,,0,,0,,,virtual_dummy.xlsx,L48_재고수량·잔여일수,2026-10-05T01:15
PH_DUMMY_01,2026-03-15,R001,84,0,0,0,84,124,40,,,0,,0,,,virtual_dummy.xlsx,L48_재고수량·잔여일수,2026-10-05T01:15
PH_DUMMY_01,2026-03-15,R002,764,0,0,0,764,774,10,,,0,,0,,,virtual_dummy.xlsx,L48_재고수량·잔여일수,2026-10-05T01:15
PH_DUMMY_01,2026-03-15,R003,268,0,0,0,268,298,30,,,0,,0,,,virtual_dummy.xlsx,L48_재고수량·잔여일수,2026-10-05T01:15
PH_DUMMY_01,2026-03-15,R004,1014,0,0,0,1014,994,-20,,,0,,0,,,virtual_dummy.xlsx,L48_재고수량·잔여일수,2026-10-05T01:15
PH_DUMMY_01,2026-03-15,R005,1821,0,0,0,1821,1791,-30,,,0,,0,,,virtual_dummy.xlsx,L48_재고수량·잔여일수,2026-10-05T01:15
PH_DUMMY_01,2026-03-15,R006,965,0,0,0,965,955,-10,,,0,,0,,,virtual_dummy.xlsx,L48_재고수량·잔여일수,2026-10-05T01:15
PH_DUMMY_01,2026-03-15,R007,1419,0,0,0,1419,1409,-10,,,0,,0,,,virtual_dummy.xlsx,L48_재고수량·잔여일수,2026-10-05T01:15
PH_DUMMY_01,2026-03-15,O001,32,0,0,0,32,33,1,,,0,,0,,,virtual_dummy.xlsx,L48_재고수량·잔여일수,2026-10-05T01:15
PH_DUMMY_01,2026-03-15,O002,10,0,0,0,10,10,0,,,0,,0,,,virtual_dummy.xlsx,L48_재고수량·잔여일수,2026-10-05T01:15
PH_DUMMY_01,2026-03-15,O003,17,0,0,0,17,17,0,,,0,,0,,,virtual_dummy.xlsx,L48_재고수량·잔여일수,2026-10-05T01:15
PH_DUMMY_01,2026-03-15,O004,4,0,0,0,4,7,3,,,0,,0,,,virtual_dummy.xlsx,L48_재고수량·잔여일수,2026-10-05T01:15
PH_DUMMY_01,2026-03-15,Q001,8,0,0,0,8,5,-3,,,0,,0,,,virtual_dummy.xlsx,L48_재고수량·잔여일수,2026-10-05T01:15
PH_DUMMY_01,2026-03-15,Q002,4,0,0,0,4,4,0,,,0,,0,,,virtual_dummy.xlsx,L48_재고수량·잔여일수,2026-10-05T01:15
PH_DUMMY_01,2026-03-16,R001,84,300,92,0,292,332,40,74,3.9,300,정기(주간),300,,,virtual_dummy.xlsx,L48_재고수량·잔여일수,2026-10-05T01:15
PH_DUMMY_01,2026-03-16,R002,764,0,190,0,574,584,10,183.7,3.1,900,정기(주간),900,,,virtual_dummy.xlsx,L48_재고수량·잔여일수,2026-10-05T01:15
PH_DUMMY_01,2026-03-16,R003,268,0,145,0,123,153,30,111.7,1.1,800,정기(주간),800,,,virtual_dummy.xlsx,L48_재고수량·잔여일수,2026-10-05T01:15
PH_DUMMY_01,2026-03-16,R004,1014,0,178,0,836,816,-20,186.3,4.5,1000,정기(주간),1000,,,virtual_dummy.xlsx,L48_재고수량·잔여일수,2026-10-05T01:15
PH_DUMMY_01,2026-03-16,R005,1821,0,301,0,1520,1490,-30,331,4.6,1500,정기(주간),1500,,,virtual_dummy.xlsx,L48_재고수량·잔여일수,2026-10-05T01:15
PH_DUMMY_01,2026-03-16,R006,965,0,145,0,820,800,-20,258.9,3.2,1500,정기(주간),1500,,,virtual_dummy.xlsx,L48_재고수량·잔여일수,2026-10-05T01:15
PH_DUMMY_01,2026-03-16,R007,1419,0,383,0,1036,1026,-10,619,1.7,3500,정기(주간),3500,,,virtual_dummy.xlsx,L48_재고수량·잔여일수,2026-10-05T01:15
PH_DUMMY_01,2026-03-16,O001,32,0,4,0,28,29,1,2.3,12.2,10,정기(주간),10,,,virtual_dummy.xlsx,L48_재고수량·잔여일수,2026-10-05T01:15
PH_DUMMY_01,2026-03-16,O002,10,0,3,0,7,7,0,3.3,2.1,20,정기(주간),20,,,virtual_dummy.xlsx,L48_재고수량·잔여일수,2026-10-05T01:15
PH_DUMMY_01,2026-03-16,O003,17,0,2,0,15,15,0,1.7,8.8,10,정기(주간),10,,,virtual_dummy.xlsx,L48_재고수량·잔여일수,2026-10-05T01:15
PH_DUMMY_01,2026-03-16,O004,4,0,0,0,4,7,3,0.6,7,0,,0,,,virtual_dummy.xlsx,L48_재고수량·잔여일수,2026-10-05T01:15
PH_DUMMY_01,2026-03-16,Q001,8,0,1,0,7,4,-3,1.1,6.1,10,정기(주간),10,,,virtual_dummy.xlsx,L48_재고수량·잔여일수,2026-10-05T01:15
PH_DUMMY_01,2026-03-16,Q002,4,0,1,0,3,3,0,0.1,21,0,,0,,,virtual_dummy.xlsx,L48_재고수량·잔여일수,2026-10-05T01:15
PH_DUMMY_01,2026-03-17,R001,292,300,63,0,529,569,40,79.1,6.7,0,,0,,,virtual_dummy.xlsx,L48_재고수량·잔여일수,2026-10-05T01:15
PH_DUMMY_01,2026-03-17,R002,574,900,172,0,1302,1312,10,171.6,7.6,0,,0,,,virtual_dummy.xlsx,L48_재고수량·잔여일수,2026-10-05T01:15
PH_DUMMY_01,2026-03-17,R003,123,800,93,0,830,860,30,115.3,7.2,0,,0,,,virtual_dummy.xlsx,L48_재고수량·잔여일수,2026-10-05T01:15
PH_DUMMY_01,2026-03-17,R004,836,1000,323,0,1513,1493,-20,209.1,7.2,0,,0,,,virtual_dummy.xlsx,L48_재고수량·잔여일수,2026-10-05T01:15
PH_DUMMY_01,2026-03-17,R005,1520,1500,195,0,2825,2795,-30,309,9.1,0,,0,,,virtual_dummy.xlsx,L48_재고수량·잔여일수,2026-10-05T01:15
PH_DUMMY_01,2026-03-17,R006,820,1500,394,0,1926,1906,-20,263.6,7.3,0,,0,,,virtual_dummy.xlsx,L48_재고수량·잔여일수,2026-10-05T01:15
PH_DUMMY_01,2026-03-17,R007,1036,3500,451,0,4085,4075,-10,562.4,7.3,0,,0,,,virtual_dummy.xlsx,L48_재고수량·잔여일수,2026-10-05T01:15
PH_DUMMY_01,2026-03-17,O001,28,10,3,0,35,36,1,2.3,15.3,0,,0,,,virtual_dummy.xlsx,L48_재고수량·잔여일수,2026-10-05T01:15
PH_DUMMY_01,2026-03-17,O002,7,20,4,0,23,23,0,3.4,6.7,0,,0,,,virtual_dummy.xlsx,L48_재고수량·잔여일수,2026-10-05T01:15
PH_DUMMY_01,2026-03-17,O003,15,10,1,0,24,24,0,1.6,15.3,0,,0,,,virtual_dummy.xlsx,L48_재고수량·잔여일수,2026-10-05T01:15
PH_DUMMY_01,2026-03-17,O004,4,0,0,0,4,7,3,0.3,14,0,,0,,,virtual_dummy.xlsx,L48_재고수량·잔여일수,2026-10-05T01:15
PH_DUMMY_01,2026-03-17,Q001,7,10,2,0,15,12,-3,1.3,11.7,0,,0,,,virtual_dummy.xlsx,L48_재고수량·잔여일수,2026-10-05T01:15
PH_DUMMY_01,2026-03-17,Q002,3,0,0,0,3,3,0,0.1,21,0,,0,,,virtual_dummy.xlsx,L48_재고수량·잔여일수,2026-10-05T01:15
PH_DUMMY_01,2026-03-18,R001,529,0,42,0,487,527,40,69,7.1,0,,0,,,virtual_dummy.xlsx,L48_재고수량·잔여일수,2026-10-05T01:15
PH_DUMMY_01,2026-03-18,R002,1302,0,173,0,1129,1139,10,175.6,6.4,0,,0,,,virtual_dummy.xlsx,L48_재고수량·잔여일수,2026-10-05T01:15
PH_DUMMY_01,2026-03-18,R003,830,0,50,0,780,800,20,99.1,7.9,0,,0,,,virtual_dummy.xlsx,L48_재고수량·잔여일수,2026-10-05T01:15
PH_DUMMY_01,2026-03-18,R004,1513,0,221,0,1292,1272,-20,214.3,6,0,,0,,,virtual_dummy.xlsx,L48_재고수량·잔여일수,2026-10-05T01:15
PH_DUMMY_01,2026-03-18,R005,2825,0,553,0,2272,2242,-30,353.9,6.4,0,,0,,,virtual_dummy.xlsx,L48_재고수량·잔여일수,2026-10-05T01:15
PH_DUMMY_01,2026-03-18,R006,1926,0,208,0,1718,1698,-20,250.9,6.8,0,,0,,,virtual_dummy.xlsx,L48_재고수량·잔여일수,2026-10-05T01:15
PH_DUMMY_01,2026-03-18,R007,4085,0,301,0,3784,3774,-10,550.7,6.9,0,,0,,,virtual_dummy.xlsx,L48_재고수량·잔여일수,2026-10-05T01:15
PH_DUMMY_01,2026-03-18,O001,35,0,3,0,32,34,2,2.3,14,0,,0,,,virtual_dummy.xlsx,L48_재고수량·잔여일수,2026-10-05T01:15
PH_DUMMY_01,2026-03-18,O002,23,0,2,0,21,21,0,3.3,6.4,0,,0,,,virtual_dummy.xlsx,L48_재고수량·잔여일수,2026-10-05T01:15
PH_DUMMY_01,2026-03-18,O003,24,0,5,0,19,19,0,2,9.5,0,,0,,,virtual_dummy.xlsx,L48_재고수량·잔여일수,2026-10-05T01:15
PH_DUMMY_01,2026-03-18,O004,4,0,0,0,4,7,3,0.1,28,0,,0,,,virtual_dummy.xlsx,L48_재고수량·잔여일수,2026-10-05T01:15
PH_DUMMY_01,2026-03-18,Q001,15,0,0,0,15,12,-3,0.9,17.5,0,,0,,,virtual_dummy.xlsx,L48_재고수량·잔여일수,2026-10-05T01:15
PH_DUMMY_01,2026-03-18,Q002,3,0,0,0,3,3,0,0.1,21,0,,0,,,virtual_dummy.xlsx,L48_재고수량·잔여일수,2026-10-05T01:15
PH_DUMMY_01,2026-03-19,R001,487,0,35,0,452,492,40,67.3,6.7,0,,0,,,virtual_dummy.xlsx,L48_재고수량·잔여일수,2026-10-05T01:15
PH_DUMMY_01,2026-03-19,R002,1129,0,159,0,970,980,10,176,5.5,0,,0,,,virtual_dummy.xlsx,L48_재고수량·잔여일수,2026-10-05T01:15
PH_DUMMY_01,2026-03-19,R003,780,0,114,0,666,686,20,109.1,6.1,0,,0,,,virtual_dummy.xlsx,L48_재고수량·잔여일수,2026-10-05T01:15
PH_DUMMY_01,2026-03-19,R004,1292,0,199,0,1093,1073,-20,227.9,4.8,0,,0,,,virtual_dummy.xlsx,L48_재고수량·잔여일수,2026-10-05T01:15
PH_DUMMY_01,2026-03-19,R005,2272,0,226,0,2046,2016,-30,370.1,5.5,0,,0,,,virtual_dummy.xlsx,L48_재고수량·잔여일수,2026-10-05T01:15
PH_DUMMY_01,2026-03-19,R006,1718,0,238,0,1480,1460,-20,263.3,5.6,0,,0,,,virtual_dummy.xlsx,L48_재고수량·잔여일수,2026-10-05T01:15
PH_DUMMY_01,2026-03-19,R007,3784,0,253,0,3531,3521,-10,524.4,6.7,0,,0,,,virtual_dummy.xlsx,L48_재고수량·잔여일수,2026-10-05T01:15
PH_DUMMY_01,2026-03-19,O001,32,0,6,0,26,28,2,3,8.7,0,,0,,,virtual_dummy.xlsx,L48_재고수량·잔여일수,2026-10-05T01:15
PH_DUMMY_01,2026-03-19,O002,21,0,2,0,19,19,0,2.6,7.4,0,,0,,,virtual_dummy.xlsx,L48_재고수량·잔여일수,2026-10-05T01:15
PH_DUMMY_01,2026-03-19,O003,19,0,2,0,17,17,0,2,8.5,0,,0,,,virtual_dummy.xlsx,L48_재고수량·잔여일수,2026-10-05T01:15
PH_DUMMY_01,2026-03-19,O004,4,0,0,0,4,7,3,0.1,28,0,,0,,,virtual_dummy.xlsx,L48_재고수량·잔여일수,2026-10-05T01:15
PH_DUMMY_01,2026-03-19,Q001,15,0,0,0,15,13,-2,0.6,26.2,0,,0,,,virtual_dummy.xlsx,L48_재고수량·잔여일수,2026-10-05T01:15
PH_DUMMY_01,2026-03-19,Q002,3,0,0,0,3,3,0,0.1,21,0,,0,,,virtual_dummy.xlsx,L48_재고수량·잔여일수,2026-10-05T01:15
PH_DUMMY_01,2026-03-20,R001,452,0,56,0,396,436,40,58,6.8,0,,0,,,virtual_dummy.xlsx,L48_재고수량·잔여일수,2026-10-05T01:15
PH_DUMMY_01,2026-03-20,R002,970,0,77,0,893,903,10,163.1,5.5,0,,0,,,virtual_dummy.xlsx,L48_재고수량·잔여일수,2026-10-05T01:15
PH_DUMMY_01,2026-03-20,R003,666,0,43,0,623,643,20,94.1,6.6,0,,0,,,virtual_dummy.xlsx,L48_재고수량·잔여일수,2026-10-05T01:15
PH_DUMMY_01,2026-03-20,R004,1093,0,178,0,915,865,-50,208.7,4.4,0,,0,,,virtual_dummy.xlsx,L48_재고수량·잔여일수,2026-10-05T01:15
PH_DUMMY_01,2026-03-20,R005,2046,0,575,0,1471,1461,-10,420.3,3.5,0,,0,,,virtual_dummy.xlsx,L48_재고수량·잔여일수,2026-10-05T01:15
PH_DUMMY_01,2026-03-20,R006,1480,0,260,0,1220,1200,-20,236,5.2,0,,0,,,virtual_dummy.xlsx,L48_재고수량·잔여일수,2026-10-05T01:15
PH_DUMMY_01,2026-03-20,R007,3531,0,274,0,3257,3247,-10,411.6,7.9,0,,0,,,virtual_dummy.xlsx,L48_재고수량·잔여일수,2026-10-05T01:15
PH_DUMMY_01,2026-03-20,O001,26,0,1,0,25,27,2,3,8.3,0,,0,,,virtual_dummy.xlsx,L48_재고수량·잔여일수,2026-10-05T01:15
PH_DUMMY_01,2026-03-20,O002,19,0,2,0,17,17,0,2.4,7,0,,0,,,virtual_dummy.xlsx,L48_재고수량·잔여일수,2026-10-05T01:15
PH_DUMMY_01,2026-03-20,O003,17,0,2,0,15,15,0,2,7.5,0,,0,,,virtual_dummy.xlsx,L48_재고수량·잔여일수,2026-10-05T01:15
PH_DUMMY_01,2026-03-20,O004,4,0,0,0,4,7,3,0,,0,,0,,,virtual_dummy.xlsx,L48_재고수량·잔여일수,2026-10-05T01:15
PH_DUMMY_01,2026-03-20,Q001,15,0,2,0,13,11,-2,0.9,15.2,0,,0,,,virtual_dummy.xlsx,L48_재고수량·잔여일수,2026-10-05T01:15
PH_DUMMY_01,2026-03-20,Q002,3,0,0,0,3,3,0,0.1,21,0,,0,,,virtual_dummy.xlsx,L48_재고수량·잔여일수,2026-10-05T01:15
PH_DUMMY_01,2026-03-21,R001,396,0,31,0,365,405,40,55,6.6,0,,0,,,virtual_dummy.xlsx,L48_재고수량·잔여일수,2026-10-05T01:15
PH_DUMMY_01,2026-03-21,R002,893,0,144,0,749,759,10,156.3,4.8,0,,0,,,virtual_dummy.xlsx,L48_재고수량·잔여일수,2026-10-05T01:15
PH_DUMMY_01,2026-03-21,R003,623,0,114,0,509,509,0,86.3,5.9,0,,0,,,virtual_dummy.xlsx,L48_재고수량·잔여일수,2026-10-05T01:15
PH_DUMMY_01,2026-03-21,R004,915,0,119,0,796,746,-50,213.6,3.7,0,,0,,,virtual_dummy.xlsx,L48_재고수량·잔여일수,2026-10-05T01:15
PH_DUMMY_01,2026-03-21,R005,1471,0,421,0,1050,1040,-10,359,2.9,0,,0,,,virtual_dummy.xlsx,L48_재고수량·잔여일수,2026-10-05T01:15
PH_DUMMY_01,2026-03-21,R006,1220,0,241,0,979,959,-20,227.1,4.3,0,,0,,,virtual_dummy.xlsx,L48_재고수량·잔여일수,2026-10-05T01:15
PH_DUMMY_01,2026-03-21,R007,3257,0,282,0,2975,2965,-10,316.3,9.4,0,,0,,,virtual_dummy.xlsx,L48_재고수량·잔여일수,2026-10-05T01:15
PH_DUMMY_01,2026-03-21,O001,25,0,2,0,23,25,2,3,7.7,0,,0,,,virtual_dummy.xlsx,L48_재고수량·잔여일수,2026-10-05T01:15
PH_DUMMY_01,2026-03-21,O002,17,0,1,0,16,16,0,2.1,7.5,0,,0,,,virtual_dummy.xlsx,L48_재고수량·잔여일수,2026-10-05T01:15
PH_DUMMY_01,2026-03-21,O003,15,0,6,0,9,9,0,2.6,3.5,0,,0,,,virtual_dummy.xlsx,L48_재고수량·잔여일수,2026-10-05T01:15
PH_DUMMY_01,2026-03-21,O004,4,0,0,0,4,7,3,0,,0,,0,,,virtual_dummy.xlsx,L48_재고수량·잔여일수,2026-10-05T01:15
PH_DUMMY_01,2026-03-21,Q001,13,0,4,0,9,7,-2,1.4,6.3,0,,0,,,virtual_dummy.xlsx,L48_재고수량·잔여일수,2026-10-05T01:15
PH_DUMMY_01,2026-03-21,Q002,3,0,1,0,2,2,0,0.3,7,0,,0,,,virtual_dummy.xlsx,L48_재고수량·잔여일수,2026-10-05T01:15
PH_DUMMY_01,2026-03-22,R001,365,0,0,0,365,405,40,,,0,,0,,,virtual_dummy.xlsx,L48_재고수량·잔여일수,2026-10-05T01:15
PH_DUMMY_01,2026-03-22,R002,749,0,0,0,749,759,10,,,0,,0,,,virtual_dummy.xlsx,L48_재고수량·잔여일수,2026-10-05T01:15
PH_DUMMY_01,2026-03-22,R003,509,0,0,0,509,509,0,,,0,,0,,,virtual_dummy.xlsx,L48_재고수량·잔여일수,2026-10-05T01:15
PH_DUMMY_01,2026-03-22,R004,796,0,0,0,796,746,-50,,,0,,0,,,virtual_dummy.xlsx,L48_재고수량·잔여일수,2026-10-05T01:15
PH_DUMMY_01,2026-03-22,R005,1050,0,0,0,1050,1040,-10,,,0,,0,,,virtual_dummy.xlsx,L48_재고수량·잔여일수,2026-10-05T01:15
PH_DUMMY_01,2026-03-22,R006,979,0,0,0,979,959,-20,,,0,,0,,,virtual_dummy.xlsx,L48_재고수량·잔여일수,2026-10-05T01:15
PH_DUMMY_01,2026-03-22,R007,2975,0,0,0,2975,2965,-10,,,0,,0,,,virtual_dummy.xlsx,L48_재고수량·잔여일수,2026-10-05T01:15
PH_DUMMY_01,2026-03-22,O001,23,0,0,0,23,25,2,,,0,,0,,,virtual_dummy.xlsx,L48_재고수량·잔여일수,2026-10-05T01:15
PH_DUMMY_01,2026-03-22,O002,16,0,0,0,16,16,0,,,0,,0,,,virtual_dummy.xlsx,L48_재고수량·잔여일수,2026-10-05T01:15
PH_DUMMY_01,2026-03-22,O003,9,0,0,0,9,9,0,,,0,,0,,,virtual_dummy.xlsx,L48_재고수량·잔여일수,2026-10-05T01:15
PH_DUMMY_01,2026-03-22,O004,4,0,0,0,4,7,3,,,0,,0,,,virtual_dummy.xlsx,L48_재고수량·잔여일수,2026-10-05T01:15
PH_DUMMY_01,2026-03-22,Q001,9,0,0,0,9,7,-2,,,0,,0,,,virtual_dummy.xlsx,L48_재고수량·잔여일수,2026-10-05T01:15
PH_DUMMY_01,2026-03-22,Q002,2,0,0,0,2,2,0,,,0,,0,,,virtual_dummy.xlsx,L48_재고수량·잔여일수,2026-10-05T01:15
PH_DUMMY_01,2026-03-23,R001,365,0,82,0,283,313,30,57.3,4.9,300,정기(주간),300,,,virtual_dummy.xlsx,L48_재고수량·잔여일수,2026-10-05T01:15
PH_DUMMY_01,2026-03-23,R002,749,0,308,0,441,451,10,174.7,2.5,1200,정기(주간),1200,,,virtual_dummy.xlsx,L48_재고수량·잔여일수,2026-10-05T01:15
PH_DUMMY_01,2026-03-23,R003,509,0,189,0,320,320,0,106.9,3,600,정기(주간),600,,,virtual_dummy.xlsx,L48_재고수량·잔여일수,2026-10-05T01:15
PH_DUMMY_01,2026-03-23,R004,796,0,56,0,740,690,-50,182,4.1,1000,정기(주간),1000,,,virtual_dummy.xlsx,L48_재고수량·잔여일수,2026-10-05T01:15
PH_DUMMY_01,2026-03-23,R005,1050,0,532,0,518,508,-10,400.4,1.3,2500,정기(주간),2500,,,virtual_dummy.xlsx,L48_재고수량·잔여일수,2026-10-05T01:15
PH_DUMMY_01,2026-03-23,R006,979,0,384,0,595,575,-20,267.1,2.2,1800,정기(주간),1800,,,virtual_dummy.xlsx,L48_재고수량·잔여일수,2026-10-05T01:15
PH_DUMMY_01,2026-03-23,R007,2975,0,529,0,2446,2426,-20,353.3,6.9,1500,정기(주간),1500,,,virtual_dummy.xlsx,L48_재고수량·잔여일수,2026-10-05T01:15
PH_DUMMY_01,2026-03-23,O001,23,0,4,0,19,21,2,3.3,5.8,10,정기(주간),10,,,virtual_dummy.xlsx,L48_재고수량·잔여일수,2026-10-05T01:15
PH_DUMMY_01,2026-03-23,O002,16,0,2,0,14,14,0,2.3,6.1,20,정기(주간),20,,,virtual_dummy.xlsx,L48_재고수량·잔여일수,2026-10-05T01:15
PH_DUMMY_01,2026-03-23,O003,9,0,1,0,8,8,0,2.7,2.9,20,정기(주간),20,,,virtual_dummy.xlsx,L48_재고수량·잔여일수,2026-10-05T01:15
PH_DUMMY_01,2026-03-23,O004,4,0,2,0,2,2,0,0.3,7,2,정기(주간),2,,,virtual_dummy.xlsx,L48_재고수량·잔여일수,2026-10-05T01:15
PH_DUMMY_01,2026-03-23,Q001,9,0,0,0,9,7,-2,1.3,7,10,정기(주간),10,,,virtual_dummy.xlsx,L48_재고수량·잔여일수,2026-10-05T01:15
PH_DUMMY_01,2026-03-23,Q002,2,0,0,0,2,0,-2,0.3,7,0,,0,,,virtual_dummy.xlsx,L48_재고수량·잔여일수,2026-10-05T01:15
PH_DUMMY_01,2026-03-24,R001,283,300,72,0,511,541,30,54.4,9.4,0,,0,,,virtual_dummy.xlsx,L48_재고수량·잔여일수,2026-10-05T01:15
PH_DUMMY_01,2026-03-24,R002,441,1200,66,0,1575,1585,10,157,10,0,,0,,,virtual_dummy.xlsx,L48_재고수량·잔여일수,2026-10-05T01:15
PH_DUMMY_01,2026-03-24,R003,320,600,92,0,828,828,0,99.3,8.3,0,,0,,,virtual_dummy.xlsx,L48_재고수량·잔여일수,2026-10-05T01:15
PH_DUMMY_01,2026-03-24,R004,740,1000,248,0,1492,1442,-50,192,7.8,0,,0,,,virtual_dummy.xlsx,L48_재고수량·잔여일수,2026-10-05T01:15
PH_DUMMY_01,2026-03-24,R005,518,2500,412,0,2606,2596,-10,416.3,6.3,0,,0,,,virtual_dummy.xlsx,L48_재고수량·잔여일수,2026-10-05T01:15
PH_DUMMY_01,2026-03-24,R006,595,1800,308,0,2087,2067,-20,290.4,7.2,0,,0,,,virtual_dummy.xlsx,L48_재고수량·잔여일수,2026-10-05T01:15
PH_DUMMY_01,2026-03-24,R007,2446,1500,309,0,3637,3617,-20,342.7,10.6,0,,0,,,virtual_dummy.xlsx,L48_재고수량·잔여일수,2026-10-05T01:15
PH_DUMMY_01,2026-03-24,O001,19,10,4,0,25,27,2,3.3,7.6,0,,0,,,virtual_dummy.xlsx,L48_재고수량·잔여일수,2026-10-05T01:15
PH_DUMMY_01,2026-03-24,O002,14,20,1,0,33,33,0,2,16.5,0,,0,,,virtual_dummy.xlsx,L48_재고수량·잔여일수,2026-10-05T01:15
PH_DUMMY_01,2026-03-24,O003,8,20,0,0,28,28,0,2.4,11.5,0,,0,,,virtual_dummy.xlsx,L48_재고수량·잔여일수,2026-10-05T01:15
PH_DUMMY_01,2026-03-24,O004,2,2,1,0,3,1,-2,0.4,7,0,,0,,,virtual_dummy.xlsx,L48_재고수량·잔여일수,2026-10-05T01:15
PH_DUMMY_01,2026-03-24,Q001,9,10,0,0,19,17,-2,1.1,16.6,0,,0,,,virtual_dummy.xlsx,L48_재고수량·잔여일수,2026-10-05T01:15
PH_DUMMY_01,2026-03-24,Q002,2,0,0,0,2,0,-2,0.1,14,0,,0,,,virtual_dummy.xlsx,L48_재고수량·잔여일수,2026-10-05T01:15
PH_DUMMY_01,2026-03-25,R001,511,0,38,0,473,503,30,50.9,9.3,0,,0,,,virtual_dummy.xlsx,L48_재고수량·잔여일수,2026-10-05T01:15
PH_DUMMY_01,2026-03-25,R002,1575,0,87,0,1488,1498,10,144.9,10.3,0,,0,,,virtual_dummy.xlsx,L48_재고수량·잔여일수,2026-10-05T01:15
PH_DUMMY_01,2026-03-25,R003,828,0,41,0,787,787,0,91.9,8.6,0,,0,,,virtual_dummy.xlsx,L48_재고수량·잔여일수,2026-10-05T01:15
PH_DUMMY_01,2026-03-25,R004,1492,0,0,0,1492,1442,-50,145.9,10.2,0,,0,,,virtual_dummy.xlsx,L48_재고수량·잔여일수,2026-10-05T01:15
PH_DUMMY_01,2026-03-25,R005,2606,0,332,0,2274,2264,-10,435.9,5.2,0,,0,,,virtual_dummy.xlsx,L48_재고수량·잔여일수,2026-10-05T01:15
PH_DUMMY_01,2026-03-25,R006,2087,0,99,0,1988,1968,-20,248.3,8,0,,0,,,virtual_dummy.xlsx,L48_재고수량·잔여일수,2026-10-05T01:15
PH_DUMMY_01,2026-03-25,R007,3637,0,175,0,3462,3442,-20,303.3,11.4,0,,0,,,virtual_dummy.xlsx,L48_재고수량·잔여일수,2026-10-05T01:15
PH_DUMMY_01,2026-03-25,O001,25,0,4,0,21,23,2,3.4,6.1,0,,0,,,virtual_dummy.xlsx,L48_재고수량·잔여일수,2026-10-05T01:15
PH_DUMMY_01,2026-03-25,O002,33,0,2,0,31,31,0,1.7,18.1,0,,0,,,virtual_dummy.xlsx,L48_재고수량·잔여일수,2026-10-05T01:15
PH_DUMMY_01,2026-03-25,O003,28,0,2,0,26,26,0,2.6,10.1,0,,0,,,virtual_dummy.xlsx,L48_재고수량·잔여일수,2026-10-05T01:15
PH_DUMMY_01,2026-03-25,O004,3,0,0,0,3,1,-2,0.4,7,0,,0,,,virtual_dummy.xlsx,L48_재고수량·잔여일수,2026-10-05T01:15
PH_DUMMY_01,2026-03-25,Q001,19,0,0,0,19,17,-2,0.9,22.2,0,,0,,,virtual_dummy.xlsx,L48_재고수량·잔여일수,2026-10-05T01:15
PH_DUMMY_01,2026-03-25,Q002,2,0,0,0,2,2,0,0.1,14,0,,0,,,virtual_dummy.xlsx,L48_재고수량·잔여일수,2026-10-05T01:15
PH_DUMMY_01,2026-03-26,R001,473,0,58,0,415,455,40,53.1,7.8,0,,0,,,virtual_dummy.xlsx,L48_재고수량·잔여일수,2026-10-05T01:15
PH_DUMMY_01,2026-03-26,R002,1488,0,128,0,1360,1370,10,138.4,9.8,0,,0,,,virtual_dummy.xlsx,L48_재고수량·잔여일수,2026-10-05T01:15
PH_DUMMY_01,2026-03-26,R003,787,0,56,0,731,731,0,92.7,7.9,0,,0,,,virtual_dummy.xlsx,L48_재고수량·잔여일수,2026-10-05T01:15
PH_DUMMY_01,2026-03-26,R004,1492,0,40,0,1452,1402,-50,120,12.1,0,,0,,,virtual_dummy.xlsx,L48_재고수량·잔여일수,2026-10-05T01:15
PH_DUMMY_01,2026-03-26,R005,2274,0,306,0,1968,1958,-10,400.6,4.9,0,,0,,,virtual_dummy.xlsx,L48_재고수량·잔여일수,2026-10-05T01:15
PH_DUMMY_01,2026-03-26,R006,1988,0,368,0,1620,1600,-20,271.1,6,0,,0,,,virtual_dummy.xlsx,L48_재고수량·잔여일수,2026-10-05T01:15
PH_DUMMY_01,2026-03-26,R007,3462,0,824,0,2638,2618,-20,378,7,0,,0,,,virtual_dummy.xlsx,L48_재고수량·잔여일수,2026-10-05T01:15
PH_DUMMY_01,2026-03-26,O001,21,0,4,0,17,19,2,3.6,4.8,0,,0,,,virtual_dummy.xlsx,L48_재고수량·잔여일수,2026-10-05T01:15
PH_DUMMY_01,2026-03-26,O002,31,0,3,0,28,28,0,1.9,15.1,0,,0,,,virtual_dummy.xlsx,L48_재고수량·잔여일수,2026-10-05T01:15
PH_DUMMY_01,2026-03-26,O003,26,0,2,0,24,25,1,2.1,11.2,0,,0,,,virtual_dummy.xlsx,L48_재고수량·잔여일수,2026-10-05T01:15
PH_DUMMY_01,2026-03-26,O004,3,0,1,0,2,0,-2,0.6,3.5,0,,0,,,virtual_dummy.xlsx,L48_재고수량·잔여일수,2026-10-05T01:15
PH_DUMMY_01,2026-03-26,Q001,19,0,2,0,17,15,-2,1.1,14.9,0,,0,,,virtual_dummy.xlsx,L48_재고수량·잔여일수,2026-10-05T01:15
PH_DUMMY_01,2026-03-26,Q002,2,0,0,0,2,2,0,0.1,14,0,,0,,,virtual_dummy.xlsx,L48_재고수량·잔여일수,2026-10-05T01:15
PH_DUMMY_01,2026-03-27,R001,415,0,35,0,380,420,40,53.1,7.2,0,,0,,,virtual_dummy.xlsx,L48_재고수량·잔여일수,2026-10-05T01:15
PH_DUMMY_01,2026-03-27,R002,1360,0,213,0,1147,1157,10,146.1,7.8,0,,0,,,virtual_dummy.xlsx,L48_재고수량·잔여일수,2026-10-05T01:15
PH_DUMMY_01,2026-03-27,R003,731,0,23,0,708,708,0,79.7,8.9,0,,0,,,virtual_dummy.xlsx,L48_재고수량·잔여일수,2026-10-05T01:15
PH_DUMMY_01,2026-03-27,R004,1452,0,291,0,1161,1111,-50,133.1,8.7,0,,0,,,virtual_dummy.xlsx,L48_재고수량·잔여일수,2026-10-05T01:15
PH_DUMMY_01,2026-03-27,R005,1968,0,330,0,1638,1628,-10,415.4,3.9,0,,0,,,virtual_dummy.xlsx,L48_재고수량·잔여일수,2026-10-05T01:15
PH_DUMMY_01,2026-03-27,R006,1620,0,296,0,1324,1304,-20,279.4,4.7,0,,0,,,virtual_dummy.xlsx,L48_재고수량·잔여일수,2026-10-05T01:15
PH_DUMMY_01,2026-03-27,R007,2638,0,318,0,2320,2320,0,387.3,6,0,,0,,,virtual_dummy.xlsx,L48_재고수량·잔여일수,2026-10-05T01:15
PH_DUMMY_01,2026-03-27,O001,17,0,6,0,11,13,2,3.6,3.1,0,,0,,,virtual_dummy.xlsx,L48_재고수량·잔여일수,2026-10-05T01:15
PH_DUMMY_01,2026-03-27,O002,28,0,1,0,27,27,0,1.7,15.8,0,,0,,,virtual_dummy.xlsx,L48_재고수량·잔여일수,2026-10-05T01:15
PH_DUMMY_01,2026-03-27,O003,24,0,3,0,21,22,1,2.3,9.2,0,,0,,,virtual_dummy.xlsx,L48_재고수량·잔여일수,2026-10-05T01:15
PH_DUMMY_01,2026-03-27,O004,2,0,0,0,2,0,-2,0.6,3.5,0,,0,,,virtual_dummy.xlsx,L48_재고수량·잔여일수,2026-10-05T01:15
PH_DUMMY_01,2026-03-27,Q001,17,0,1,0,16,14,-2,1.3,12.4,0,,0,,,virtual_dummy.xlsx,L48_재고수량·잔여일수,2026-10-05T01:15
PH_DUMMY_01,2026-03-27,Q002,2,0,1,0,1,1,0,0.3,3.5,0,,0,,,virtual_dummy.xlsx,L48_재고수량·잔여일수,2026-10-05T01:15
PH_DUMMY_01,2026-03-28,R001,380,0,29,0,351,391,40,49.3,7.1,0,,0,,,virtual_dummy.xlsx,L48_재고수량·잔여일수,2026-10-05T01:15
PH_DUMMY_01,2026-03-28,R002,1147,0,73,0,1074,1084,10,145.6,7.4,0,,0,,,virtual_dummy.xlsx,L48_재고수량·잔여일수,2026-10-05T01:15
PH_DUMMY_01,2026-03-28,R003,708,0,91,0,617,617,0,86.6,7.1,0,,0,,,virtual_dummy.xlsx,L48_재고수량·잔여일수,2026-10-05T01:15
PH_DUMMY_01,2026-03-28,R004,1161,0,251,0,910,860,-50,143.6,6.3,0,,0,,,virtual_dummy.xlsx,L48_재고수량·잔여일수,2026-10-05T01:15
PH_DUMMY_01,2026-03-28,R005,1638,0,202,0,1436,1426,-10,362.1,4,0,,0,,,virtual_dummy.xlsx,L48_재고수량·잔여일수,2026-10-05T01:15
PH_DUMMY_01,2026-03-28,R006,1324,0,73,0,1251,1231,-20,252.7,5,0,,0,,,virtual_dummy.xlsx,L48_재고수량·잔여일수,2026-10-05T01:15
PH_DUMMY_01,2026-03-28,R007,2320,0,523,0,1797,1797,0,422.9,4.2,0,,0,,,virtual_dummy.xlsx,L48_재고수량·잔여일수,2026-10-05T01:15
PH_DUMMY_01,2026-03-28,O001,11,0,3,0,8,11,3,3.9,2.1,0,,0,,,virtual_dummy.xlsx,L48_재고수량·잔여일수,2026-10-05T01:15
PH_DUMMY_01,2026-03-28,O002,27,0,1,0,26,26,0,1.6,16.5,0,,0,,,virtual_dummy.xlsx,L48_재고수량·잔여일수,2026-10-05T01:15
PH_DUMMY_01,2026-03-28,O003,21,0,1,0,20,21,1,2.1,9.3,0,,0,,,virtual_dummy.xlsx,L48_재고수량·잔여일수,2026-10-05T01:15
PH_DUMMY_01,2026-03-28,O004,2,0,0,0,2,0,-2,0.6,3.5,0,,0,,,virtual_dummy.xlsx,L48_재고수량·잔여일수,2026-10-05T01:15
PH_DUMMY_01,2026-03-28,Q001,16,0,1,0,15,13,-2,1.1,13.1,0,,0,,,virtual_dummy.xlsx,L48_재고수량·잔여일수,2026-10-05T01:15
PH_DUMMY_01,2026-03-28,Q002,1,0,0,0,1,1,0,0.3,3.5,0,,0,,,virtual_dummy.xlsx,L48_재고수량·잔여일수,2026-10-05T01:15
PH_DUMMY_01,2026-03-29,R001,351,0,0,0,351,391,40,,,0,,0,,,virtual_dummy.xlsx,L48_재고수량·잔여일수,2026-10-05T01:15
PH_DUMMY_01,2026-03-29,R002,1074,0,0,0,1074,1084,10,,,0,,0,,,virtual_dummy.xlsx,L48_재고수량·잔여일수,2026-10-05T01:15
PH_DUMMY_01,2026-03-29,R003,617,0,0,0,617,617,0,,,0,,0,,,virtual_dummy.xlsx,L48_재고수량·잔여일수,2026-10-05T01:15
PH_DUMMY_01,2026-03-29,R004,910,0,0,0,910,860,-50,,,0,,0,,,virtual_dummy.xlsx,L48_재고수량·잔여일수,2026-10-05T01:15
PH_DUMMY_01,2026-03-29,R005,1436,0,0,0,1436,1426,-10,,,0,,0,,,virtual_dummy.xlsx,L48_재고수량·잔여일수,2026-10-05T01:15
PH_DUMMY_01,2026-03-29,R006,1251,0,0,0,1251,1231,-20,,,0,,0,,,virtual_dummy.xlsx,L48_재고수량·잔여일수,2026-10-05T01:15
PH_DUMMY_01,2026-03-29,R007,1797,0,0,0,1797,1797,0,,,0,,0,,,virtual_dummy.xlsx,L48_재고수량·잔여일수,2026-10-05T01:15
PH_DUMMY_01,2026-03-29,O001,8,0,0,0,8,11,3,,,0,,0,,,virtual_dummy.xlsx,L48_재고수량·잔여일수,2026-10-05T01:15
PH_DUMMY_01,2026-03-29,O002,26,0,0,0,26,26,0,,,0,,0,,,virtual_dummy.xlsx,L48_재고수량·잔여일수,2026-10-05T01:15
PH_DUMMY_01,2026-03-29,O003,20,0,0,0,20,21,1,,,0,,0,,,virtual_dummy.xlsx,L48_재고수량·잔여일수,2026-10-05T01:15
PH_DUMMY_01,2026-03-29,O004,2,0,0,0,2,0,-2,,,0,,0,,,virtual_dummy.xlsx,L48_재고수량·잔여일수,2026-10-05T01:15
PH_DUMMY_01,2026-03-29,Q001,15,0,0,0,15,13,-2,,,0,,0,,,virtual_dummy.xlsx,L48_재고수량·잔여일수,2026-10-05T01:15
PH_DUMMY_01,2026-03-29,Q002,1,0,0,0,1,1,0,,,0,,0,,,virtual_dummy.xlsx,L48_재고수량·잔여일수,2026-10-05T01:15
PH_DUMMY_01,2026-03-30,R001,351,0,69,0,282,342,60,54.7,5.2,200,정기(주간),200,,,virtual_dummy.xlsx,L48_재고수량·잔여일수,2026-10-05T01:15
PH_DUMMY_01,2026-03-30,R002,1074,0,182,0,892,902,10,151,5.9,600,정기(주간),600,,,virtual_dummy.xlsx,L48_재고수량·잔여일수,2026-10-05T01:15
PH_DUMMY_01,2026-03-30,R003,617,0,67,0,550,550,0,79.9,6.9,200,정기(주간),200,,,virtual_dummy.xlsx,L48_재고수량·잔여일수,2026-10-05T01:15
PH_DUMMY_01,2026-03-30,R004,910,0,282,0,628,578,-50,166.9,3.8,1000,정기(주간),1000,,,virtual_dummy.xlsx,L48_재고수량·잔여일수,2026-10-05T01:15
PH_DUMMY_01,2026-03-30,R005,1436,0,555,0,881,871,-10,381.3,2.3,2500,정기(주간),2500,,,virtual_dummy.xlsx,L48_재고수량·잔여일수,2026-10-05T01:15
PH_DUMMY_01,2026-03-30,R006,1251,0,261,0,990,970,-20,255.6,3.9,1200,정기(주간),1200,,,virtual_dummy.xlsx,L48_재고수량·잔여일수,2026-10-05T01:15
PH_DUMMY_01,2026-03-30,R007,1797,0,740,0,1057,1067,10,488.3,2.2,2500,정기(주간),2500,,,virtual_dummy.xlsx,L48_재고수량·잔여일수,2026-10-05T01:15
PH_DUMMY_01,2026-03-30,O001,8,0,6,0,2,5,3,4.4,0.5,40,정기(주간),40,,,virtual_dummy.xlsx,L48_재고수량·잔여일수,2026-10-05T01:15
PH_DUMMY_01,2026-03-30,O002,26,0,4,0,22,22,0,2,11,0,,0,,,virtual_dummy.xlsx,L48_재고수량·잔여일수,2026-10-05T01:15
PH_DUMMY_01,2026-03-30,O003,20,0,8,0,12,13,1,2.4,4.9,20,정기(주간),20,,,virtual_dummy.xlsx,L48_재고수량·잔여일수,2026-10-05T01:15
PH_DUMMY_01,2026-03-30,O004,2,0,1,0,1,0,-1,0.7,1.4,4,정기(주간),4,,,virtual_dummy.xlsx,L48_재고수량·잔여일수,2026-10-05T01:15
PH_DUMMY_01,2026-03-30,Q001,15,0,3,0,12,10,-2,1,12,0,,0,,,virtual_dummy.xlsx,L48_재고수량·잔여일수,2026-10-05T01:15
PH_DUMMY_01,2026-03-30,Q002,1,0,0,0,1,1,0,0.1,7,2,정기(주간),2,,,virtual_dummy.xlsx,L48_재고수량·잔여일수,2026-10-05T01:15
PH_DUMMY_01,2026-03-31,R001,282,200,54,0,428,428,0,50.7,8.4,0,,0,Y,,virtual_dummy.xlsx,L48_재고수량·잔여일수,2026-10-05T01:15
PH_DUMMY_01,2026-03-31,R002,892,600,80,0,1412,1412,0,118.4,11.9,0,,0,Y,,virtual_dummy.xlsx,L48_재고수량·잔여일수,2026-10-05T01:15
PH_DUMMY_01,2026-03-31,R003,550,200,117,0,633,633,0,69.6,9.1,0,,0,Y,,virtual_dummy.xlsx,L48_재고수량·잔여일수,2026-10-05T01:15
PH_DUMMY_01,2026-03-31,R004,628,1000,220,0,1408,1408,0,190.3,7.4,0,,0,Y,,virtual_dummy.xlsx,L48_재고수량·잔여일수,2026-10-05T01:15
PH_DUMMY_01,2026-03-31,R005,881,2500,319,0,3062,3062,0,350.9,8.7,0,,0,Y,,virtual_dummy.xlsx,L48_재고수량·잔여일수,2026-10-05T01:15
PH_DUMMY_01,2026-03-31,R006,990,1200,229,0,1961,1961,0,233.4,8.4,0,,0,Y,,virtual_dummy.xlsx,L48_재고수량·잔여일수,2026-10-05T01:15
PH_DUMMY_01,2026-03-31,R007,1057,2500,363,0,3194,3194,0,464.6,6.9,0,,0,Y,,virtual_dummy.xlsx,L48_재고수량·잔여일수,2026-10-05T01:15
PH_DUMMY_01,2026-03-31,O001,2,40,0,0,42,42,0,3.9,10.9,0,,0,Y,,virtual_dummy.xlsx,L48_재고수량·잔여일수,2026-10-05T01:15
PH_DUMMY_01,2026-03-31,O002,22,0,2,0,20,20,0,2,10,0,,0,Y,,virtual_dummy.xlsx,L48_재고수량·잔여일수,2026-10-05T01:15
PH_DUMMY_01,2026-03-31,O003,12,20,1,0,31,31,0,2.4,12.8,0,,0,Y,,virtual_dummy.xlsx,L48_재고수량·잔여일수,2026-10-05T01:15
PH_DUMMY_01,2026-03-31,O004,1,4,0,0,5,5,0,0.4,11.7,0,,0,Y,,virtual_dummy.xlsx,L48_재고수량·잔여일수,2026-10-05T01:15
PH_DUMMY_01,2026-03-31,Q001,12,0,1,0,11,11,0,1.1,9.6,0,,0,Y,,virtual_dummy.xlsx,L48_재고수량·잔여일수,2026-10-05T01:15
PH_DUMMY_01,2026-03-31,Q002,1,2,0,0,3,3,0,0.1,21,0,,0,Y,,virtual_dummy.xlsx,L48_재고수량·잔여일수,2026-10-05T01:15
PH_DUMMY_01,2026-04-01,R001,428,0,52,0,376,376,0,47.9,7.9,0,,0,,,virtual_dummy.xlsx,L48_재고수량·잔여일수,2026-10-05T01:15
PH_DUMMY_01,2026-04-01,R002,1412,0,84,0,1328,1308,-20,121,11,0,,0,,,virtual_dummy.xlsx,L48_재고수량·잔여일수,2026-10-05T01:15
PH_DUMMY_01,2026-04-01,R003,633,0,40,0,593,593,0,62.1,9.5,0,,0,,,virtual_dummy.xlsx,L48_재고수량·잔여일수,2026-10-05T01:15
PH_DUMMY_01,2026-04-01,R004,1408,0,62,0,1346,1356,10,163.7,8.2,0,,0,,,virtual_dummy.xlsx,L48_재고수량·잔여일수,2026-10-05T01:15
PH_DUMMY_01,2026-04-01,R005,3062,0,353,0,2709,2709,0,342.4,7.9,0,,0,,,virtual_dummy.xlsx,L48_재고수량·잔여일수,2026-10-05T01:15
PH_DUMMY_01,2026-04-01,R006,1961,0,135,0,1826,1826,0,208.7,8.7,0,,0,,,virtual_dummy.xlsx,L48_재고수량·잔여일수,2026-10-05T01:15
PH_DUMMY_01,2026-04-01,R007,3194,0,301,0,2893,2893,0,463.4,6.2,0,,0,,,virtual_dummy.xlsx,L48_재고수량·잔여일수,2026-10-05T01:15
PH_DUMMY_01,2026-04-01,O001,42,0,4,0,38,38,0,3.9,9.9,0,,0,,,virtual_dummy.xlsx,L48_재고수량·잔여일수,2026-10-05T01:15
PH_DUMMY_01,2026-04-01,O002,20,0,2,0,18,18,0,2.1,8.4,0,,0,,,virtual_dummy.xlsx,L48_재고수량·잔여일수,2026-10-05T01:15
PH_DUMMY_01,2026-04-01,O003,31,0,3,0,28,28,0,2.9,9.8,0,,0,,,virtual_dummy.xlsx,L48_재고수량·잔여일수,2026-10-05T01:15
PH_DUMMY_01,2026-04-01,O004,5,0,0,0,5,5,0,0.3,17.5,0,,0,,,virtual_dummy.xlsx,L48_재고수량·잔여일수,2026-10-05T01:15
PH_DUMMY_01,2026-04-01,Q001,11,0,0,0,11,11,0,1.1,9.6,0,,0,,,virtual_dummy.xlsx,L48_재고수량·잔여일수,2026-10-05T01:15
PH_DUMMY_01,2026-04-01,Q002,3,0,0,0,3,3,0,0.1,21,0,,0,,,virtual_dummy.xlsx,L48_재고수량·잔여일수,2026-10-05T01:15
PH_DUMMY_01,2026-04-02,R001,376,0,80,0,296,296,0,53.9,5.5,0,,0,,,virtual_dummy.xlsx,L48_재고수량·잔여일수,2026-10-05T01:15
PH_DUMMY_01,2026-04-02,R002,1328,0,166,0,1162,1142,-20,132.3,8.8,0,,0,,,virtual_dummy.xlsx,L48_재고수량·잔여일수,2026-10-05T01:15
PH_DUMMY_01,2026-04-02,R003,593,0,36,0,557,557,0,61.4,9.1,0,,0,,,virtual_dummy.xlsx,L48_재고수량·잔여일수,2026-10-05T01:15
PH_DUMMY_01,2026-04-02,R004,1346,0,201,0,1145,1145,0,192.4,6,0,,0,,,virtual_dummy.xlsx,L48_재고수량·잔여일수,2026-10-05T01:15
PH_DUMMY_01,2026-04-02,R005,2709,0,754,0,1955,1955,0,402.7,4.9,0,,0,,,virtual_dummy.xlsx,L48_재고수량·잔여일수,2026-10-05T01:15
PH_DUMMY_01,2026-04-02,R006,1826,0,208,0,1618,1618,0,224.3,7.2,0,,0,,,virtual_dummy.xlsx,L48_재고수량·잔여일수,2026-10-05T01:15
PH_DUMMY_01,2026-04-02,R007,2893,0,524,0,2369,2369,0,513.3,4.6,0,,0,,,virtual_dummy.xlsx,L48_재고수량·잔여일수,2026-10-05T01:15
PH_DUMMY_01,2026-04-02,O001,38,0,9,0,29,29,0,4.6,6.3,0,,0,,,virtual_dummy.xlsx,L48_재고수량·잔여일수,2026-10-05T01:15
PH_DUMMY_01,2026-04-02,O002,18,0,3,0,15,15,0,2.3,6.6,0,,0,,,virtual_dummy.xlsx,L48_재고수량·잔여일수,2026-10-05T01:15
PH_DUMMY_01,2026-04-02,O003,28,0,2,0,26,26,0,2.9,9.1,0,,0,,,virtual_dummy.xlsx,L48_재고수량·잔여일수,2026-10-05T01:15
PH_DUMMY_01,2026-04-02,O004,5,0,0,0,5,5,0,0.3,17.5,0,,0,,,virtual_dummy.xlsx,L48_재고수량·잔여일수,2026-10-05T01:15
PH_DUMMY_01,2026-04-02,Q001,11,0,1,0,10,10,0,1.3,7.8,0,,0,,,virtual_dummy.xlsx,L48_재고수량·잔여일수,2026-10-05T01:15
PH_DUMMY_01,2026-04-02,Q002,3,0,1,0,2,2,0,0.3,7,0,,0,,,virtual_dummy.xlsx,L48_재고수량·잔여일수,2026-10-05T01:15
PH_DUMMY_01,2026-04-03,R001,296,0,95,0,201,201,0,59.1,3.4,0,,0,,,virtual_dummy.xlsx,L48_재고수량·잔여일수,2026-10-05T01:15
PH_DUMMY_01,2026-04-03,R002,1162,0,252,0,910,890,-20,150,6.1,0,,0,,,virtual_dummy.xlsx,L48_재고수량·잔여일수,2026-10-05T01:15
PH_DUMMY_01,2026-04-03,R003,557,0,63,0,494,494,0,62.4,7.9,0,,0,,,virtual_dummy.xlsx,L48_재고수량·잔여일수,2026-10-05T01:15
PH_DUMMY_01,2026-04-03,R004,1145,0,339,0,806,806,0,235.1,3.4,0,,0,,,virtual_dummy.xlsx,L48_재고수량·잔여일수,2026-10-05T01:15
PH_DUMMY_01,2026-04-03,R005,1955,0,727,0,1228,1228,0,462.9,2.7,0,,0,,,virtual_dummy.xlsx,L48_재고수량·잔여일수,2026-10-05T01:15
PH_DUMMY_01,2026-04-03,R006,1618,0,367,0,1251,1251,0,224.1,5.6,0,,0,,,virtual_dummy.xlsx,L48_재고수량·잔여일수,2026-10-05T01:15
PH_DUMMY_01,2026-04-03,R007,2369,0,777,0,1592,1592,0,506.6,3.1,0,,0,,,virtual_dummy.xlsx,L48_재고수량·잔여일수,2026-10-05T01:15
PH_DUMMY_01,2026-04-03,O001,29,0,2,0,27,27,0,4.3,6.3,0,,0,,,virtual_dummy.xlsx,L48_재고수량·잔여일수,2026-10-05T01:15
PH_DUMMY_01,2026-04-03,O002,15,0,3,0,12,12,0,2.3,5.2,0,,0,,,virtual_dummy.xlsx,L48_재고수량·잔여일수,2026-10-05T01:15
PH_DUMMY_01,2026-04-03,O003,26,0,4,0,22,22,0,3.1,7,0,,0,,,virtual_dummy.xlsx,L48_재고수량·잔여일수,2026-10-05T01:15
PH_DUMMY_01,2026-04-03,O004,5,0,0,0,5,5,0,0.1,35,0,,0,,,virtual_dummy.xlsx,L48_재고수량·잔여일수,2026-10-05T01:15
PH_DUMMY_01,2026-04-03,Q001,10,0,3,0,7,7,0,1.4,4.9,0,,0,,,virtual_dummy.xlsx,L48_재고수량·잔여일수,2026-10-05T01:15
PH_DUMMY_01,2026-04-03,Q002,2,0,0,0,2,1,-1,0.3,7,0,,0,,,virtual_dummy.xlsx,L48_재고수량·잔여일수,2026-10-05T01:15
PH_DUMMY_01,2026-04-04,R001,201,0,3,0,198,198,0,54.6,3.6,0,,0,,,virtual_dummy.xlsx,L48_재고수량·잔여일수,2026-10-05T01:15
PH_DUMMY_01,2026-04-04,R002,910,0,105,0,805,785,-20,134.6,6,0,,0,,,virtual_dummy.xlsx,L48_재고수량·잔여일수,2026-10-05T01:15
PH_DUMMY_01,2026-04-04,R003,494,0,26,0,468,468,0,62.9,7.4,0,,0,,,virtual_dummy.xlsx,L48_재고수량·잔여일수,2026-10-05T01:15
PH_DUMMY_01,2026-04-04,R004,806,0,77,0,729,729,0,204.6,3.6,0,,0,,,virtual_dummy.xlsx,L48_재고수량·잔여일수,2026-10-05T01:15
PH_DUMMY_01,2026-04-04,R005,1228,0,227,0,1001,1021,20,448.1,2.2,0,,0,,,virtual_dummy.xlsx,L48_재고수량·잔여일수,2026-10-05T01:15
PH_DUMMY_01,2026-04-04,R006,1251,0,162,0,1089,1089,0,205,5.3,0,,0,,,virtual_dummy.xlsx,L48_재고수량·잔여일수,2026-10-05T01:15
PH_DUMMY_01,2026-04-04,R007,1592,0,500,0,1092,1092,0,532.6,2.1,0,,0,,,virtual_dummy.xlsx,L48_재고수량·잔여일수,2026-10-05T01:15
PH_DUMMY_01,2026-04-04,O001,27,0,1,0,26,26,0,3.6,7.3,0,,0,,,virtual_dummy.xlsx,L48_재고수량·잔여일수,2026-10-05T01:15
PH_DUMMY_01,2026-04-04,O002,12,0,0,0,12,12,0,2.1,5.6,0,,0,,,virtual_dummy.xlsx,L48_재고수량·잔여일수,2026-10-05T01:15
PH_DUMMY_01,2026-04-04,O003,22,0,1,0,21,21,0,2.9,7.4,0,,0,,,virtual_dummy.xlsx,L48_재고수량·잔여일수,2026-10-05T01:15
PH_DUMMY_01,2026-04-04,O004,5,0,0,0,5,5,0,0.1,35,0,,0,,,virtual_dummy.xlsx,L48_재고수량·잔여일수,2026-10-05T01:15
PH_DUMMY_01,2026-04-04,Q001,7,0,1,0,6,6,0,1.4,4.2,0,,0,,,virtual_dummy.xlsx,L48_재고수량·잔여일수,2026-10-05T01:15
PH_DUMMY_01,2026-04-04,Q002,2,0,0,0,2,1,-1,0.1,14,0,,0,,,virtual_dummy.xlsx,L48_재고수량·잔여일수,2026-10-05T01:15
PH_DUMMY_01,2026-04-05,R001,198,0,0,0,198,198,0,,,0,,0,,,virtual_dummy.xlsx,L48_재고수량·잔여일수,2026-10-05T01:15
PH_DUMMY_01,2026-04-05,R002,805,0,0,0,805,785,-20,,,0,,0,,,virtual_dummy.xlsx,L48_재고수량·잔여일수,2026-10-05T01:15
PH_DUMMY_01,2026-04-05,R003,468,0,0,0,468,468,0,,,0,,0,,,virtual_dummy.xlsx,L48_재고수량·잔여일수,2026-10-05T01:15
PH_DUMMY_01,2026-04-05,R004,729,0,0,0,729,729,0,,,0,,0,,,virtual_dummy.xlsx,L48_재고수량·잔여일수,2026-10-05T01:15
PH_DUMMY_01,2026-04-05,R005,1001,0,0,0,1001,1021,20,,,0,,0,,,virtual_dummy.xlsx,L48_재고수량·잔여일수,2026-10-05T01:15
PH_DUMMY_01,2026-04-05,R006,1089,0,0,0,1089,1089,0,,,0,,0,,,virtual_dummy.xlsx,L48_재고수량·잔여일수,2026-10-05T01:15
PH_DUMMY_01,2026-04-05,R007,1092,0,0,0,1092,1092,0,,,0,,0,,,virtual_dummy.xlsx,L48_재고수량·잔여일수,2026-10-05T01:15
PH_DUMMY_01,2026-04-05,O001,26,0,0,0,26,26,0,,,0,,0,,,virtual_dummy.xlsx,L48_재고수량·잔여일수,2026-10-05T01:15
PH_DUMMY_01,2026-04-05,O002,12,0,0,0,12,12,0,,,0,,0,,,virtual_dummy.xlsx,L48_재고수량·잔여일수,2026-10-05T01:15
PH_DUMMY_01,2026-04-05,O003,21,0,0,0,21,21,0,,,0,,0,,,virtual_dummy.xlsx,L48_재고수량·잔여일수,2026-10-05T01:15
PH_DUMMY_01,2026-04-05,O004,5,0,0,0,5,5,0,,,0,,0,,,virtual_dummy.xlsx,L48_재고수량·잔여일수,2026-10-05T01:15
PH_DUMMY_01,2026-04-05,Q001,6,0,0,0,6,6,0,,,0,,0,,,virtual_dummy.xlsx,L48_재고수량·잔여일수,2026-10-05T01:15
PH_DUMMY_01,2026-04-05,Q002,2,0,0,0,2,1,-1,,,0,,0,,,virtual_dummy.xlsx,L48_재고수량·잔여일수,2026-10-05T01:15
PH_DUMMY_01,2026-04-06,R001,198,0,118,0,80,80,0,67.3,1.2,400,정기(주간),400,,,virtual_dummy.xlsx,L48_재고수량·잔여일수,2026-10-05T01:15
PH_DUMMY_01,2026-04-06,R002,805,0,408,0,397,377,-20,182.4,2.2,1200,정기(주간),1200,,,virtual_dummy.xlsx,L48_재고수량·잔여일수,2026-10-05T01:15
PH_DUMMY_01,2026-04-06,R003,468,0,319,0,149,149,0,95.4,1.6,600,정기(주간),600,,,virtual_dummy.xlsx,L48_재고수량·잔여일수,2026-10-05T01:15
PH_DUMMY_01,2026-04-06,R004,729,0,558,0,171,171,0,248.4,0.7,1500,정기(주간),1500,,,virtual_dummy.xlsx,L48_재고수량·잔여일수,2026-10-05T01:15
PH_DUMMY_01,2026-04-06,R005,1001,0,613,0,388,398,10,506.9,0.8,3500,정기(주간),3500,,,virtual_dummy.xlsx,L48_재고수량·잔여일수,2026-10-05T01:15
PH_DUMMY_01,2026-04-06,R006,1089,0,518,0,571,571,0,268.6,2.1,1800,정기(주간),1800,,,virtual_dummy.xlsx,L48_재고수량·잔여일수,2026-10-05T01:15
PH_DUMMY_01,2026-04-06,R007,1092,0,427,0,665,665,0,518.9,1.3,3500,정기(주간),3500,,,virtual_dummy.xlsx,L48_재고수량·잔여일수,2026-10-05T01:15
PH_DUMMY_01,2026-04-06,O001,26,0,3,0,23,23,0,3.6,6.4,20,정기(주간),20,,,virtual_dummy.xlsx,L48_재고수량·잔여일수,2026-10-05T01:15
PH_DUMMY_01,2026-04-06,O002,12,0,0,0,12,12,0,2,6,10,정기(주간),10,,,virtual_dummy.xlsx,L48_재고수량·잔여일수,2026-10-05T01:15
PH_DUMMY_01,2026-04-06,O003,21,0,1,0,20,20,0,2.9,7,10,정기(주간),10,,,virtual_dummy.xlsx,L48_재고수량·잔여일수,2026-10-05T01:15
PH_DUMMY_01,2026-04-06,O004,5,0,0,0,5,5,0,0.1,35,0,,0,,,virtual_dummy.xlsx,L48_재고수량·잔여일수,2026-10-05T01:15
PH_DUMMY_01,2026-04-06,Q001,6,0,0,0,6,6,0,1.3,4.7,10,정기(주간),10,,,virtual_dummy.xlsx,L48_재고수량·잔여일수,2026-10-05T01:15
PH_DUMMY_01,2026-04-06,Q002,2,0,0,0,2,1,-1,0.1,14,0,,0,,,virtual_dummy.xlsx,L48_재고수량·잔여일수,2026-10-05T01:15
PH_DUMMY_01,2026-04-07,R001,80,400,36,0,444,444,0,62.6,7.1,0,,0,,,virtual_dummy.xlsx,L48_재고수량·잔여일수,2026-10-05T01:15
PH_DUMMY_01,2026-04-07,R002,397,1200,165,0,1432,1412,-20,180,8,0,,0,,,virtual_dummy.xlsx,L48_재고수량·잔여일수,2026-10-05T01:15
PH_DUMMY_01,2026-04-07,R003,149,600,115,0,634,634,0,102.3,6.2,0,,0,,,virtual_dummy.xlsx,L48_재고수량·잔여일수,2026-10-05T01:15
PH_DUMMY_01,2026-04-07,R004,171,1500,58,0,1613,1613,0,216.4,7.5,0,,0,,,virtual_dummy.xlsx,L48_재고수량·잔여일수,2026-10-05T01:15
PH_DUMMY_01,2026-04-07,R005,388,3500,343,0,3545,3555,10,476.6,7.4,0,,0,,,virtual_dummy.xlsx,L48_재고수량·잔여일수,2026-10-05T01:15
PH_DUMMY_01,2026-04-07,R006,571,1800,266,0,2105,2105,0,269.3,7.8,0,,0,,,virtual_dummy.xlsx,L48_재고수량·잔여일수,2026-10-05T01:15
PH_DUMMY_01,2026-04-07,R007,665,3500,515,0,3650,3650,0,486.7,7.5,0,,0,,,virtual_dummy.xlsx,L48_재고수량·잔여일수,2026-10-05T01:15
PH_DUMMY_01,2026-04-07,O001,23,20,5,0,38,38,0,3.4,11.1,0,,0,,,virtual_dummy.xlsx,L48_재고수량·잔여일수,2026-10-05T01:15
PH_DUMMY_01,2026-04-07,O002,12,10,1,0,21,21,0,1.6,13.4,0,,0,,,virtual_dummy.xlsx,L48_재고수량·잔여일수,2026-10-05T01:15
PH_DUMMY_01,2026-04-07,O003,20,10,2,0,28,28,0,2,14,0,,0,,,virtual_dummy.xlsx,L48_재고수량·잔여일수,2026-10-05T01:15
PH_DUMMY_01,2026-04-07,O004,5,0,0,0,5,5,0,0,,0,,0,,,virtual_dummy.xlsx,L48_재고수량·잔여일수,2026-10-05T01:15
PH_DUMMY_01,2026-04-07,Q001,6,10,0,0,16,16,0,0.9,18.7,0,,0,,,virtual_dummy.xlsx,L48_재고수량·잔여일수,2026-10-05T01:15
PH_DUMMY_01,2026-04-07,Q002,2,0,0,0,2,1,-1,0.1,14,0,,0,,,virtual_dummy.xlsx,L48_재고수량·잔여일수,2026-10-05T01:15
PH_DUMMY_01,2026-04-08,R001,444,0,71,0,373,373,0,65,5.7,0,,0,,,virtual_dummy.xlsx,L48_재고수량·잔여일수,2026-10-05T01:15
PH_DUMMY_01,2026-04-08,R002,1432,0,179,0,1253,1233,-20,194.1,6.5,0,,0,,,virtual_dummy.xlsx,L48_재고수량·잔여일수,2026-10-05T01:15
PH_DUMMY_01,2026-04-08,R003,634,0,38,0,596,596,0,91,6.5,0,,0,,,virtual_dummy.xlsx,L48_재고수량·잔여일수,2026-10-05T01:15
PH_DUMMY_01,2026-04-08,R004,1613,0,61,0,1552,1552,0,193.7,8,0,,0,,,virtual_dummy.xlsx,L48_재고수량·잔여일수,2026-10-05T01:15
PH_DUMMY_01,2026-04-08,R005,3545,0,789,0,2756,2766,10,543.7,5.1,0,,0,,,virtual_dummy.xlsx,L48_재고수량·잔여일수,2026-10-05T01:15
PH_DUMMY_01,2026-04-08,R006,2105,0,323,0,1782,1782,0,282.7,6.3,0,,0,,,virtual_dummy.xlsx,L48_재고수량·잔여일수,2026-10-05T01:15
PH_DUMMY_01,2026-04-08,R007,3650,0,359,0,3291,3291,0,486.1,6.8,0,,0,,,virtual_dummy.xlsx,L48_재고수량·잔여일수,2026-10-05T01:15
PH_DUMMY_01,2026-04-08,O001,38,0,1,0,37,37,0,3.6,10.4,0,,0,,,virtual_dummy.xlsx,L48_재고수량·잔여일수,2026-10-05T01:15
PH_DUMMY_01,2026-04-08,O002,21,0,3,0,18,18,0,1.7,10.5,0,,0,,,virtual_dummy.xlsx,L48_재고수량·잔여일수,2026-10-05T01:15
PH_DUMMY_01,2026-04-08,O003,28,0,3,0,25,25,0,2.3,10.9,0,,0,,,virtual_dummy.xlsx,L48_재고수량·잔여일수,2026-10-05T01:15
PH_DUMMY_01,2026-04-08,O004,5,0,0,0,5,5,0,0,,0,,0,,,virtual_dummy.xlsx,L48_재고수량·잔여일수,2026-10-05T01:15
PH_DUMMY_01,2026-04-08,Q001,16,0,0,0,16,16,0,0.7,22.4,0,,0,,,virtual_dummy.xlsx,L48_재고수량·잔여일수,2026-10-05T01:15
PH_DUMMY_01,2026-04-08,Q002,2,0,0,0,2,1,-1,0.1,14,0,,0,,,virtual_dummy.xlsx,L48_재고수량·잔여일수,2026-10-05T01:15
PH_DUMMY_01,2026-04-09,R001,373,0,33,0,340,340,0,62.3,5.5,0,,0,,,virtual_dummy.xlsx,L48_재고수량·잔여일수,2026-10-05T01:15
PH_DUMMY_01,2026-04-09,R002,1253,0,279,0,974,954,-20,222,4.4,0,,0,,,virtual_dummy.xlsx,L48_재고수량·잔여일수,2026-10-05T01:15
PH_DUMMY_01,2026-04-09,R003,596,0,82,0,514,514,0,97,5.3,0,,0,,,virtual_dummy.xlsx,L48_재고수량·잔여일수,2026-10-05T01:15
PH_DUMMY_01,2026-04-09,R004,1552,0,93,0,1459,1449,-10,198.1,7.4,0,,0,,,virtual_dummy.xlsx,L48_재고수량·잔여일수,2026-10-05T01:15
PH_DUMMY_01,2026-04-09,R005,2756,0,156,0,2600,2610,10,515.6,5,0,,0,,,virtual_dummy.xlsx,L48_재고수량·잔여일수,2026-10-05T01:15
PH_DUMMY_01,2026-04-09,R006,1782,0,195,0,1587,1587,0,291.3,5.4,0,,0,,,virtual_dummy.xlsx,L48_재고수량·잔여일수,2026-10-05T01:15
PH_DUMMY_01,2026-04-09,R007,3291,0,330,0,2961,2951,-10,490.3,6,0,,0,,,virtual_dummy.xlsx,L48_재고수량·잔여일수,2026-10-05T01:15
PH_DUMMY_01,2026-04-09,O001,37,0,5,0,32,32,0,3.7,8.6,0,,0,,,virtual_dummy.xlsx,L48_재고수량·잔여일수,2026-10-05T01:15
PH_DUMMY_01,2026-04-09,O002,18,0,3,0,15,15,0,1.9,8.1,0,,0,,,virtual_dummy.xlsx,L48_재고수량·잔여일수,2026-10-05T01:15
PH_DUMMY_01,2026-04-09,O003,25,0,2,0,23,23,0,2.1,10.7,0,,0,,,virtual_dummy.xlsx,L48_재고수량·잔여일수,2026-10-05T01:15
PH_DUMMY_01,2026-04-09,O004,5,0,0,0,5,5,0,0,,0,,0,,,virtual_dummy.xlsx,L48_재고수량·잔여일수,2026-10-05T01:15
PH_DUMMY_01,2026-04-09,Q001,16,0,4,0,12,12,0,1.3,9.3,0,,0,,,virtual_dummy.xlsx,L48_재고수량·잔여일수,2026-10-05T01:15
PH_DUMMY_01,2026-04-09,Q002,2,0,1,0,1,0,-1,0.3,3.5,0,,0,,,virtual_dummy.xlsx,L48_재고수량·잔여일수,2026-10-05T01:15
PH_DUMMY_01,2026-04-10,R001,340,0,49,0,291,291,0,57.9,5,0,,0,,,virtual_dummy.xlsx,L48_재고수량·잔여일수,2026-10-05T01:15
PH_DUMMY_01,2026-04-10,R002,974,0,136,0,838,818,-20,217.7,3.8,0,,0,,,virtual_dummy.xlsx,L48_재고수량·잔여일수,2026-10-05T01:15
PH_DUMMY_01,2026-04-10,R003,514,0,65,0,449,449,0,101.1,4.4,0,,0,,,virtual_dummy.xlsx,L48_재고수량·잔여일수,2026-10-05T01:15
PH_DUMMY_01,2026-04-10,R004,1459,0,91,0,1368,1388,20,182.4,7.5,0,,0,,,virtual_dummy.xlsx,L48_재고수량·잔여일수,2026-10-05T01:15
PH_DUMMY_01,2026-04-10,R005,2600,0,251,0,2349,2359,10,443.7,5.3,0,,0,,,virtual_dummy.xlsx,L48_재고수량·잔여일수,2026-10-05T01:15
PH_DUMMY_01,2026-04-10,R006,1587,0,103,0,1484,1484,0,276.3,5.4,0,,0,,,virtual_dummy.xlsx,L48_재고수량·잔여일수,2026-10-05T01:15
PH_DUMMY_01,2026-04-10,R007,2961,0,336,0,2625,2615,-10,463.4,5.7,0,,0,,,virtual_dummy.xlsx,L48_재고수량·잔여일수,2026-10-05T01:15
PH_DUMMY_01,2026-04-10,O001,32,0,3,0,29,29,0,2.9,10.2,0,,0,,,virtual_dummy.xlsx,L48_재고수량·잔여일수,2026-10-05T01:15
PH_DUMMY_01,2026-04-10,O002,15,0,4,0,11,11,0,2,5.5,0,,0,,,virtual_dummy.xlsx,L48_재고수량·잔여일수,2026-10-05T01:15
PH_DUMMY_01,2026-04-10,O003,23,0,1,0,22,22,0,2,11,0,,0,,,virtual_dummy.xlsx,L48_재고수량·잔여일수,2026-10-05T01:15
PH_DUMMY_01,2026-04-10,O004,5,0,0,0,5,5,0,0,,0,,0,,,virtual_dummy.xlsx,L48_재고수량·잔여일수,2026-10-05T01:15
PH_DUMMY_01,2026-04-10,Q001,12,0,0,0,12,12,0,1.1,10.5,0,,0,,,virtual_dummy.xlsx,L48_재고수량·잔여일수,2026-10-05T01:15
PH_DUMMY_01,2026-04-10,Q002,1,0,1,0,0,0,0,0.3,0,2,긴급,2,,,virtual_dummy.xlsx,L48_재고수량·잔여일수,2026-10-05T01:15
PH_DUMMY_01,2026-04-11,R001,291,0,16,0,275,245,-30,46.6,5.9,0,,0,,,virtual_dummy.xlsx,L48_재고수량·잔여일수,2026-10-05T01:15
PH_DUMMY_01,2026-04-11,R002,838,0,77,0,761,741,-20,192.7,3.9,0,,0,,,virtual_dummy.xlsx,L48_재고수량·잔여일수,2026-10-05T01:15
PH_DUMMY_01,2026-04-11,R003,449,0,59,0,390,390,0,100.6,3.9,0,,0,,,virtual_dummy.xlsx,L48_재고수량·잔여일수,2026-10-05T01:15
PH_DUMMY_01,2026-04-11,R004,1368,0,74,0,1294,1314,20,144.6,9,0,,0,,,virtual_dummy.xlsx,L48_재고수량·잔여일수,2026-10-05T01:15
PH_DUMMY_01,2026-04-11,R005,2349,0,229,0,2120,2130,10,372.6,5.7,0,,0,,,virtual_dummy.xlsx,L48_재고수량·잔여일수,2026-10-05T01:15
PH_DUMMY_01,2026-04-11,R006,1484,0,159,0,1325,1325,0,246.6,5.4,0,,0,,,virtual_dummy.xlsx,L48_재고수량·잔여일수,2026-10-05T01:15
PH_DUMMY_01,2026-04-11,R007,2625,0,220,0,2405,2395,-10,383.9,6.3,0,,0,,,virtual_dummy.xlsx,L48_재고수량·잔여일수,2026-10-05T01:15
PH_DUMMY_01,2026-04-11,O001,29,0,0,0,29,29,0,2.6,11.3,0,,0,,,virtual_dummy.xlsx,L48_재고수량·잔여일수,2026-10-05T01:15
PH_DUMMY_01,2026-04-11,O002,11,0,1,0,10,10,0,1.7,5.8,0,,0,,,virtual_dummy.xlsx,L48_재고수량·잔여일수,2026-10-05T01:15
PH_DUMMY_01,2026-04-11,O003,22,0,0,0,22,22,0,1.4,15.4,0,,0,,,virtual_dummy.xlsx,L48_재고수량·잔여일수,2026-10-05T01:15
PH_DUMMY_01,2026-04-11,O004,5,0,0,0,5,5,0,0,,0,,0,,,virtual_dummy.xlsx,L48_재고수량·잔여일수,2026-10-05T01:15
PH_DUMMY_01,2026-04-11,Q001,12,0,3,0,9,9,0,1.1,7.9,0,,0,,,virtual_dummy.xlsx,L48_재고수량·잔여일수,2026-10-05T01:15
PH_DUMMY_01,2026-04-11,Q002,0,2,0,0,2,1,-1,0.3,7,0,,0,,,virtual_dummy.xlsx,L48_재고수량·잔여일수,2026-10-05T01:15
PH_DUMMY_01,2026-04-12,R001,275,0,0,0,275,245,-30,,,0,,0,,,virtual_dummy.xlsx,L48_재고수량·잔여일수,2026-10-05T01:15
PH_DUMMY_01,2026-04-12,R002,761,0,0,0,761,741,-20,,,0,,0,,,virtual_dummy.xlsx,L48_재고수량·잔여일수,2026-10-05T01:15
PH_DUMMY_01,2026-04-12,R003,390,0,0,0,390,390,0,,,0,,0,,,virtual_dummy.xlsx,L48_재고수량·잔여일수,2026-10-05T01:15
PH_DUMMY_01,2026-04-12,R004,1294,0,0,0,1294,1314,20,,,0,,0,,,virtual_dummy.xlsx,L48_재고수량·잔여일수,2026-10-05T01:15
PH_DUMMY_01,2026-04-12,R005,2120,0,0,0,2120,2130,10,,,0,,0,,,virtual_dummy.xlsx,L48_재고수량·잔여일수,2026-10-05T01:15
PH_DUMMY_01,2026-04-12,R006,1325,0,0,0,1325,1325,0,,,0,,0,,,virtual_dummy.xlsx,L48_재고수량·잔여일수,2026-10-05T01:15
PH_DUMMY_01,2026-04-12,R007,2405,0,0,0,2405,2395,-10,,,0,,0,,,virtual_dummy.xlsx,L48_재고수량·잔여일수,2026-10-05T01:15
PH_DUMMY_01,2026-04-12,O001,29,0,0,0,29,29,0,,,0,,0,,,virtual_dummy.xlsx,L48_재고수량·잔여일수,2026-10-05T01:15
PH_DUMMY_01,2026-04-12,O002,10,0,0,0,10,10,0,,,0,,0,,,virtual_dummy.xlsx,L48_재고수량·잔여일수,2026-10-05T01:15
PH_DUMMY_01,2026-04-12,O003,22,0,0,0,22,22,0,,,0,,0,,,virtual_dummy.xlsx,L48_재고수량·잔여일수,2026-10-05T01:15
PH_DUMMY_01,2026-04-12,O004,5,0,0,0,5,5,0,,,0,,0,,,virtual_dummy.xlsx,L48_재고수량·잔여일수,2026-10-05T01:15
PH_DUMMY_01,2026-04-12,Q001,9,0,0,0,9,9,0,,,0,,0,,,virtual_dummy.xlsx,L48_재고수량·잔여일수,2026-10-05T01:15
PH_DUMMY_01,2026-04-12,Q002,2,0,0,0,2,1,-1,,,0,,0,,,virtual_dummy.xlsx,L48_재고수량·잔여일수,2026-10-05T01:15
PH_DUMMY_01,2026-04-13,R001,275,0,39,0,236,206,-30,51.7,4.6,200,정기(주간),200,,,virtual_dummy.xlsx,L48_재고수량·잔여일수,2026-10-05T01:15
PH_DUMMY_01,2026-04-13,R002,761,0,161,0,600,580,-20,200.7,3,900,정기(주간),900,,,virtual_dummy.xlsx,L48_재고수량·잔여일수,2026-10-05T01:15
PH_DUMMY_01,2026-04-13,R003,390,0,101,0,289,289,0,111.3,2.6,500,정기(주간),500,,,virtual_dummy.xlsx,L48_재고수량·잔여일수,2026-10-05T01:15
PH_DUMMY_01,2026-04-13,R004,1294,0,212,0,1082,1102,20,163.9,6.6,500,정기(주간),500,,,virtual_dummy.xlsx,L48_재고수량·잔여일수,2026-10-05T01:15
PH_DUMMY_01,2026-04-13,R005,2120,0,378,0,1742,1752,10,394.1,4.4,2000,정기(주간),2000,,,virtual_dummy.xlsx,L48_재고수량·잔여일수,2026-10-05T01:15
PH_DUMMY_01,2026-04-13,R006,1325,0,261,0,1064,1064,0,260.7,4.1,900,정기(주간),900,,,virtual_dummy.xlsx,L48_재고수량·잔여일수,2026-10-05T01:15
PH_DUMMY_01,2026-04-13,R007,2405,0,326,0,2079,2089,10,359,5.8,1500,정기(주간),1500,,,virtual_dummy.xlsx,L48_재고수량·잔여일수,2026-10-05T01:15
PH_DUMMY_01,2026-04-13,O001,29,0,2,0,27,25,-2,2.7,9.9,10,정기(주간),10,,,virtual_dummy.xlsx,L48_재고수량·잔여일수,2026-10-05T01:15
PH_DUMMY_01,2026-04-13,O002,10,0,2,0,8,8,0,2,4,20,정기(주간),20,,,virtual_dummy.xlsx,L48_재고수량·잔여일수,2026-10-05T01:15
PH_DUMMY_01,2026-04-13,O003,22,0,3,0,19,19,0,1.7,11.1,10,정기(주간),10,,,virtual_dummy.xlsx,L48_재고수량·잔여일수,2026-10-05T01:15
PH_DUMMY_01,2026-04-13,O004,5,0,0,0,5,5,0,0,,0,,0,,,virtual_dummy.xlsx,L48_재고수량·잔여일수,2026-10-05T01:15
PH_DUMMY_01,2026-04-13,Q001,9,0,4,0,5,5,0,1.6,3.2,10,정기(주간),10,,,virtual_dummy.xlsx,L48_재고수량·잔여일수,2026-10-05T01:15
PH_DUMMY_01,2026-04-13,Q002,2,0,1,0,1,0,-1,0.4,2.3,2,정기(주간),2,,,virtual_dummy.xlsx,L48_재고수량·잔여일수,2026-10-05T01:15
PH_DUMMY_01,2026-04-14,R001,236,200,52,0,384,354,-30,42.3,9.1,0,,0,,,virtual_dummy.xlsx,L48_재고수량·잔여일수,2026-10-05T01:15
PH_DUMMY_01,2026-04-14,R002,600,900,101,0,1399,1379,-20,156.9,8.9,0,,0,,,virtual_dummy.xlsx,L48_재고수량·잔여일수,2026-10-05T01:15
PH_DUMMY_01,2026-04-14,R003,289,500,31,0,758,758,0,70.1,10.8,0,,0,,,virtual_dummy.xlsx,L48_재고수량·잔여일수,2026-10-05T01:15
PH_DUMMY_01,2026-04-14,R004,1082,500,180,0,1402,1422,20,109.9,12.8,0,,0,,,virtual_dummy.xlsx,L48_재고수량·잔여일수,2026-10-05T01:15
PH_DUMMY_01,2026-04-14,R005,1742,2000,486,0,3256,3266,10,376,8.7,0,,0,,,virtual_dummy.xlsx,L48_재고수량·잔여일수,2026-10-05T01:15
PH_DUMMY_01,2026-04-14,R006,1064,900,275,0,1689,1669,-20,226,7.5,0,,0,,,virtual_dummy.xlsx,L48_재고수량·잔여일수,2026-10-05T01:15
PH_DUMMY_01,2026-04-14,R007,2079,1500,588,0,2991,3001,10,382,7.8,0,,0,,,virtual_dummy.xlsx,L48_재고수량·잔여일수,2026-10-05T01:15
PH_DUMMY_01,2026-04-14,O001,27,10,4,0,33,31,-2,2.9,11.5,0,,0,,,virtual_dummy.xlsx,L48_재고수량·잔여일수,2026-10-05T01:15
PH_DUMMY_01,2026-04-14,O002,8,20,4,0,24,24,0,2.6,9.3,0,,0,,,virtual_dummy.xlsx,L48_재고수량·잔여일수,2026-10-05T01:15
PH_DUMMY_01,2026-04-14,O003,19,10,5,0,24,24,0,2.3,10.5,0,,0,,,virtual_dummy.xlsx,L48_재고수량·잔여일수,2026-10-05T01:15
PH_DUMMY_01,2026-04-14,O004,5,0,2,0,3,3,0,0.3,10.5,0,,0,,,virtual_dummy.xlsx,L48_재고수량·잔여일수,2026-10-05T01:15
PH_DUMMY_01,2026-04-14,Q001,5,10,0,0,15,15,0,1.6,9.5,0,,0,,,virtual_dummy.xlsx,L48_재고수량·잔여일수,2026-10-05T01:15
PH_DUMMY_01,2026-04-14,Q002,1,2,0,0,3,0,-3,0.4,7,0,,0,,,virtual_dummy.xlsx,L48_재고수량·잔여일수,2026-10-05T01:15
PH_DUMMY_01,2026-04-15,R001,384,0,40,0,344,314,-30,42.9,8,0,,0,,,virtual_dummy.xlsx,L48_재고수량·잔여일수,2026-10-05T01:15
PH_DUMMY_01,2026-04-15,R002,1399,0,90,0,1309,1279,-30,146.1,9,0,,0,,,virtual_dummy.xlsx,L48_재고수량·잔여일수,2026-10-05T01:15
PH_DUMMY_01,2026-04-15,R003,758,0,15,0,743,753,10,55.9,13.3,0,,0,,,virtual_dummy.xlsx,L48_재고수량·잔여일수,2026-10-05T01:15
PH_DUMMY_01,2026-04-15,R004,1402,0,157,0,1245,1265,20,124,10,0,,0,,,virtual_dummy.xlsx,L48_재고수량·잔여일수,2026-10-05T01:15
PH_DUMMY_01,2026-04-15,R005,3256,0,832,0,2424,2434,10,445.9,5.4,0,,0,,,virtual_dummy.xlsx,L48_재고수량·잔여일수,2026-10-05T01:15
PH_DUMMY_01,2026-04-15,R006,1689,0,349,0,1340,1330,-10,237.9,5.6,0,,0,,,virtual_dummy.xlsx,L48_재고수량·잔여일수,2026-10-05T01:15
PH_DUMMY_01,2026-04-15,R007,2991,0,540,0,2451,2461,10,385.6,6.4,0,,0,,,virtual_dummy.xlsx,L48_재고수량·잔여일수,2026-10-05T01:15
PH_DUMMY_01,2026-04-15,O001,33,0,3,0,30,28,-2,2.6,11.7,0,,0,,,virtual_dummy.xlsx,L48_재고수량·잔여일수,2026-10-05T01:15
PH_DUMMY_01,2026-04-15,O002,24,0,4,0,20,20,0,3,6.7,0,,0,,,virtual_dummy.xlsx,L48_재고수량·잔여일수,2026-10-05T01:15
PH_DUMMY_01,2026-04-15,O003,24,0,3,0,21,21,0,2.4,8.6,0,,0,,,virtual_dummy.xlsx,L48_재고수량·잔여일수,2026-10-05T01:15
PH_DUMMY_01,2026-04-15,O004,3,0,3,0,0,0,0,0.7,0,2,긴급,2,,,virtual_dummy.xlsx,L48_재고수량·잔여일수,2026-10-05T01:15
PH_DUMMY_01,2026-04-15,Q001,15,0,2,0,13,13,0,1.9,7,0,,0,,,virtual_dummy.xlsx,L48_재고수량·잔여일수,2026-10-05T01:15
PH_DUMMY_01,2026-04-15,Q002,3,0,0,0,3,0,-3,0.4,7,0,,0,,,virtual_dummy.xlsx,L48_재고수량·잔여일수,2026-10-05T01:15
PH_DUMMY_01,2026-04-16,R001,344,0,57,0,287,257,-30,40.9,7,0,,0,,,virtual_dummy.xlsx,L48_재고수량·잔여일수,2026-10-05T01:15
PH_DUMMY_01,2026-04-16,R002,1309,0,122,0,1187,1157,-30,138,8.6,0,,0,,,virtual_dummy.xlsx,L48_재고수량·잔여일수,2026-10-05T01:15
PH_DUMMY_01,2026-04-16,R003,743,0,117,0,626,636,10,67.1,9.3,0,,0,,,virtual_dummy.xlsx,L48_재고수량·잔여일수,2026-10-05T01:15
PH_DUMMY_01,2026-04-16,R004,1245,0,135,0,1110,1130,20,134.6,8.2,0,,0,,,virtual_dummy.xlsx,L48_재고수량·잔여일수,2026-10-05T01:15
PH_DUMMY_01,2026-04-16,R005,2424,0,122,0,2302,2312,10,350.6,6.6,0,,0,,,virtual_dummy.xlsx,L48_재고수량·잔여일수,2026-10-05T01:15
PH_DUMMY_01,2026-04-16,R006,1340,0,94,0,1246,1236,-10,205.1,6.1,0,,0,,,virtual_dummy.xlsx,L48_재고수량·잔여일수,2026-10-05T01:15
PH_DUMMY_01,2026-04-16,R007,2451,0,681,0,1770,1780,10,431.6,4.1,0,,0,,,virtual_dummy.xlsx,L48_재고수량·잔여일수,2026-10-05T01:15
PH_DUMMY_01,2026-04-16,O001,30,0,2,0,28,26,-2,2.7,10.3,0,,0,,,virtual_dummy.xlsx,L48_재고수량·잔여일수,2026-10-05T01:15
PH_DUMMY_01,2026-04-16,O002,20,0,3,0,17,17,0,3,5.7,0,,0,,,virtual_dummy.xlsx,L48_재고수량·잔여일수,2026-10-05T01:15
PH_DUMMY_01,2026-04-16,O003,21,0,1,0,20,20,0,2.1,9.3,0,,0,,,virtual_dummy.xlsx,L48_재고수량·잔여일수,2026-10-05T01:15
PH_DUMMY_01,2026-04-16,O004,0,2,1,0,1,0,-1,0.9,1.2,2,긴급,2,,,virtual_dummy.xlsx,L48_재고수량·잔여일수,2026-10-05T01:15
PH_DUMMY_01,2026-04-16,Q001,13,0,1,0,12,12,0,2,6,0,,0,,,virtual_dummy.xlsx,L48_재고수량·잔여일수,2026-10-05T01:15
PH_DUMMY_01,2026-04-16,Q002,3,0,0,0,3,0,-3,0.4,7,0,,0,,,virtual_dummy.xlsx,L48_재고수량·잔여일수,2026-10-05T01:15
PH_DUMMY_01,2026-04-17,R001,287,0,64,0,223,193,-30,45.3,4.9,0,,0,,,virtual_dummy.xlsx,L48_재고수량·잔여일수,2026-10-05T01:15
PH_DUMMY_01,2026-04-17,R002,1187,0,207,0,980,950,-30,127.7,7.7,0,,0,,,virtual_dummy.xlsx,L48_재고수량·잔여일수,2026-10-05T01:15
PH_DUMMY_01,2026-04-17,R003,626,0,65,0,561,571,10,64.7,8.7,0,,0,,,virtual_dummy.xlsx,L48_재고수량·잔여일수,2026-10-05T01:15
PH_DUMMY_01,2026-04-17,R004,1110,0,83,0,1027,1047,20,133.1,7.7,0,,0,,,virtual_dummy.xlsx,L48_재고수량·잔여일수,2026-10-05T01:15
PH_DUMMY_01,2026-04-17,R005,2302,0,542,0,1760,1770,10,405.7,4.3,0,,0,,,virtual_dummy.xlsx,L48_재고수량·잔여일수,2026-10-05T01:15
PH_DUMMY_01,2026-04-17,R006,1246,0,314,0,932,922,-10,222.1,4.2,0,,0,,,virtual_dummy.xlsx,L48_재고수량·잔여일수,2026-10-05T01:15
PH_DUMMY_01,2026-04-17,R007,1770,0,403,0,1367,1377,10,442,3.1,0,,0,,,virtual_dummy.xlsx,L48_재고수량·잔여일수,2026-10-05T01:15
PH_DUMMY_01,2026-04-17,O001,28,0,4,0,24,22,-2,2.6,9.3,0,,0,,,virtual_dummy.xlsx,L48_재고수량·잔여일수,2026-10-05T01:15
PH_DUMMY_01,2026-04-17,O002,17,0,4,0,13,13,0,3.1,4.1,0,,0,,,virtual_dummy.xlsx,L48_재고수량·잔여일수,2026-10-05T01:15
PH_DUMMY_01,2026-04-17,O003,20,0,2,0,18,18,0,2.1,8.4,0,,0,,,virtual_dummy.xlsx,L48_재고수량·잔여일수,2026-10-05T01:15
PH_DUMMY_01,2026-04-17,O004,1,2,0,0,3,2,-1,0.9,3.5,0,,0,,,virtual_dummy.xlsx,L48_재고수량·잔여일수,2026-10-05T01:15
PH_DUMMY_01,2026-04-17,Q001,12,0,1,0,11,11,0,1.6,7,0,,0,,,virtual_dummy.xlsx,L48_재고수량·잔여일수,2026-10-05T01:15
PH_DUMMY_01,2026-04-17,Q002,3,0,1,0,2,2,0,0.4,4.7,0,,0,,,virtual_dummy.xlsx,L48_재고수량·잔여일수,2026-10-05T01:15
PH_DUMMY_01,2026-04-18,R001,223,0,72,0,151,121,-30,48.6,3.1,0,,0,,,virtual_dummy.xlsx,L48_재고수량·잔여일수,2026-10-05T01:15
PH_DUMMY_01,2026-04-18,R002,980,0,300,0,680,650,-30,151.1,4.5,0,,0,,,virtual_dummy.xlsx,L48_재고수량·잔여일수,2026-10-05T01:15
PH_DUMMY_01,2026-04-18,R003,561,0,49,0,512,522,10,62.4,8.2,0,,0,,,virtual_dummy.xlsx,L48_재고수량·잔여일수,2026-10-05T01:15
PH_DUMMY_01,2026-04-18,R004,1027,0,65,0,962,982,20,129.4,7.4,0,,0,,,virtual_dummy.xlsx,L48_재고수량·잔여일수,2026-10-05T01:15
PH_DUMMY_01,2026-04-18,R005,1760,0,569,0,1191,1201,10,451.1,2.6,0,,0,,,virtual_dummy.xlsx,L48_재고수량·잔여일수,2026-10-05T01:15
PH_DUMMY_01,2026-04-18,R006,932,0,146,0,786,776,-10,228.3,3.4,0,,0,,,virtual_dummy.xlsx,L48_재고수량·잔여일수,2026-10-05T01:15
PH_DUMMY_01,2026-04-18,R007,1367,0,490,0,877,887,10,464,1.9,0,,0,,,virtual_dummy.xlsx,L48_재고수량·잔여일수,2026-10-05T01:15
PH_DUMMY_01,2026-04-18,O001,24,0,2,0,22,20,-2,2.4,9.1,0,,0,,,virtual_dummy.xlsx,L48_재고수량·잔여일수,2026-10-05T01:15
PH_DUMMY_01,2026-04-18,O002,13,0,1,0,12,12,0,2.7,4.4,0,,0,,,virtual_dummy.xlsx,L48_재고수량·잔여일수,2026-10-05T01:15
PH_DUMMY_01,2026-04-18,O003,18,0,2,0,16,16,0,2.3,7,0,,0,,,virtual_dummy.xlsx,L48_재고수량·잔여일수,2026-10-05T01:15
PH_DUMMY_01,2026-04-18,O004,3,0,0,0,3,2,-1,0.9,3.5,0,,0,,,virtual_dummy.xlsx,L48_재고수량·잔여일수,2026-10-05T01:15
PH_DUMMY_01,2026-04-18,Q001,11,0,2,0,9,9,0,1.9,4.8,0,,0,,,virtual_dummy.xlsx,L48_재고수량·잔여일수,2026-10-05T01:15
PH_DUMMY_01,2026-04-18,Q002,2,0,0,0,2,2,0,0.3,7,0,,0,,,virtual_dummy.xlsx,L48_재고수량·잔여일수,2026-10-05T01:15
PH_DUMMY_01,2026-04-19,R001,151,0,0,0,151,121,-30,,,0,,0,,,virtual_dummy.xlsx,L48_재고수량·잔여일수,2026-10-05T01:15
PH_DUMMY_01,2026-04-19,R002,680,0,0,0,680,650,-30,,,0,,0,,,virtual_dummy.xlsx,L48_재고수량·잔여일수,2026-10-05T01:15
PH_DUMMY_01,2026-04-19,R003,512,0,0,0,512,522,10,,,0,,0,,,virtual_dummy.xlsx,L48_재고수량·잔여일수,2026-10-05T01:15
PH_DUMMY_01,2026-04-19,R004,962,0,0,0,962,982,20,,,0,,0,,,virtual_dummy.xlsx,L48_재고수량·잔여일수,2026-10-05T01:15
PH_DUMMY_01,2026-04-19,R005,1191,0,0,0,1191,1201,10,,,0,,0,,,virtual_dummy.xlsx,L48_재고수량·잔여일수,2026-10-05T01:15
PH_DUMMY_01,2026-04-19,R006,786,0,0,0,786,776,-10,,,0,,0,,,virtual_dummy.xlsx,L48_재고수량·잔여일수,2026-10-05T01:15
PH_DUMMY_01,2026-04-19,R007,877,0,0,0,877,887,10,,,0,,0,,,virtual_dummy.xlsx,L48_재고수량·잔여일수,2026-10-05T01:15
PH_DUMMY_01,2026-04-19,O001,22,0,0,0,22,20,-2,,,0,,0,,,virtual_dummy.xlsx,L48_재고수량·잔여일수,2026-10-05T01:15
PH_DUMMY_01,2026-04-19,O002,12,0,0,0,12,12,0,,,0,,0,,,virtual_dummy.xlsx,L48_재고수량·잔여일수,2026-10-05T01:15
PH_DUMMY_01,2026-04-19,O003,16,0,0,0,16,16,0,,,0,,0,,,virtual_dummy.xlsx,L48_재고수량·잔여일수,2026-10-05T01:15
PH_DUMMY_01,2026-04-19,O004,3,0,0,0,3,2,-1,,,0,,0,,,virtual_dummy.xlsx,L48_재고수량·잔여일수,2026-10-05T01:15
PH_DUMMY_01,2026-04-19,Q001,9,0,0,0,9,9,0,,,0,,0,,,virtual_dummy.xlsx,L48_재고수량·잔여일수,2026-10-05T01:15
PH_DUMMY_01,2026-04-19,Q002,2,0,0,0,2,2,0,,,0,,0,,,virtual_dummy.xlsx,L48_재고수량·잔여일수,2026-10-05T01:15
PH_DUMMY_01,2026-04-20,R001,151,0,103,0,48,18,-30,61,0.8,400,정기(주간),400,,,virtual_dummy.xlsx,L48_재고수량·잔여일수,2026-10-05T01:15
PH_DUMMY_01,2026-04-20,R002,680,0,272,0,408,378,-30,179,2.3,1200,정기(주간),1200,,,virtual_dummy.xlsx,L48_재고수량·잔여일수,2026-10-05T01:15
PH_DUMMY_01,2026-04-20,R003,512,0,167,0,345,355,10,77.9,4.4,400,정기(주간),400,,,virtual_dummy.xlsx,L48_재고수량·잔여일수,2026-10-05T01:15
PH_DUMMY_01,2026-04-20,R004,962,0,257,0,705,725,20,155.6,4.5,500,정기(주간),500,,,virtual_dummy.xlsx,L48_재고수량·잔여일수,2026-10-05T01:15
PH_DUMMY_01,2026-04-20,R005,1191,0,138,0,1053,1053,0,438.1,2.4,2500,정기(주간),2500,,,virtual_dummy.xlsx,L48_재고수량·잔여일수,2026-10-05T01:15
PH_DUMMY_01,2026-04-20,R006,786,0,41,0,745,735,-10,211.4,3.5,1200,정기(주간),1200,,,virtual_dummy.xlsx,L48_재고수량·잔여일수,2026-10-05T01:15
PH_DUMMY_01,2026-04-20,R007,877,0,246,0,631,641,10,467.7,1.3,3000,정기(주간),3000,,,virtual_dummy.xlsx,L48_재고수량·잔여일수,2026-10-05T01:15
PH_DUMMY_01,2026-04-20,O001,22,0,1,0,21,19,-2,2.6,8.2,10,정기(주간),10,,,virtual_dummy.xlsx,L48_재고수량·잔여일수,2026-10-05T01:15
PH_DUMMY_01,2026-04-20,O002,12,0,2,0,10,10,0,2.9,3.5,20,정기(주간),20,,,virtual_dummy.xlsx,L48_재고수량·잔여일수,2026-10-05T01:15
PH_DUMMY_01,2026-04-20,O003,16,0,1,0,15,15,0,2.4,6.2,10,정기(주간),10,,,virtual_dummy.xlsx,L48_재고수량·잔여일수,2026-10-05T01:15
PH_DUMMY_01,2026-04-20,O004,3,0,1,0,2,1,-1,1,2,4,정기(주간),4,,,virtual_dummy.xlsx,L48_재고수량·잔여일수,2026-10-05T01:15
PH_DUMMY_01,2026-04-20,Q001,9,0,4,0,5,5,0,2,2.5,10,정기(주간),10,,,virtual_dummy.xlsx,L48_재고수량·잔여일수,2026-10-05T01:15
PH_DUMMY_01,2026-04-20,Q002,2,0,0,0,2,2,0,0.3,7,2,정기(주간),2,,,virtual_dummy.xlsx,L48_재고수량·잔여일수,2026-10-05T01:15
PH_DUMMY_01,2026-04-21,R001,48,400,49,0,399,369,-30,62.4,6.4,0,,0,,,virtual_dummy.xlsx,L48_재고수량·잔여일수,2026-10-05T01:15
PH_DUMMY_01,2026-04-21,R002,408,1200,131,0,1477,1477,0,174.7,8.5,0,,0,,,virtual_dummy.xlsx,L48_재고수량·잔여일수,2026-10-05T01:15
PH_DUMMY_01,2026-04-21,R003,345,400,74,0,671,701,30,74,9.1,0,,0,,,virtual_dummy.xlsx,L48_재고수량·잔여일수,2026-10-05T01:15
PH_DUMMY_01,2026-04-21,R004,705,500,370,0,835,865,30,178.1,4.7,0,,0,,,virtual_dummy.xlsx,L48_재고수량·잔여일수,2026-10-05T01:15
PH_DUMMY_01,2026-04-21,R005,1053,2500,411,0,3142,3142,0,442.9,7.1,0,,0,,,virtual_dummy.xlsx,L48_재고수량·잔여일수,2026-10-05T01:15
PH_DUMMY_01,2026-04-21,R006,745,1200,275,0,1670,1660,-10,213.4,7.8,0,,0,,,virtual_dummy.xlsx,L48_재고수량·잔여일수,2026-10-05T01:15
PH_DUMMY_01,2026-04-21,R007,631,3000,1212,0,2419,2429,10,594.3,4.1,0,,0,,,virtual_dummy.xlsx,L48_재고수량·잔여일수,2026-10-05T01:15
PH_DUMMY_01,2026-04-21,O001,21,10,4,0,27,25,-2,2.9,9.4,0,,0,,,virtual_dummy.xlsx,L48_재고수량·잔여일수,2026-10-05T01:15
PH_DUMMY_01,2026-04-21,O002,10,20,5,0,25,25,0,3.3,7.6,0,,0,,,virtual_dummy.xlsx,L48_재고수량·잔여일수,2026-10-05T01:15
PH_DUMMY_01,2026-04-21,O003,15,10,3,0,22,22,0,2.4,9.1,0,,0,,,virtual_dummy.xlsx,L48_재고수량·잔여일수,2026-10-05T01:15
PH_DUMMY_01,2026-04-21,O004,2,4,0,0,6,5,-1,1,6,0,,0,,,virtual_dummy.xlsx,L48_재고수량·잔여일수,2026-10-05T01:15
PH_DUMMY_01,2026-04-21,Q001,5,10,3,0,12,12,0,1.9,6.5,0,,0,,,virtual_dummy.xlsx,L48_재고수량·잔여일수,2026-10-05T01:15
PH_DUMMY_01,2026-04-21,Q002,2,2,0,0,4,4,0,0.1,28,0,,0,,,virtual_dummy.xlsx,L48_재고수량·잔여일수,2026-10-05T01:15
PH_DUMMY_01,2026-04-22,R001,399,0,42,0,357,327,-30,61,5.9,0,,0,,,virtual_dummy.xlsx,L48_재고수량·잔여일수,2026-10-05T01:15
PH_DUMMY_01,2026-04-22,R002,1477,0,136,0,1341,1341,0,179.7,7.5,0,,0,,,virtual_dummy.xlsx,L48_재고수량·잔여일수,2026-10-05T01:15
PH_DUMMY_01,2026-04-22,R003,671,0,30,0,641,671,30,73.9,8.7,0,,0,,,virtual_dummy.xlsx,L48_재고수량·잔여일수,2026-10-05T01:15
PH_DUMMY_01,2026-04-22,R004,835,0,0,0,835,885,50,152.4,5.5,0,,0,,,virtual_dummy.xlsx,L48_재고수량·잔여일수,2026-10-05T01:15
PH_DUMMY_01,2026-04-22,R005,3142,0,259,0,2883,2883,0,410.4,7,0,,0,,,virtual_dummy.xlsx,L48_재고수량·잔여일수,2026-10-05T01:15
PH_DUMMY_01,2026-04-22,R006,1670,0,293,0,1377,1367,-10,216,6.4,0,,0,,,virtual_dummy.xlsx,L48_재고수량·잔여일수,2026-10-05T01:15
PH_DUMMY_01,2026-04-22,R007,2419,0,505,0,1914,1924,10,582.4,3.3,0,,0,,,virtual_dummy.xlsx,L48_재고수량·잔여일수,2026-10-05T01:15
PH_DUMMY_01,2026-04-22,O001,27,0,1,0,26,24,-2,2.4,10.7,0,,0,,,virtual_dummy.xlsx,L48_재고수량·잔여일수,2026-10-05T01:15
PH_DUMMY_01,2026-04-22,O002,25,0,2,0,23,23,0,3,7.7,0,,0,,,virtual_dummy.xlsx,L48_재고수량·잔여일수,2026-10-05T01:15
PH_DUMMY_01,2026-04-22,O003,22,0,1,0,21,21,0,1.9,11.3,0,,0,,,virtual_dummy.xlsx,L48_재고수량·잔여일수,2026-10-05T01:15
PH_DUMMY_01,2026-04-22,O004,6,0,1,0,5,4,-1,0.9,5.8,0,,0,,,virtual_dummy.xlsx,L48_재고수량·잔여일수,2026-10-05T01:15
PH_DUMMY_01,2026-04-22,Q001,12,0,0,0,12,12,0,1.9,6.5,0,,0,,,virtual_dummy.xlsx,L48_재고수량·잔여일수,2026-10-05T01:15
PH_DUMMY_01,2026-04-22,Q002,4,0,1,0,3,3,0,0.3,10.5,0,,0,,,virtual_dummy.xlsx,L48_재고수량·잔여일수,2026-10-05T01:15
PH_DUMMY_01,2026-04-23,R001,357,0,71,0,286,256,-30,65.4,4.4,0,,0,,,virtual_dummy.xlsx,L48_재고수량·잔여일수,2026-10-05T01:15
PH_DUMMY_01,2026-04-23,R002,1341,0,141,0,1200,1200,0,187,6.4,0,,0,,,virtual_dummy.xlsx,L48_재고수량·잔여일수,2026-10-05T01:15
PH_DUMMY_01,2026-04-23,R003,641,0,62,0,579,609,30,80.6,7.2,0,,0,,,virtual_dummy.xlsx,L48_재고수량·잔여일수,2026-10-05T01:15
PH_DUMMY_01,2026-04-23,R004,835,0,82,0,753,803,50,141.7,5.3,0,,0,,,virtual_dummy.xlsx,L48_재고수량·잔여일수,2026-10-05T01:15
PH_DUMMY_01,2026-04-23,R005,2883,0,483,0,2400,2400,0,360.6,6.7,0,,0,,,virtual_dummy.xlsx,L48_재고수량·잔여일수,2026-10-05T01:15
PH_DUMMY_01,2026-04-23,R006,1377,0,92,0,1285,1275,-10,179.3,7.2,0,,0,,,virtual_dummy.xlsx,L48_재고수량·잔여일수,2026-10-05T01:15
PH_DUMMY_01,2026-04-23,R007,1914,0,288,0,1626,1636,10,546.4,3,0,,0,,,virtual_dummy.xlsx,L48_재고수량·잔여일수,2026-10-05T01:15
PH_DUMMY_01,2026-04-23,O001,26,0,0,0,26,24,-2,2,13,0,,0,,,virtual_dummy.xlsx,L48_재고수량·잔여일수,2026-10-05T01:15
PH_DUMMY_01,2026-04-23,O002,23,0,2,0,21,21,0,2.7,7.7,0,,0,,,virtual_dummy.xlsx,L48_재고수량·잔여일수,2026-10-05T01:15
PH_DUMMY_01,2026-04-23,O003,21,0,0,0,21,21,0,1.4,14.7,0,,0,,,virtual_dummy.xlsx,L48_재고수량·잔여일수,2026-10-05T01:15
PH_DUMMY_01,2026-04-23,O004,5,0,0,0,5,6,1,0.4,11.7,0,,0,,,virtual_dummy.xlsx,L48_재고수량·잔여일수,2026-10-05T01:15
PH_DUMMY_01,2026-04-23,Q001,12,0,0,0,12,12,0,1.6,7.6,0,,0,,,virtual_dummy.xlsx,L48_재고수량·잔여일수,2026-10-05T01:15
PH_DUMMY_01,2026-04-23,Q002,3,0,0,0,3,3,0,0.3,10.5,0,,0,,,virtual_dummy.xlsx,L48_재고수량·잔여일수,2026-10-05T01:15
PH_DUMMY_01,2026-04-24,R001,286,0,29,0,257,227,-30,61.4,4.2,0,,0,,,virtual_dummy.xlsx,L48_재고수량·잔여일수,2026-10-05T01:15
PH_DUMMY_01,2026-04-24,R002,1200,0,154,0,1046,1036,-10,191.6,5.5,0,,0,,,virtual_dummy.xlsx,L48_재고수량·잔여일수,2026-10-05T01:15
PH_DUMMY_01,2026-04-24,R003,579,0,22,0,557,587,30,67,8.3,0,,0,,,virtual_dummy.xlsx,L48_재고수량·잔여일수,2026-10-05T01:15
PH_DUMMY_01,2026-04-24,R004,753,0,187,0,566,616,50,149.1,3.8,0,,0,,,virtual_dummy.xlsx,L48_재고수량·잔여일수,2026-10-05T01:15
PH_DUMMY_01,2026-04-24,R005,2400,0,289,0,2111,2111,0,384.4,5.5,0,,0,,,virtual_dummy.xlsx,L48_재고수량·잔여일수,2026-10-05T01:15
PH_DUMMY_01,2026-04-24,R006,1285,0,200,0,1085,1075,-10,194.4,5.6,0,,0,,,virtual_dummy.xlsx,L48_재고수량·잔여일수,2026-10-05T01:15
PH_DUMMY_01,2026-04-24,R007,1626,0,257,0,1369,1379,10,485.9,2.8,0,,0,,,virtual_dummy.xlsx,L48_재고수량·잔여일수,2026-10-05T01:15
PH_DUMMY_01,2026-04-24,O001,26,0,1,0,25,23,-2,1.9,13.5,0,,0,,,virtual_dummy.xlsx,L48_재고수량·잔여일수,2026-10-05T01:15
PH_DUMMY_01,2026-04-24,O002,21,0,3,0,18,18,0,2.7,6.6,0,,0,,,virtual_dummy.xlsx,L48_재고수량·잔여일수,2026-10-05T01:15
PH_DUMMY_01,2026-04-24,O003,21,0,3,0,18,18,0,1.7,10.5,0,,0,,,virtual_dummy.xlsx,L48_재고수량·잔여일수,2026-10-05T01:15
PH_DUMMY_01,2026-04-24,O004,5,0,0,0,5,6,1,0.3,17.5,0,,0,,,virtual_dummy.xlsx,L48_재고수량·잔여일수,2026-10-05T01:15
PH_DUMMY_01,2026-04-24,Q001,12,0,0,0,12,12,0,1.4,8.4,0,,0,,,virtual_dummy.xlsx,L48_재고수량·잔여일수,2026-10-05T01:15
PH_DUMMY_01,2026-04-24,Q002,3,0,1,0,2,2,0,0.4,4.7,0,,0,,,virtual_dummy.xlsx,L48_재고수량·잔여일수,2026-10-05T01:15
PH_DUMMY_01,2026-04-25,R001,257,0,4,0,253,223,-30,52.9,4.8,0,,0,,,virtual_dummy.xlsx,L48_재고수량·잔여일수,2026-10-05T01:15
PH_DUMMY_01,2026-04-25,R002,1046,0,178,0,868,858,-10,187.4,4.6,0,,0,,,virtual_dummy.xlsx,L48_재고수량·잔여일수,2026-10-05T01:15
PH_DUMMY_01,2026-04-25,R003,557,0,26,0,531,561,30,61.4,8.6,0,,0,,,virtual_dummy.xlsx,L48_재고수량·잔여일수,2026-10-05T01:15
PH_DUMMY_01,2026-04-25,R004,566,0,0,0,566,616,50,137.3,4.1,0,,0,,,virtual_dummy.xlsx,L48_재고수량·잔여일수,2026-10-05T01:15
PH_DUMMY_01,2026-04-25,R005,2111,0,470,0,1641,1641,0,374.1,4.4,0,,0,,,virtual_dummy.xlsx,L48_재고수량·잔여일수,2026-10-05T01:15
PH_DUMMY_01,2026-04-25,R006,1085,0,275,0,810,800,-10,188.9,4.3,0,,0,,,virtual_dummy.xlsx,L48_재고수량·잔여일수,2026-10-05T01:15
PH_DUMMY_01,2026-04-25,R007,1369,0,385,0,984,1004,20,483.3,2,0,,0,,,virtual_dummy.xlsx,L48_재고수량·잔여일수,2026-10-05T01:15
PH_DUMMY_01,2026-04-25,O001,25,0,1,0,24,22,-2,1.4,16.8,0,,0,,,virtual_dummy.xlsx,L48_재고수량·잔여일수,2026-10-05T01:15
PH_DUMMY_01,2026-04-25,O002,18,0,1,0,17,17,0,2.3,7.4,0,,0,,,virtual_dummy.xlsx,L48_재고수량·잔여일수,2026-10-05T01:15
PH_DUMMY_01,2026-04-25,O003,18,0,1,0,17,17,0,1.6,10.8,0,,0,,,virtual_dummy.xlsx,L48_재고수량·잔여일수,2026-10-05T01:15
PH_DUMMY_01,2026-04-25,O004,5,0,1,0,4,5,1,0.4,9.3,0,,0,,,virtual_dummy.xlsx,L48_재고수량·잔여일수,2026-10-05T01:15
PH_DUMMY_01,2026-04-25,Q001,12,0,1,0,11,11,0,1.4,7.7,0,,0,,,virtual_dummy.xlsx,L48_재고수량·잔여일수,2026-10-05T01:15
PH_DUMMY_01,2026-04-25,Q002,2,0,0,0,2,2,0,0.3,7,0,,0,,,virtual_dummy.xlsx,L48_재고수량·잔여일수,2026-10-05T01:15
PH_DUMMY_01,2026-04-26,R001,253,0,0,0,253,223,-30,,,0,,0,,,virtual_dummy.xlsx,L48_재고수량·잔여일수,2026-10-05T01:15
PH_DUMMY_01,2026-04-26,R002,868,0,0,0,868,858,-10,,,0,,0,,,virtual_dummy.xlsx,L48_재고수량·잔여일수,2026-10-05T01:15
PH_DUMMY_01,2026-04-26,R003,531,0,0,0,531,561,30,,,0,,0,,,virtual_dummy.xlsx,L48_재고수량·잔여일수,2026-10-05T01:15
PH_DUMMY_01,2026-04-26,R004,566,0,0,0,566,616,50,,,0,,0,,,virtual_dummy.xlsx,L48_재고수량·잔여일수,2026-10-05T01:15
PH_DUMMY_01,2026-04-26,R005,1641,0,0,0,1641,1641,0,,,0,,0,,,virtual_dummy.xlsx,L48_재고수량·잔여일수,2026-10-05T01:15
PH_DUMMY_01,2026-04-26,R006,810,0,0,0,810,800,-10,,,0,,0,,,virtual_dummy.xlsx,L48_재고수량·잔여일수,2026-10-05T01:15
PH_DUMMY_01,2026-04-26,R007,984,0,0,0,984,1004,20,,,0,,0,,,virtual_dummy.xlsx,L48_재고수량·잔여일수,2026-10-05T01:15
PH_DUMMY_01,2026-04-26,O001,24,0,0,0,24,22,-2,,,0,,0,,,virtual_dummy.xlsx,L48_재고수량·잔여일수,2026-10-05T01:15
PH_DUMMY_01,2026-04-26,O002,17,0,0,0,17,17,0,,,0,,0,,,virtual_dummy.xlsx,L48_재고수량·잔여일수,2026-10-05T01:15
PH_DUMMY_01,2026-04-26,O003,17,0,0,0,17,17,0,,,0,,0,,,virtual_dummy.xlsx,L48_재고수량·잔여일수,2026-10-05T01:15
PH_DUMMY_01,2026-04-26,O004,4,0,0,0,4,5,1,,,0,,0,,,virtual_dummy.xlsx,L48_재고수량·잔여일수,2026-10-05T01:15
PH_DUMMY_01,2026-04-26,Q001,11,0,0,0,11,11,0,,,0,,0,,,virtual_dummy.xlsx,L48_재고수량·잔여일수,2026-10-05T01:15
PH_DUMMY_01,2026-04-26,Q002,2,0,0,0,2,2,0,,,0,,0,,,virtual_dummy.xlsx,L48_재고수량·잔여일수,2026-10-05T01:15
PH_DUMMY_01,2026-04-27,R001,253,0,99,0,154,124,-30,56.7,2.7,300,정기(주간),300,,,virtual_dummy.xlsx,L48_재고수량·잔여일수,2026-10-05T01:15
PH_DUMMY_01,2026-04-27,R002,868,0,277,0,591,601,10,184.1,3.2,900,정기(주간),900,,,virtual_dummy.xlsx,L48_재고수량·잔여일수,2026-10-05T01:15
PH_DUMMY_01,2026-04-27,R003,531,0,67,0,464,494,30,64,7.2,100,정기(주간),100,,,virtual_dummy.xlsx,L48_재고수량·잔여일수,2026-10-05T01:15
PH_DUMMY_01,2026-04-27,R004,566,0,160,0,406,456,50,150.9,2.7,1000,정기(주간),1000,,,virtual_dummy.xlsx,L48_재고수량·잔여일수,2026-10-05T01:15
PH_DUMMY_01,2026-04-27,R005,1641,0,346,0,1295,1295,0,342.3,3.8,2000,정기(주간),2000,,,virtual_dummy.xlsx,L48_재고수량·잔여일수,2026-10-05T01:15
PH_DUMMY_01,2026-04-27,R006,810,0,243,0,567,537,-30,202.7,2.8,1200,정기(주간),1200,,,virtual_dummy.xlsx,L48_재고수량·잔여일수,2026-10-05T01:15
PH_DUMMY_01,2026-04-27,R007,984,0,721,0,263,283,20,516.3,0.5,4000,정기(주간),4000,,,virtual_dummy.xlsx,L48_재고수량·잔여일수,2026-10-05T01:15
PH_DUMMY_01,2026-04-27,O001,24,0,1,0,23,21,-2,1.3,17.9,0,,0,,,virtual_dummy.xlsx,L48_재고수량·잔여일수,2026-10-05T01:15
PH_DUMMY_01,2026-04-27,O002,17,0,0,0,17,17,0,2.1,7.9,10,정기(주간),10,,,virtual_dummy.xlsx,L48_재고수량·잔여일수,2026-10-05T01:15
PH_DUMMY_01,2026-04-27,O003,17,0,0,0,17,17,0,1.3,13.2,0,,0,,,virtual_dummy.xlsx,L48_재고수량·잔여일수,2026-10-05T01:15
PH_DUMMY_01,2026-04-27,O004,4,0,0,0,4,5,1,0.4,9.3,2,정기(주간),2,,,virtual_dummy.xlsx,L48_재고수량·잔여일수,2026-10-05T01:15
PH_DUMMY_01,2026-04-27,Q001,11,0,0,0,11,11,0,1.1,9.6,10,정기(주간),10,,,virtual_dummy.xlsx,L48_재고수량·잔여일수,2026-10-05T01:15
PH_DUMMY_01,2026-04-27,Q002,2,0,1,0,1,1,0,0.4,2.3,4,정기(주간),4,,,virtual_dummy.xlsx,L48_재고수량·잔여일수,2026-10-05T01:15
PH_DUMMY_01,2026-04-28,R001,154,300,57,0,397,387,-10,50.1,7.9,0,,0,,,virtual_dummy.xlsx,L48_재고수량·잔여일수,2026-10-05T01:15
PH_DUMMY_01,2026-04-28,R002,591,900,71,0,1420,1430,10,155.4,9.1,0,,0,,,virtual_dummy.xlsx,L48_재고수량·잔여일수,2026-10-05T01:15
PH_DUMMY_01,2026-04-28,R003,464,100,108,0,456,486,30,55.6,8.2,0,,0,,,virtual_dummy.xlsx,L48_재고수량·잔여일수,2026-10-05T01:15
PH_DUMMY_01,2026-04-28,R004,406,1000,82,0,1324,1374,50,125.9,10.5,0,,0,,,virtual_dummy.xlsx,L48_재고수량·잔여일수,2026-10-05T01:15
PH_DUMMY_01,2026-04-28,R005,1295,2000,520,0,2775,2775,0,396.9,7,0,,0,,,virtual_dummy.xlsx,L48_재고수량·잔여일수,2026-10-05T01:15
PH_DUMMY_01,2026-04-28,R006,567,1200,340,0,1427,1397,-30,245.4,5.8,0,,0,,,virtual_dummy.xlsx,L48_재고수량·잔여일수,2026-10-05T01:15
PH_DUMMY_01,2026-04-28,R007,263,4000,364,0,3899,3939,40,533.1,7.3,0,,0,,,virtual_dummy.xlsx,L48_재고수량·잔여일수,2026-10-05T01:15
PH_DUMMY_01,2026-04-28,O001,23,0,5,0,18,16,-2,1.9,9.7,0,,0,,,virtual_dummy.xlsx,L48_재고수량·잔여일수,2026-10-05T01:15
PH_DUMMY_01,2026-04-28,O002,17,10,3,0,24,24,0,2.3,10.5,0,,0,,,virtual_dummy.xlsx,L48_재고수량·잔여일수,2026-10-05T01:15
PH_DUMMY_01,2026-04-28,O003,17,0,2,0,15,15,0,1.4,10.5,0,,0,,,virtual_dummy.xlsx,L48_재고수량·잔여일수,2026-10-05T01:15
PH_DUMMY_01,2026-04-28,O004,4,2,1,0,5,6,1,0.4,11.7,0,,0,,,virtual_dummy.xlsx,L48_재고수량·잔여일수,2026-10-05T01:15
PH_DUMMY_01,2026-04-28,Q001,11,10,1,0,20,20,0,0.7,28,0,,0,,,virtual_dummy.xlsx,L48_재고수량·잔여일수,2026-10-05T01:15
PH_DUMMY_01,2026-04-28,Q002,1,4,1,0,4,4,0,0.6,7,0,,0,,,virtual_dummy.xlsx,L48_재고수량·잔여일수,2026-10-05T01:15
PH_DUMMY_01,2026-04-29,R001,397,0,37,0,360,360,0,48.4,7.4,0,,0,,,virtual_dummy.xlsx,L48_재고수량·잔여일수,2026-10-05T01:15
PH_DUMMY_01,2026-04-29,R002,1420,0,98,0,1322,1332,10,150.7,8.8,0,,0,,,virtual_dummy.xlsx,L48_재고수량·잔여일수,2026-10-05T01:15
PH_DUMMY_01,2026-04-29,R003,456,0,62,0,394,424,30,53.9,7.3,0,,0,,,virtual_dummy.xlsx,L48_재고수량·잔여일수,2026-10-05T01:15
PH_DUMMY_01,2026-04-29,R004,1324,0,0,0,1324,1374,50,73,18.1,0,,0,,,virtual_dummy.xlsx,L48_재고수량·잔여일수,2026-10-05T01:15
PH_DUMMY_01,2026-04-29,R005,2775,0,407,0,2368,2368,0,396.3,6,0,,0,,,virtual_dummy.xlsx,L48_재고수량·잔여일수,2026-10-05T01:15
PH_DUMMY_01,2026-04-29,R006,1427,0,136,0,1291,1261,-30,225.6,5.7,0,,0,,,virtual_dummy.xlsx,L48_재고수량·잔여일수,2026-10-05T01:15
PH_DUMMY_01,2026-04-29,R007,3899,0,341,0,3558,3598,40,408.7,8.7,0,,0,,,virtual_dummy.xlsx,L48_재고수량·잔여일수,2026-10-05T01:15
PH_DUMMY_01,2026-04-29,O001,18,0,5,0,13,11,-2,2,6.5,0,,0,,,virtual_dummy.xlsx,L48_재고수량·잔여일수,2026-10-05T01:15
PH_DUMMY_01,2026-04-29,O002,24,0,4,0,20,20,0,2.1,9.3,0,,0,,,virtual_dummy.xlsx,L48_재고수량·잔여일수,2026-10-05T01:15
PH_DUMMY_01,2026-04-29,O003,15,0,3,0,12,12,0,1.4,8.4,0,,0,,,virtual_dummy.xlsx,L48_재고수량·잔여일수,2026-10-05T01:15
PH_DUMMY_01,2026-04-29,O004,5,0,1,0,4,5,1,0.6,7,0,,0,,,virtual_dummy.xlsx,L48_재고수량·잔여일수,2026-10-05T01:15
PH_DUMMY_01,2026-04-29,Q001,20,0,0,0,20,20,0,0.3,70,0,,0,,,virtual_dummy.xlsx,L48_재고수량·잔여일수,2026-10-05T01:15
PH_DUMMY_01,2026-04-29,Q002,4,0,0,0,4,4,0,0.6,7,0,,0,,,virtual_dummy.xlsx,L48_재고수량·잔여일수,2026-10-05T01:15
PH_DUMMY_01,2026-04-30,R001,360,0,86,0,274,274,0,54.7,5,0,,0,Y,,virtual_dummy.xlsx,L48_재고수량·잔여일수,2026-10-05T01:15
PH_DUMMY_01,2026-04-30,R002,1322,0,99,0,1223,1223,0,145.4,8.4,0,,0,Y,,virtual_dummy.xlsx,L48_재고수량·잔여일수,2026-10-05T01:15
PH_DUMMY_01,2026-04-30,R003,394,0,57,0,337,337,0,57.7,5.8,0,,0,Y,,virtual_dummy.xlsx,L48_재고수량·잔여일수,2026-10-05T01:15
PH_DUMMY_01,2026-04-30,R004,1324,0,311,0,1013,1013,0,117.4,8.6,0,,0,Y,,virtual_dummy.xlsx,L48_재고수량·잔여일수,2026-10-05T01:15
PH_DUMMY_01,2026-04-30,R005,2368,0,228,0,2140,2140,0,391.9,5.5,0,,0,Y,,virtual_dummy.xlsx,L48_재고수량·잔여일수,2026-10-05T01:15
PH_DUMMY_01,2026-04-30,R006,1291,0,102,0,1189,1189,0,198.3,6,0,,0,Y,,virtual_dummy.xlsx,L48_재고수량·잔여일수,2026-10-05T01:15
PH_DUMMY_01,2026-04-30,R007,3558,0,348,0,3210,3210,0,386.3,8.3,0,,0,Y,,virtual_dummy.xlsx,L48_재고수량·잔여일수,2026-10-05T01:15
PH_DUMMY_01,2026-04-30,O001,13,0,3,0,10,10,0,2.3,4.4,0,,0,Y,,virtual_dummy.xlsx,L48_재고수량·잔여일수,2026-10-05T01:15
PH_DUMMY_01,2026-04-30,O002,20,0,2,0,18,18,0,2.1,8.4,0,,0,Y,,virtual_dummy.xlsx,L48_재고수량·잔여일수,2026-10-05T01:15
PH_DUMMY_01,2026-04-30,O003,12,0,1,0,11,11,0,1.4,7.7,0,,0,Y,,virtual_dummy.xlsx,L48_재고수량·잔여일수,2026-10-05T01:15
PH_DUMMY_01,2026-04-30,O004,4,0,0,0,4,4,0,0.4,9.3,0,,0,Y,,virtual_dummy.xlsx,L48_재고수량·잔여일수,2026-10-05T01:15
PH_DUMMY_01,2026-04-30,Q001,20,0,2,0,18,18,0,0.6,31.5,0,,0,Y,,virtual_dummy.xlsx,L48_재고수량·잔여일수,2026-10-05T01:15
PH_DUMMY_01,2026-04-30,Q002,4,0,0,0,4,4,0,0.4,9.3,0,,0,Y,,virtual_dummy.xlsx,L48_재고수량·잔여일수,2026-10-05T01:15
PH_DUMMY_01,2026-05-01,R001,274,0,0,0,274,274,0,,,0,,0,,,virtual_dummy.xlsx,L48_재고수량·잔여일수,2026-10-05T01:15
PH_DUMMY_01,2026-05-01,R002,1223,0,0,0,1223,1223,0,,,0,,0,,,virtual_dummy.xlsx,L48_재고수량·잔여일수,2026-10-05T01:15
PH_DUMMY_01,2026-05-01,R003,337,0,0,0,337,337,0,,,0,,0,,,virtual_dummy.xlsx,L48_재고수량·잔여일수,2026-10-05T01:15
PH_DUMMY_01,2026-05-01,R004,1013,0,0,0,1013,1013,0,,,0,,0,,,virtual_dummy.xlsx,L48_재고수량·잔여일수,2026-10-05T01:15
PH_DUMMY_01,2026-05-01,R005,2140,0,0,0,2140,2140,0,,,0,,0,,,virtual_dummy.xlsx,L48_재고수량·잔여일수,2026-10-05T01:15
PH_DUMMY_01,2026-05-01,R006,1189,0,0,0,1189,1189,0,,,0,,0,,,virtual_dummy.xlsx,L48_재고수량·잔여일수,2026-10-05T01:15
PH_DUMMY_01,2026-05-01,R007,3210,0,0,0,3210,3210,0,,,0,,0,,,virtual_dummy.xlsx,L48_재고수량·잔여일수,2026-10-05T01:15
PH_DUMMY_01,2026-05-01,O001,10,0,0,0,10,10,0,,,0,,0,,,virtual_dummy.xlsx,L48_재고수량·잔여일수,2026-10-05T01:15
PH_DUMMY_01,2026-05-01,O002,18,0,0,0,18,18,0,,,0,,0,,,virtual_dummy.xlsx,L48_재고수량·잔여일수,2026-10-05T01:15
PH_DUMMY_01,2026-05-01,O003,11,0,0,0,11,11,0,,,0,,0,,,virtual_dummy.xlsx,L48_재고수량·잔여일수,2026-10-05T01:15
PH_DUMMY_01,2026-05-01,O004,4,0,0,0,4,4,0,,,0,,0,,,virtual_dummy.xlsx,L48_재고수량·잔여일수,2026-10-05T01:15
PH_DUMMY_01,2026-05-01,Q001,18,0,0,0,18,18,0,,,0,,0,,,virtual_dummy.xlsx,L48_재고수량·잔여일수,2026-10-05T01:15
PH_DUMMY_01,2026-05-01,Q002,4,0,0,0,4,4,0,,,0,,0,,,virtual_dummy.xlsx,L48_재고수량·잔여일수,2026-10-05T01:15
PH_DUMMY_01,2026-05-02,R001,274,0,8,0,266,266,0,45.7,5.8,0,,0,,,virtual_dummy.xlsx,L48_재고수량·잔여일수,2026-10-05T01:15
PH_DUMMY_01,2026-05-02,R002,1223,0,140,0,1083,1083,0,145.3,7.5,0,,0,,,virtual_dummy.xlsx,L48_재고수량·잔여일수,2026-10-05T01:15
PH_DUMMY_01,2026-05-02,R003,337,0,42,0,295,295,0,54.9,5.4,0,,0,,,virtual_dummy.xlsx,L48_재고수량·잔여일수,2026-10-05T01:15
PH_DUMMY_01,2026-05-02,R004,1013,0,121,0,892,892,0,123,7.3,0,,0,,,virtual_dummy.xlsx,L48_재고수량·잔여일수,2026-10-05T01:15
PH_DUMMY_01,2026-05-02,R005,2140,0,467,0,1673,1673,0,389.6,4.3,0,,0,,,virtual_dummy.xlsx,L48_재고수량·잔여일수,2026-10-05T01:15
PH_DUMMY_01,2026-05-02,R006,1189,0,231,0,958,958,0,218.1,4.4,0,,0,,,virtual_dummy.xlsx,L48_재고수량·잔여일수,2026-10-05T01:15
PH_DUMMY_01,2026-05-02,R007,3210,0,589,0,2621,2621,0,429.3,6.1,0,,0,,,virtual_dummy.xlsx,L48_재고수량·잔여일수,2026-10-05T01:15
PH_DUMMY_01,2026-05-02,O001,10,0,6,0,4,4,0,3.1,1.3,10,긴급,10,,,virtual_dummy.xlsx,L48_재고수량·잔여일수,2026-10-05T01:15
PH_DUMMY_01,2026-05-02,O002,18,0,2,0,16,16,0,2.1,7.5,0,,0,,,virtual_dummy.xlsx,L48_재고수량·잔여일수,2026-10-05T01:15
PH_DUMMY_01,2026-05-02,O003,11,0,1,0,10,10,0,1.6,6.4,0,,0,,,virtual_dummy.xlsx,L48_재고수량·잔여일수,2026-10-05T01:15
PH_DUMMY_01,2026-05-02,O004,4,0,0,0,4,4,0,0.4,9.3,0,,0,,,virtual_dummy.xlsx,L48_재고수량·잔여일수,2026-10-05T01:15
PH_DUMMY_01,2026-05-02,Q001,18,0,2,0,16,16,0,0.9,18.7,0,,0,,,virtual_dummy.xlsx,L48_재고수량·잔여일수,2026-10-05T01:15
PH_DUMMY_01,2026-05-02,Q002,4,0,0,0,4,4,0,0.4,9.3,0,,0,,,virtual_dummy.xlsx,L48_재고수량·잔여일수,2026-10-05T01:15
PH_DUMMY_01,2026-05-03,R001,266,0,0,0,266,266,0,,,0,,0,,,virtual_dummy.xlsx,L48_재고수량·잔여일수,2026-10-05T01:15
PH_DUMMY_01,2026-05-03,R002,1083,0,0,0,1083,1083,0,,,0,,0,,,virtual_dummy.xlsx,L48_재고수량·잔여일수,2026-10-05T01:15
PH_DUMMY_01,2026-05-03,R003,295,0,0,0,295,295,0,,,0,,0,,,virtual_dummy.xlsx,L48_재고수량·잔여일수,2026-10-05T01:15
PH_DUMMY_01,2026-05-03,R004,892,0,0,0,892,892,0,,,0,,0,,,virtual_dummy.xlsx,L48_재고수량·잔여일수,2026-10-05T01:15
PH_DUMMY_01,2026-05-03,R005,1673,0,0,0,1673,1673,0,,,0,,0,,,virtual_dummy.xlsx,L48_재고수량·잔여일수,2026-10-05T01:15
PH_DUMMY_01,2026-05-03,R006,958,0,0,0,958,958,0,,,0,,0,,,virtual_dummy.xlsx,L48_재고수량·잔여일수,2026-10-05T01:15
PH_DUMMY_01,2026-05-03,R007,2621,0,0,0,2621,2621,0,,,0,,0,,,virtual_dummy.xlsx,L48_재고수량·잔여일수,2026-10-05T01:15
PH_DUMMY_01,2026-05-03,O001,4,0,0,0,4,4,0,,,0,,0,,,virtual_dummy.xlsx,L48_재고수량·잔여일수,2026-10-05T01:15
PH_DUMMY_01,2026-05-03,O002,16,0,0,0,16,16,0,,,0,,0,,,virtual_dummy.xlsx,L48_재고수량·잔여일수,2026-10-05T01:15
PH_DUMMY_01,2026-05-03,O003,10,0,0,0,10,10,0,,,0,,0,,,virtual_dummy.xlsx,L48_재고수량·잔여일수,2026-10-05T01:15
PH_DUMMY_01,2026-05-03,O004,4,0,0,0,4,4,0,,,0,,0,,,virtual_dummy.xlsx,L48_재고수량·잔여일수,2026-10-05T01:15
PH_DUMMY_01,2026-05-03,Q001,16,0,0,0,16,16,0,,,0,,0,,,virtual_dummy.xlsx,L48_재고수량·잔여일수,2026-10-05T01:15
PH_DUMMY_01,2026-05-03,Q002,4,0,0,0,4,4,0,,,0,,0,,,virtual_dummy.xlsx,L48_재고수량·잔여일수,2026-10-05T01:15
PH_DUMMY_01,2026-05-04,R001,266,0,112,0,154,154,0,57.6,2.7,400,정기(주간),400,,,virtual_dummy.xlsx,L48_재고수량·잔여일수,2026-10-05T01:15
PH_DUMMY_01,2026-05-04,R002,1083,0,181,0,902,902,0,149.1,6,600,정기(주간),600,,,virtual_dummy.xlsx,L48_재고수량·잔여일수,2026-10-05T01:15
PH_DUMMY_01,2026-05-04,R003,295,0,74,0,221,221,0,62.3,3.5,300,정기(주간),300,,,virtual_dummy.xlsx,L48_재고수량·잔여일수,2026-10-05T01:15
PH_DUMMY_01,2026-05-04,R004,892,0,66,0,826,826,0,105.7,7.8,500,정기(주간),500,,,virtual_dummy.xlsx,L48_재고수량·잔여일수,2026-10-05T01:15
PH_DUMMY_01,2026-05-04,R005,1673,0,254,0,1419,1419,0,384.6,3.7,2000,정기(주간),2000,,,virtual_dummy.xlsx,L48_재고수량·잔여일수,2026-10-05T01:15
PH_DUMMY_01,2026-05-04,R006,958,0,270,0,688,698,10,228.1,3,1200,정기(주간),1200,,,virtual_dummy.xlsx,L48_재고수량·잔여일수,2026-10-05T01:15
PH_DUMMY_01,2026-05-04,R007,2621,0,624,0,1997,1977,-20,481.7,4.1,2000,정기(주간),2000,,,virtual_dummy.xlsx,L48_재고수량·잔여일수,2026-10-05T01:15
PH_DUMMY_01,2026-05-04,O001,4,10,1,0,13,13,0,3.1,4.1,10,정기(주간),10,,,virtual_dummy.xlsx,L48_재고수량·잔여일수,2026-10-05T01:15
PH_DUMMY_01,2026-05-04,O002,16,0,0,0,16,16,0,1.7,9.3,10,정기(주간),10,,,virtual_dummy.xlsx,L48_재고수량·잔여일수,2026-10-05T01:15
PH_DUMMY_01,2026-05-04,O003,10,0,1,0,9,9,0,1.3,7,10,정기(주간),10,,,virtual_dummy.xlsx,L48_재고수량·잔여일수,2026-10-05T01:15
PH_DUMMY_01,2026-05-04,O004,4,0,0,0,4,4,0,0.4,9.3,0,,0,,,virtual_dummy.xlsx,L48_재고수량·잔여일수,2026-10-05T01:15
PH_DUMMY_01,2026-05-04,Q001,16,0,0,0,16,16,0,0.9,18.7,0,,0,,,virtual_dummy.xlsx,L48_재고수량·잔여일수,2026-10-05T01:15
PH_DUMMY_01,2026-05-04,Q002,4,0,0,0,4,4,0,0.3,14,0,,0,,,virtual_dummy.xlsx,L48_재고수량·잔여일수,2026-10-05T01:15
PH_DUMMY_01,2026-05-05,R001,154,0,0,0,154,154,0,,,0,,0,,,virtual_dummy.xlsx,L48_재고수량·잔여일수,2026-10-05T01:15
PH_DUMMY_01,2026-05-05,R002,902,0,0,0,902,902,0,,,0,,0,,,virtual_dummy.xlsx,L48_재고수량·잔여일수,2026-10-05T01:15
PH_DUMMY_01,2026-05-05,R003,221,0,0,0,221,221,0,,,0,,0,,,virtual_dummy.xlsx,L48_재고수량·잔여일수,2026-10-05T01:15
PH_DUMMY_01,2026-05-05,R004,826,0,0,0,826,826,0,,,0,,0,,,virtual_dummy.xlsx,L48_재고수량·잔여일수,2026-10-05T01:15
PH_DUMMY_01,2026-05-05,R005,1419,0,0,0,1419,1419,0,,,0,,0,,,virtual_dummy.xlsx,L48_재고수량·잔여일수,2026-10-05T01:15
PH_DUMMY_01,2026-05-05,R006,688,0,0,0,688,698,10,,,0,,0,,,virtual_dummy.xlsx,L48_재고수량·잔여일수,2026-10-05T01:15
PH_DUMMY_01,2026-05-05,R007,1997,0,0,0,1997,1977,-20,,,0,,0,,,virtual_dummy.xlsx,L48_재고수량·잔여일수,2026-10-05T01:15
PH_DUMMY_01,2026-05-05,O001,13,0,0,0,13,13,0,,,0,,0,,,virtual_dummy.xlsx,L48_재고수량·잔여일수,2026-10-05T01:15
PH_DUMMY_01,2026-05-05,O002,16,0,0,0,16,16,0,,,0,,0,,,virtual_dummy.xlsx,L48_재고수량·잔여일수,2026-10-05T01:15
PH_DUMMY_01,2026-05-05,O003,9,0,0,0,9,9,0,,,0,,0,,,virtual_dummy.xlsx,L48_재고수량·잔여일수,2026-10-05T01:15
PH_DUMMY_01,2026-05-05,O004,4,0,0,0,4,4,0,,,0,,0,,,virtual_dummy.xlsx,L48_재고수량·잔여일수,2026-10-05T01:15
PH_DUMMY_01,2026-05-05,Q001,16,0,0,0,16,16,0,,,0,,0,,,virtual_dummy.xlsx,L48_재고수량·잔여일수,2026-10-05T01:15
PH_DUMMY_01,2026-05-05,Q002,4,0,0,0,4,4,0,,,0,,0,,,virtual_dummy.xlsx,L48_재고수량·잔여일수,2026-10-05T01:15
PH_DUMMY_01,2026-05-06,R001,154,400,63,0,491,491,0,66,7.4,0,,0,,,virtual_dummy.xlsx,L48_재고수량·잔여일수,2026-10-05T01:15
PH_DUMMY_01,2026-05-06,R002,902,600,128,0,1374,1374,0,142,9.7,0,,0,,,virtual_dummy.xlsx,L48_재고수량·잔여일수,2026-10-05T01:15
PH_DUMMY_01,2026-05-06,R003,221,300,0,0,521,551,30,58.6,8.9,0,,0,,,virtual_dummy.xlsx,L48_재고수량·잔여일수,2026-10-05T01:15
PH_DUMMY_01,2026-05-06,R004,826,500,168,0,1158,1158,0,129.7,8.9,0,,0,,,virtual_dummy.xlsx,L48_재고수량·잔여일수,2026-10-05T01:15
PH_DUMMY_01,2026-05-06,R005,1419,2000,176,0,3243,3243,0,342.6,9.5,0,,0,,,virtual_dummy.xlsx,L48_재고수량·잔여일수,2026-10-05T01:15
PH_DUMMY_01,2026-05-06,R006,688,1200,131,0,1757,1767,10,207.6,8.5,0,,0,,,virtual_dummy.xlsx,L48_재고수량·잔여일수,2026-10-05T01:15
PH_DUMMY_01,2026-05-06,R007,1997,2000,317,0,3680,3660,-20,472,7.8,0,,0,,,virtual_dummy.xlsx,L48_재고수량·잔여일수,2026-10-05T01:15
PH_DUMMY_01,2026-05-06,O001,13,10,2,0,21,21,0,3.3,6.4,0,,0,,,virtual_dummy.xlsx,L48_재고수량·잔여일수,2026-10-05T01:15
PH_DUMMY_01,2026-05-06,O002,16,10,2,0,24,24,0,1.9,12.9,0,,0,,,virtual_dummy.xlsx,L48_재고수량·잔여일수,2026-10-05T01:15
PH_DUMMY_01,2026-05-06,O003,9,10,3,0,16,16,0,1.6,10.2,0,,0,,,virtual_dummy.xlsx,L48_재고수량·잔여일수,2026-10-05T01:15
PH_DUMMY_01,2026-05-06,O004,4,0,1,0,3,3,0,0.4,7,0,,0,,,virtual_dummy.xlsx,L48_재고수량·잔여일수,2026-10-05T01:15
PH_DUMMY_01,2026-05-06,Q001,16,0,1,0,15,15,0,0.9,17.5,0,,0,,,virtual_dummy.xlsx,L48_재고수량·잔여일수,2026-10-05T01:15
PH_DUMMY_01,2026-05-06,Q002,4,0,0,0,4,4,0,0.3,14,0,,0,,,virtual_dummy.xlsx,L48_재고수량·잔여일수,2026-10-05T01:15
PH_DUMMY_01,2026-05-07,R001,491,0,12,0,479,489,10,53.6,8.9,0,,0,,,virtual_dummy.xlsx,L48_재고수량·잔여일수,2026-10-05T01:15
PH_DUMMY_01,2026-05-07,R002,1374,0,142,0,1232,1252,20,122.7,10,0,,0,,,virtual_dummy.xlsx,L48_재고수량·잔여일수,2026-10-05T01:15
PH_DUMMY_01,2026-05-07,R003,521,0,50,0,471,501,30,56.1,8.4,0,,0,,,virtual_dummy.xlsx,L48_재고수량·잔여일수,2026-10-05T01:15
PH_DUMMY_01,2026-05-07,R004,1158,0,112,0,1046,1046,0,122.9,8.5,0,,0,,,virtual_dummy.xlsx,L48_재고수량·잔여일수,2026-10-05T01:15
PH_DUMMY_01,2026-05-07,R005,3243,0,133,0,3110,3120,10,312.1,10,0,,0,,,virtual_dummy.xlsx,L48_재고수량·잔여일수,2026-10-05T01:15
PH_DUMMY_01,2026-05-07,R006,1757,0,223,0,1534,1544,10,204.7,7.5,0,,0,,,virtual_dummy.xlsx,L48_재고수량·잔여일수,2026-10-05T01:15
PH_DUMMY_01,2026-05-07,R007,3680,0,355,0,3325,3325,0,419.7,7.9,0,,0,,,virtual_dummy.xlsx,L48_재고수량·잔여일수,2026-10-05T01:15
PH_DUMMY_01,2026-05-07,O001,21,0,3,0,18,18,0,3.6,5,0,,0,,,virtual_dummy.xlsx,L48_재고수량·잔여일수,2026-10-05T01:15
PH_DUMMY_01,2026-05-07,O002,24,0,3,0,21,21,0,2.3,9.2,0,,0,,,virtual_dummy.xlsx,L48_재고수량·잔여일수,2026-10-05T01:15
PH_DUMMY_01,2026-05-07,O003,16,0,2,0,14,16,2,1.9,7.5,0,,0,,,virtual_dummy.xlsx,L48_재고수량·잔여일수,2026-10-05T01:15
PH_DUMMY_01,2026-05-07,O004,3,0,0,0,3,3,0,0.4,7,0,,0,,,virtual_dummy.xlsx,L48_재고수량·잔여일수,2026-10-05T01:15
PH_DUMMY_01,2026-05-07,Q001,15,0,2,0,13,13,0,1.1,11.4,0,,0,,,virtual_dummy.xlsx,L48_재고수량·잔여일수,2026-10-05T01:15
PH_DUMMY_01,2026-05-07,Q002,4,0,1,0,3,3,0,0.3,10.5,0,,0,,,virtual_dummy.xlsx,L48_재고수량·잔여일수,2026-10-05T01:15
PH_DUMMY_01,2026-05-08,R001,479,0,47,0,432,442,10,52.1,8.3,0,,0,,,virtual_dummy.xlsx,L48_재고수량·잔여일수,2026-10-05T01:15
PH_DUMMY_01,2026-05-08,R002,1232,0,82,0,1150,1170,20,124.3,9.3,0,,0,,,virtual_dummy.xlsx,L48_재고수량·잔여일수,2026-10-05T01:15
PH_DUMMY_01,2026-05-08,R003,471,0,62,0,409,439,30,49.6,8.3,0,,0,,,virtual_dummy.xlsx,L48_재고수량·잔여일수,2026-10-05T01:15
PH_DUMMY_01,2026-05-08,R004,1046,0,206,0,840,840,0,140.6,6,0,,0,,,virtual_dummy.xlsx,L48_재고수량·잔여일수,2026-10-05T01:15
PH_DUMMY_01,2026-05-08,R005,3110,0,848,0,2262,2272,10,359,6.3,0,,0,,,virtual_dummy.xlsx,L48_재고수량·잔여일수,2026-10-05T01:15
PH_DUMMY_01,2026-05-08,R006,1534,0,120,0,1414,1424,10,173.3,8.2,0,,0,,,virtual_dummy.xlsx,L48_재고수량·잔여일수,2026-10-05T01:15
PH_DUMMY_01,2026-05-08,R007,3325,0,187,0,3138,3138,0,394.4,8,0,,0,,,virtual_dummy.xlsx,L48_재고수량·잔여일수,2026-10-05T01:15
PH_DUMMY_01,2026-05-08,O001,18,0,4,0,14,14,0,3.4,4.1,0,,0,,,virtual_dummy.xlsx,L48_재고수량·잔여일수,2026-10-05T01:15
PH_DUMMY_01,2026-05-08,O002,21,0,1,0,20,20,0,2,10,0,,0,,,virtual_dummy.xlsx,L48_재고수량·잔여일수,2026-10-05T01:15
PH_DUMMY_01,2026-05-08,O003,14,0,1,0,13,15,2,1.7,7.6,0,,0,,,virtual_dummy.xlsx,L48_재고수량·잔여일수,2026-10-05T01:15
PH_DUMMY_01,2026-05-08,O004,3,0,0,0,3,3,0,0.3,10.5,0,,0,,,virtual_dummy.xlsx,L48_재고수량·잔여일수,2026-10-05T01:15
PH_DUMMY_01,2026-05-08,Q001,13,0,2,0,11,11,0,1.3,8.6,0,,0,,,virtual_dummy.xlsx,L48_재고수량·잔여일수,2026-10-05T01:15
PH_DUMMY_01,2026-05-08,Q002,3,0,1,0,2,2,0,0.3,7,0,,0,,,virtual_dummy.xlsx,L48_재고수량·잔여일수,2026-10-05T01:15
PH_DUMMY_01,2026-05-09,R001,432,0,74,0,358,388,30,57.4,6.2,0,,0,,,virtual_dummy.xlsx,L48_재고수량·잔여일수,2026-10-05T01:15
PH_DUMMY_01,2026-05-09,R002,1150,0,45,0,1105,1125,20,116.7,9.5,0,,0,,,virtual_dummy.xlsx,L48_재고수량·잔여일수,2026-10-05T01:15
PH_DUMMY_01,2026-05-09,R003,409,0,48,0,361,391,30,47.6,7.6,0,,0,,,virtual_dummy.xlsx,L48_재고수량·잔여일수,2026-10-05T01:15
PH_DUMMY_01,2026-05-09,R004,840,0,171,0,669,659,-10,165,4.1,0,,0,,,virtual_dummy.xlsx,L48_재고수량·잔여일수,2026-10-05T01:15
PH_DUMMY_01,2026-05-09,R005,2262,0,282,0,1980,1990,10,341.1,5.8,0,,0,,,virtual_dummy.xlsx,L48_재고수량·잔여일수,2026-10-05T01:15
PH_DUMMY_01,2026-05-09,R006,1414,0,100,0,1314,1324,10,168.1,7.8,0,,0,,,virtual_dummy.xlsx,L48_재고수량·잔여일수,2026-10-05T01:15
PH_DUMMY_01,2026-05-09,R007,3138,0,204,0,2934,2904,-30,374.9,7.8,0,,0,,,virtual_dummy.xlsx,L48_재고수량·잔여일수,2026-10-05T01:15
PH_DUMMY_01,2026-05-09,O001,14,0,7,0,7,7,0,3.7,1.9,0,,0,,,virtual_dummy.xlsx,L48_재고수량·잔여일수,2026-10-05T01:15
PH_DUMMY_01,2026-05-09,O002,20,0,2,0,18,18,0,1.7,10.5,0,,0,,,virtual_dummy.xlsx,L48_재고수량·잔여일수,2026-10-05T01:15
PH_DUMMY_01,2026-05-09,O003,13,0,2,0,11,13,2,1.6,7,0,,0,,,virtual_dummy.xlsx,L48_재고수량·잔여일수,2026-10-05T01:15
PH_DUMMY_01,2026-05-09,O004,3,0,1,0,2,2,0,0.3,7,0,,0,,,virtual_dummy.xlsx,L48_재고수량·잔여일수,2026-10-05T01:15
PH_DUMMY_01,2026-05-09,Q001,11,0,1,0,10,10,0,1.4,7,0,,0,,,virtual_dummy.xlsx,L48_재고수량·잔여일수,2026-10-05T01:15
PH_DUMMY_01,2026-05-09,Q002,2,0,0,0,2,2,0,0.3,7,0,,0,,,virtual_dummy.xlsx,L48_재고수량·잔여일수,2026-10-05T01:15
PH_DUMMY_01,2026-05-10,R001,358,0,0,0,358,388,30,,,0,,0,,,virtual_dummy.xlsx,L48_재고수량·잔여일수,2026-10-05T01:15
PH_DUMMY_01,2026-05-10,R002,1105,0,0,0,1105,1125,20,,,0,,0,,,virtual_dummy.xlsx,L48_재고수량·잔여일수,2026-10-05T01:15
PH_DUMMY_01,2026-05-10,R003,361,0,0,0,361,391,30,,,0,,0,,,virtual_dummy.xlsx,L48_재고수량·잔여일수,2026-10-05T01:15
PH_DUMMY_01,2026-05-10,R004,669,0,0,0,669,659,-10,,,0,,0,,,virtual_dummy.xlsx,L48_재고수량·잔여일수,2026-10-05T01:15
PH_DUMMY_01,2026-05-10,R005,1980,0,0,0,1980,1990,10,,,0,,0,,,virtual_dummy.xlsx,L48_재고수량·잔여일수,2026-10-05T01:15
PH_DUMMY_01,2026-05-10,R006,1314,0,0,0,1314,1324,10,,,0,,0,,,virtual_dummy.xlsx,L48_재고수량·잔여일수,2026-10-05T01:15
PH_DUMMY_01,2026-05-10,R007,2934,0,0,0,2934,2904,-30,,,0,,0,,,virtual_dummy.xlsx,L48_재고수량·잔여일수,2026-10-05T01:15
PH_DUMMY_01,2026-05-10,O001,7,0,0,0,7,7,0,,,0,,0,,,virtual_dummy.xlsx,L48_재고수량·잔여일수,2026-10-05T01:15
PH_DUMMY_01,2026-05-10,O002,18,0,0,0,18,18,0,,,0,,0,,,virtual_dummy.xlsx,L48_재고수량·잔여일수,2026-10-05T01:15
PH_DUMMY_01,2026-05-10,O003,11,0,0,0,11,13,2,,,0,,0,,,virtual_dummy.xlsx,L48_재고수량·잔여일수,2026-10-05T01:15
PH_DUMMY_01,2026-05-10,O004,2,0,0,0,2,2,0,,,0,,0,,,virtual_dummy.xlsx,L48_재고수량·잔여일수,2026-10-05T01:15
PH_DUMMY_01,2026-05-10,Q001,10,0,0,0,10,10,0,,,0,,0,,,virtual_dummy.xlsx,L48_재고수량·잔여일수,2026-10-05T01:15
PH_DUMMY_01,2026-05-10,Q002,2,0,0,0,2,2,0,,,0,,0,,,virtual_dummy.xlsx,L48_재고수량·잔여일수,2026-10-05T01:15
PH_DUMMY_01,2026-05-11,R001,358,0,65,0,293,323,30,54.4,5.4,200,정기(주간),200,,,virtual_dummy.xlsx,L48_재고수량·잔여일수,2026-10-05T01:15
PH_DUMMY_01,2026-05-11,R002,1105,0,136,0,969,989,20,122,7.9,300,정기(주간),300,,,virtual_dummy.xlsx,L48_재고수량·잔여일수,2026-10-05T01:15
PH_DUMMY_01,2026-05-11,R003,361,0,74,0,287,317,30,50,5.7,200,정기(주간),200,,,virtual_dummy.xlsx,L48_재고수량·잔여일수,2026-10-05T01:15
PH_DUMMY_01,2026-05-11,R004,669,0,188,0,481,471,-10,147.4,3.3,1000,정기(주간),1000,,,virtual_dummy.xlsx,L48_재고수량·잔여일수,2026-10-05T01:15
PH_DUMMY_01,2026-05-11,R005,1980,0,427,0,1553,1563,10,369.6,4.2,1500,정기(주간),1500,,,virtual_dummy.xlsx,L48_재고수량·잔여일수,2026-10-05T01:15
PH_DUMMY_01,2026-05-11,R006,1314,0,328,0,986,996,10,200.4,4.9,900,정기(주간),900,,,virtual_dummy.xlsx,L48_재고수량·잔여일수,2026-10-05T01:15
PH_DUMMY_01,2026-05-11,R007,2934,0,499,0,2435,2405,-30,396.4,6.1,1000,정기(주간),1000,,,virtual_dummy.xlsx,L48_재고수량·잔여일수,2026-10-05T01:15
PH_DUMMY_01,2026-05-11,O001,7,0,2,0,5,5,0,3.6,1.4,30,정기(주간),30,,,virtual_dummy.xlsx,L48_재고수량·잔여일수,2026-10-05T01:15
PH_DUMMY_01,2026-05-11,O002,18,0,0,0,18,18,0,1.4,12.6,0,,0,,,virtual_dummy.xlsx,L48_재고수량·잔여일수,2026-10-05T01:15
PH_DUMMY_01,2026-05-11,O003,11,0,1,0,10,12,2,1.6,6.4,10,정기(주간),10,,,virtual_dummy.xlsx,L48_재고수량·잔여일수,2026-10-05T01:15
PH_DUMMY_01,2026-05-11,O004,2,0,0,0,2,2,0,0.3,7,2,정기(주간),2,,,virtual_dummy.xlsx,L48_재고수량·잔여일수,2026-10-05T01:15
PH_DUMMY_01,2026-05-11,Q001,10,0,1,0,9,9,0,1.3,7,0,,0,,,virtual_dummy.xlsx,L48_재고수량·잔여일수,2026-10-05T01:15
PH_DUMMY_01,2026-05-11,Q002,2,0,0,0,2,2,0,0.3,7,2,정기(주간),2,,,virtual_dummy.xlsx,L48_재고수량·잔여일수,2026-10-05T01:15
PH_DUMMY_01,2026-05-12,R001,293,200,42,0,451,481,30,59.3,7.6,0,,0,,,virtual_dummy.xlsx,L48_재고수량·잔여일수,2026-10-05T01:15
PH_DUMMY_01,2026-05-12,R002,969,300,113,0,1156,1176,20,118.1,9.8,0,,0,,,virtual_dummy.xlsx,L48_재고수량·잔여일수,2026-10-05T01:15
PH_DUMMY_01,2026-05-12,R003,287,200,81,0,406,436,30,55.6,7.3,0,,0,,,virtual_dummy.xlsx,L48_재고수량·잔여일수,2026-10-05T01:15
PH_DUMMY_01,2026-05-12,R004,481,1000,178,0,1303,1323,20,155.6,8.4,0,,0,,,virtual_dummy.xlsx,L48_재고수량·잔여일수,2026-10-05T01:15
PH_DUMMY_01,2026-05-12,R005,1553,1500,173,0,2880,2890,10,327.6,8.8,0,,0,,,virtual_dummy.xlsx,L48_재고수량·잔여일수,2026-10-05T01:15
PH_DUMMY_01,2026-05-12,R006,986,900,234,0,1652,1662,10,200.9,8.2,0,,0,,,virtual_dummy.xlsx,L48_재고수량·잔여일수,2026-10-05T01:15
PH_DUMMY_01,2026-05-12,R007,2435,1000,547,0,2888,2848,-40,390.4,7.4,0,,0,,,virtual_dummy.xlsx,L48_재고수량·잔여일수,2026-10-05T01:15
PH_DUMMY_01,2026-05-12,O001,5,30,1,0,34,34,0,2.9,11.9,0,,0,,,virtual_dummy.xlsx,L48_재고수량·잔여일수,2026-10-05T01:15
PH_DUMMY_01,2026-05-12,O002,18,0,1,0,17,16,-1,1.3,13.2,0,,0,,,virtual_dummy.xlsx,L48_재고수량·잔여일수,2026-10-05T01:15
PH_DUMMY_01,2026-05-12,O003,10,10,2,0,18,17,-1,1.7,10.5,0,,0,,,virtual_dummy.xlsx,L48_재고수량·잔여일수,2026-10-05T01:15
PH_DUMMY_01,2026-05-12,O004,2,2,0,0,4,4,0,0.3,14,0,,0,,,virtual_dummy.xlsx,L48_재고수량·잔여일수,2026-10-05T01:15
PH_DUMMY_01,2026-05-12,Q001,9,0,0,0,9,9,0,1,9,0,,0,,,virtual_dummy.xlsx,L48_재고수량·잔여일수,2026-10-05T01:15
PH_DUMMY_01,2026-05-12,Q002,2,2,0,0,4,4,0,0.3,14,0,,0,,,virtual_dummy.xlsx,L48_재고수량·잔여일수,2026-10-05T01:15
PH_DUMMY_01,2026-05-13,R001,451,0,36,0,415,445,30,48.4,8.6,0,,0,,,virtual_dummy.xlsx,L48_재고수량·잔여일수,2026-10-05T01:15
PH_DUMMY_01,2026-05-13,R002,1156,0,59,0,1097,1117,20,100.7,10.9,0,,0,,,virtual_dummy.xlsx,L48_재고수량·잔여일수,2026-10-05T01:15
PH_DUMMY_01,2026-05-13,R003,406,0,113,0,293,323,30,61.1,4.8,0,,0,,,virtual_dummy.xlsx,L48_재고수량·잔여일수,2026-10-05T01:15
PH_DUMMY_01,2026-05-13,R004,1303,0,57,0,1246,1266,20,154.3,8.1,0,,0,,,virtual_dummy.xlsx,L48_재고수량·잔여일수,2026-10-05T01:15
PH_DUMMY_01,2026-05-13,R005,2880,0,380,0,2500,2510,10,345.6,7.2,0,,0,,,virtual_dummy.xlsx,L48_재고수량·잔여일수,2026-10-05T01:15
PH_DUMMY_01,2026-05-13,R006,1652,0,150,0,1502,1482,-20,183.7,8.2,0,,0,,,virtual_dummy.xlsx,L48_재고수량·잔여일수,2026-10-05T01:15
PH_DUMMY_01,2026-05-13,R007,2888,0,129,0,2759,2719,-40,319.7,8.6,0,,0,,,virtual_dummy.xlsx,L48_재고수량·잔여일수,2026-10-05T01:15
PH_DUMMY_01,2026-05-13,O001,34,0,3,0,31,31,0,3.1,9.9,0,,0,,,virtual_dummy.xlsx,L48_재고수량·잔여일수,2026-10-05T01:15
PH_DUMMY_01,2026-05-13,O002,17,0,3,0,14,13,-1,1.7,8.2,0,,0,,,virtual_dummy.xlsx,L48_재고수량·잔여일수,2026-10-05T01:15
PH_DUMMY_01,2026-05-13,O003,18,0,0,0,18,17,-1,1.6,11.5,0,,0,,,virtual_dummy.xlsx,L48_재고수량·잔여일수,2026-10-05T01:15
PH_DUMMY_01,2026-05-13,O004,4,0,0,0,4,4,0,0.3,14,0,,0,,,virtual_dummy.xlsx,L48_재고수량·잔여일수,2026-10-05T01:15
PH_DUMMY_01,2026-05-13,Q001,9,0,1,0,8,8,0,1.1,7,0,,0,,,virtual_dummy.xlsx,L48_재고수량·잔여일수,2026-10-05T01:15
PH_DUMMY_01,2026-05-13,Q002,4,0,0,0,4,2,-2,0.3,14,0,,0,,,virtual_dummy.xlsx,L48_재고수량·잔여일수,2026-10-05T01:15
PH_DUMMY_01,2026-05-14,R001,415,0,17,0,398,428,30,41.9,9.5,0,,0,,,virtual_dummy.xlsx,L48_재고수량·잔여일수,2026-10-05T01:15
PH_DUMMY_01,2026-05-14,R002,1097,0,118,0,979,999,20,99.3,9.9,0,,0,,,virtual_dummy.xlsx,L48_재고수량·잔여일수,2026-10-05T01:15
PH_DUMMY_01,2026-05-14,R003,293,0,65,0,228,258,30,70.4,3.2,0,,0,,,virtual_dummy.xlsx,L48_재고수량·잔여일수,2026-10-05T01:15
PH_DUMMY_01,2026-05-14,R004,1246,0,155,0,1091,1111,20,152.4,7.2,0,,0,,,virtual_dummy.xlsx,L48_재고수량·잔여일수,2026-10-05T01:15
PH_DUMMY_01,2026-05-14,R005,2500,0,229,0,2271,2291,20,353.1,6.4,0,,0,,,virtual_dummy.xlsx,L48_재고수량·잔여일수,2026-10-05T01:15
PH_DUMMY_01,2026-05-14,R006,1502,0,229,0,1273,1253,-20,197.7,6.4,0,,0,,,virtual_dummy.xlsx,L48_재고수량·잔여일수,2026-10-05T01:15
PH_DUMMY_01,2026-05-14,R007,2759,0,554,0,2205,2165,-40,353.6,6.2,0,,0,,,virtual_dummy.xlsx,L48_재고수량·잔여일수,2026-10-05T01:15
PH_DUMMY_01,2026-05-14,O001,31,0,2,0,29,29,0,3.1,9.2,0,,0,,,virtual_dummy.xlsx,L48_재고수량·잔여일수,2026-10-05T01:15
PH_DUMMY_01,2026-05-14,O002,14,0,5,0,9,8,-1,2.1,4.2,0,,0,,,virtual_dummy.xlsx,L48_재고수량·잔여일수,2026-10-05T01:15
PH_DUMMY_01,2026-05-14,O003,18,0,1,0,17,16,-1,1.3,13.2,0,,0,,,virtual_dummy.xlsx,L48_재고수량·잔여일수,2026-10-05T01:15
PH_DUMMY_01,2026-05-14,O004,4,0,0,0,4,4,0,0.1,28,0,,0,,,virtual_dummy.xlsx,L48_재고수량·잔여일수,2026-10-05T01:15
PH_DUMMY_01,2026-05-14,Q001,8,0,1,0,7,8,1,1.1,6.1,0,,0,,,virtual_dummy.xlsx,L48_재고수량·잔여일수,2026-10-05T01:15
PH_DUMMY_01,2026-05-14,Q002,4,0,0,0,4,2,-2,0.3,14,0,,0,,,virtual_dummy.xlsx,L48_재고수량·잔여일수,2026-10-05T01:15
PH_DUMMY_01,2026-05-15,R001,398,0,19,0,379,409,30,42.9,8.8,0,,0,,,virtual_dummy.xlsx,L48_재고수량·잔여일수,2026-10-05T01:15
PH_DUMMY_01,2026-05-15,R002,979,0,276,0,703,723,20,118.4,5.9,0,,0,,,virtual_dummy.xlsx,L48_재고수량·잔여일수,2026-10-05T01:15
PH_DUMMY_01,2026-05-15,R003,228,0,148,0,80,110,30,84.4,0.9,300,긴급,300,,,virtual_dummy.xlsx,L48_재고수량·잔여일수,2026-10-05T01:15
PH_DUMMY_01,2026-05-15,R004,1091,0,98,0,993,1013,20,150.4,6.6,0,,0,,,virtual_dummy.xlsx,L48_재고수량·잔여일수,2026-10-05T01:15
PH_DUMMY_01,2026-05-15,R005,2271,0,108,0,2163,2183,20,349.6,6.2,0,,0,,,virtual_dummy.xlsx,L48_재고수량·잔여일수,2026-10-05T01:15
PH_DUMMY_01,2026-05-15,R006,1273,0,351,0,922,902,-20,216,4.3,0,,0,,,virtual_dummy.xlsx,L48_재고수량·잔여일수,2026-10-05T01:15
PH_DUMMY_01,2026-05-15,R007,2205,0,506,0,1699,1659,-40,375.1,4.5,0,,0,,,virtual_dummy.xlsx,L48_재고수량·잔여일수,2026-10-05T01:15
PH_DUMMY_01,2026-05-15,O001,29,0,4,0,25,25,0,3.3,7.6,0,,0,,,virtual_dummy.xlsx,L48_재고수량·잔여일수,2026-10-05T01:15
PH_DUMMY_01,2026-05-15,O002,9,0,8,0,1,0,-1,2.9,0.4,10,긴급,10,,,virtual_dummy.xlsx,L48_재고수량·잔여일수,2026-10-05T01:15
PH_DUMMY_01,2026-05-15,O003,17,0,4,0,13,12,-1,1.6,8.3,0,,0,,,virtual_dummy.xlsx,L48_재고수량·잔여일수,2026-10-05T01:15
PH_DUMMY_01,2026-05-15,O004,4,0,2,0,2,2,0,0.4,4.7,0,,0,,,virtual_dummy.xlsx,L48_재고수량·잔여일수,2026-10-05T01:15
PH_DUMMY_01,2026-05-15,Q001,7,0,0,0,7,8,1,0.9,8.2,0,,0,,,virtual_dummy.xlsx,L48_재고수량·잔여일수,2026-10-05T01:15
PH_DUMMY_01,2026-05-15,Q002,4,0,0,0,4,2,-2,0.1,28,0,,0,,,virtual_dummy.xlsx,L48_재고수량·잔여일수,2026-10-05T01:15
PH_DUMMY_01,2026-05-16,R001,379,0,18,0,361,391,30,38.7,9.3,0,,0,,,virtual_dummy.xlsx,L48_재고수량·잔여일수,2026-10-05T01:15
PH_DUMMY_01,2026-05-16,R002,703,0,24,0,679,699,20,110.1,6.2,0,,0,,,virtual_dummy.xlsx,L48_재고수량·잔여일수,2026-10-05T01:15
PH_DUMMY_01,2026-05-16,R003,80,300,27,0,353,383,30,79.4,4.4,0,,0,,,virtual_dummy.xlsx,L48_재고수량·잔여일수,2026-10-05T01:15
PH_DUMMY_01,2026-05-16,R004,993,0,45,0,948,968,20,127.4,7.4,0,,0,,,virtual_dummy.xlsx,L48_재고수량·잔여일수,2026-10-05T01:15
PH_DUMMY_01,2026-05-16,R005,2163,0,185,0,1978,1998,20,254.9,7.8,0,,0,,,virtual_dummy.xlsx,L48_재고수량·잔여일수,2026-10-05T01:15
PH_DUMMY_01,2026-05-16,R006,922,0,87,0,835,815,-20,211.3,4,0,,0,,,virtual_dummy.xlsx,L48_재고수량·잔여일수,2026-10-05T01:15
PH_DUMMY_01,2026-05-16,R007,1699,0,85,0,1614,1574,-40,360.6,4.5,0,,0,,,virtual_dummy.xlsx,L48_재고수량·잔여일수,2026-10-05T01:15
PH_DUMMY_01,2026-05-16,O001,25,0,2,0,23,23,0,3,7.7,0,,0,,,virtual_dummy.xlsx,L48_재고수량·잔여일수,2026-10-05T01:15
PH_DUMMY_01,2026-05-16,O002,1,10,0,0,11,10,-1,2.7,4.1,0,,0,,,virtual_dummy.xlsx,L48_재고수량·잔여일수,2026-10-05T01:15
PH_DUMMY_01,2026-05-16,O003,13,0,0,0,13,12,-1,1.4,9.1,0,,0,,,virtual_dummy.xlsx,L48_재고수량·잔여일수,2026-10-05T01:15
PH_DUMMY_01,2026-05-16,O004,2,0,0,0,2,2,0,0.4,4.7,0,,0,,,virtual_dummy.xlsx,L48_재고수량·잔여일수,2026-10-05T01:15
PH_DUMMY_01,2026-05-16,Q001,7,0,1,0,6,7,1,0.7,8.4,0,,0,,,virtual_dummy.xlsx,L48_재고수량·잔여일수,2026-10-05T01:15
PH_DUMMY_01,2026-05-16,Q002,4,0,0,0,4,2,-2,0,,0,,0,,,virtual_dummy.xlsx,L48_재고수량·잔여일수,2026-10-05T01:15
PH_DUMMY_01,2026-05-17,R001,361,0,0,0,361,391,30,,,0,,0,,,virtual_dummy.xlsx,L48_재고수량·잔여일수,2026-10-05T01:15
PH_DUMMY_01,2026-05-17,R002,679,0,0,0,679,699,20,,,0,,0,,,virtual_dummy.xlsx,L48_재고수량·잔여일수,2026-10-05T01:15
PH_DUMMY_01,2026-05-17,R003,353,0,0,0,353,383,30,,,0,,0,,,virtual_dummy.xlsx,L48_재고수량·잔여일수,2026-10-05T01:15
PH_DUMMY_01,2026-05-17,R004,948,0,0,0,948,968,20,,,0,,0,,,virtual_dummy.xlsx,L48_재고수량·잔여일수,2026-10-05T01:15
PH_DUMMY_01,2026-05-17,R005,1978,0,0,0,1978,1998,20,,,0,,0,,,virtual_dummy.xlsx,L48_재고수량·잔여일수,2026-10-05T01:15
PH_DUMMY_01,2026-05-17,R006,835,0,0,0,835,815,-20,,,0,,0,,,virtual_dummy.xlsx,L48_재고수량·잔여일수,2026-10-05T01:15
PH_DUMMY_01,2026-05-17,R007,1614,0,0,0,1614,1574,-40,,,0,,0,,,virtual_dummy.xlsx,L48_재고수량·잔여일수,2026-10-05T01:15
PH_DUMMY_01,2026-05-17,O001,23,0,0,0,23,23,0,,,0,,0,,,virtual_dummy.xlsx,L48_재고수량·잔여일수,2026-10-05T01:15
PH_DUMMY_01,2026-05-17,O002,11,0,0,0,11,10,-1,,,0,,0,,,virtual_dummy.xlsx,L48_재고수량·잔여일수,2026-10-05T01:15
PH_DUMMY_01,2026-05-17,O003,13,0,0,0,13,12,-1,,,0,,0,,,virtual_dummy.xlsx,L48_재고수량·잔여일수,2026-10-05T01:15
PH_DUMMY_01,2026-05-17,O004,2,0,0,0,2,2,0,,,0,,0,,,virtual_dummy.xlsx,L48_재고수량·잔여일수,2026-10-05T01:15
PH_DUMMY_01,2026-05-17,Q001,6,0,0,0,6,7,1,,,0,,0,,,virtual_dummy.xlsx,L48_재고수량·잔여일수,2026-10-05T01:15
PH_DUMMY_01,2026-05-17,Q002,4,0,0,0,4,2,-2,,,0,,0,,,virtual_dummy.xlsx,L48_재고수량·잔여일수,2026-10-05T01:15
PH_DUMMY_01,2026-05-18,R001,361,0,101,0,260,290,30,42.6,6.1,200,정기(주간),200,,,virtual_dummy.xlsx,L48_재고수량·잔여일수,2026-10-05T01:15
PH_DUMMY_01,2026-05-18,R002,679,0,74,0,605,625,20,114.3,5.3,600,정기(주간),600,,,virtual_dummy.xlsx,L48_재고수량·잔여일수,2026-10-05T01:15
PH_DUMMY_01,2026-05-18,R003,353,0,50,0,303,333,30,79.7,3.8,300,정기(주간),300,,,virtual_dummy.xlsx,L48_재고수량·잔여일수,2026-10-05T01:15
PH_DUMMY_01,2026-05-18,R004,948,0,50,0,898,918,20,110.1,8.2,500,정기(주간),500,,,virtual_dummy.xlsx,L48_재고수량·잔여일수,2026-10-05T01:15
PH_DUMMY_01,2026-05-18,R005,1978,0,186,0,1792,1812,20,241.1,7.4,1000,정기(주간),1000,,,virtual_dummy.xlsx,L48_재고수량·잔여일수,2026-10-05T01:15
PH_DUMMY_01,2026-05-18,R006,835,0,124,0,711,691,-20,214.7,3.3,900,정기(주간),900,,,virtual_dummy.xlsx,L48_재고수량·잔여일수,2026-10-05T01:15
PH_DUMMY_01,2026-05-18,R007,1614,0,575,0,1039,999,-40,413.6,2.5,2500,정기(주간),2500,,,virtual_dummy.xlsx,L48_재고수량·잔여일수,2026-10-05T01:15
PH_DUMMY_01,2026-05-18,O001,23,0,2,0,21,21,0,2.3,9.2,10,정기(주간),10,,,virtual_dummy.xlsx,L48_재고수량·잔여일수,2026-10-05T01:15
PH_DUMMY_01,2026-05-18,O002,11,0,3,0,8,7,-1,2.9,2.8,20,정기(주간),20,,,virtual_dummy.xlsx,L48_재고수량·잔여일수,2026-10-05T01:15
PH_DUMMY_01,2026-05-18,O003,13,0,4,0,9,8,-1,1.7,5.2,10,정기(주간),10,,,virtual_dummy.xlsx,L48_재고수량·잔여일수,2026-10-05T01:15
PH_DUMMY_01,2026-05-18,O004,2,0,2,0,0,0,0,0.6,0,4,정기(주간),4,,,virtual_dummy.xlsx,L48_재고수량·잔여일수,2026-10-05T01:15
PH_DUMMY_01,2026-05-18,Q001,6,0,2,0,4,5,1,0.9,4.7,10,정기(주간),10,,,virtual_dummy.xlsx,L48_재고수량·잔여일수,2026-10-05T01:15
PH_DUMMY_01,2026-05-18,Q002,4,0,3,0,1,0,-1,0.4,2.3,4,정기(주간),4,,,virtual_dummy.xlsx,L48_재고수량·잔여일수,2026-10-05T01:15
PH_DUMMY_01,2026-05-19,R001,260,200,33,0,427,457,30,38,11.2,0,,0,,,virtual_dummy.xlsx,L48_재고수량·잔여일수,2026-10-05T01:15
PH_DUMMY_01,2026-05-19,R002,605,600,73,0,1132,1152,20,105.3,10.8,0,,0,,,virtual_dummy.xlsx,L48_재고수량·잔여일수,2026-10-05T01:15
PH_DUMMY_01,2026-05-19,R003,303,300,60,0,543,573,30,77.7,7,0,,0,,,virtual_dummy.xlsx,L48_재고수량·잔여일수,2026-10-05T01:15
PH_DUMMY_01,2026-05-19,R004,898,500,74,0,1324,1344,20,93.9,14.1,0,,0,,,virtual_dummy.xlsx,L48_재고수량·잔여일수,2026-10-05T01:15
PH_DUMMY_01,2026-05-19,R005,1792,1000,237,0,2555,2575,20,214,11.9,0,,0,,,virtual_dummy.xlsx,L48_재고수량·잔여일수,2026-10-05T01:15
PH_DUMMY_01,2026-05-19,R006,711,900,68,0,1543,1523,-20,177.6,8.7,0,,0,,,virtual_dummy.xlsx,L48_재고수량·잔여일수,2026-10-05T01:15
PH_DUMMY_01,2026-05-19,R007,1039,2500,341,0,3198,3158,-40,391,8.2,0,,0,,,virtual_dummy.xlsx,L48_재고수량·잔여일수,2026-10-05T01:15
PH_DUMMY_01,2026-05-19,O001,21,10,4,0,27,27,0,2.6,10.5,0,,0,,,virtual_dummy.xlsx,L48_재고수량·잔여일수,2026-10-05T01:15
PH_DUMMY_01,2026-05-19,O002,8,20,3,0,25,24,-1,3.3,7.6,0,,0,,,virtual_dummy.xlsx,L48_재고수량·잔여일수,2026-10-05T01:15
PH_DUMMY_01,2026-05-19,O003,9,10,0,0,19,18,-1,1.6,12.1,0,,0,,,virtual_dummy.xlsx,L48_재고수량·잔여일수,2026-10-05T01:15
PH_DUMMY_01,2026-05-19,O004,0,4,3,0,1,1,0,1,1,2,긴급,2,,,virtual_dummy.xlsx,L48_재고수량·잔여일수,2026-10-05T01:15
PH_DUMMY_01,2026-05-19,Q001,4,10,0,0,14,15,1,0.7,19.6,0,,0,,,virtual_dummy.xlsx,L48_재고수량·잔여일수,2026-10-05T01:15
PH_DUMMY_01,2026-05-19,Q002,1,4,0,0,5,0,-5,0.4,11.7,0,,0,,,virtual_dummy.xlsx,L48_재고수량·잔여일수,2026-10-05T01:15
PH_DUMMY_01,2026-05-20,R001,427,0,28,0,399,429,30,36,11.1,0,,0,,,virtual_dummy.xlsx,L48_재고수량·잔여일수,2026-10-05T01:15
PH_DUMMY_01,2026-05-20,R002,1132,0,110,0,1022,1042,20,104.9,9.7,0,,0,,,virtual_dummy.xlsx,L48_재고수량·잔여일수,2026-10-05T01:15
PH_DUMMY_01,2026-05-20,R003,543,0,38,0,505,535,30,71.6,7.1,0,,0,,,virtual_dummy.xlsx,L48_재고수량·잔여일수,2026-10-05T01:15
PH_DUMMY_01,2026-05-20,R004,1324,0,157,0,1167,1187,20,90.9,12.8,0,,0,,,virtual_dummy.xlsx,L48_재고수량·잔여일수,2026-10-05T01:15
PH_DUMMY_01,2026-05-20,R005,2555,0,180,0,2375,2415,40,215,11,0,,0,,,virtual_dummy.xlsx,L48_재고수량·잔여일수,2026-10-05T01:15
PH_DUMMY_01,2026-05-20,R006,1543,0,196,0,1347,1327,-20,172.1,7.8,0,,0,,,virtual_dummy.xlsx,L48_재고수량·잔여일수,2026-10-05T01:15
PH_DUMMY_01,2026-05-20,R007,3198,0,307,0,2891,2851,-40,356.7,8.1,0,,0,,,virtual_dummy.xlsx,L48_재고수량·잔여일수,2026-10-05T01:15
PH_DUMMY_01,2026-05-20,O001,27,0,2,0,25,25,0,2.7,9.2,0,,0,,,virtual_dummy.xlsx,L48_재고수량·잔여일수,2026-10-05T01:15
PH_DUMMY_01,2026-05-20,O002,25,0,1,0,24,23,-1,3.3,7.3,0,,0,,,virtual_dummy.xlsx,L48_재고수량·잔여일수,2026-10-05T01:15
PH_DUMMY_01,2026-05-20,O003,19,0,2,0,17,16,-1,1.6,10.8,0,,0,,,virtual_dummy.xlsx,L48_재고수량·잔여일수,2026-10-05T01:15
PH_DUMMY_01,2026-05-20,O004,1,2,1,0,2,2,0,1.1,1.8,0,,0,,,virtual_dummy.xlsx,L48_재고수량·잔여일수,2026-10-05T01:15
PH_DUMMY_01,2026-05-20,Q001,14,0,2,0,12,13,1,1,12,0,,0,,,virtual_dummy.xlsx,L48_재고수량·잔여일수,2026-10-05T01:15
PH_DUMMY_01,2026-05-20,Q002,5,0,0,0,5,0,-5,0.4,11.7,0,,0,,,virtual_dummy.xlsx,L48_재고수량·잔여일수,2026-10-05T01:15
PH_DUMMY_01,2026-05-21,R001,399,0,74,0,325,355,30,41.4,7.8,0,,0,,,virtual_dummy.xlsx,L48_재고수량·잔여일수,2026-10-05T01:15
PH_DUMMY_01,2026-05-21,R002,1022,0,208,0,814,834,20,126.1,6.5,0,,0,,,virtual_dummy.xlsx,L48_재고수량·잔여일수,2026-10-05T01:15
PH_DUMMY_01,2026-05-21,R003,505,0,157,0,348,378,30,77.9,4.5,0,,0,,,virtual_dummy.xlsx,L48_재고수량·잔여일수,2026-10-05T01:15
PH_DUMMY_01,2026-05-21,R004,1167,0,129,0,1038,1058,20,101.1,10.3,0,,0,,,virtual_dummy.xlsx,L48_재고수량·잔여일수,2026-10-05T01:15
PH_DUMMY_01,2026-05-21,R005,2375,0,565,0,1810,1850,40,241.4,7.5,0,,0,,,virtual_dummy.xlsx,L48_재고수량·잔여일수,2026-10-05T01:15
PH_DUMMY_01,2026-05-21,R006,1347,0,423,0,924,904,-20,211.1,4.4,0,,0,,,virtual_dummy.xlsx,L48_재고수량·잔여일수,2026-10-05T01:15
PH_DUMMY_01,2026-05-21,R007,2891,0,384,0,2507,2467,-40,393.1,6.4,0,,0,,,virtual_dummy.xlsx,L48_재고수량·잔여일수,2026-10-05T01:15
PH_DUMMY_01,2026-05-21,O001,25,0,5,0,20,23,3,3,6.7,0,,0,,,virtual_dummy.xlsx,L48_재고수량·잔여일수,2026-10-05T01:15
PH_DUMMY_01,2026-05-21,O002,24,0,3,0,21,20,-1,3.3,6.4,0,,0,,,virtual_dummy.xlsx,L48_재고수량·잔여일수,2026-10-05T01:15
PH_DUMMY_01,2026-05-21,O003,17,0,2,0,15,14,-1,1.9,8.1,0,,0,,,virtual_dummy.xlsx,L48_재고수량·잔여일수,2026-10-05T01:15
PH_DUMMY_01,2026-05-21,O004,2,0,2,0,0,0,0,1.4,0,4,긴급,4,,,virtual_dummy.xlsx,L48_재고수량·잔여일수,2026-10-05T01:15
PH_DUMMY_01,2026-05-21,Q001,12,0,1,0,11,12,1,1,11,0,,0,,,virtual_dummy.xlsx,L48_재고수량·잔여일수,2026-10-05T01:15
PH_DUMMY_01,2026-05-21,Q002,5,0,0,0,5,0,-5,0.4,11.7,0,,0,,,virtual_dummy.xlsx,L48_재고수량·잔여일수,2026-10-05T01:15
PH_DUMMY_01,2026-05-22,R001,325,0,46,0,279,309,30,45.6,6.1,0,,0,,,virtual_dummy.xlsx,L48_재고수량·잔여일수,2026-10-05T01:15
PH_DUMMY_01,2026-05-22,R002,814,0,265,0,549,569,20,147.1,3.7,0,,0,,,virtual_dummy.xlsx,L48_재고수량·잔여일수,2026-10-05T01:15
PH_DUMMY_01,2026-05-22,R003,348,0,93,0,255,285,30,81.9,3.1,0,,0,,,virtual_dummy.xlsx,L48_재고수량·잔여일수,2026-10-05T01:15
PH_DUMMY_01,2026-05-22,R004,1038,0,50,0,988,1008,20,86.1,11.5,0,,0,,,virtual_dummy.xlsx,L48_재고수량·잔여일수,2026-10-05T01:15
PH_DUMMY_01,2026-05-22,R005,1810,0,412,0,1398,1438,40,267.6,5.2,0,,0,,,virtual_dummy.xlsx,L48_재고수량·잔여일수,2026-10-05T01:15
PH_DUMMY_01,2026-05-22,R006,924,0,249,0,675,655,-20,214,3.2,0,,0,,,virtual_dummy.xlsx,L48_재고수량·잔여일수,2026-10-05T01:15
PH_DUMMY_01,2026-05-22,R007,2507,0,501,0,2006,1966,-40,385.6,5.2,0,,0,,,virtual_dummy.xlsx,L48_재고수량·잔여일수,2026-10-05T01:15
PH_DUMMY_01,2026-05-22,O001,20,0,2,0,18,21,3,3,6,0,,0,,,virtual_dummy.xlsx,L48_재고수량·잔여일수,2026-10-05T01:15
PH_DUMMY_01,2026-05-22,O002,21,0,5,0,16,15,-1,3.3,4.9,0,,0,,,virtual_dummy.xlsx,L48_재고수량·잔여일수,2026-10-05T01:15
PH_DUMMY_01,2026-05-22,O003,15,0,2,0,13,12,-1,2,6.5,0,,0,,,virtual_dummy.xlsx,L48_재고수량·잔여일수,2026-10-05T01:15
PH_DUMMY_01,2026-05-22,O004,0,4,0,0,4,4,0,1.4,2.8,0,,0,,,virtual_dummy.xlsx,L48_재고수량·잔여일수,2026-10-05T01:15
PH_DUMMY_01,2026-05-22,Q001,11,0,1,0,10,11,1,1,10,0,,0,,,virtual_dummy.xlsx,L48_재고수량·잔여일수,2026-10-05T01:15
PH_DUMMY_01,2026-05-22,Q002,5,0,0,0,5,0,-5,0.4,11.7,0,,0,,,virtual_dummy.xlsx,L48_재고수량·잔여일수,2026-10-05T01:15
PH_DUMMY_01,2026-05-23,R001,279,0,49,0,230,260,30,49.9,4.6,0,,0,,,virtual_dummy.xlsx,L48_재고수량·잔여일수,2026-10-05T01:15
PH_DUMMY_01,2026-05-23,R002,549,0,49,0,500,520,20,114.7,4.4,0,,0,,,virtual_dummy.xlsx,L48_재고수량·잔여일수,2026-10-05T01:15
PH_DUMMY_01,2026-05-23,R003,255,0,75,0,180,210,30,71.4,2.5,0,,0,,,virtual_dummy.xlsx,L48_재고수량·잔여일수,2026-10-05T01:15
PH_DUMMY_01,2026-05-23,R004,988,0,214,0,774,794,20,102.7,7.5,0,,0,,,virtual_dummy.xlsx,L48_재고수량·잔여일수,2026-10-05T01:15
PH_DUMMY_01,2026-05-23,R005,1398,0,154,0,1244,1274,30,274.1,4.5,0,,0,,,virtual_dummy.xlsx,L48_재고수량·잔여일수,2026-10-05T01:15
PH_DUMMY_01,2026-05-23,R006,675,0,149,0,526,506,-20,185.1,2.8,0,,0,,,virtual_dummy.xlsx,L48_재고수량·잔여일수,2026-10-05T01:15
PH_DUMMY_01,2026-05-23,R007,2006,0,126,0,1880,1840,-40,331.3,5.7,0,,0,,,virtual_dummy.xlsx,L48_재고수량·잔여일수,2026-10-05T01:15
PH_DUMMY_01,2026-05-23,O001,18,0,0,0,18,21,3,2.4,7.4,0,,0,,,virtual_dummy.xlsx,L48_재고수량·잔여일수,2026-10-05T01:15
PH_DUMMY_01,2026-05-23,O002,16,0,0,0,16,15,-1,2.1,7.5,0,,0,,,virtual_dummy.xlsx,L48_재고수량·잔여일수,2026-10-05T01:15
PH_DUMMY_01,2026-05-23,O003,13,0,2,0,11,10,-1,1.7,6.4,0,,0,,,virtual_dummy.xlsx,L48_재고수량·잔여일수,2026-10-05T01:15
PH_DUMMY_01,2026-05-23,O004,4,0,0,0,4,4,0,1.1,3.5,0,,0,,,virtual_dummy.xlsx,L48_재고수량·잔여일수,2026-10-05T01:15
PH_DUMMY_01,2026-05-23,Q001,10,0,1,0,9,10,1,1.1,7.9,0,,0,,,virtual_dummy.xlsx,L48_재고수량·잔여일수,2026-10-05T01:15
PH_DUMMY_01,2026-05-23,Q002,5,0,0,0,5,0,-5,0.4,11.7,0,,0,,,virtual_dummy.xlsx,L48_재고수량·잔여일수,2026-10-05T01:15
PH_DUMMY_01,2026-05-24,R001,230,0,0,0,230,260,30,,,0,,0,,,virtual_dummy.xlsx,L48_재고수량·잔여일수,2026-10-05T01:15
PH_DUMMY_01,2026-05-24,R002,500,0,0,0,500,520,20,,,0,,0,,,virtual_dummy.xlsx,L48_재고수량·잔여일수,2026-10-05T01:15
PH_DUMMY_01,2026-05-24,R003,180,0,0,0,180,210,30,,,0,,0,,,virtual_dummy.xlsx,L48_재고수량·잔여일수,2026-10-05T01:15
PH_DUMMY_01,2026-05-24,R004,774,0,0,0,774,794,20,,,0,,0,,,virtual_dummy.xlsx,L48_재고수량·잔여일수,2026-10-05T01:15
PH_DUMMY_01,2026-05-24,R005,1244,0,0,0,1244,1274,30,,,0,,0,,,virtual_dummy.xlsx,L48_재고수량·잔여일수,2026-10-05T01:15
PH_DUMMY_01,2026-05-24,R006,526,0,0,0,526,506,-20,,,0,,0,,,virtual_dummy.xlsx,L48_재고수량·잔여일수,2026-10-05T01:15
PH_DUMMY_01,2026-05-24,R007,1880,0,0,0,1880,1840,-40,,,0,,0,,,virtual_dummy.xlsx,L48_재고수량·잔여일수,2026-10-05T01:15
PH_DUMMY_01,2026-05-24,O001,18,0,0,0,18,21,3,,,0,,0,,,virtual_dummy.xlsx,L48_재고수량·잔여일수,2026-10-05T01:15
PH_DUMMY_01,2026-05-24,O002,16,0,0,0,16,15,-1,,,0,,0,,,virtual_dummy.xlsx,L48_재고수량·잔여일수,2026-10-05T01:15
PH_DUMMY_01,2026-05-24,O003,11,0,0,0,11,10,-1,,,0,,0,,,virtual_dummy.xlsx,L48_재고수량·잔여일수,2026-10-05T01:15
PH_DUMMY_01,2026-05-24,O004,4,0,0,0,4,4,0,,,0,,0,,,virtual_dummy.xlsx,L48_재고수량·잔여일수,2026-10-05T01:15
PH_DUMMY_01,2026-05-24,Q001,9,0,0,0,9,10,1,,,0,,0,,,virtual_dummy.xlsx,L48_재고수량·잔여일수,2026-10-05T01:15
PH_DUMMY_01,2026-05-24,Q002,5,0,0,0,5,0,-5,,,0,,0,,,virtual_dummy.xlsx,L48_재고수량·잔여일수,2026-10-05T01:15
PH_DUMMY_01,2026-05-25,R001,230,0,0,0,230,260,30,,,0,,0,,,virtual_dummy.xlsx,L48_재고수량·잔여일수,2026-10-05T01:15
PH_DUMMY_01,2026-05-25,R002,500,0,0,0,500,520,20,,,0,,0,,,virtual_dummy.xlsx,L48_재고수량·잔여일수,2026-10-05T01:15
PH_DUMMY_01,2026-05-25,R003,180,0,0,0,180,210,30,,,0,,0,,,virtual_dummy.xlsx,L48_재고수량·잔여일수,2026-10-05T01:15
PH_DUMMY_01,2026-05-25,R004,774,0,0,0,774,794,20,,,0,,0,,,virtual_dummy.xlsx,L48_재고수량·잔여일수,2026-10-05T01:15
PH_DUMMY_01,2026-05-25,R005,1244,0,0,0,1244,1274,30,,,0,,0,,,virtual_dummy.xlsx,L48_재고수량·잔여일수,2026-10-05T01:15
PH_DUMMY_01,2026-05-25,R006,526,0,0,0,526,506,-20,,,0,,0,,,virtual_dummy.xlsx,L48_재고수량·잔여일수,2026-10-05T01:15
PH_DUMMY_01,2026-05-25,R007,1880,0,0,0,1880,1840,-40,,,0,,0,,,virtual_dummy.xlsx,L48_재고수량·잔여일수,2026-10-05T01:15
PH_DUMMY_01,2026-05-25,O001,18,0,0,0,18,21,3,,,0,,0,,,virtual_dummy.xlsx,L48_재고수량·잔여일수,2026-10-05T01:15
PH_DUMMY_01,2026-05-25,O002,16,0,0,0,16,15,-1,,,0,,0,,,virtual_dummy.xlsx,L48_재고수량·잔여일수,2026-10-05T01:15
PH_DUMMY_01,2026-05-25,O003,11,0,0,0,11,10,-1,,,0,,0,,,virtual_dummy.xlsx,L48_재고수량·잔여일수,2026-10-05T01:15
PH_DUMMY_01,2026-05-25,O004,4,0,0,0,4,4,0,,,0,,0,,,virtual_dummy.xlsx,L48_재고수량·잔여일수,2026-10-05T01:15
PH_DUMMY_01,2026-05-25,Q001,9,0,0,0,9,10,1,,,0,,0,,,virtual_dummy.xlsx,L48_재고수량·잔여일수,2026-10-05T01:15
PH_DUMMY_01,2026-05-25,Q002,5,0,0,0,5,0,-5,,,0,,0,,,virtual_dummy.xlsx,L48_재고수량·잔여일수,2026-10-05T01:15
PH_DUMMY_01,2026-05-26,R001,230,0,16,0,214,244,30,49.6,4.3,200,정기(주간),200,,,virtual_dummy.xlsx,L48_재고수량·잔여일수,2026-10-05T01:15
PH_DUMMY_01,2026-05-26,R002,500,0,283,0,217,237,20,151.7,1.4,900,정기(주간),900,,,virtual_dummy.xlsx,L48_재고수량·잔여일수,2026-10-05T01:15
PH_DUMMY_01,2026-05-26,R003,180,0,104,0,76,106,30,82.4,0.9,600,정기(주간),600,,,virtual_dummy.xlsx,L48_재고수량·잔여일수,2026-10-05T01:15
PH_DUMMY_01,2026-05-26,R004,774,0,53,0,721,741,20,103.9,6.9,500,정기(주간),500,,,virtual_dummy.xlsx,L48_재고수량·잔여일수,2026-10-05T01:15
PH_DUMMY_01,2026-05-26,R005,1244,0,529,0,715,745,30,323.3,2.2,2000,정기(주간),2000,,,virtual_dummy.xlsx,L48_재고수량·잔여일수,2026-10-05T01:15
PH_DUMMY_01,2026-05-26,R006,526,0,438,0,88,68,-20,235.3,0.4,1800,정기(주간),1800,,,virtual_dummy.xlsx,L48_재고수량·잔여일수,2026-10-05T01:15
PH_DUMMY_01,2026-05-26,R007,1880,0,519,0,1361,1321,-40,393.3,3.5,2000,정기(주간),2000,,,virtual_dummy.xlsx,L48_재고수량·잔여일수,2026-10-05T01:15
PH_DUMMY_01,2026-05-26,O001,18,0,4,0,14,17,3,2.7,5.2,20,정기(주간),20,,,virtual_dummy.xlsx,L48_재고수량·잔여일수,2026-10-05T01:15
PH_DUMMY_01,2026-05-26,O002,16,0,3,0,13,12,-1,2.6,5.1,20,정기(주간),20,,,virtual_dummy.xlsx,L48_재고수량·잔여일수,2026-10-05T01:15
PH_DUMMY_01,2026-05-26,O003,11,0,2,0,9,8,-1,2,4.5,10,정기(주간),10,,,virtual_dummy.xlsx,L48_재고수량·잔여일수,2026-10-05T01:15
PH_DUMMY_01,2026-05-26,O004,4,0,0,0,4,4,0,1.1,3.5,4,정기(주간),4,,,virtual_dummy.xlsx,L48_재고수량·잔여일수,2026-10-05T01:15
PH_DUMMY_01,2026-05-26,Q001,9,0,3,0,6,7,1,1.4,4.2,10,정기(주간),10,,,virtual_dummy.xlsx,L48_재고수량·잔여일수,2026-10-05T01:15
PH_DUMMY_01,2026-05-26,Q002,5,0,1,0,4,0,-4,0.6,7,0,,0,,,virtual_dummy.xlsx,L48_재고수량·잔여일수,2026-10-05T01:15
PH_DUMMY_01,2026-05-27,R001,214,200,20,0,394,424,30,38,10.4,0,,0,,,virtual_dummy.xlsx,L48_재고수량·잔여일수,2026-10-05T01:15
PH_DUMMY_01,2026-05-27,R002,217,900,116,0,1001,1021,20,157.7,6.3,0,,0,,,virtual_dummy.xlsx,L48_재고수량·잔여일수,2026-10-05T01:15
PH_DUMMY_01,2026-05-27,R003,76,600,27,0,649,679,30,79.1,8.2,0,,0,,,virtual_dummy.xlsx,L48_재고수량·잔여일수,2026-10-05T01:15
PH_DUMMY_01,2026-05-27,R004,721,500,38,0,1183,1203,20,102.1,11.6,0,,0,,,virtual_dummy.xlsx,L48_재고수량·잔여일수,2026-10-05T01:15
PH_DUMMY_01,2026-05-27,R005,715,2000,393,0,2322,2352,30,352.9,6.6,0,,0,,,virtual_dummy.xlsx,L48_재고수량·잔여일수,2026-10-05T01:15
PH_DUMMY_01,2026-05-27,R006,88,1800,107,0,1781,1761,-20,232.9,7.6,0,,0,,,virtual_dummy.xlsx,L48_재고수량·잔여일수,2026-10-05T01:15
PH_DUMMY_01,2026-05-27,R007,1361,2000,501,0,2860,2820,-40,382.7,7.5,0,,0,,,virtual_dummy.xlsx,L48_재고수량·잔여일수,2026-10-05T01:15
PH_DUMMY_01,2026-05-27,O001,14,20,4,0,30,33,3,3,10,0,,0,,,virtual_dummy.xlsx,L48_재고수량·잔여일수,2026-10-05T01:15
PH_DUMMY_01,2026-05-27,O002,13,20,2,0,31,30,-1,2.4,12.8,0,,0,,,virtual_dummy.xlsx,L48_재고수량·잔여일수,2026-10-05T01:15
PH_DUMMY_01,2026-05-27,O003,9,10,0,0,19,18,-1,1.4,13.3,0,,0,,,virtual_dummy.xlsx,L48_재고수량·잔여일수,2026-10-05T01:15
PH_DUMMY_01,2026-05-27,O004,4,4,1,0,7,7,0,1,7,0,,0,,,virtual_dummy.xlsx,L48_재고수량·잔여일수,2026-10-05T01:15
PH_DUMMY_01,2026-05-27,Q001,6,10,0,0,16,17,1,1.1,14,0,,0,,,virtual_dummy.xlsx,L48_재고수량·잔여일수,2026-10-05T01:15
PH_DUMMY_01,2026-05-27,Q002,4,0,0,0,4,0,-4,0.1,28,0,,0,,,virtual_dummy.xlsx,L48_재고수량·잔여일수,2026-10-05T01:15
PH_DUMMY_01,2026-05-28,R001,394,0,11,0,383,413,30,34.9,11,0,,0,,,virtual_dummy.xlsx,L48_재고수량·잔여일수,2026-10-05T01:15
PH_DUMMY_01,2026-05-28,R002,1001,0,124,0,877,897,20,165,5.3,0,,0,,,virtual_dummy.xlsx,L48_재고수량·잔여일수,2026-10-05T01:15
PH_DUMMY_01,2026-05-28,R003,649,0,101,0,548,578,30,85,6.4,0,,0,,,virtual_dummy.xlsx,L48_재고수량·잔여일수,2026-10-05T01:15
PH_DUMMY_01,2026-05-28,R004,1183,0,240,0,943,953,10,125.9,7.5,0,,0,,,virtual_dummy.xlsx,L48_재고수량·잔여일수,2026-10-05T01:15
PH_DUMMY_01,2026-05-28,R005,2322,0,551,0,1771,1801,30,397.7,4.5,0,,0,,,virtual_dummy.xlsx,L48_재고수량·잔여일수,2026-10-05T01:15
PH_DUMMY_01,2026-05-28,R006,1781,0,297,0,1484,1464,-20,265.6,5.6,0,,0,,,virtual_dummy.xlsx,L48_재고수량·잔여일수,2026-10-05T01:15
PH_DUMMY_01,2026-05-28,R007,2860,0,816,0,2044,2004,-40,450.6,4.5,0,,0,,,virtual_dummy.xlsx,L48_재고수량·잔여일수,2026-10-05T01:15
PH_DUMMY_01,2026-05-28,O001,30,0,2,0,28,31,3,2.7,10.3,0,,0,,,virtual_dummy.xlsx,L48_재고수량·잔여일수,2026-10-05T01:15
PH_DUMMY_01,2026-05-28,O002,31,0,2,0,29,28,-1,2.3,12.7,0,,0,,,virtual_dummy.xlsx,L48_재고수량·잔여일수,2026-10-05T01:15
PH_DUMMY_01,2026-05-28,O003,19,0,0,0,19,18,-1,1.4,13.3,0,,0,,,virtual_dummy.xlsx,L48_재고수량·잔여일수,2026-10-05T01:15
PH_DUMMY_01,2026-05-28,O004,7,0,0,0,7,7,0,0.6,12.2,0,,0,,,virtual_dummy.xlsx,L48_재고수량·잔여일수,2026-10-05T01:15
PH_DUMMY_01,2026-05-28,Q001,16,0,0,0,16,17,1,1.1,14,0,,0,,,virtual_dummy.xlsx,L48_재고수량·잔여일수,2026-10-05T01:15
PH_DUMMY_01,2026-05-28,Q002,4,0,1,0,3,0,-3,0.3,10.5,0,,0,,,virtual_dummy.xlsx,L48_재고수량·잔여일수,2026-10-05T01:15
PH_DUMMY_01,2026-05-29,R001,383,0,18,0,365,395,30,33.4,10.9,0,,0,,,virtual_dummy.xlsx,L48_재고수량·잔여일수,2026-10-05T01:15
PH_DUMMY_01,2026-05-29,R002,877,0,126,0,751,771,20,167.3,4.5,0,,0,,,virtual_dummy.xlsx,L48_재고수량·잔여일수,2026-10-05T01:15
PH_DUMMY_01,2026-05-29,R003,548,0,0,0,548,578,30,79.6,6.9,0,,0,,,virtual_dummy.xlsx,L48_재고수량·잔여일수,2026-10-05T01:15
PH_DUMMY_01,2026-05-29,R004,943,0,0,0,943,953,10,103.4,9.1,0,,0,,,virtual_dummy.xlsx,L48_재고수량·잔여일수,2026-10-05T01:15
PH_DUMMY_01,2026-05-29,R005,1771,0,561,0,1210,1240,30,452.1,2.7,0,,0,,,virtual_dummy.xlsx,L48_재고수량·잔여일수,2026-10-05T01:15
PH_DUMMY_01,2026-05-29,R006,1484,0,403,0,1081,1061,-20,295.1,3.7,0,,0,,,virtual_dummy.xlsx,L48_재고수량·잔여일수,2026-10-05T01:15
PH_DUMMY_01,2026-05-29,R007,2044,0,463,0,1581,1541,-40,472.9,3.3,0,,0,,,virtual_dummy.xlsx,L48_재고수량·잔여일수,2026-10-05T01:15
PH_DUMMY_01,2026-05-29,O001,28,0,2,0,26,29,3,2.7,9.6,0,,0,,,virtual_dummy.xlsx,L48_재고수량·잔여일수,2026-10-05T01:15
PH_DUMMY_01,2026-05-29,O002,29,0,2,0,27,26,-1,2.4,11.1,0,,0,,,virtual_dummy.xlsx,L48_재고수량·잔여일수,2026-10-05T01:15
PH_DUMMY_01,2026-05-29,O003,19,0,1,0,18,17,-1,1.3,14,0,,0,,,virtual_dummy.xlsx,L48_재고수량·잔여일수,2026-10-05T01:15
PH_DUMMY_01,2026-05-29,O004,7,0,1,0,6,6,0,0.6,10.5,0,,0,,,virtual_dummy.xlsx,L48_재고수량·잔여일수,2026-10-05T01:15
PH_DUMMY_01,2026-05-29,Q001,16,0,2,0,14,15,1,1.1,12.2,0,,0,,,virtual_dummy.xlsx,L48_재고수량·잔여일수,2026-10-05T01:15
PH_DUMMY_01,2026-05-29,Q002,3,0,0,0,3,0,-3,0.3,10.5,0,,0,,,virtual_dummy.xlsx,L48_재고수량·잔여일수,2026-10-05T01:15
PH_DUMMY_01,2026-05-30,R001,365,0,23,0,342,342,0,26.1,13.1,0,,0,Y,,virtual_dummy.xlsx,L48_재고수량·잔여일수,2026-10-05T01:15
PH_DUMMY_01,2026-05-30,R002,751,0,80,0,671,671,0,149,4.5,0,,0,Y,,virtual_dummy.xlsx,L48_재고수량·잔여일수,2026-10-05T01:15
PH_DUMMY_01,2026-05-30,R003,548,0,93,0,455,455,0,70.4,6.5,0,,0,Y,,virtual_dummy.xlsx,L48_재고수량·잔여일수,2026-10-05T01:15
PH_DUMMY_01,2026-05-30,R004,943,0,424,0,519,519,0,145.6,3.6,0,,0,Y,,virtual_dummy.xlsx,L48_재고수량·잔여일수,2026-10-05T01:15
PH_DUMMY_01,2026-05-30,R005,1210,0,220,0,990,990,0,402.9,2.5,0,,0,Y,,virtual_dummy.xlsx,L48_재고수량·잔여일수,2026-10-05T01:15
PH_DUMMY_01,2026-05-30,R006,1081,0,96,0,985,985,0,248.4,4,0,,0,Y,,virtual_dummy.xlsx,L48_재고수량·잔여일수,2026-10-05T01:15
PH_DUMMY_01,2026-05-30,R007,1581,0,214,0,1367,1367,0,448.6,3,0,,0,Y,,virtual_dummy.xlsx,L48_재고수량·잔여일수,2026-10-05T01:15
PH_DUMMY_01,2026-05-30,O001,26,0,6,0,20,20,0,2.9,7,0,,0,Y,,virtual_dummy.xlsx,L48_재고수량·잔여일수,2026-10-05T01:15
PH_DUMMY_01,2026-05-30,O002,27,0,1,0,26,26,0,2.1,12.1,0,,0,Y,,virtual_dummy.xlsx,L48_재고수량·잔여일수,2026-10-05T01:15
PH_DUMMY_01,2026-05-30,O003,18,0,0,0,18,18,0,1,18,0,,0,Y,,virtual_dummy.xlsx,L48_재고수량·잔여일수,2026-10-05T01:15
PH_DUMMY_01,2026-05-30,O004,6,0,0,0,6,6,0,0.3,21,0,,0,Y,,virtual_dummy.xlsx,L48_재고수량·잔여일수,2026-10-05T01:15
PH_DUMMY_01,2026-05-30,Q001,14,0,0,0,14,14,0,1,14,0,,0,Y,,virtual_dummy.xlsx,L48_재고수량·잔여일수,2026-10-05T01:15
PH_DUMMY_01,2026-05-30,Q002,3,0,0,0,3,3,0,0.3,10.5,0,,0,Y,,virtual_dummy.xlsx,L48_재고수량·잔여일수,2026-10-05T01:15
PH_DUMMY_01,2026-05-31,R001,342,0,0,0,342,342,0,,,0,,0,,,virtual_dummy.xlsx,L48_재고수량·잔여일수,2026-10-05T01:15
PH_DUMMY_01,2026-05-31,R002,671,0,0,0,671,671,0,,,0,,0,,,virtual_dummy.xlsx,L48_재고수량·잔여일수,2026-10-05T01:15
PH_DUMMY_01,2026-05-31,R003,455,0,0,0,455,455,0,,,0,,0,,,virtual_dummy.xlsx,L48_재고수량·잔여일수,2026-10-05T01:15
PH_DUMMY_01,2026-05-31,R004,519,0,0,0,519,519,0,,,0,,0,,,virtual_dummy.xlsx,L48_재고수량·잔여일수,2026-10-05T01:15
PH_DUMMY_01,2026-05-31,R005,990,0,0,0,990,990,0,,,0,,0,,,virtual_dummy.xlsx,L48_재고수량·잔여일수,2026-10-05T01:15
PH_DUMMY_01,2026-05-31,R006,985,0,0,0,985,985,0,,,0,,0,,,virtual_dummy.xlsx,L48_재고수량·잔여일수,2026-10-05T01:15
PH_DUMMY_01,2026-05-31,R007,1367,0,0,0,1367,1367,0,,,0,,0,,,virtual_dummy.xlsx,L48_재고수량·잔여일수,2026-10-05T01:15
PH_DUMMY_01,2026-05-31,O001,20,0,0,0,20,20,0,,,0,,0,,,virtual_dummy.xlsx,L48_재고수량·잔여일수,2026-10-05T01:15
PH_DUMMY_01,2026-05-31,O002,26,0,0,0,26,26,0,,,0,,0,,,virtual_dummy.xlsx,L48_재고수량·잔여일수,2026-10-05T01:15
PH_DUMMY_01,2026-05-31,O003,18,0,0,0,18,18,0,,,0,,0,,,virtual_dummy.xlsx,L48_재고수량·잔여일수,2026-10-05T01:15
PH_DUMMY_01,2026-05-31,O004,6,0,0,0,6,6,0,,,0,,0,,,virtual_dummy.xlsx,L48_재고수량·잔여일수,2026-10-05T01:15
PH_DUMMY_01,2026-05-31,Q001,14,0,0,0,14,14,0,,,0,,0,,,virtual_dummy.xlsx,L48_재고수량·잔여일수,2026-10-05T01:15
PH_DUMMY_01,2026-05-31,Q002,3,0,0,0,3,3,0,,,0,,0,,,virtual_dummy.xlsx,L48_재고수량·잔여일수,2026-10-05T01:15
PH_DUMMY_01,2026-06-01,R001,342,0,6,0,336,336,0,20.4,16.4,0,,0,,,virtual_dummy.xlsx,L48_재고수량·잔여일수,2026-10-05T01:15
PH_DUMMY_01,2026-06-01,R002,671,0,22,0,649,649,0,114.3,5.7,600,정기(주간),600,,,virtual_dummy.xlsx,L48_재고수량·잔여일수,2026-10-05T01:15
PH_DUMMY_01,2026-06-01,R003,455,0,46,0,409,409,0,63.7,6.4,200,정기(주간),200,,,virtual_dummy.xlsx,L48_재고수량·잔여일수,2026-10-05T01:15
PH_DUMMY_01,2026-06-01,R004,519,0,64,0,455,455,0,147.6,3.1,500,정기(주간),500,,,virtual_dummy.xlsx,L48_재고수량·잔여일수,2026-10-05T01:15
PH_DUMMY_01,2026-06-01,R005,990,0,205,0,785,785,0,373.3,2.1,2000,정기(주간),2000,,,virtual_dummy.xlsx,L48_재고수량·잔여일수,2026-10-05T01:15
PH_DUMMY_01,2026-06-01,R006,985,0,323,0,662,662,0,259,2.6,1500,정기(주간),1500,,,virtual_dummy.xlsx,L48_재고수량·잔여일수,2026-10-05T01:15
PH_DUMMY_01,2026-06-01,R007,1367,0,367,0,1000,1000,0,429.4,2.3,2500,정기(주간),2500,,,virtual_dummy.xlsx,L48_재고수량·잔여일수,2026-10-05T01:15
PH_DUMMY_01,2026-06-01,O001,20,0,2,0,18,18,0,2.9,6.3,10,정기(주간),10,,,virtual_dummy.xlsx,L48_재고수량·잔여일수,2026-10-05T01:15
PH_DUMMY_01,2026-06-01,O002,26,0,3,0,23,23,0,1.9,12.4,10,정기(주간),10,,,virtual_dummy.xlsx,L48_재고수량·잔여일수,2026-10-05T01:15
PH_DUMMY_01,2026-06-01,O003,18,0,0,0,18,18,0,0.7,25.2,0,,0,,,virtual_dummy.xlsx,L48_재고수량·잔여일수,2026-10-05T01:15
PH_DUMMY_01,2026-06-01,O004,6,0,0,0,6,6,0,0.3,21,2,정기(주간),2,,,virtual_dummy.xlsx,L48_재고수량·잔여일수,2026-10-05T01:15
PH_DUMMY_01,2026-06-01,Q001,14,0,0,0,14,14,0,0.9,16.3,0,,0,,,virtual_dummy.xlsx,L48_재고수량·잔여일수,2026-10-05T01:15
PH_DUMMY_01,2026-06-01,Q002,3,0,0,0,3,3,0,0.3,10.5,2,정기(주간),2,,,virtual_dummy.xlsx,L48_재고수량·잔여일수,2026-10-05T01:15
PH_DUMMY_01,2026-06-02,R001,336,0,61,0,275,275,0,22.1,12.4,0,,0,,,virtual_dummy.xlsx,L48_재고수량·잔여일수,2026-10-05T01:15
PH_DUMMY_01,2026-06-02,R002,649,600,112,0,1137,1137,0,123.3,9.2,0,,0,,,virtual_dummy.xlsx,L48_재고수량·잔여일수,2026-10-05T01:15
PH_DUMMY_01,2026-06-02,R003,409,200,124,0,485,485,0,70.7,6.9,0,,0,,,virtual_dummy.xlsx,L48_재고수량·잔여일수,2026-10-05T01:15
PH_DUMMY_01,2026-06-02,R004,455,500,300,0,655,655,0,159.9,4.1,0,,0,,,virtual_dummy.xlsx,L48_재고수량·잔여일수,2026-10-05T01:15
PH_DUMMY_01,2026-06-02,R005,785,2000,712,0,2073,2073,0,453,4.6,0,,0,,,virtual_dummy.xlsx,L48_재고수량·잔여일수,2026-10-05T01:15
PH_DUMMY_01,2026-06-02,R006,662,1500,448,0,1714,1714,0,301.7,5.7,0,,0,,,virtual_dummy.xlsx,L48_재고수량·잔여일수,2026-10-05T01:15
PH_DUMMY_01,2026-06-02,R007,1000,2500,701,0,2799,2799,0,511.6,5.5,0,,0,,,virtual_dummy.xlsx,L48_재고수량·잔여일수,2026-10-05T01:15
PH_DUMMY_01,2026-06-02,O001,18,10,3,0,25,25,0,3.3,7.6,0,,0,,,virtual_dummy.xlsx,L48_재고수량·잔여일수,2026-10-05T01:15
PH_DUMMY_01,2026-06-02,O002,23,10,6,0,27,27,0,2.7,9.9,0,,0,,,virtual_dummy.xlsx,L48_재고수량·잔여일수,2026-10-05T01:15
PH_DUMMY_01,2026-06-02,O003,18,0,0,0,18,18,0,0.4,42,0,,0,,,virtual_dummy.xlsx,L48_재고수량·잔여일수,2026-10-05T01:15
PH_DUMMY_01,2026-06-02,O004,6,2,2,0,6,6,0,0.6,10.5,0,,0,,,virtual_dummy.xlsx,L48_재고수량·잔여일수,2026-10-05T01:15
PH_DUMMY_01,2026-06-02,Q001,14,0,1,0,13,13,0,0.9,15.2,0,,0,,,virtual_dummy.xlsx,L48_재고수량·잔여일수,2026-10-05T01:15
PH_DUMMY_01,2026-06-02,Q002,3,2,1,0,4,4,0,0.4,9.3,0,,0,,,virtual_dummy.xlsx,L48_재고수량·잔여일수,2026-10-05T01:15
PH_DUMMY_01,2026-06-03,R001,275,0,0,0,275,275,0,,,0,,0,,,virtual_dummy.xlsx,L48_재고수량·잔여일수,2026-10-05T01:15
PH_DUMMY_01,2026-06-03,R002,1137,0,0,0,1137,1137,0,,,0,,0,,,virtual_dummy.xlsx,L48_재고수량·잔여일수,2026-10-05T01:15
PH_DUMMY_01,2026-06-03,R003,485,0,0,0,485,485,0,,,0,,0,,,virtual_dummy.xlsx,L48_재고수량·잔여일수,2026-10-05T01:15
PH_DUMMY_01,2026-06-03,R004,655,0,0,0,655,655,0,,,0,,0,,,virtual_dummy.xlsx,L48_재고수량·잔여일수,2026-10-05T01:15
PH_DUMMY_01,2026-06-03,R005,2073,0,0,0,2073,2073,0,,,0,,0,,,virtual_dummy.xlsx,L48_재고수량·잔여일수,2026-10-05T01:15
PH_DUMMY_01,2026-06-03,R006,1714,0,0,0,1714,1714,0,,,0,,0,,,virtual_dummy.xlsx,L48_재고수량·잔여일수,2026-10-05T01:15
PH_DUMMY_01,2026-06-03,R007,2799,0,0,0,2799,2799,0,,,0,,0,,,virtual_dummy.xlsx,L48_재고수량·잔여일수,2026-10-05T01:15
PH_DUMMY_01,2026-06-03,O001,25,0,0,0,25,25,0,,,0,,0,,,virtual_dummy.xlsx,L48_재고수량·잔여일수,2026-10-05T01:15
PH_DUMMY_01,2026-06-03,O002,27,0,0,0,27,27,0,,,0,,0,,,virtual_dummy.xlsx,L48_재고수량·잔여일수,2026-10-05T01:15
PH_DUMMY_01,2026-06-03,O003,18,0,0,0,18,18,0,,,0,,0,,,virtual_dummy.xlsx,L48_재고수량·잔여일수,2026-10-05T01:15
PH_DUMMY_01,2026-06-03,O004,6,0,0,0,6,6,0,,,0,,0,,,virtual_dummy.xlsx,L48_재고수량·잔여일수,2026-10-05T01:15
PH_DUMMY_01,2026-06-03,Q001,13,0,0,0,13,13,0,,,0,,0,,,virtual_dummy.xlsx,L48_재고수량·잔여일수,2026-10-05T01:15
PH_DUMMY_01,2026-06-03,Q002,4,0,0,0,4,4,0,,,0,,0,,,virtual_dummy.xlsx,L48_재고수량·잔여일수,2026-10-05T01:15
PH_DUMMY_01,2026-06-04,R001,275,0,17,0,258,258,0,22.3,11.6,0,,0,,,virtual_dummy.xlsx,L48_재고수량·잔여일수,2026-10-05T01:15
PH_DUMMY_01,2026-06-04,R002,1137,0,249,0,888,888,0,118.4,7.5,0,,0,,,virtual_dummy.xlsx,L48_재고수량·잔여일수,2026-10-05T01:15
PH_DUMMY_01,2026-06-04,R003,485,0,0,0,485,485,0,55.9,8.7,0,,0,,,virtual_dummy.xlsx,L48_재고수량·잔여일수,2026-10-05T01:15
PH_DUMMY_01,2026-06-04,R004,655,0,0,0,655,655,0,152.3,4.3,0,,0,,,virtual_dummy.xlsx,L48_재고수량·잔여일수,2026-10-05T01:15
PH_DUMMY_01,2026-06-04,R005,2073,0,615,0,1458,1458,0,465.3,3.1,0,,0,,,virtual_dummy.xlsx,L48_재고수량·잔여일수,2026-10-05T01:15
PH_DUMMY_01,2026-06-04,R006,1714,0,269,0,1445,1445,0,277.6,5.2,0,,0,,,virtual_dummy.xlsx,L48_재고수량·잔여일수,2026-10-05T01:15
PH_DUMMY_01,2026-06-04,R007,2799,0,344,0,2455,2465,10,486.6,5,0,,0,,,virtual_dummy.xlsx,L48_재고수량·잔여일수,2026-10-05T01:15
PH_DUMMY_01,2026-06-04,O001,25,0,3,0,22,22,0,3.1,7,0,,0,,,virtual_dummy.xlsx,L48_재고수량·잔여일수,2026-10-05T01:15
PH_DUMMY_01,2026-06-04,O002,27,0,4,0,23,23,0,2.9,8,0,,0,,,virtual_dummy.xlsx,L48_재고수량·잔여일수,2026-10-05T01:15
PH_DUMMY_01,2026-06-04,O003,18,0,1,0,17,17,0,0.3,59.5,0,,0,,,virtual_dummy.xlsx,L48_재고수량·잔여일수,2026-10-05T01:15
PH_DUMMY_01,2026-06-04,O004,6,0,1,0,5,5,0,0.7,7,0,,0,,,virtual_dummy.xlsx,L48_재고수량·잔여일수,2026-10-05T01:15
PH_DUMMY_01,2026-06-04,Q001,13,0,2,0,11,11,0,0.7,15.4,0,,0,,,virtual_dummy.xlsx,L48_재고수량·잔여일수,2026-10-05T01:15
PH_DUMMY_01,2026-06-04,Q002,4,0,1,0,3,3,0,0.4,7,0,,0,,,virtual_dummy.xlsx,L48_재고수량·잔여일수,2026-10-05T01:15
PH_DUMMY_01,2026-06-05,R001,258,0,26,0,232,232,0,23.1,10,0,,0,,,virtual_dummy.xlsx,L48_재고수량·잔여일수,2026-10-05T01:15
PH_DUMMY_01,2026-06-05,R002,888,0,269,0,619,619,0,140.3,4.4,0,,0,,,virtual_dummy.xlsx,L48_재고수량·잔여일수,2026-10-05T01:15
PH_DUMMY_01,2026-06-05,R003,485,0,50,0,435,435,0,59.1,7.4,0,,0,,,virtual_dummy.xlsx,L48_재고수량·잔여일수,2026-10-05T01:15
PH_DUMMY_01,2026-06-05,R004,655,0,112,0,543,543,0,162.9,3.3,0,,0,,,virtual_dummy.xlsx,L48_재고수량·잔여일수,2026-10-05T01:15
PH_DUMMY_01,2026-06-05,R005,1458,0,267,0,1191,1191,0,447.3,2.7,0,,0,,,virtual_dummy.xlsx,L48_재고수량·잔여일수,2026-10-05T01:15
PH_DUMMY_01,2026-06-05,R006,1445,0,142,0,1303,1303,0,282.6,4.6,0,,0,,,virtual_dummy.xlsx,L48_재고수량·잔여일수,2026-10-05T01:15
PH_DUMMY_01,2026-06-05,R007,2455,0,564,0,1891,1901,10,495.6,3.8,0,,0,,,virtual_dummy.xlsx,L48_재고수량·잔여일수,2026-10-05T01:15
PH_DUMMY_01,2026-06-05,O001,22,0,4,0,18,18,0,3.1,5.7,0,,0,,,virtual_dummy.xlsx,L48_재고수량·잔여일수,2026-10-05T01:15
PH_DUMMY_01,2026-06-05,O002,23,0,1,0,22,22,0,2.7,8.1,0,,0,,,virtual_dummy.xlsx,L48_재고수량·잔여일수,2026-10-05T01:15
PH_DUMMY_01,2026-06-05,O003,17,0,2,0,15,18,3,0.6,26.2,0,,0,,,virtual_dummy.xlsx,L48_재고수량·잔여일수,2026-10-05T01:15
PH_DUMMY_01,2026-06-05,O004,5,0,0,0,5,5,0,0.6,8.8,0,,0,,,virtual_dummy.xlsx,L48_재고수량·잔여일수,2026-10-05T01:15
PH_DUMMY_01,2026-06-05,Q001,11,0,0,0,11,11,0,0.7,15.4,0,,0,,,virtual_dummy.xlsx,L48_재고수량·잔여일수,2026-10-05T01:15
PH_DUMMY_01,2026-06-05,Q002,3,0,0,0,3,3,0,0.4,7,0,,0,,,virtual_dummy.xlsx,L48_재고수량·잔여일수,2026-10-05T01:15
PH_DUMMY_01,2026-06-06,R001,232,0,0,0,232,232,0,,,0,,0,,,virtual_dummy.xlsx,L48_재고수량·잔여일수,2026-10-05T01:15
PH_DUMMY_01,2026-06-06,R002,619,0,0,0,619,619,0,,,0,,0,,,virtual_dummy.xlsx,L48_재고수량·잔여일수,2026-10-05T01:15
PH_DUMMY_01,2026-06-06,R003,435,0,0,0,435,435,0,,,0,,0,,,virtual_dummy.xlsx,L48_재고수량·잔여일수,2026-10-05T01:15
PH_DUMMY_01,2026-06-06,R004,543,0,0,0,543,543,0,,,0,,0,,,virtual_dummy.xlsx,L48_재고수량·잔여일수,2026-10-05T01:15
PH_DUMMY_01,2026-06-06,R005,1191,0,0,0,1191,1191,0,,,0,,0,,,virtual_dummy.xlsx,L48_재고수량·잔여일수,2026-10-05T01:15
PH_DUMMY_01,2026-06-06,R006,1303,0,0,0,1303,1303,0,,,0,,0,,,virtual_dummy.xlsx,L48_재고수량·잔여일수,2026-10-05T01:15
PH_DUMMY_01,2026-06-06,R007,1891,0,0,0,1891,1901,10,,,0,,0,,,virtual_dummy.xlsx,L48_재고수량·잔여일수,2026-10-05T01:15
PH_DUMMY_01,2026-06-06,O001,18,0,0,0,18,18,0,,,0,,0,,,virtual_dummy.xlsx,L48_재고수량·잔여일수,2026-10-05T01:15
PH_DUMMY_01,2026-06-06,O002,22,0,0,0,22,22,0,,,0,,0,,,virtual_dummy.xlsx,L48_재고수량·잔여일수,2026-10-05T01:15
PH_DUMMY_01,2026-06-06,O003,15,0,0,0,15,18,3,,,0,,0,,,virtual_dummy.xlsx,L48_재고수량·잔여일수,2026-10-05T01:15
PH_DUMMY_01,2026-06-06,O004,5,0,0,0,5,5,0,,,0,,0,,,virtual_dummy.xlsx,L48_재고수량·잔여일수,2026-10-05T01:15
PH_DUMMY_01,2026-06-06,Q001,11,0,0,0,11,11,0,,,0,,0,,,virtual_dummy.xlsx,L48_재고수량·잔여일수,2026-10-05T01:15
PH_DUMMY_01,2026-06-06,Q002,3,0,0,0,3,3,0,,,0,,0,,,virtual_dummy.xlsx,L48_재고수량·잔여일수,2026-10-05T01:15
PH_DUMMY_01,2026-06-07,R001,232,0,0,0,232,232,0,,,0,,0,,,virtual_dummy.xlsx,L48_재고수량·잔여일수,2026-10-05T01:15
PH_DUMMY_01,2026-06-07,R002,619,0,0,0,619,619,0,,,0,,0,,,virtual_dummy.xlsx,L48_재고수량·잔여일수,2026-10-05T01:15
PH_DUMMY_01,2026-06-07,R003,435,0,0,0,435,435,0,,,0,,0,,,virtual_dummy.xlsx,L48_재고수량·잔여일수,2026-10-05T01:15
PH_DUMMY_01,2026-06-07,R004,543,0,0,0,543,543,0,,,0,,0,,,virtual_dummy.xlsx,L48_재고수량·잔여일수,2026-10-05T01:15
PH_DUMMY_01,2026-06-07,R005,1191,0,0,0,1191,1191,0,,,0,,0,,,virtual_dummy.xlsx,L48_재고수량·잔여일수,2026-10-05T01:15
PH_DUMMY_01,2026-06-07,R006,1303,0,0,0,1303,1303,0,,,0,,0,,,virtual_dummy.xlsx,L48_재고수량·잔여일수,2026-10-05T01:15
PH_DUMMY_01,2026-06-07,R007,1891,0,0,0,1891,1901,10,,,0,,0,,,virtual_dummy.xlsx,L48_재고수량·잔여일수,2026-10-05T01:15
PH_DUMMY_01,2026-06-07,O001,18,0,0,0,18,18,0,,,0,,0,,,virtual_dummy.xlsx,L48_재고수량·잔여일수,2026-10-05T01:15
PH_DUMMY_01,2026-06-07,O002,22,0,0,0,22,22,0,,,0,,0,,,virtual_dummy.xlsx,L48_재고수량·잔여일수,2026-10-05T01:15
PH_DUMMY_01,2026-06-07,O003,15,0,0,0,15,18,3,,,0,,0,,,virtual_dummy.xlsx,L48_재고수량·잔여일수,2026-10-05T01:15
PH_DUMMY_01,2026-06-07,O004,5,0,0,0,5,5,0,,,0,,0,,,virtual_dummy.xlsx,L48_재고수량·잔여일수,2026-10-05T01:15
PH_DUMMY_01,2026-06-07,Q001,11,0,0,0,11,11,0,,,0,,0,,,virtual_dummy.xlsx,L48_재고수량·잔여일수,2026-10-05T01:15
PH_DUMMY_01,2026-06-07,Q002,3,0,0,0,3,3,0,,,0,,0,,,virtual_dummy.xlsx,L48_재고수량·잔여일수,2026-10-05T01:15
PH_DUMMY_01,2026-06-08,R001,232,0,41,0,191,191,0,27.4,7,100,정기(주간),100,,,virtual_dummy.xlsx,L48_재고수량·잔여일수,2026-10-05T01:15
PH_DUMMY_01,2026-06-08,R002,619,0,162,0,457,457,0,145.7,3.1,900,정기(주간),900,,,virtual_dummy.xlsx,L48_재고수량·잔여일수,2026-10-05T01:15
PH_DUMMY_01,2026-06-08,R003,435,0,93,0,342,342,0,58,5.9,300,정기(주간),300,,,virtual_dummy.xlsx,L48_재고수량·잔여일수,2026-10-05T01:15
PH_DUMMY_01,2026-06-08,R004,543,0,184,0,359,359,0,154.9,2.3,1000,정기(주간),1000,,,virtual_dummy.xlsx,L48_재고수량·잔여일수,2026-10-05T01:15
PH_DUMMY_01,2026-06-08,R005,1191,0,327,0,864,864,0,415.3,2.1,2500,정기(주간),2500,,,virtual_dummy.xlsx,L48_재고수량·잔여일수,2026-10-05T01:15
PH_DUMMY_01,2026-06-08,R006,1303,0,286,0,1017,1037,20,281,3.6,1200,정기(주간),1200,,,virtual_dummy.xlsx,L48_재고수량·잔여일수,2026-10-05T01:15
PH_DUMMY_01,2026-06-08,R007,1891,0,407,0,1484,1484,0,437.1,3.4,2500,정기(주간),2500,,,virtual_dummy.xlsx,L48_재고수량·잔여일수,2026-10-05T01:15
PH_DUMMY_01,2026-06-08,O001,18,0,2,0,16,16,0,3.1,5.1,20,정기(주간),20,,,virtual_dummy.xlsx,L48_재고수량·잔여일수,2026-10-05T01:15
PH_DUMMY_01,2026-06-08,O002,22,0,2,0,20,20,0,2.7,7.4,10,정기(주간),10,,,virtual_dummy.xlsx,L48_재고수량·잔여일수,2026-10-05T01:15
PH_DUMMY_01,2026-06-08,O003,15,0,4,0,11,14,3,1.1,9.6,10,정기(주간),10,,,virtual_dummy.xlsx,L48_재고수량·잔여일수,2026-10-05T01:15
PH_DUMMY_01,2026-06-08,O004,5,0,0,0,5,5,0,0.6,8.8,2,정기(주간),2,,,virtual_dummy.xlsx,L48_재고수량·잔여일수,2026-10-05T01:15
PH_DUMMY_01,2026-06-08,Q001,11,0,3,0,8,8,0,1.1,7,10,정기(주간),10,,,virtual_dummy.xlsx,L48_재고수량·잔여일수,2026-10-05T01:15
PH_DUMMY_01,2026-06-08,Q002,3,0,0,0,3,3,0,0.3,10.5,0,,0,,,virtual_dummy.xlsx,L48_재고수량·잔여일수,2026-10-05T01:15
PH_DUMMY_01,2026-06-09,R001,191,100,54,0,237,207,-30,32.6,7.3,0,,0,,,virtual_dummy.xlsx,L48_재고수량·잔여일수,2026-10-05T01:15
PH_DUMMY_01,2026-06-09,R002,457,900,231,0,1126,1126,0,160.7,7,0,,0,,,virtual_dummy.xlsx,L48_재고수량·잔여일수,2026-10-05T01:15
PH_DUMMY_01,2026-06-09,R003,342,300,0,0,642,642,0,58,11.1,0,,0,,,virtual_dummy.xlsx,L48_재고수량·잔여일수,2026-10-05T01:15
PH_DUMMY_01,2026-06-09,R004,359,1000,0,0,1359,1359,0,154.9,8.8,0,,0,,,virtual_dummy.xlsx,L48_재고수량·잔여일수,2026-10-05T01:15
PH_DUMMY_01,2026-06-09,R005,864,2500,498,0,2866,2846,-20,406.3,7.1,0,,0,,,virtual_dummy.xlsx,L48_재고수량·잔여일수,2026-10-05T01:15
PH_DUMMY_01,2026-06-09,R006,1017,1200,173,0,2044,2094,50,248.1,8.2,0,,0,,,virtual_dummy.xlsx,L48_재고수량·잔여일수,2026-10-05T01:15
PH_DUMMY_01,2026-06-09,R007,1484,2500,435,0,3549,3549,0,433.1,8.2,0,,0,,,virtual_dummy.xlsx,L48_재고수량·잔여일수,2026-10-05T01:15
PH_DUMMY_01,2026-06-09,O001,16,20,4,0,32,32,0,3.4,9.3,0,,0,,,virtual_dummy.xlsx,L48_재고수량·잔여일수,2026-10-05T01:15
PH_DUMMY_01,2026-06-09,O002,20,10,0,0,30,30,0,2.4,12.4,0,,0,,,virtual_dummy.xlsx,L48_재고수량·잔여일수,2026-10-05T01:15
PH_DUMMY_01,2026-06-09,O003,11,10,1,0,20,24,4,1.1,17.5,0,,0,,,virtual_dummy.xlsx,L48_재고수량·잔여일수,2026-10-05T01:15
PH_DUMMY_01,2026-06-09,O004,5,2,1,0,6,6,0,0.6,10.5,0,,0,,,virtual_dummy.xlsx,L48_재고수량·잔여일수,2026-10-05T01:15
PH_DUMMY_01,2026-06-09,Q001,8,10,1,0,17,17,0,1,17,0,,0,,,virtual_dummy.xlsx,L48_재고수량·잔여일수,2026-10-05T01:15
PH_DUMMY_01,2026-06-09,Q002,3,0,0,0,3,1,-2,0.3,10.5,0,,0,,,virtual_dummy.xlsx,L48_재고수량·잔여일수,2026-10-05T01:15
PH_DUMMY_01,2026-06-10,R001,237,0,7,0,230,200,-30,30.3,7.6,0,,0,,,virtual_dummy.xlsx,L48_재고수량·잔여일수,2026-10-05T01:15
PH_DUMMY_01,2026-06-10,R002,1126,0,74,0,1052,1052,0,159.9,6.6,0,,0,,,virtual_dummy.xlsx,L48_재고수량·잔여일수,2026-10-05T01:15
PH_DUMMY_01,2026-06-10,R003,642,0,14,0,628,628,0,46.7,13.4,0,,0,,,virtual_dummy.xlsx,L48_재고수량·잔여일수,2026-10-05T01:15
PH_DUMMY_01,2026-06-10,R004,1359,0,0,0,1359,1359,0,94.3,14.4,0,,0,,,virtual_dummy.xlsx,L48_재고수량·잔여일수,2026-10-05T01:15
PH_DUMMY_01,2026-06-10,R005,2866,0,263,0,2603,2583,-20,412.4,6.3,0,,0,,,virtual_dummy.xlsx,L48_재고수량·잔여일수,2026-10-05T01:15
PH_DUMMY_01,2026-06-10,R006,2044,0,154,0,1890,1940,50,256.4,7.4,0,,0,,,virtual_dummy.xlsx,L48_재고수량·잔여일수,2026-10-05T01:15
PH_DUMMY_01,2026-06-10,R007,3549,0,490,0,3059,3059,0,472.6,6.5,0,,0,,,virtual_dummy.xlsx,L48_재고수량·잔여일수,2026-10-05T01:15
PH_DUMMY_01,2026-06-10,O001,32,0,1,0,31,31,0,2.7,11.4,0,,0,,,virtual_dummy.xlsx,L48_재고수량·잔여일수,2026-10-05T01:15
PH_DUMMY_01,2026-06-10,O002,30,0,2,0,28,28,0,2.6,10.9,0,,0,,,virtual_dummy.xlsx,L48_재고수량·잔여일수,2026-10-05T01:15
PH_DUMMY_01,2026-06-10,O003,20,0,1,0,19,23,4,1.3,14.8,0,,0,,,virtual_dummy.xlsx,L48_재고수량·잔여일수,2026-10-05T01:15
PH_DUMMY_01,2026-06-10,O004,6,0,0,0,6,6,0,0.6,10.5,0,,0,,,virtual_dummy.xlsx,L48_재고수량·잔여일수,2026-10-05T01:15
PH_DUMMY_01,2026-06-10,Q001,17,0,2,0,15,14,-1,1.3,11.7,0,,0,,,virtual_dummy.xlsx,L48_재고수량·잔여일수,2026-10-05T01:15
PH_DUMMY_01,2026-06-10,Q002,3,0,1,0,2,0,-2,0.4,4.7,0,,0,,,virtual_dummy.xlsx,L48_재고수량·잔여일수,2026-10-05T01:15
PH_DUMMY_01,2026-06-11,R001,230,0,57,0,173,143,-30,37.6,4.6,0,,0,,,virtual_dummy.xlsx,L48_재고수량·잔여일수,2026-10-05T01:15
PH_DUMMY_01,2026-06-11,R002,1052,0,105,0,947,947,0,171.7,5.5,0,,0,,,virtual_dummy.xlsx,L48_재고수량·잔여일수,2026-10-05T01:15
PH_DUMMY_01,2026-06-11,R003,628,0,70,0,558,558,0,50.1,11.1,0,,0,,,virtual_dummy.xlsx,L48_재고수량·잔여일수,2026-10-05T01:15
PH_DUMMY_01,2026-06-11,R004,1359,0,41,0,1318,1318,0,91,14.5,0,,0,,,virtual_dummy.xlsx,L48_재고수량·잔여일수,2026-10-05T01:15
PH_DUMMY_01,2026-06-11,R005,2603,0,769,0,1834,1814,-20,493,3.7,0,,0,,,virtual_dummy.xlsx,L48_재고수량·잔여일수,2026-10-05T01:15
PH_DUMMY_01,2026-06-11,R006,1890,0,161,0,1729,1779,50,233.3,7.4,0,,0,,,virtual_dummy.xlsx,L48_재고수량·잔여일수,2026-10-05T01:15
PH_DUMMY_01,2026-06-11,R007,3059,0,246,0,2813,2813,0,455.3,6.2,0,,0,,,virtual_dummy.xlsx,L48_재고수량·잔여일수,2026-10-05T01:15
PH_DUMMY_01,2026-06-11,O001,31,0,1,0,30,30,0,2.6,11.7,0,,0,,,virtual_dummy.xlsx,L48_재고수량·잔여일수,2026-10-05T01:15
PH_DUMMY_01,2026-06-11,O002,28,0,0,0,28,28,0,2.1,13.1,0,,0,,,virtual_dummy.xlsx,L48_재고수량·잔여일수,2026-10-05T01:15
PH_DUMMY_01,2026-06-11,O003,19,0,0,0,19,23,4,1.3,14.8,0,,0,,,virtual_dummy.xlsx,L48_재고수량·잔여일수,2026-10-05T01:15
PH_DUMMY_01,2026-06-11,O004,6,0,0,0,6,6,0,0.6,10.5,0,,0,,,virtual_dummy.xlsx,L48_재고수량·잔여일수,2026-10-05T01:15
PH_DUMMY_01,2026-06-11,Q001,15,0,2,0,13,12,-1,1.6,8.3,0,,0,,,virtual_dummy.xlsx,L48_재고수량·잔여일수,2026-10-05T01:15
PH_DUMMY_01,2026-06-11,Q002,2,0,1,0,1,0,-1,0.6,1.8,0,,0,,,virtual_dummy.xlsx,L48_재고수량·잔여일수,2026-10-05T01:15
PH_DUMMY_01,2026-06-12,R001,173,0,7,0,166,136,-30,29.9,5.6,0,,0,,,virtual_dummy.xlsx,L48_재고수량·잔여일수,2026-10-05T01:15
PH_DUMMY_01,2026-06-12,R002,947,0,86,0,861,841,-20,168,5.1,0,,0,,,virtual_dummy.xlsx,L48_재고수량·잔여일수,2026-10-05T01:15
PH_DUMMY_01,2026-06-12,R003,558,0,36,0,522,522,0,37.6,13.9,0,,0,,,virtual_dummy.xlsx,L48_재고수량·잔여일수,2026-10-05T01:15
PH_DUMMY_01,2026-06-12,R004,1318,0,40,0,1278,1278,0,53.9,23.7,0,,0,,,virtual_dummy.xlsx,L48_재고수량·잔여일수,2026-10-05T01:15
PH_DUMMY_01,2026-06-12,R005,1834,0,355,0,1479,1459,-20,442,3.3,0,,0,,,virtual_dummy.xlsx,L48_재고수량·잔여일수,2026-10-05T01:15
PH_DUMMY_01,2026-06-12,R006,1729,0,200,0,1529,1579,50,197.9,7.7,0,,0,,,virtual_dummy.xlsx,L48_재고수량·잔여일수,2026-10-05T01:15
PH_DUMMY_01,2026-06-12,R007,2813,0,729,0,2084,2084,0,459.3,4.5,0,,0,,,virtual_dummy.xlsx,L48_재고수량·잔여일수,2026-10-05T01:15
PH_DUMMY_01,2026-06-12,O001,30,0,1,0,29,29,0,2.3,12.7,0,,0,,,virtual_dummy.xlsx,L48_재고수량·잔여일수,2026-10-05T01:15
PH_DUMMY_01,2026-06-12,O002,28,0,2,0,26,26,0,1.6,16.5,0,,0,,,virtual_dummy.xlsx,L48_재고수량·잔여일수,2026-10-05T01:15
PH_DUMMY_01,2026-06-12,O003,19,0,0,0,19,23,4,1.3,14.8,0,,0,,,virtual_dummy.xlsx,L48_재고수량·잔여일수,2026-10-05T01:15
PH_DUMMY_01,2026-06-12,O004,6,0,1,0,5,5,0,0.4,11.7,0,,0,,,virtual_dummy.xlsx,L48_재고수량·잔여일수,2026-10-05T01:15
PH_DUMMY_01,2026-06-12,Q001,13,0,0,0,13,12,-1,1.4,9.1,0,,0,,,virtual_dummy.xlsx,L48_재고수량·잔여일수,2026-10-05T01:15
PH_DUMMY_01,2026-06-12,Q002,1,0,0,0,1,0,-1,0.4,2.3,0,,0,,,virtual_dummy.xlsx,L48_재고수량·잔여일수,2026-10-05T01:15
PH_DUMMY_01,2026-06-13,R001,166,0,20,0,146,116,-30,30.3,4.8,0,,0,,,virtual_dummy.xlsx,L48_재고수량·잔여일수,2026-10-05T01:15
PH_DUMMY_01,2026-06-13,R002,861,0,41,0,820,800,-20,138.3,5.9,0,,0,,,virtual_dummy.xlsx,L48_재고수량·잔여일수,2026-10-05T01:15
PH_DUMMY_01,2026-06-13,R003,522,0,52,0,470,470,0,45,10.4,0,,0,,,virtual_dummy.xlsx,L48_재고수량·잔여일수,2026-10-05T01:15
PH_DUMMY_01,2026-06-13,R004,1278,0,58,0,1220,1220,0,62.1,19.6,0,,0,,,virtual_dummy.xlsx,L48_재고수량·잔여일수,2026-10-05T01:15
PH_DUMMY_01,2026-06-13,R005,1479,0,115,0,1364,1344,-20,370.6,3.7,0,,0,,,virtual_dummy.xlsx,L48_재고수량·잔여일수,2026-10-05T01:15
PH_DUMMY_01,2026-06-13,R006,1529,0,128,0,1401,1451,50,177.7,7.9,0,,0,,,virtual_dummy.xlsx,L48_재고수량·잔여일수,2026-10-05T01:15
PH_DUMMY_01,2026-06-13,R007,2084,0,411,0,1673,1673,0,468.9,3.6,0,,0,,,virtual_dummy.xlsx,L48_재고수량·잔여일수,2026-10-05T01:15
PH_DUMMY_01,2026-06-13,O001,29,0,0,0,29,29,0,1.9,15.6,0,,0,,,virtual_dummy.xlsx,L48_재고수량·잔여일수,2026-10-05T01:15
PH_DUMMY_01,2026-06-13,O002,26,0,1,0,25,25,0,1.1,21.9,0,,0,,,virtual_dummy.xlsx,L48_재고수량·잔여일수,2026-10-05T01:15
PH_DUMMY_01,2026-06-13,O003,19,0,1,0,18,22,4,1.3,14,0,,0,,,virtual_dummy.xlsx,L48_재고수량·잔여일수,2026-10-05T01:15
PH_DUMMY_01,2026-06-13,O004,5,0,1,0,4,4,0,0.4,9.3,0,,0,,,virtual_dummy.xlsx,L48_재고수량·잔여일수,2026-10-05T01:15
PH_DUMMY_01,2026-06-13,Q001,13,0,0,0,13,12,-1,1.1,11.4,0,,0,,,virtual_dummy.xlsx,L48_재고수량·잔여일수,2026-10-05T01:15
PH_DUMMY_01,2026-06-13,Q002,1,0,0,0,1,0,-1,0.3,3.5,0,,0,,,virtual_dummy.xlsx,L48_재고수량·잔여일수,2026-10-05T01:15
PH_DUMMY_01,2026-06-14,R001,146,0,0,0,146,116,-30,,,0,,0,,,virtual_dummy.xlsx,L48_재고수량·잔여일수,2026-10-05T01:15
PH_DUMMY_01,2026-06-14,R002,820,0,0,0,820,800,-20,,,0,,0,,,virtual_dummy.xlsx,L48_재고수량·잔여일수,2026-10-05T01:15
PH_DUMMY_01,2026-06-14,R003,470,0,0,0,470,470,0,,,0,,0,,,virtual_dummy.xlsx,L48_재고수량·잔여일수,2026-10-05T01:15
PH_DUMMY_01,2026-06-14,R004,1220,0,0,0,1220,1220,0,,,0,,0,,,virtual_dummy.xlsx,L48_재고수량·잔여일수,2026-10-05T01:15
PH_DUMMY_01,2026-06-14,R005,1364,0,0,0,1364,1344,-20,,,0,,0,,,virtual_dummy.xlsx,L48_재고수량·잔여일수,2026-10-05T01:15
PH_DUMMY_01,2026-06-14,R006,1401,0,0,0,1401,1451,50,,,0,,0,,,virtual_dummy.xlsx,L48_재고수량·잔여일수,2026-10-05T01:15
PH_DUMMY_01,2026-06-14,R007,1673,0,0,0,1673,1673,0,,,0,,0,,,virtual_dummy.xlsx,L48_재고수량·잔여일수,2026-10-05T01:15
PH_DUMMY_01,2026-06-14,O001,29,0,0,0,29,29,0,,,0,,0,,,virtual_dummy.xlsx,L48_재고수량·잔여일수,2026-10-05T01:15
PH_DUMMY_01,2026-06-14,O002,25,0,0,0,25,25,0,,,0,,0,,,virtual_dummy.xlsx,L48_재고수량·잔여일수,2026-10-05T01:15
PH_DUMMY_01,2026-06-14,O003,18,0,0,0,18,22,4,,,0,,0,,,virtual_dummy.xlsx,L48_재고수량·잔여일수,2026-10-05T01:15
PH_DUMMY_01,2026-06-14,O004,4,0,0,0,4,4,0,,,0,,0,,,virtual_dummy.xlsx,L48_재고수량·잔여일수,2026-10-05T01:15
PH_DUMMY_01,2026-06-14,Q001,13,0,0,0,13,12,-1,,,0,,0,,,virtual_dummy.xlsx,L48_재고수량·잔여일수,2026-10-05T01:15
PH_DUMMY_01,2026-06-14,Q002,1,0,0,0,1,0,-1,,,0,,0,,,virtual_dummy.xlsx,L48_재고수량·잔여일수,2026-10-05T01:15
PH_DUMMY_01,2026-06-15,R001,146,0,65,0,81,51,-30,35.9,2.3,200,정기(주간),200,,,virtual_dummy.xlsx,L48_재고수량·잔여일수,2026-10-05T01:15
PH_DUMMY_01,2026-06-15,R002,820,0,136,0,684,664,-20,119.3,5.7,600,정기(주간),600,,,virtual_dummy.xlsx,L48_재고수량·잔여일수,2026-10-05T01:15
PH_DUMMY_01,2026-06-15,R003,470,0,50,0,420,420,0,45,9.3,0,,0,,,virtual_dummy.xlsx,L48_재고수량·잔여일수,2026-10-05T01:15
PH_DUMMY_01,2026-06-15,R004,1220,0,285,0,935,935,0,86.9,10.8,500,정기(주간),500,,,virtual_dummy.xlsx,L48_재고수량·잔여일수,2026-10-05T01:15
PH_DUMMY_01,2026-06-15,R005,1364,0,225,0,1139,1119,-20,364.6,3.1,2500,정기(주간),2500,,,virtual_dummy.xlsx,L48_재고수량·잔여일수,2026-10-05T01:15
PH_DUMMY_01,2026-06-15,R006,1401,0,217,0,1184,1214,30,188.4,6.3,900,정기(주간),900,,,virtual_dummy.xlsx,L48_재고수량·잔여일수,2026-10-05T01:15
PH_DUMMY_01,2026-06-15,R007,1673,0,400,0,1273,1273,0,445.4,2.9,2500,정기(주간),2500,,,virtual_dummy.xlsx,L48_재고수량·잔여일수,2026-10-05T01:15
PH_DUMMY_01,2026-06-15,O001,29,0,3,0,26,26,0,1.7,15.2,0,,0,,,virtual_dummy.xlsx,L48_재고수량·잔여일수,2026-10-05T01:15
PH_DUMMY_01,2026-06-15,O002,25,0,1,0,24,21,-3,1.1,21,0,,0,,,virtual_dummy.xlsx,L48_재고수량·잔여일수,2026-10-05T01:15
PH_DUMMY_01,2026-06-15,O003,18,0,1,0,17,20,3,1.1,14.9,0,,0,,,virtual_dummy.xlsx,L48_재고수량·잔여일수,2026-10-05T01:15
PH_DUMMY_01,2026-06-15,O004,4,0,2,0,2,2,0,0.7,2.8,4,정기(주간),4,,,virtual_dummy.xlsx,L48_재고수량·잔여일수,2026-10-05T01:15
PH_DUMMY_01,2026-06-15,Q001,13,0,0,0,13,12,-1,1.1,11.4,0,,0,,,virtual_dummy.xlsx,L48_재고수량·잔여일수,2026-10-05T01:15
PH_DUMMY_01,2026-06-15,Q002,1,0,0,0,1,0,-1,0.3,3.5,4,정기(주간),4,,,virtual_dummy.xlsx,L48_재고수량·잔여일수,2026-10-05T01:15
PH_DUMMY_01,2026-06-16,R001,81,200,71,0,210,180,-30,40.1,5.2,0,,0,,,virtual_dummy.xlsx,L48_재고수량·잔여일수,2026-10-05T01:15
PH_DUMMY_01,2026-06-16,R002,684,600,224,0,1060,1040,-20,128.1,8.3,0,,0,,,virtual_dummy.xlsx,L48_재고수량·잔여일수,2026-10-05T01:15
PH_DUMMY_01,2026-06-16,R003,420,0,94,0,326,326,0,45.1,7.2,0,,0,,,virtual_dummy.xlsx,L48_재고수량·잔여일수,2026-10-05T01:15
PH_DUMMY_01,2026-06-16,R004,935,500,245,0,1190,1190,0,95.6,12.5,0,,0,,,virtual_dummy.xlsx,L48_재고수량·잔여일수,2026-10-05T01:15
PH_DUMMY_01,2026-06-16,R005,1139,2500,473,0,3166,3146,-20,385.4,8.2,0,,0,,,virtual_dummy.xlsx,L48_재고수량·잔여일수,2026-10-05T01:15
PH_DUMMY_01,2026-06-16,R006,1184,900,325,0,1759,1809,50,194,9.1,0,,0,,,virtual_dummy.xlsx,L48_재고수량·잔여일수,2026-10-05T01:15
PH_DUMMY_01,2026-06-16,R007,1273,2500,606,0,3167,3137,-30,473.9,6.7,0,,0,,,virtual_dummy.xlsx,L48_재고수량·잔여일수,2026-10-05T01:15
PH_DUMMY_01,2026-06-16,O001,26,0,5,0,21,21,0,2.1,9.8,0,,0,,,virtual_dummy.xlsx,L48_재고수량·잔여일수,2026-10-05T01:15
PH_DUMMY_01,2026-06-16,O002,24,0,6,0,18,15,-3,1.7,10.5,0,,0,,,virtual_dummy.xlsx,L48_재고수량·잔여일수,2026-10-05T01:15
PH_DUMMY_01,2026-06-16,O003,17,0,1,0,16,19,3,0.7,22.4,0,,0,,,virtual_dummy.xlsx,L48_재고수량·잔여일수,2026-10-05T01:15
PH_DUMMY_01,2026-06-16,O004,2,4,0,0,6,6,0,0.7,8.4,0,,0,,,virtual_dummy.xlsx,L48_재고수량·잔여일수,2026-10-05T01:15
PH_DUMMY_01,2026-06-16,Q001,13,0,2,0,11,9,-2,1,11,0,,0,,,virtual_dummy.xlsx,L48_재고수량·잔여일수,2026-10-05T01:15
PH_DUMMY_01,2026-06-16,Q002,1,4,0,0,5,2,-3,0.3,17.5,0,,0,,,virtual_dummy.xlsx,L48_재고수량·잔여일수,2026-10-05T01:15
PH_DUMMY_01,2026-06-17,R001,210,0,28,0,182,152,-30,36.4,5,0,,0,,,virtual_dummy.xlsx,L48_재고수량·잔여일수,2026-10-05T01:15
PH_DUMMY_01,2026-06-17,R002,1060,0,67,0,993,973,-20,104.7,9.5,0,,0,,,virtual_dummy.xlsx,L48_재고수량·잔여일수,2026-10-05T01:15
PH_DUMMY_01,2026-06-17,R003,326,0,19,0,307,307,0,47.9,6.4,0,,0,,,virtual_dummy.xlsx,L48_재고수량·잔여일수,2026-10-05T01:15
PH_DUMMY_01,2026-06-17,R004,1190,0,0,0,1190,1190,0,95.6,12.5,0,,0,,,virtual_dummy.xlsx,L48_재고수량·잔여일수,2026-10-05T01:15
PH_DUMMY_01,2026-06-17,R005,3166,0,733,0,2433,2413,-20,419,5.8,0,,0,,,virtual_dummy.xlsx,L48_재고수량·잔여일수,2026-10-05T01:15
PH_DUMMY_01,2026-06-17,R006,1759,0,274,0,1485,1535,50,208.4,7.1,0,,0,,,virtual_dummy.xlsx,L48_재고수량·잔여일수,2026-10-05T01:15
PH_DUMMY_01,2026-06-17,R007,3167,0,587,0,2580,2550,-30,495.6,5.2,0,,0,,,virtual_dummy.xlsx,L48_재고수량·잔여일수,2026-10-05T01:15
PH_DUMMY_01,2026-06-17,O001,21,0,4,0,17,17,0,2.1,7.9,0,,0,,,virtual_dummy.xlsx,L48_재고수량·잔여일수,2026-10-05T01:15
PH_DUMMY_01,2026-06-17,O002,18,0,1,0,17,14,-3,1.9,9.2,0,,0,,,virtual_dummy.xlsx,L48_재고수량·잔여일수,2026-10-05T01:15
PH_DUMMY_01,2026-06-17,O003,16,0,4,0,12,15,3,1.1,10.5,0,,0,,,virtual_dummy.xlsx,L48_재고수량·잔여일수,2026-10-05T01:15
PH_DUMMY_01,2026-06-17,O004,6,0,1,0,5,5,0,0.7,7,0,,0,,,virtual_dummy.xlsx,L48_재고수량·잔여일수,2026-10-05T01:15
PH_DUMMY_01,2026-06-17,Q001,11,0,1,0,10,8,-2,1,10,0,,0,,,virtual_dummy.xlsx,L48_재고수량·잔여일수,2026-10-05T01:15
PH_DUMMY_01,2026-06-17,Q002,5,0,0,0,5,4,-1,0.3,17.5,0,,0,,,virtual_dummy.xlsx,L48_재고수량·잔여일수,2026-10-05T01:15
PH_DUMMY_01,2026-06-18,R001,182,0,33,0,149,119,-30,40.1,3.7,0,,0,,,virtual_dummy.xlsx,L48_재고수량·잔여일수,2026-10-05T01:15
PH_DUMMY_01,2026-06-18,R002,993,0,92,0,901,851,-50,107.3,8.4,0,,0,,,virtual_dummy.xlsx,L48_재고수량·잔여일수,2026-10-05T01:15
PH_DUMMY_01,2026-06-18,R003,307,0,10,0,297,297,0,47.3,6.3,0,,0,,,virtual_dummy.xlsx,L48_재고수량·잔여일수,2026-10-05T01:15
PH_DUMMY_01,2026-06-18,R004,1190,0,0,0,1190,1190,0,95.6,12.5,0,,0,,,virtual_dummy.xlsx,L48_재고수량·잔여일수,2026-10-05T01:15
PH_DUMMY_01,2026-06-18,R005,2433,0,605,0,1828,1808,-20,467.9,3.9,0,,0,,,virtual_dummy.xlsx,L48_재고수량·잔여일수,2026-10-05T01:15
PH_DUMMY_01,2026-06-18,R006,1485,0,226,0,1259,1309,50,218.7,5.8,0,,0,,,virtual_dummy.xlsx,L48_재고수량·잔여일수,2026-10-05T01:15
PH_DUMMY_01,2026-06-18,R007,2580,0,747,0,1833,1773,-60,532.3,3.4,0,,0,,,virtual_dummy.xlsx,L48_재고수량·잔여일수,2026-10-05T01:15
PH_DUMMY_01,2026-06-18,O001,17,0,1,0,16,16,0,2.1,7.5,0,,0,,,virtual_dummy.xlsx,L48_재고수량·잔여일수,2026-10-05T01:15
PH_DUMMY_01,2026-06-18,O002,17,0,1,0,16,13,-3,1.7,9.3,0,,0,,,virtual_dummy.xlsx,L48_재고수량·잔여일수,2026-10-05T01:15
PH_DUMMY_01,2026-06-18,O003,12,0,2,0,10,13,3,1.3,7.8,0,,0,,,virtual_dummy.xlsx,L48_재고수량·잔여일수,2026-10-05T01:15
PH_DUMMY_01,2026-06-18,O004,5,0,0,0,5,5,0,0.7,7,0,,0,,,virtual_dummy.xlsx,L48_재고수량·잔여일수,2026-10-05T01:15
PH_DUMMY_01,2026-06-18,Q001,10,0,0,0,10,8,-2,0.7,14,0,,0,,,virtual_dummy.xlsx,L48_재고수량·잔여일수,2026-10-05T01:15
PH_DUMMY_01,2026-06-18,Q002,5,0,0,0,5,7,2,0.1,35,0,,0,,,virtual_dummy.xlsx,L48_재고수량·잔여일수,2026-10-05T01:15
PH_DUMMY_01,2026-06-19,R001,149,0,10,0,139,109,-30,33.4,4.2,0,,0,,,virtual_dummy.xlsx,L48_재고수량·잔여일수,2026-10-05T01:15
PH_DUMMY_01,2026-06-19,R002,901,0,110,0,791,741,-50,108,7.3,0,,0,,,virtual_dummy.xlsx,L48_재고수량·잔여일수,2026-10-05T01:15
PH_DUMMY_01,2026-06-19,R003,297,0,42,0,255,265,10,43.3,5.9,0,,0,,,virtual_dummy.xlsx,L48_재고수량·잔여일수,2026-10-05T01:15
PH_DUMMY_01,2026-06-19,R004,1190,0,95,0,1095,1095,0,103.3,10.6,0,,0,,,virtual_dummy.xlsx,L48_재고수량·잔여일수,2026-10-05T01:15
PH_DUMMY_01,2026-06-19,R005,1828,0,73,0,1755,1735,-20,368.4,4.8,0,,0,,,virtual_dummy.xlsx,L48_재고수량·잔여일수,2026-10-05T01:15
PH_DUMMY_01,2026-06-19,R006,1259,0,216,0,1043,1093,50,226.6,4.6,0,,0,,,virtual_dummy.xlsx,L48_재고수량·잔여일수,2026-10-05T01:15
PH_DUMMY_01,2026-06-19,R007,1833,0,243,0,1590,1530,-60,531.9,3,0,,0,,,virtual_dummy.xlsx,L48_재고수량·잔여일수,2026-10-05T01:15
PH_DUMMY_01,2026-06-19,O001,16,0,1,0,15,15,0,2.1,7,0,,0,,,virtual_dummy.xlsx,L48_재고수량·잔여일수,2026-10-05T01:15
PH_DUMMY_01,2026-06-19,O002,16,0,2,0,14,11,-3,2,7,0,,0,,,virtual_dummy.xlsx,L48_재고수량·잔여일수,2026-10-05T01:15
PH_DUMMY_01,2026-06-19,O003,10,0,1,0,9,12,3,1.4,6.3,0,,0,,,virtual_dummy.xlsx,L48_재고수량·잔여일수,2026-10-05T01:15
PH_DUMMY_01,2026-06-19,O004,5,0,0,0,5,5,0,0.7,7,0,,0,,,virtual_dummy.xlsx,L48_재고수량·잔여일수,2026-10-05T01:15
PH_DUMMY_01,2026-06-19,Q001,10,0,0,0,10,8,-2,0.4,23.3,0,,0,,,virtual_dummy.xlsx,L48_재고수량·잔여일수,2026-10-05T01:15
PH_DUMMY_01,2026-06-19,Q002,5,0,0,0,5,7,2,0,,0,,0,,,virtual_dummy.xlsx,L48_재고수량·잔여일수,2026-10-05T01:15
PH_DUMMY_01,2026-06-20,R001,139,0,19,0,120,90,-30,35.1,3.4,0,,0,,,virtual_dummy.xlsx,L48_재고수량·잔여일수,2026-10-05T01:15
PH_DUMMY_01,2026-06-20,R002,791,0,100,0,691,671,-20,110,6.3,0,,0,,,virtual_dummy.xlsx,L48_재고수량·잔여일수,2026-10-05T01:15
PH_DUMMY_01,2026-06-20,R003,255,0,37,0,218,228,10,43.4,5,0,,0,,,virtual_dummy.xlsx,L48_재고수량·잔여일수,2026-10-05T01:15
PH_DUMMY_01,2026-06-20,R004,1095,0,0,0,1095,1095,0,97.6,11.2,0,,0,,,virtual_dummy.xlsx,L48_재고수량·잔여일수,2026-10-05T01:15
PH_DUMMY_01,2026-06-20,R005,1755,0,262,0,1493,1473,-20,355.1,4.2,0,,0,,,virtual_dummy.xlsx,L48_재고수량·잔여일수,2026-10-05T01:15
PH_DUMMY_01,2026-06-20,R006,1043,0,185,0,858,908,50,224.4,3.8,0,,0,,,virtual_dummy.xlsx,L48_재고수량·잔여일수,2026-10-05T01:15
PH_DUMMY_01,2026-06-20,R007,1590,0,136,0,1454,1394,-60,447.1,3.3,0,,0,,,virtual_dummy.xlsx,L48_재고수량·잔여일수,2026-10-05T01:15
PH_DUMMY_01,2026-06-20,O001,15,0,4,0,11,11,0,2.6,4.3,0,,0,,,virtual_dummy.xlsx,L48_재고수량·잔여일수,2026-10-05T01:15
PH_DUMMY_01,2026-06-20,O002,14,0,1,0,13,10,-3,1.9,7,0,,0,,,virtual_dummy.xlsx,L48_재고수량·잔여일수,2026-10-05T01:15
PH_DUMMY_01,2026-06-20,O003,9,0,2,0,7,10,3,1.7,4.1,0,,0,,,virtual_dummy.xlsx,L48_재고수량·잔여일수,2026-10-05T01:15
PH_DUMMY_01,2026-06-20,O004,5,0,0,0,5,5,0,0.6,8.8,0,,0,,,virtual_dummy.xlsx,L48_재고수량·잔여일수,2026-10-05T01:15
PH_DUMMY_01,2026-06-20,Q001,10,0,1,0,9,7,-2,0.6,15.8,0,,0,,,virtual_dummy.xlsx,L48_재고수량·잔여일수,2026-10-05T01:15
PH_DUMMY_01,2026-06-20,Q002,5,0,1,0,4,6,2,0.1,28,0,,0,,,virtual_dummy.xlsx,L48_재고수량·잔여일수,2026-10-05T01:15
PH_DUMMY_01,2026-06-21,R001,120,0,0,0,120,90,-30,,,0,,0,,,virtual_dummy.xlsx,L48_재고수량·잔여일수,2026-10-05T01:15
PH_DUMMY_01,2026-06-21,R002,691,0,0,0,691,671,-20,,,0,,0,,,virtual_dummy.xlsx,L48_재고수량·잔여일수,2026-10-05T01:15
PH_DUMMY_01,2026-06-21,R003,218,0,0,0,218,228,10,,,0,,0,,,virtual_dummy.xlsx,L48_재고수량·잔여일수,2026-10-05T01:15
PH_DUMMY_01,2026-06-21,R004,1095,0,0,0,1095,1095,0,,,0,,0,,,virtual_dummy.xlsx,L48_재고수량·잔여일수,2026-10-05T01:15
PH_DUMMY_01,2026-06-21,R005,1493,0,0,0,1493,1473,-20,,,0,,0,,,virtual_dummy.xlsx,L48_재고수량·잔여일수,2026-10-05T01:15
PH_DUMMY_01,2026-06-21,R006,858,0,0,0,858,908,50,,,0,,0,,,virtual_dummy.xlsx,L48_재고수량·잔여일수,2026-10-05T01:15
PH_DUMMY_01,2026-06-21,R007,1454,0,0,0,1454,1394,-60,,,0,,0,,,virtual_dummy.xlsx,L48_재고수량·잔여일수,2026-10-05T01:15
PH_DUMMY_01,2026-06-21,O001,11,0,0,0,11,11,0,,,0,,0,,,virtual_dummy.xlsx,L48_재고수량·잔여일수,2026-10-05T01:15
PH_DUMMY_01,2026-06-21,O002,13,0,0,0,13,10,-3,,,0,,0,,,virtual_dummy.xlsx,L48_재고수량·잔여일수,2026-10-05T01:15
PH_DUMMY_01,2026-06-21,O003,7,0,0,0,7,10,3,,,0,,0,,,virtual_dummy.xlsx,L48_재고수량·잔여일수,2026-10-05T01:15
PH_DUMMY_01,2026-06-21,O004,5,0,0,0,5,5,0,,,0,,0,,,virtual_dummy.xlsx,L48_재고수량·잔여일수,2026-10-05T01:15
PH_DUMMY_01,2026-06-21,Q001,9,0,0,0,9,7,-2,,,0,,0,,,virtual_dummy.xlsx,L48_재고수량·잔여일수,2026-10-05T01:15
PH_DUMMY_01,2026-06-21,Q002,4,0,0,0,4,6,2,,,0,,0,,,virtual_dummy.xlsx,L48_재고수량·잔여일수,2026-10-05T01:15
PH_DUMMY_01,2026-06-22,R001,120,0,36,0,84,84,0,37.4,2.2,200,정기(주간),200,,,virtual_dummy.xlsx,L48_재고수량·잔여일수,2026-10-05T01:15
PH_DUMMY_01,2026-06-22,R002,691,0,266,0,425,405,-20,142.1,3,900,정기(주간),900,,,virtual_dummy.xlsx,L48_재고수량·잔여일수,2026-10-05T01:15
PH_DUMMY_01,2026-06-22,R003,218,0,82,0,136,146,10,47.7,2.9,300,정기(주간),300,,,virtual_dummy.xlsx,L48_재고수량·잔여일수,2026-10-05T01:15
PH_DUMMY_01,2026-06-22,R004,1095,0,132,0,963,963,0,108.1,8.9,0,,0,,,virtual_dummy.xlsx,L48_재고수량·잔여일수,2026-10-05T01:15
PH_DUMMY_01,2026-06-22,R005,1493,0,923,0,570,550,-20,470.6,1.2,3000,정기(주간),3000,,,virtual_dummy.xlsx,L48_재고수량·잔여일수,2026-10-05T01:15
PH_DUMMY_01,2026-06-22,R006,858,0,233,0,625,675,50,239.4,2.6,1200,정기(주간),1200,,,virtual_dummy.xlsx,L48_재고수량·잔여일수,2026-10-05T01:15
PH_DUMMY_01,2026-06-22,R007,1454,0,467,0,987,927,-60,455.1,2.2,3000,정기(주간),3000,,,virtual_dummy.xlsx,L48_재고수량·잔여일수,2026-10-05T01:15
PH_DUMMY_01,2026-06-22,O001,11,0,4,0,7,7,0,3.1,2.2,20,정기(주간),20,,,virtual_dummy.xlsx,L48_재고수량·잔여일수,2026-10-05T01:15
PH_DUMMY_01,2026-06-22,O002,13,0,1,0,12,9,-3,1.9,6.5,10,정기(주간),10,,,virtual_dummy.xlsx,L48_재고수량·잔여일수,2026-10-05T01:15
PH_DUMMY_01,2026-06-22,O003,7,0,3,0,4,7,3,2,2,20,정기(주간),20,,,virtual_dummy.xlsx,L48_재고수량·잔여일수,2026-10-05T01:15
PH_DUMMY_01,2026-06-22,O004,5,0,1,0,4,4,0,0.6,7,2,정기(주간),2,,,virtual_dummy.xlsx,L48_재고수량·잔여일수,2026-10-05T01:15
PH_DUMMY_01,2026-06-22,Q001,9,0,1,0,8,6,-2,0.7,11.2,10,정기(주간),10,,,virtual_dummy.xlsx,L48_재고수량·잔여일수,2026-10-05T01:15
PH_DUMMY_01,2026-06-22,Q002,4,0,1,0,3,5,2,0.3,10.5,0,,0,,,virtual_dummy.xlsx,L48_재고수량·잔여일수,2026-10-05T01:15
PH_DUMMY_01,2026-06-23,R001,84,200,42,0,242,242,0,34.1,7.1,0,,0,,,virtual_dummy.xlsx,L48_재고수량·잔여일수,2026-10-05T01:15
PH_DUMMY_01,2026-06-23,R002,425,900,134,0,1191,1191,0,141.9,8.4,0,,0,,,virtual_dummy.xlsx,L48_재고수량·잔여일수,2026-10-05T01:15
PH_DUMMY_01,2026-06-23,R003,136,300,53,0,383,393,10,48.1,8,0,,0,,,virtual_dummy.xlsx,L48_재고수량·잔여일수,2026-10-05T01:15
PH_DUMMY_01,2026-06-23,R004,963,0,135,0,828,828,0,86.7,9.5,0,,0,,,virtual_dummy.xlsx,L48_재고수량·잔여일수,2026-10-05T01:15
PH_DUMMY_01,2026-06-23,R005,570,3000,165,0,3405,3365,-40,462,7.4,0,,0,,,virtual_dummy.xlsx,L48_재고수량·잔여일수,2026-10-05T01:15
PH_DUMMY_01,2026-06-23,R006,625,1200,258,0,1567,1617,50,245.3,6.4,0,,0,,,virtual_dummy.xlsx,L48_재고수량·잔여일수,2026-10-05T01:15
PH_DUMMY_01,2026-06-23,R007,987,3000,112,0,3875,3815,-60,414,9.4,0,,0,,,virtual_dummy.xlsx,L48_재고수량·잔여일수,2026-10-05T01:15
PH_DUMMY_01,2026-06-23,O001,7,20,1,0,26,26,0,2.9,9.1,0,,0,,,virtual_dummy.xlsx,L48_재고수량·잔여일수,2026-10-05T01:15
PH_DUMMY_01,2026-06-23,O002,12,10,2,0,20,17,-3,2,10,0,,0,,,virtual_dummy.xlsx,L48_재고수량·잔여일수,2026-10-05T01:15
PH_DUMMY_01,2026-06-23,O003,4,20,2,0,22,25,3,2.1,10.3,0,,0,,,virtual_dummy.xlsx,L48_재고수량·잔여일수,2026-10-05T01:15
PH_DUMMY_01,2026-06-23,O004,4,2,0,0,6,6,0,0.3,21,0,,0,,,virtual_dummy.xlsx,L48_재고수량·잔여일수,2026-10-05T01:15
PH_DUMMY_01,2026-06-23,Q001,8,10,0,0,18,16,-2,0.7,25.2,0,,0,,,virtual_dummy.xlsx,L48_재고수량·잔여일수,2026-10-05T01:15
PH_DUMMY_01,2026-06-23,Q002,3,0,0,0,3,5,2,0.3,10.5,0,,0,,,virtual_dummy.xlsx,L48_재고수량·잔여일수,2026-10-05T01:15
PH_DUMMY_01,2026-06-24,R001,242,0,29,0,213,213,0,28.1,7.6,0,,0,,,virtual_dummy.xlsx,L48_재고수량·잔여일수,2026-10-05T01:15
PH_DUMMY_01,2026-06-24,R002,1191,0,130,0,1061,1061,0,128.4,8.3,0,,0,,,virtual_dummy.xlsx,L48_재고수량·잔여일수,2026-10-05T01:15
PH_DUMMY_01,2026-06-24,R003,383,0,34,0,349,359,10,39.6,8.8,0,,0,,,virtual_dummy.xlsx,L48_재고수량·잔여일수,2026-10-05T01:15
PH_DUMMY_01,2026-06-24,R004,828,0,89,0,739,739,0,64.4,11.5,0,,0,,,virtual_dummy.xlsx,L48_재고수량·잔여일수,2026-10-05T01:15
PH_DUMMY_01,2026-06-24,R005,3405,0,267,0,3138,3068,-70,432.6,7.3,0,,0,,,virtual_dummy.xlsx,L48_재고수량·잔여일수,2026-10-05T01:15
PH_DUMMY_01,2026-06-24,R006,1567,0,155,0,1412,1462,50,221,6.4,0,,0,,,virtual_dummy.xlsx,L48_재고수량·잔여일수,2026-10-05T01:15
PH_DUMMY_01,2026-06-24,R007,3875,0,342,0,3533,3473,-60,376.3,9.4,0,,0,,,virtual_dummy.xlsx,L48_재고수량·잔여일수,2026-10-05T01:15
PH_DUMMY_01,2026-06-24,O001,26,0,1,0,25,25,0,2.3,10.9,0,,0,,,virtual_dummy.xlsx,L48_재고수량·잔여일수,2026-10-05T01:15
PH_DUMMY_01,2026-06-24,O002,20,0,3,0,17,14,-3,1.6,10.8,0,,0,,,virtual_dummy.xlsx,L48_재고수량·잔여일수,2026-10-05T01:15
PH_DUMMY_01,2026-06-24,O003,22,0,1,0,21,22,1,2.1,9.8,0,,0,,,virtual_dummy.xlsx,L48_재고수량·잔여일수,2026-10-05T01:15
PH_DUMMY_01,2026-06-24,O004,6,0,0,0,6,6,0,0.3,21,0,,0,,,virtual_dummy.xlsx,L48_재고수량·잔여일수,2026-10-05T01:15
PH_DUMMY_01,2026-06-24,Q001,18,0,1,0,17,15,-2,0.6,29.8,0,,0,,,virtual_dummy.xlsx,L48_재고수량·잔여일수,2026-10-05T01:15
PH_DUMMY_01,2026-06-24,Q002,3,0,1,0,2,4,2,0.4,4.7,0,,0,,,virtual_dummy.xlsx,L48_재고수량·잔여일수,2026-10-05T01:15
PH_DUMMY_01,2026-06-25,R001,213,0,98,0,115,115,0,38.1,3,0,,0,,,virtual_dummy.xlsx,L48_재고수량·잔여일수,2026-10-05T01:15
PH_DUMMY_01,2026-06-25,R002,1061,0,100,0,961,961,0,133.1,7.2,0,,0,,,virtual_dummy.xlsx,L48_재고수량·잔여일수,2026-10-05T01:15
PH_DUMMY_01,2026-06-25,R003,349,0,57,0,292,302,10,45,6.5,0,,0,,,virtual_dummy.xlsx,L48_재고수량·잔여일수,2026-10-05T01:15
PH_DUMMY_01,2026-06-25,R004,739,0,0,0,739,749,10,64.4,11.5,0,,0,,,virtual_dummy.xlsx,L48_재고수량·잔여일수,2026-10-05T01:15
PH_DUMMY_01,2026-06-25,R005,3138,0,582,0,2556,2486,-70,411,6.2,0,,0,,,virtual_dummy.xlsx,L48_재고수량·잔여일수,2026-10-05T01:15
PH_DUMMY_01,2026-06-25,R006,1412,0,410,0,1002,1052,50,240.4,4.2,0,,0,,,virtual_dummy.xlsx,L48_재고수량·잔여일수,2026-10-05T01:15
PH_DUMMY_01,2026-06-25,R007,3533,0,495,0,3038,2978,-60,363.1,8.4,0,,0,,,virtual_dummy.xlsx,L48_재고수량·잔여일수,2026-10-05T01:15
PH_DUMMY_01,2026-06-25,O001,25,0,3,0,22,22,0,2.1,10.3,0,,0,,,virtual_dummy.xlsx,L48_재고수량·잔여일수,2026-10-05T01:15
PH_DUMMY_01,2026-06-25,O002,17,0,4,0,13,10,-3,2,6.5,0,,0,,,virtual_dummy.xlsx,L48_재고수량·잔여일수,2026-10-05T01:15
PH_DUMMY_01,2026-06-25,O003,21,0,1,0,20,21,1,1.7,11.7,0,,0,,,virtual_dummy.xlsx,L48_재고수량·잔여일수,2026-10-05T01:15
PH_DUMMY_01,2026-06-25,O004,6,0,0,0,6,6,0,0.1,42,0,,0,,,virtual_dummy.xlsx,L48_재고수량·잔여일수,2026-10-05T01:15
PH_DUMMY_01,2026-06-25,Q001,17,0,3,0,14,12,-2,0.9,16.3,0,,0,,,virtual_dummy.xlsx,L48_재고수량·잔여일수,2026-10-05T01:15
PH_DUMMY_01,2026-06-25,Q002,2,0,0,0,2,4,2,0.4,4.7,0,,0,,,virtual_dummy.xlsx,L48_재고수량·잔여일수,2026-10-05T01:15
PH_DUMMY_01,2026-06-26,R001,115,0,15,0,100,100,0,35.6,2.8,0,,0,,,virtual_dummy.xlsx,L48_재고수량·잔여일수,2026-10-05T01:15
PH_DUMMY_01,2026-06-26,R002,961,0,133,0,828,828,0,139,6,0,,0,,,virtual_dummy.xlsx,L48_재고수량·잔여일수,2026-10-05T01:15
PH_DUMMY_01,2026-06-26,R003,292,0,53,0,239,249,10,51.1,4.7,0,,0,,,virtual_dummy.xlsx,L48_재고수량·잔여일수,2026-10-05T01:15
PH_DUMMY_01,2026-06-26,R004,739,0,306,0,433,443,10,108.1,4,0,,0,,,virtual_dummy.xlsx,L48_재고수량·잔여일수,2026-10-05T01:15
PH_DUMMY_01,2026-06-26,R005,2556,0,505,0,2051,1981,-70,396.7,5.2,0,,0,,,virtual_dummy.xlsx,L48_재고수량·잔여일수,2026-10-05T01:15
PH_DUMMY_01,2026-06-26,R006,1002,0,324,0,678,728,50,254.4,2.7,0,,0,,,virtual_dummy.xlsx,L48_재고수량·잔여일수,2026-10-05T01:15
PH_DUMMY_01,2026-06-26,R007,3038,0,438,0,2600,2540,-60,319,8.2,0,,0,,,virtual_dummy.xlsx,L48_재고수량·잔여일수,2026-10-05T01:15
PH_DUMMY_01,2026-06-26,O001,22,0,1,0,21,21,0,2.1,9.8,0,,0,,,virtual_dummy.xlsx,L48_재고수량·잔여일수,2026-10-05T01:15
PH_DUMMY_01,2026-06-26,O002,13,0,6,0,7,4,-3,2.7,2.6,0,,0,,,virtual_dummy.xlsx,L48_재고수량·잔여일수,2026-10-05T01:15
PH_DUMMY_01,2026-06-26,O003,20,0,2,0,18,19,1,1.7,10.5,0,,0,,,virtual_dummy.xlsx,L48_재고수량·잔여일수,2026-10-05T01:15
PH_DUMMY_01,2026-06-26,O004,6,0,1,0,5,5,0,0.3,17.5,0,,0,,,virtual_dummy.xlsx,L48_재고수량·잔여일수,2026-10-05T01:15
PH_DUMMY_01,2026-06-26,Q001,14,0,0,0,14,12,-2,0.9,16.3,0,,0,,,virtual_dummy.xlsx,L48_재고수량·잔여일수,2026-10-05T01:15
PH_DUMMY_01,2026-06-26,Q002,2,0,1,0,1,3,2,0.6,1.8,0,,0,,,virtual_dummy.xlsx,L48_재고수량·잔여일수,2026-10-05T01:15
PH_DUMMY_01,2026-06-27,R001,100,0,54,0,46,46,0,41.9,1.1,200,긴급,200,,,virtual_dummy.xlsx,L48_재고수량·잔여일수,2026-10-05T01:15
PH_DUMMY_01,2026-06-27,R002,828,0,68,0,760,750,-10,133,5.7,0,,0,,,virtual_dummy.xlsx,L48_재고수량·잔여일수,2026-10-05T01:15
PH_DUMMY_01,2026-06-27,R003,239,0,56,0,183,193,10,53.1,3.4,0,,0,,,virtual_dummy.xlsx,L48_재고수량·잔여일수,2026-10-05T01:15
PH_DUMMY_01,2026-06-27,R004,433,0,62,0,371,381,10,103.4,3.6,0,,0,,,virtual_dummy.xlsx,L48_재고수량·잔여일수,2026-10-05T01:15
PH_DUMMY_01,2026-06-27,R005,2051,0,109,0,1942,1872,-70,401.9,4.8,0,,0,,,virtual_dummy.xlsx,L48_재고수량·잔여일수,2026-10-05T01:15
PH_DUMMY_01,2026-06-27,R006,678,0,91,0,587,637,50,236.6,2.5,0,,0,,,virtual_dummy.xlsx,L48_재고수량·잔여일수,2026-10-05T01:15
PH_DUMMY_01,2026-06-27,R007,2600,0,158,0,2442,2382,-60,306.9,8,0,,0,,,virtual_dummy.xlsx,L48_재고수량·잔여일수,2026-10-05T01:15
PH_DUMMY_01,2026-06-27,O001,21,0,2,0,19,19,0,2.3,8.3,0,,0,,,virtual_dummy.xlsx,L48_재고수량·잔여일수,2026-10-05T01:15
PH_DUMMY_01,2026-06-27,O002,7,0,3,0,4,1,-3,2.9,1.4,10,긴급,10,,,virtual_dummy.xlsx,L48_재고수량·잔여일수,2026-10-05T01:15
PH_DUMMY_01,2026-06-27,O003,18,0,0,0,18,19,1,1.6,11.5,0,,0,,,virtual_dummy.xlsx,L48_재고수량·잔여일수,2026-10-05T01:15
PH_DUMMY_01,2026-06-27,O004,5,0,1,0,4,4,0,0.4,9.3,0,,0,,,virtual_dummy.xlsx,L48_재고수량·잔여일수,2026-10-05T01:15
PH_DUMMY_01,2026-06-27,Q001,14,0,0,0,14,12,-2,0.9,16.3,0,,0,,,virtual_dummy.xlsx,L48_재고수량·잔여일수,2026-10-05T01:15
PH_DUMMY_01,2026-06-27,Q002,1,0,0,0,1,3,2,0.6,1.8,0,,0,,,virtual_dummy.xlsx,L48_재고수량·잔여일수,2026-10-05T01:15
PH_DUMMY_01,2026-06-28,R001,46,0,0,0,46,46,0,,,0,,0,,,virtual_dummy.xlsx,L48_재고수량·잔여일수,2026-10-05T01:15
PH_DUMMY_01,2026-06-28,R002,760,0,0,0,760,750,-10,,,0,,0,,,virtual_dummy.xlsx,L48_재고수량·잔여일수,2026-10-05T01:15
PH_DUMMY_01,2026-06-28,R003,183,0,0,0,183,193,10,,,0,,0,,,virtual_dummy.xlsx,L48_재고수량·잔여일수,2026-10-05T01:15
PH_DUMMY_01,2026-06-28,R004,371,0,0,0,371,381,10,,,0,,0,,,virtual_dummy.xlsx,L48_재고수량·잔여일수,2026-10-05T01:15
PH_DUMMY_01,2026-06-28,R005,1942,0,0,0,1942,1872,-70,,,0,,0,,,virtual_dummy.xlsx,L48_재고수량·잔여일수,2026-10-05T01:15
PH_DUMMY_01,2026-06-28,R006,587,0,0,0,587,637,50,,,0,,0,,,virtual_dummy.xlsx,L48_재고수량·잔여일수,2026-10-05T01:15
PH_DUMMY_01,2026-06-28,R007,2442,0,0,0,2442,2382,-60,,,0,,0,,,virtual_dummy.xlsx,L48_재고수량·잔여일수,2026-10-05T01:15
PH_DUMMY_01,2026-06-28,O001,19,0,0,0,19,19,0,,,0,,0,,,virtual_dummy.xlsx,L48_재고수량·잔여일수,2026-10-05T01:15
PH_DUMMY_01,2026-06-28,O002,4,0,0,0,4,1,-3,,,0,,0,,,virtual_dummy.xlsx,L48_재고수량·잔여일수,2026-10-05T01:15
PH_DUMMY_01,2026-06-28,O003,18,0,0,0,18,19,1,,,0,,0,,,virtual_dummy.xlsx,L48_재고수량·잔여일수,2026-10-05T01:15
PH_DUMMY_01,2026-06-28,O004,4,0,0,0,4,4,0,,,0,,0,,,virtual_dummy.xlsx,L48_재고수량·잔여일수,2026-10-05T01:15
PH_DUMMY_01,2026-06-28,Q001,14,0,0,0,14,12,-2,,,0,,0,,,virtual_dummy.xlsx,L48_재고수량·잔여일수,2026-10-05T01:15
PH_DUMMY_01,2026-06-28,Q002,1,0,0,0,1,3,2,,,0,,0,,,virtual_dummy.xlsx,L48_재고수량·잔여일수,2026-10-05T01:15
PH_DUMMY_01,2026-06-29,R001,46,200,70,0,176,176,0,49.1,3.6,200,정기(주간),200,,,virtual_dummy.xlsx,L48_재고수량·잔여일수,2026-10-05T01:15
PH_DUMMY_01,2026-06-29,R002,760,0,210,0,550,540,-10,148.7,3.7,600,정기(주간),600,,,virtual_dummy.xlsx,L48_재고수량·잔여일수,2026-10-05T01:15
PH_DUMMY_01,2026-06-29,R003,183,0,95,0,88,98,10,61.4,1.4,400,정기(주간),400,,,virtual_dummy.xlsx,L48_재고수량·잔여일수,2026-10-05T01:15
PH_DUMMY_01,2026-06-29,R004,371,0,133,0,238,248,10,122.4,1.9,1000,정기(주간),1000,,,virtual_dummy.xlsx,L48_재고수량·잔여일수,2026-10-05T01:15
PH_DUMMY_01,2026-06-29,R005,1942,0,883,0,1059,989,-70,490.6,2.2,2500,정기(주간),2500,,,virtual_dummy.xlsx,L48_재고수량·잔여일수,2026-10-05T01:15
PH_DUMMY_01,2026-06-29,R006,587,0,518,0,69,119,50,284.1,0.2,2100,정기(주간),2100,,,virtual_dummy.xlsx,L48_재고수량·잔여일수,2026-10-05T01:15
PH_DUMMY_01,2026-06-29,R007,2442,0,656,0,1786,1726,-60,381.1,4.7,2000,정기(주간),2000,,,virtual_dummy.xlsx,L48_재고수량·잔여일수,2026-10-05T01:15
PH_DUMMY_01,2026-06-29,O001,19,0,1,0,18,18,0,1.9,9.7,10,정기(주간),10,,,virtual_dummy.xlsx,L48_재고수량·잔여일수,2026-10-05T01:15
PH_DUMMY_01,2026-06-29,O002,4,10,3,0,11,8,-3,3.1,3.5,20,정기(주간),20,,,virtual_dummy.xlsx,L48_재고수량·잔여일수,2026-10-05T01:15
PH_DUMMY_01,2026-06-29,O003,18,0,2,0,16,17,1,1.6,10.2,0,,0,,,virtual_dummy.xlsx,L48_재고수량·잔여일수,2026-10-05T01:15
PH_DUMMY_01,2026-06-29,O004,4,0,1,0,3,3,0,0.6,5.2,4,정기(주간),4,,,virtual_dummy.xlsx,L48_재고수량·잔여일수,2026-10-05T01:15
PH_DUMMY_01,2026-06-29,Q001,14,0,1,0,13,12,-1,0.9,15.2,0,,0,,,virtual_dummy.xlsx,L48_재고수량·잔여일수,2026-10-05T01:15
PH_DUMMY_01,2026-06-29,Q002,1,0,0,0,1,3,2,0.4,2.3,2,정기(주간),2,,,virtual_dummy.xlsx,L48_재고수량·잔여일수,2026-10-05T01:15
PH_DUMMY_01,2026-06-30,R001,176,200,29,0,347,347,0,48.1,7.2,0,,0,Y,,virtual_dummy.xlsx,L48_재고수량·잔여일수,2026-10-05T01:15
PH_DUMMY_01,2026-06-30,R002,550,600,127,0,1023,1023,0,128.9,7.9,0,,0,Y,,virtual_dummy.xlsx,L48_재고수량·잔여일수,2026-10-05T01:15
PH_DUMMY_01,2026-06-30,R003,88,400,86,0,402,402,0,62,6.5,0,,0,Y,,virtual_dummy.xlsx,L48_재고수량·잔여일수,2026-10-05T01:15
PH_DUMMY_01,2026-06-30,R004,238,1000,125,0,1113,1113,0,121.4,9.2,0,,0,Y,,virtual_dummy.xlsx,L48_재고수량·잔여일수,2026-10-05T01:15
PH_DUMMY_01,2026-06-30,R005,1059,2500,144,0,3415,3415,0,379.3,9,0,,0,Y,,virtual_dummy.xlsx,L48_재고수량·잔여일수,2026-10-05T01:15
PH_DUMMY_01,2026-06-30,R006,69,2100,144,0,2025,2025,0,271.4,7.5,0,,0,Y,,virtual_dummy.xlsx,L48_재고수량·잔여일수,2026-10-05T01:15
PH_DUMMY_01,2026-06-30,R007,1786,2000,204,0,3582,3582,0,343.6,10.4,0,,0,Y,,virtual_dummy.xlsx,L48_재고수량·잔여일수,2026-10-05T01:15
PH_DUMMY_01,2026-06-30,O001,18,10,5,0,23,23,0,2,11.5,0,,0,Y,,virtual_dummy.xlsx,L48_재고수량·잔여일수,2026-10-05T01:15
PH_DUMMY_01,2026-06-30,O002,11,20,7,0,24,24,0,4,6,0,,0,Y,,virtual_dummy.xlsx,L48_재고수량·잔여일수,2026-10-05T01:15
PH_DUMMY_01,2026-06-30,O003,16,0,1,0,15,15,0,1.3,11.7,0,,0,Y,,virtual_dummy.xlsx,L48_재고수량·잔여일수,2026-10-05T01:15
PH_DUMMY_01,2026-06-30,O004,3,4,1,0,6,6,0,0.6,10.5,0,,0,Y,,virtual_dummy.xlsx,L48_재고수량·잔여일수,2026-10-05T01:15
PH_DUMMY_01,2026-06-30,Q001,13,0,0,0,13,13,0,0.7,18.2,0,,0,Y,,virtual_dummy.xlsx,L48_재고수량·잔여일수,2026-10-05T01:15
PH_DUMMY_01,2026-06-30,Q002,1,2,0,0,3,3,0,0.3,10.5,0,,0,Y,,virtual_dummy.xlsx,L48_재고수량·잔여일수,2026-10-05T01:15
PH_DUMMY_01,2026-07-01,R001,347,0,19,0,328,338,10,44.9,7.3,0,,0,,,virtual_dummy.xlsx,L48_재고수량·잔여일수,2026-10-05T01:15
PH_DUMMY_01,2026-07-01,R002,1023,0,61,0,962,962,0,118.4,8.1,0,,0,,,virtual_dummy.xlsx,L48_재고수량·잔여일수,2026-10-05T01:15
PH_DUMMY_01,2026-07-01,R003,402,0,13,0,389,389,0,56.3,6.9,0,,0,,,virtual_dummy.xlsx,L48_재고수량·잔여일수,2026-10-05T01:15
PH_DUMMY_01,2026-07-01,R004,1113,0,58,0,1055,1055,0,110.4,9.6,0,,0,,,virtual_dummy.xlsx,L48_재고수량·잔여일수,2026-10-05T01:15
PH_DUMMY_01,2026-07-01,R005,3415,0,218,0,3197,3197,0,386.9,8.3,0,,0,,,virtual_dummy.xlsx,L48_재고수량·잔여일수,2026-10-05T01:15
PH_DUMMY_01,2026-07-01,R006,2025,0,180,0,1845,1845,0,260.3,7.1,0,,0,,,virtual_dummy.xlsx,L48_재고수량·잔여일수,2026-10-05T01:15
PH_DUMMY_01,2026-07-01,R007,3582,0,391,0,3191,3191,0,383.4,8.3,0,,0,,,virtual_dummy.xlsx,L48_재고수량·잔여일수,2026-10-05T01:15
PH_DUMMY_01,2026-07-01,O001,23,0,6,0,17,17,0,2.7,6.3,0,,0,,,virtual_dummy.xlsx,L48_재고수량·잔여일수,2026-10-05T01:15
PH_DUMMY_01,2026-07-01,O002,24,0,1,0,23,23,0,3.9,6,0,,0,,,virtual_dummy.xlsx,L48_재고수량·잔여일수,2026-10-05T01:15
PH_DUMMY_01,2026-07-01,O003,15,0,0,0,15,15,0,1,15,0,,0,,,virtual_dummy.xlsx,L48_재고수량·잔여일수,2026-10-05T01:15
PH_DUMMY_01,2026-07-01,O004,6,0,1,0,5,5,0,0.7,7,0,,0,,,virtual_dummy.xlsx,L48_재고수량·잔여일수,2026-10-05T01:15
PH_DUMMY_01,2026-07-01,Q001,13,0,1,0,12,12,0,0.9,14,0,,0,,,virtual_dummy.xlsx,L48_재고수량·잔여일수,2026-10-05T01:15
PH_DUMMY_01,2026-07-01,Q002,3,0,0,0,3,3,0,0.3,10.5,0,,0,,,virtual_dummy.xlsx,L48_재고수량·잔여일수,2026-10-05T01:15
PH_DUMMY_01,2026-07-02,R001,328,0,4,0,324,334,10,41.3,7.8,0,,0,,,virtual_dummy.xlsx,L48_재고수량·잔여일수,2026-10-05T01:15
PH_DUMMY_01,2026-07-02,R002,962,0,128,0,834,834,0,118.1,7.1,0,,0,,,virtual_dummy.xlsx,L48_재고수량·잔여일수,2026-10-05T01:15
PH_DUMMY_01,2026-07-02,R003,389,0,55,0,334,334,0,59.3,5.6,0,,0,,,virtual_dummy.xlsx,L48_재고수량·잔여일수,2026-10-05T01:15
PH_DUMMY_01,2026-07-02,R004,1055,0,217,0,838,838,0,128.7,6.5,0,,0,,,virtual_dummy.xlsx,L48_재고수량·잔여일수,2026-10-05T01:15
PH_DUMMY_01,2026-07-02,R005,3197,0,299,0,2898,2898,0,391.4,7.4,0,,0,,,virtual_dummy.xlsx,L48_재고수량·잔여일수,2026-10-05T01:15
PH_DUMMY_01,2026-07-02,R006,1845,0,245,0,1600,1600,0,273.1,5.9,0,,0,,,virtual_dummy.xlsx,L48_재고수량·잔여일수,2026-10-05T01:15
PH_DUMMY_01,2026-07-02,R007,3191,0,108,0,3083,3083,0,350,8.8,0,,0,,,virtual_dummy.xlsx,L48_재고수량·잔여일수,2026-10-05T01:15
PH_DUMMY_01,2026-07-02,O001,17,0,1,0,16,16,0,2.7,5.9,0,,0,,,virtual_dummy.xlsx,L48_재고수량·잔여일수,2026-10-05T01:15
PH_DUMMY_01,2026-07-02,O002,23,0,2,0,21,21,0,3.7,5.7,0,,0,,,virtual_dummy.xlsx,L48_재고수량·잔여일수,2026-10-05T01:15
PH_DUMMY_01,2026-07-02,O003,15,0,3,0,12,12,0,1.3,9.3,0,,0,,,virtual_dummy.xlsx,L48_재고수량·잔여일수,2026-10-05T01:15
PH_DUMMY_01,2026-07-02,O004,5,0,0,0,5,5,0,0.7,7,0,,0,,,virtual_dummy.xlsx,L48_재고수량·잔여일수,2026-10-05T01:15
PH_DUMMY_01,2026-07-02,Q001,12,0,1,0,11,11,0,0.9,12.8,0,,0,,,virtual_dummy.xlsx,L48_재고수량·잔여일수,2026-10-05T01:15
PH_DUMMY_01,2026-07-02,Q002,3,0,0,0,3,3,0,0.1,21,0,,0,,,virtual_dummy.xlsx,L48_재고수량·잔여일수,2026-10-05T01:15
PH_DUMMY_01,2026-07-03,R001,324,0,11,0,313,323,10,28.9,10.8,0,,0,,,virtual_dummy.xlsx,L48_재고수량·잔여일수,2026-10-05T01:15
PH_DUMMY_01,2026-07-03,R002,834,0,54,0,780,810,30,111.6,7,0,,0,,,virtual_dummy.xlsx,L48_재고수량·잔여일수,2026-10-05T01:15
PH_DUMMY_01,2026-07-03,R003,334,0,60,0,274,274,0,59.7,4.6,0,,0,,,virtual_dummy.xlsx,L48_재고수량·잔여일수,2026-10-05T01:15
PH_DUMMY_01,2026-07-03,R004,838,0,60,0,778,778,0,137.3,5.7,0,,0,,,virtual_dummy.xlsx,L48_재고수량·잔여일수,2026-10-05T01:15
PH_DUMMY_01,2026-07-03,R005,2898,0,415,0,2483,2483,0,367.6,6.8,0,,0,,,virtual_dummy.xlsx,L48_재고수량·잔여일수,2026-10-05T01:15
PH_DUMMY_01,2026-07-03,R006,1600,0,215,0,1385,1385,0,245.3,5.6,0,,0,,,virtual_dummy.xlsx,L48_재고수량·잔여일수,2026-10-05T01:15
PH_DUMMY_01,2026-07-03,R007,3083,0,567,0,2516,2516,0,360.3,7,0,,0,,,virtual_dummy.xlsx,L48_재고수량·잔여일수,2026-10-05T01:15
PH_DUMMY_01,2026-07-03,O001,16,0,6,0,10,10,0,3.1,3.2,0,,0,,,virtual_dummy.xlsx,L48_재고수량·잔여일수,2026-10-05T01:15
PH_DUMMY_01,2026-07-03,O002,21,0,3,0,18,18,0,3.6,5,0,,0,,,virtual_dummy.xlsx,L48_재고수량·잔여일수,2026-10-05T01:15
PH_DUMMY_01,2026-07-03,O003,12,0,1,0,11,11,0,1.3,8.6,0,,0,,,virtual_dummy.xlsx,L48_재고수량·잔여일수,2026-10-05T01:15
PH_DUMMY_01,2026-07-03,O004,5,0,0,0,5,5,0,0.7,7,0,,0,,,virtual_dummy.xlsx,L48_재고수량·잔여일수,2026-10-05T01:15
PH_DUMMY_01,2026-07-03,Q001,11,0,2,0,9,11,2,0.7,12.6,0,,0,,,virtual_dummy.xlsx,L48_재고수량·잔여일수,2026-10-05T01:15
PH_DUMMY_01,2026-07-03,Q002,3,0,0,0,3,3,0,0.1,21,0,,0,,,virtual_dummy.xlsx,L48_재고수량·잔여일수,2026-10-05T01:15
PH_DUMMY_01,2026-07-04,R001,313,0,9,0,304,314,10,28,10.9,0,,0,,,virtual_dummy.xlsx,L48_재고수량·잔여일수,2026-10-05T01:15
PH_DUMMY_01,2026-07-04,R002,780,0,105,0,675,705,30,107.6,6.3,0,,0,,,virtual_dummy.xlsx,L48_재고수량·잔여일수,2026-10-05T01:15
PH_DUMMY_01,2026-07-04,R003,274,0,51,0,223,223,0,59.4,3.8,0,,0,,,virtual_dummy.xlsx,L48_재고수량·잔여일수,2026-10-05T01:15
PH_DUMMY_01,2026-07-04,R004,778,0,46,0,732,752,20,100.1,7.3,0,,0,,,virtual_dummy.xlsx,L48_재고수량·잔여일수,2026-10-05T01:15
PH_DUMMY_01,2026-07-04,R005,2483,0,157,0,2326,2326,0,317.9,7.3,0,,0,,,virtual_dummy.xlsx,L48_재고수량·잔여일수,2026-10-05T01:15
PH_DUMMY_01,2026-07-04,R006,1385,0,191,0,1194,1194,0,226.3,5.3,0,,0,,,virtual_dummy.xlsx,L48_재고수량·잔여일수,2026-10-05T01:15
PH_DUMMY_01,2026-07-04,R007,2516,0,396,0,2120,2120,0,354.3,6,0,,0,,,virtual_dummy.xlsx,L48_재고수량·잔여일수,2026-10-05T01:15
PH_DUMMY_01,2026-07-04,O001,10,0,4,0,6,8,2,3.6,1.7,0,,0,,,virtual_dummy.xlsx,L48_재고수량·잔여일수,2026-10-05T01:15
PH_DUMMY_01,2026-07-04,O002,18,0,2,0,16,16,0,3,5.3,0,,0,,,virtual_dummy.xlsx,L48_재고수량·잔여일수,2026-10-05T01:15
PH_DUMMY_01,2026-07-04,O003,11,0,1,0,10,10,0,1.1,8.8,0,,0,,,virtual_dummy.xlsx,L48_재고수량·잔여일수,2026-10-05T01:15
PH_DUMMY_01,2026-07-04,O004,5,0,0,0,5,5,0,0.6,8.8,0,,0,,,virtual_dummy.xlsx,L48_재고수량·잔여일수,2026-10-05T01:15
PH_DUMMY_01,2026-07-04,Q001,9,0,0,0,9,11,2,0.7,12.6,0,,0,,,virtual_dummy.xlsx,L48_재고수량·잔여일수,2026-10-05T01:15
PH_DUMMY_01,2026-07-04,Q002,3,0,0,0,3,3,0,0,,0,,0,,,virtual_dummy.xlsx,L48_재고수량·잔여일수,2026-10-05T01:15
PH_DUMMY_01,2026-07-05,R001,304,0,0,0,304,314,10,,,0,,0,,,virtual_dummy.xlsx,L48_재고수량·잔여일수,2026-10-05T01:15
PH_DUMMY_01,2026-07-05,R002,675,0,0,0,675,705,30,,,0,,0,,,virtual_dummy.xlsx,L48_재고수량·잔여일수,2026-10-05T01:15
PH_DUMMY_01,2026-07-05,R003,223,0,0,0,223,223,0,,,0,,0,,,virtual_dummy.xlsx,L48_재고수량·잔여일수,2026-10-05T01:15
PH_DUMMY_01,2026-07-05,R004,732,0,0,0,732,752,20,,,0,,0,,,virtual_dummy.xlsx,L48_재고수량·잔여일수,2026-10-05T01:15
PH_DUMMY_01,2026-07-05,R005,2326,0,0,0,2326,2326,0,,,0,,0,,,virtual_dummy.xlsx,L48_재고수량·잔여일수,2026-10-05T01:15
PH_DUMMY_01,2026-07-05,R006,1194,0,0,0,1194,1194,0,,,0,,0,,,virtual_dummy.xlsx,L48_재고수량·잔여일수,2026-10-05T01:15
PH_DUMMY_01,2026-07-05,R007,2120,0,0,0,2120,2120,0,,,0,,0,,,virtual_dummy.xlsx,L48_재고수량·잔여일수,2026-10-05T01:15
PH_DUMMY_01,2026-07-05,O001,6,0,0,0,6,8,2,,,0,,0,,,virtual_dummy.xlsx,L48_재고수량·잔여일수,2026-10-05T01:15
PH_DUMMY_01,2026-07-05,O002,16,0,0,0,16,16,0,,,0,,0,,,virtual_dummy.xlsx,L48_재고수량·잔여일수,2026-10-05T01:15
PH_DUMMY_01,2026-07-05,O003,10,0,0,0,10,10,0,,,0,,0,,,virtual_dummy.xlsx,L48_재고수량·잔여일수,2026-10-05T01:15
PH_DUMMY_01,2026-07-05,O004,5,0,0,0,5,5,0,,,0,,0,,,virtual_dummy.xlsx,L48_재고수량·잔여일수,2026-10-05T01:15
PH_DUMMY_01,2026-07-05,Q001,9,0,0,0,9,11,2,,,0,,0,,,virtual_dummy.xlsx,L48_재고수량·잔여일수,2026-10-05T01:15
PH_DUMMY_01,2026-07-05,Q002,3,0,0,0,3,3,0,,,0,,0,,,virtual_dummy.xlsx,L48_재고수량·잔여일수,2026-10-05T01:15
PH_DUMMY_01,2026-07-06,R001,304,0,20,0,284,294,10,23.1,12.3,0,,0,,,virtual_dummy.xlsx,L48_재고수량·잔여일수,2026-10-05T01:15
PH_DUMMY_01,2026-07-06,R002,675,0,275,0,400,430,30,137.1,2.9,900,정기(주간),900,,,virtual_dummy.xlsx,L48_재고수량·잔여일수,2026-10-05T01:15
PH_DUMMY_01,2026-07-06,R003,223,0,57,0,166,166,0,59.6,2.8,300,정기(주간),300,,,virtual_dummy.xlsx,L48_재고수량·잔여일수,2026-10-05T01:15
PH_DUMMY_01,2026-07-06,R004,732,0,0,0,732,772,40,91.3,8,500,정기(주간),500,,,virtual_dummy.xlsx,L48_재고수량·잔여일수,2026-10-05T01:15
PH_DUMMY_01,2026-07-06,R005,2326,0,141,0,2185,2185,0,322.4,6.8,1000,정기(주간),1000,,,virtual_dummy.xlsx,L48_재고수량·잔여일수,2026-10-05T01:15
PH_DUMMY_01,2026-07-06,R006,1194,0,207,0,987,987,0,242.9,4.1,1200,정기(주간),1200,,,virtual_dummy.xlsx,L48_재고수량·잔여일수,2026-10-05T01:15
PH_DUMMY_01,2026-07-06,R007,2120,0,222,0,1898,1908,10,363.4,5.2,1000,정기(주간),1000,,,virtual_dummy.xlsx,L48_재고수량·잔여일수,2026-10-05T01:15
PH_DUMMY_01,2026-07-06,O001,6,0,2,0,4,6,2,3.6,1.1,30,정기(주간),30,,,virtual_dummy.xlsx,L48_재고수량·잔여일수,2026-10-05T01:15
PH_DUMMY_01,2026-07-06,O002,16,0,2,0,14,11,-3,2.9,4.9,20,정기(주간),20,,,virtual_dummy.xlsx,L48_재고수량·잔여일수,2026-10-05T01:15
PH_DUMMY_01,2026-07-06,O003,10,0,2,0,8,8,0,1.4,5.6,10,정기(주간),10,,,virtual_dummy.xlsx,L48_재고수량·잔여일수,2026-10-05T01:15
PH_DUMMY_01,2026-07-06,O004,5,0,1,0,4,4,0,0.6,7,2,정기(주간),2,,,virtual_dummy.xlsx,L48_재고수량·잔여일수,2026-10-05T01:15
PH_DUMMY_01,2026-07-06,Q001,9,0,1,0,8,10,2,0.9,9.3,0,,0,,,virtual_dummy.xlsx,L48_재고수량·잔여일수,2026-10-05T01:15
PH_DUMMY_01,2026-07-06,Q002,3,0,0,0,3,3,0,0,,0,,0,,,virtual_dummy.xlsx,L48_재고수량·잔여일수,2026-10-05T01:15
PH_DUMMY_01,2026-07-07,R001,284,0,85,0,199,209,10,25.3,7.9,0,,0,,,virtual_dummy.xlsx,L48_재고수량·잔여일수,2026-10-05T01:15
PH_DUMMY_01,2026-07-07,R002,400,900,215,0,1085,1115,30,137.9,7.9,0,,0,,,virtual_dummy.xlsx,L48_재고수량·잔여일수,2026-10-05T01:15
PH_DUMMY_01,2026-07-07,R003,166,300,85,0,381,361,-20,58.1,6.6,0,,0,,,virtual_dummy.xlsx,L48_재고수량·잔여일수,2026-10-05T01:15
PH_DUMMY_01,2026-07-07,R004,732,500,57,0,1175,1215,40,80.4,14.6,0,,0,,,virtual_dummy.xlsx,L48_재고수량·잔여일수,2026-10-05T01:15
PH_DUMMY_01,2026-07-07,R005,2185,1000,635,0,2550,2550,0,287,8.9,0,,0,,,virtual_dummy.xlsx,L48_재고수량·잔여일수,2026-10-05T01:15
PH_DUMMY_01,2026-07-07,R006,987,1200,273,0,1914,1914,0,207.9,9.2,0,,0,,,virtual_dummy.xlsx,L48_재고수량·잔여일수,2026-10-05T01:15
PH_DUMMY_01,2026-07-07,R007,1898,1000,494,0,2404,2414,10,340.3,7.1,0,,0,,,virtual_dummy.xlsx,L48_재고수량·잔여일수,2026-10-05T01:15
PH_DUMMY_01,2026-07-07,O001,4,30,2,0,32,34,2,3.7,8.6,0,,0,,,virtual_dummy.xlsx,L48_재고수량·잔여일수,2026-10-05T01:15
PH_DUMMY_01,2026-07-07,O002,14,20,1,0,33,30,-3,2.6,12.8,0,,0,,,virtual_dummy.xlsx,L48_재고수량·잔여일수,2026-10-05T01:15
PH_DUMMY_01,2026-07-07,O003,8,10,0,0,18,18,0,1.1,15.8,0,,0,,,virtual_dummy.xlsx,L48_재고수량·잔여일수,2026-10-05T01:15
PH_DUMMY_01,2026-07-07,O004,4,2,0,0,6,6,0,0.4,14,0,,0,,,virtual_dummy.xlsx,L48_재고수량·잔여일수,2026-10-05T01:15
PH_DUMMY_01,2026-07-07,Q001,8,0,1,0,7,9,2,0.9,8.2,0,,0,,,virtual_dummy.xlsx,L48_재고수량·잔여일수,2026-10-05T01:15
PH_DUMMY_01,2026-07-07,Q002,3,0,0,0,3,0,-3,0,,0,,0,,,virtual_dummy.xlsx,L48_재고수량·잔여일수,2026-10-05T01:15
PH_DUMMY_01,2026-07-08,R001,199,0,5,0,194,204,10,21.9,8.9,0,,0,,,virtual_dummy.xlsx,L48_재고수량·잔여일수,2026-10-05T01:15
PH_DUMMY_01,2026-07-08,R002,1085,0,100,0,985,1015,30,134,7.4,0,,0,,,virtual_dummy.xlsx,L48_재고수량·잔여일수,2026-10-05T01:15
PH_DUMMY_01,2026-07-08,R003,381,0,44,0,337,307,-30,52.1,6.5,0,,0,,,virtual_dummy.xlsx,L48_재고수량·잔여일수,2026-10-05T01:15
PH_DUMMY_01,2026-07-08,R004,1175,0,48,0,1127,1167,40,69.4,16.2,0,,0,,,virtual_dummy.xlsx,L48_재고수량·잔여일수,2026-10-05T01:15
PH_DUMMY_01,2026-07-08,R005,2550,0,330,0,2220,2220,0,313.6,7.1,0,,0,,,virtual_dummy.xlsx,L48_재고수량·잔여일수,2026-10-05T01:15
PH_DUMMY_01,2026-07-08,R006,1914,0,317,0,1597,1597,0,232.6,6.9,0,,0,,,virtual_dummy.xlsx,L48_재고수량·잔여일수,2026-10-05T01:15
PH_DUMMY_01,2026-07-08,R007,2404,0,277,0,2127,2137,10,350.7,6.1,0,,0,,,virtual_dummy.xlsx,L48_재고수량·잔여일수,2026-10-05T01:15
PH_DUMMY_01,2026-07-08,O001,32,0,2,0,30,32,2,3.3,9.1,0,,0,,,virtual_dummy.xlsx,L48_재고수량·잔여일수,2026-10-05T01:15
PH_DUMMY_01,2026-07-08,O002,33,0,2,0,31,27,-4,1.9,16.7,0,,0,,,virtual_dummy.xlsx,L48_재고수량·잔여일수,2026-10-05T01:15
PH_DUMMY_01,2026-07-08,O003,18,0,3,0,15,15,0,1.4,10.5,0,,0,,,virtual_dummy.xlsx,L48_재고수량·잔여일수,2026-10-05T01:15
PH_DUMMY_01,2026-07-08,O004,6,0,0,0,6,6,0,0.3,21,0,,0,,,virtual_dummy.xlsx,L48_재고수량·잔여일수,2026-10-05T01:15
PH_DUMMY_01,2026-07-08,Q001,7,0,1,0,6,8,2,1,6,0,,0,,,virtual_dummy.xlsx,L48_재고수량·잔여일수,2026-10-05T01:15
PH_DUMMY_01,2026-07-08,Q002,3,0,0,0,3,0,-3,0,,0,,0,,,virtual_dummy.xlsx,L48_재고수량·잔여일수,2026-10-05T01:15
PH_DUMMY_01,2026-07-09,R001,194,0,29,0,165,185,20,23.3,7.1,0,,0,,,virtual_dummy.xlsx,L48_재고수량·잔여일수,2026-10-05T01:15
PH_DUMMY_01,2026-07-09,R002,985,0,195,0,790,820,30,153.1,5.2,0,,0,,,virtual_dummy.xlsx,L48_재고수량·잔여일수,2026-10-05T01:15
PH_DUMMY_01,2026-07-09,R003,337,0,34,0,303,273,-30,55.1,5.5,0,,0,,,virtual_dummy.xlsx,L48_재고수량·잔여일수,2026-10-05T01:15
PH_DUMMY_01,2026-07-09,R004,1127,0,116,0,1011,1051,40,77.7,13,0,,0,,,virtual_dummy.xlsx,L48_재고수량·잔여일수,2026-10-05T01:15
PH_DUMMY_01,2026-07-09,R005,2220,0,448,0,1772,1772,0,346.4,5.1,0,,0,,,virtual_dummy.xlsx,L48_재고수량·잔여일수,2026-10-05T01:15
PH_DUMMY_01,2026-07-09,R006,1597,0,79,0,1518,1548,30,218.1,7,0,,0,,,virtual_dummy.xlsx,L48_재고수량·잔여일수,2026-10-05T01:15
PH_DUMMY_01,2026-07-09,R007,2127,0,210,0,1917,1927,10,324.9,5.9,0,,0,,,virtual_dummy.xlsx,L48_재고수량·잔여일수,2026-10-05T01:15
PH_DUMMY_01,2026-07-09,O001,30,0,4,0,26,27,1,3,8.7,0,,0,,,virtual_dummy.xlsx,L48_재고수량·잔여일수,2026-10-05T01:15
PH_DUMMY_01,2026-07-09,O002,31,0,1,0,30,26,-4,1.9,16.2,0,,0,,,virtual_dummy.xlsx,L48_재고수량·잔여일수,2026-10-05T01:15
PH_DUMMY_01,2026-07-09,O003,15,0,1,0,14,14,0,1.6,8.9,0,,0,,,virtual_dummy.xlsx,L48_재고수량·잔여일수,2026-10-05T01:15
PH_DUMMY_01,2026-07-09,O004,6,0,0,0,6,6,0,0.1,42,0,,0,,,virtual_dummy.xlsx,L48_재고수량·잔여일수,2026-10-05T01:15
PH_DUMMY_01,2026-07-09,Q001,6,0,0,0,6,8,2,0.9,7,0,,0,,,virtual_dummy.xlsx,L48_재고수량·잔여일수,2026-10-05T01:15
PH_DUMMY_01,2026-07-09,Q002,3,0,0,0,3,0,-3,0,,0,,0,,,virtual_dummy.xlsx,L48_재고수량·잔여일수,2026-10-05T01:15
PH_DUMMY_01,2026-07-10,R001,165,0,8,0,157,177,20,23.9,6.6,0,,0,,,virtual_dummy.xlsx,L48_재고수량·잔여일수,2026-10-05T01:15
PH_DUMMY_01,2026-07-10,R002,790,0,32,0,758,788,30,139.4,5.4,0,,0,,,virtual_dummy.xlsx,L48_재고수량·잔여일수,2026-10-05T01:15
PH_DUMMY_01,2026-07-10,R003,303,0,22,0,281,251,-30,50.4,5.6,0,,0,,,virtual_dummy.xlsx,L48_재고수량·잔여일수,2026-10-05T01:15
PH_DUMMY_01,2026-07-10,R004,1011,0,0,0,1011,1051,40,46.7,21.6,0,,0,,,virtual_dummy.xlsx,L48_재고수량·잔여일수,2026-10-05T01:15
PH_DUMMY_01,2026-07-10,R005,1772,0,304,0,1468,1468,0,347.1,4.2,0,,0,,,virtual_dummy.xlsx,L48_재고수량·잔여일수,2026-10-05T01:15
PH_DUMMY_01,2026-07-10,R006,1518,0,343,0,1175,1205,30,232.1,5.1,0,,0,,,virtual_dummy.xlsx,L48_재고수량·잔여일수,2026-10-05T01:15
PH_DUMMY_01,2026-07-10,R007,1917,0,217,0,1700,1710,10,340.4,5,0,,0,,,virtual_dummy.xlsx,L48_재고수량·잔여일수,2026-10-05T01:15
PH_DUMMY_01,2026-07-10,O001,26,0,4,0,22,26,4,3.4,6.4,0,,0,,,virtual_dummy.xlsx,L48_재고수량·잔여일수,2026-10-05T01:15
PH_DUMMY_01,2026-07-10,O002,30,0,2,0,28,24,-4,1.9,15.1,0,,0,,,virtual_dummy.xlsx,L48_재고수량·잔여일수,2026-10-05T01:15
PH_DUMMY_01,2026-07-10,O003,14,0,3,0,11,11,0,1.6,7,0,,0,,,virtual_dummy.xlsx,L48_재고수량·잔여일수,2026-10-05T01:15
PH_DUMMY_01,2026-07-10,O004,6,0,0,0,6,6,0,0.1,42,0,,0,,,virtual_dummy.xlsx,L48_재고수량·잔여일수,2026-10-05T01:15
PH_DUMMY_01,2026-07-10,Q001,6,0,0,0,6,8,2,0.7,8.4,0,,0,,,virtual_dummy.xlsx,L48_재고수량·잔여일수,2026-10-05T01:15
PH_DUMMY_01,2026-07-10,Q002,3,0,0,0,3,0,-3,0,,0,,0,,,virtual_dummy.xlsx,L48_재고수량·잔여일수,2026-10-05T01:15
PH_DUMMY_01,2026-07-11,R001,157,0,39,0,118,138,20,27.9,4.2,0,,0,,,virtual_dummy.xlsx,L48_재고수량·잔여일수,2026-10-05T01:15
PH_DUMMY_01,2026-07-11,R002,758,0,66,0,692,722,30,141.1,4.9,0,,0,,,virtual_dummy.xlsx,L48_재고수량·잔여일수,2026-10-05T01:15
PH_DUMMY_01,2026-07-11,R003,281,0,51,0,230,200,-30,49.1,4.7,0,,0,,,virtual_dummy.xlsx,L48_재고수량·잔여일수,2026-10-05T01:15
PH_DUMMY_01,2026-07-11,R004,1011,0,136,0,875,885,10,57.6,15.2,0,,0,,,virtual_dummy.xlsx,L48_재고수량·잔여일수,2026-10-05T01:15
PH_DUMMY_01,2026-07-11,R005,1468,0,326,0,1142,1142,0,334.4,3.4,0,,0,,,virtual_dummy.xlsx,L48_재고수량·잔여일수,2026-10-05T01:15
PH_DUMMY_01,2026-07-11,R006,1175,0,154,0,1021,1051,30,223.4,4.6,0,,0,,,virtual_dummy.xlsx,L48_재고수량·잔여일수,2026-10-05T01:15
PH_DUMMY_01,2026-07-11,R007,1700,0,202,0,1498,1508,10,288.3,5.2,0,,0,,,virtual_dummy.xlsx,L48_재고수량·잔여일수,2026-10-05T01:15
PH_DUMMY_01,2026-07-11,O001,22,0,0,0,22,26,4,2.6,8.6,0,,0,,,virtual_dummy.xlsx,L48_재고수량·잔여일수,2026-10-05T01:15
PH_DUMMY_01,2026-07-11,O002,28,0,2,0,26,22,-4,1.7,15.2,0,,0,,,virtual_dummy.xlsx,L48_재고수량·잔여일수,2026-10-05T01:15
PH_DUMMY_01,2026-07-11,O003,11,0,1,0,10,10,0,1.6,6.4,0,,0,,,virtual_dummy.xlsx,L48_재고수량·잔여일수,2026-10-05T01:15
PH_DUMMY_01,2026-07-11,O004,6,0,0,0,6,6,0,0.1,42,0,,0,,,virtual_dummy.xlsx,L48_재고수량·잔여일수,2026-10-05T01:15
PH_DUMMY_01,2026-07-11,Q001,6,0,1,0,5,7,2,0.6,8.8,0,,0,,,virtual_dummy.xlsx,L48_재고수량·잔여일수,2026-10-05T01:15
PH_DUMMY_01,2026-07-11,Q002,3,0,0,0,3,0,-3,0,,0,,0,,,virtual_dummy.xlsx,L48_재고수량·잔여일수,2026-10-05T01:15
PH_DUMMY_01,2026-07-12,R001,118,0,0,0,118,138,20,,,0,,0,,,virtual_dummy.xlsx,L48_재고수량·잔여일수,2026-10-05T01:15
PH_DUMMY_01,2026-07-12,R002,692,0,0,0,692,722,30,,,0,,0,,,virtual_dummy.xlsx,L48_재고수량·잔여일수,2026-10-05T01:15
PH_DUMMY_01,2026-07-12,R003,230,0,0,0,230,200,-30,,,0,,0,,,virtual_dummy.xlsx,L48_재고수량·잔여일수,2026-10-05T01:15
PH_DUMMY_01,2026-07-12,R004,875,0,0,0,875,885,10,,,0,,0,,,virtual_dummy.xlsx,L48_재고수량·잔여일수,2026-10-05T01:15
PH_DUMMY_01,2026-07-12,R005,1142,0,0,0,1142,1142,0,,,0,,0,,,virtual_dummy.xlsx,L48_재고수량·잔여일수,2026-10-05T01:15
PH_DUMMY_01,2026-07-12,R006,1021,0,0,0,1021,1051,30,,,0,,0,,,virtual_dummy.xlsx,L48_재고수량·잔여일수,2026-10-05T01:15
PH_DUMMY_01,2026-07-12,R007,1498,0,0,0,1498,1508,10,,,0,,0,,,virtual_dummy.xlsx,L48_재고수량·잔여일수,2026-10-05T01:15
PH_DUMMY_01,2026-07-12,O001,22,0,0,0,22,26,4,,,0,,0,,,virtual_dummy.xlsx,L48_재고수량·잔여일수,2026-10-05T01:15
PH_DUMMY_01,2026-07-12,O002,26,0,0,0,26,22,-4,,,0,,0,,,virtual_dummy.xlsx,L48_재고수량·잔여일수,2026-10-05T01:15
PH_DUMMY_01,2026-07-12,O003,10,0,0,0,10,10,0,,,0,,0,,,virtual_dummy.xlsx,L48_재고수량·잔여일수,2026-10-05T01:15
PH_DUMMY_01,2026-07-12,O004,6,0,0,0,6,6,0,,,0,,0,,,virtual_dummy.xlsx,L48_재고수량·잔여일수,2026-10-05T01:15
PH_DUMMY_01,2026-07-12,Q001,5,0,0,0,5,7,2,,,0,,0,,,virtual_dummy.xlsx,L48_재고수량·잔여일수,2026-10-05T01:15
PH_DUMMY_01,2026-07-12,Q002,3,0,0,0,3,0,-3,,,0,,0,,,virtual_dummy.xlsx,L48_재고수량·잔여일수,2026-10-05T01:15
PH_DUMMY_01,2026-07-13,R001,118,0,37,0,81,101,20,31.9,2.5,200,정기(주간),200,,,virtual_dummy.xlsx,L48_재고수량·잔여일수,2026-10-05T01:15
PH_DUMMY_01,2026-07-13,R002,692,0,220,0,472,502,30,157.6,3,600,정기(주간),600,,,virtual_dummy.xlsx,L48_재고수량·잔여일수,2026-10-05T01:15
PH_DUMMY_01,2026-07-13,R003,230,0,48,0,182,152,-30,48.7,3.7,300,정기(주간),300,,,virtual_dummy.xlsx,L48_재고수량·잔여일수,2026-10-05T01:15
PH_DUMMY_01,2026-07-13,R004,875,0,150,0,725,735,10,72.4,10,0,,0,,,virtual_dummy.xlsx,L48_재고수량·잔여일수,2026-10-05T01:15
PH_DUMMY_01,2026-07-13,R005,1142,0,309,0,833,833,0,356.1,2.3,2000,정기(주간),2000,,,virtual_dummy.xlsx,L48_재고수량·잔여일수,2026-10-05T01:15
PH_DUMMY_01,2026-07-13,R006,1021,0,525,0,496,526,30,271.1,1.8,1500,정기(주간),1500,,,virtual_dummy.xlsx,L48_재고수량·잔여일수,2026-10-05T01:15
PH_DUMMY_01,2026-07-13,R007,1498,0,685,0,813,823,10,329.6,2.5,2000,정기(주간),2000,,,virtual_dummy.xlsx,L48_재고수량·잔여일수,2026-10-05T01:15
PH_DUMMY_01,2026-07-13,O001,22,0,3,0,19,23,4,2.4,7.8,10,정기(주간),10,,,virtual_dummy.xlsx,L48_재고수량·잔여일수,2026-10-05T01:15
PH_DUMMY_01,2026-07-13,O002,26,0,3,0,23,19,-4,1.9,12.4,0,,0,,,virtual_dummy.xlsx,L48_재고수량·잔여일수,2026-10-05T01:15
PH_DUMMY_01,2026-07-13,O003,10,0,1,0,9,9,0,1.6,5.7,10,정기(주간),10,,,virtual_dummy.xlsx,L48_재고수량·잔여일수,2026-10-05T01:15
PH_DUMMY_01,2026-07-13,O004,6,0,1,0,5,5,0,0.3,17.5,0,,0,,,virtual_dummy.xlsx,L48_재고수량·잔여일수,2026-10-05T01:15
PH_DUMMY_01,2026-07-13,Q001,5,0,0,0,5,7,2,0.6,8.8,10,정기(주간),10,,,virtual_dummy.xlsx,L48_재고수량·잔여일수,2026-10-05T01:15
PH_DUMMY_01,2026-07-13,Q002,3,0,0,0,3,0,-3,0,,0,,0,,,virtual_dummy.xlsx,L48_재고수량·잔여일수,2026-10-05T01:15
PH_DUMMY_01,2026-07-14,R001,81,200,28,0,253,273,20,33,7.7,0,,0,,,virtual_dummy.xlsx,L48_재고수량·잔여일수,2026-10-05T01:15
PH_DUMMY_01,2026-07-14,R002,472,600,96,0,976,1006,30,132,7.4,0,,0,,,virtual_dummy.xlsx,L48_재고수량·잔여일수,2026-10-05T01:15
PH_DUMMY_01,2026-07-14,R003,182,300,63,0,419,389,-30,49.6,8.5,0,,0,,,virtual_dummy.xlsx,L48_재고수량·잔여일수,2026-10-05T01:15
PH_DUMMY_01,2026-07-14,R004,725,0,55,0,670,680,10,80.3,8.3,0,,0,,,virtual_dummy.xlsx,L48_재고수량·잔여일수,2026-10-05T01:15
PH_DUMMY_01,2026-07-14,R005,833,2000,231,0,2602,2602,0,369,7.1,0,,0,,,virtual_dummy.xlsx,L48_재고수량·잔여일수,2026-10-05T01:15
PH_DUMMY_01,2026-07-14,R006,496,1500,139,0,1857,1887,30,261.4,7.1,0,,0,,,virtual_dummy.xlsx,L48_재고수량·잔여일수,2026-10-05T01:15
PH_DUMMY_01,2026-07-14,R007,813,2000,387,0,2426,2436,10,353.1,6.9,0,,0,,,virtual_dummy.xlsx,L48_재고수량·잔여일수,2026-10-05T01:15
PH_DUMMY_01,2026-07-14,O001,19,10,2,0,27,31,4,2.4,11.1,0,,0,,,virtual_dummy.xlsx,L48_재고수량·잔여일수,2026-10-05T01:15
PH_DUMMY_01,2026-07-14,O002,23,0,2,0,21,17,-4,1.9,11.3,0,,0,,,virtual_dummy.xlsx,L48_재고수량·잔여일수,2026-10-05T01:15
PH_DUMMY_01,2026-07-14,O003,9,10,0,0,19,19,0,1.3,14.8,0,,0,,,virtual_dummy.xlsx,L48_재고수량·잔여일수,2026-10-05T01:15
PH_DUMMY_01,2026-07-14,O004,5,0,0,0,5,5,0,0.1,35,0,,0,,,virtual_dummy.xlsx,L48_재고수량·잔여일수,2026-10-05T01:15
PH_DUMMY_01,2026-07-14,Q001,5,10,1,0,14,16,2,0.6,24.5,0,,0,,,virtual_dummy.xlsx,L48_재고수량·잔여일수,2026-10-05T01:15
PH_DUMMY_01,2026-07-14,Q002,3,0,0,0,3,0,-3,0,,0,,0,,,virtual_dummy.xlsx,L48_재고수량·잔여일수,2026-10-05T01:15
PH_DUMMY_01,2026-07-15,R001,253,0,10,0,243,233,-10,22.3,10.9,0,,0,,,virtual_dummy.xlsx,L48_재고수량·잔여일수,2026-10-05T01:15
PH_DUMMY_01,2026-07-15,R002,976,0,110,0,866,896,30,117,7.4,0,,0,,,virtual_dummy.xlsx,L48_재고수량·잔여일수,2026-10-05T01:15
PH_DUMMY_01,2026-07-15,R003,419,0,0,0,419,389,-30,37.4,11.2,0,,0,,,virtual_dummy.xlsx,L48_재고수량·잔여일수,2026-10-05T01:15
PH_DUMMY_01,2026-07-15,R004,670,0,0,0,670,680,10,72.1,9.3,0,,0,,,virtual_dummy.xlsx,L48_재고수량·잔여일수,2026-10-05T01:15
PH_DUMMY_01,2026-07-15,R005,2602,0,313,0,2289,2289,0,323,7.1,0,,0,,,virtual_dummy.xlsx,L48_재고수량·잔여일수,2026-10-05T01:15
PH_DUMMY_01,2026-07-15,R006,1857,0,322,0,1535,1565,30,268.4,5.7,0,,0,,,virtual_dummy.xlsx,L48_재고수량·잔여일수,2026-10-05T01:15
PH_DUMMY_01,2026-07-15,R007,2426,0,384,0,2042,2052,10,337.4,6.1,0,,0,,,virtual_dummy.xlsx,L48_재고수량·잔여일수,2026-10-05T01:15
PH_DUMMY_01,2026-07-15,O001,27,0,1,0,26,30,4,2.3,11.4,0,,0,,,virtual_dummy.xlsx,L48_재고수량·잔여일수,2026-10-05T01:15
PH_DUMMY_01,2026-07-15,O002,21,0,1,0,20,16,-4,1.9,10.8,0,,0,,,virtual_dummy.xlsx,L48_재고수량·잔여일수,2026-10-05T01:15
PH_DUMMY_01,2026-07-15,O003,19,0,3,0,16,16,0,1.7,9.3,0,,0,,,virtual_dummy.xlsx,L48_재고수량·잔여일수,2026-10-05T01:15
PH_DUMMY_01,2026-07-15,O004,5,0,1,0,4,4,0,0.3,14,0,,0,,,virtual_dummy.xlsx,L48_재고수량·잔여일수,2026-10-05T01:15
PH_DUMMY_01,2026-07-15,Q001,14,0,1,0,13,15,2,0.6,22.8,0,,0,,,virtual_dummy.xlsx,L48_재고수량·잔여일수,2026-10-05T01:15
PH_DUMMY_01,2026-07-15,Q002,3,0,0,0,3,0,-3,0,,0,,0,,,virtual_dummy.xlsx,L48_재고수량·잔여일수,2026-10-05T01:15
PH_DUMMY_01,2026-07-16,R001,243,0,19,0,224,214,-10,24.3,9.2,0,,0,,,virtual_dummy.xlsx,L48_재고수량·잔여일수,2026-10-05T01:15
PH_DUMMY_01,2026-07-16,R002,866,0,99,0,767,797,30,116.9,6.6,0,,0,,,virtual_dummy.xlsx,L48_재고수량·잔여일수,2026-10-05T01:15
PH_DUMMY_01,2026-07-16,R003,419,0,45,0,374,344,-30,37.6,10,0,,0,,,virtual_dummy.xlsx,L48_재고수량·잔여일수,2026-10-05T01:15
PH_DUMMY_01,2026-07-16,R004,670,0,125,0,545,555,10,83.1,6.6,0,,0,,,virtual_dummy.xlsx,L48_재고수량·잔여일수,2026-10-05T01:15
PH_DUMMY_01,2026-07-16,R005,2289,0,158,0,2131,2131,0,298.4,7.1,0,,0,,,virtual_dummy.xlsx,L48_재고수량·잔여일수,2026-10-05T01:15
PH_DUMMY_01,2026-07-16,R006,1535,0,212,0,1323,1353,30,253.4,5.2,0,,0,,,virtual_dummy.xlsx,L48_재고수량·잔여일수,2026-10-05T01:15
PH_DUMMY_01,2026-07-16,R007,2042,0,299,0,1743,1753,10,340.6,5.1,0,,0,,,virtual_dummy.xlsx,L48_재고수량·잔여일수,2026-10-05T01:15
PH_DUMMY_01,2026-07-16,O001,26,0,1,0,25,29,4,2.1,11.7,0,,0,,,virtual_dummy.xlsx,L48_재고수량·잔여일수,2026-10-05T01:15
PH_DUMMY_01,2026-07-16,O002,20,0,4,0,16,12,-4,2.1,7.5,0,,0,,,virtual_dummy.xlsx,L48_재고수량·잔여일수,2026-10-05T01:15
PH_DUMMY_01,2026-07-16,O003,16,0,1,0,15,15,0,1.4,10.5,0,,0,,,virtual_dummy.xlsx,L48_재고수량·잔여일수,2026-10-05T01:15
PH_DUMMY_01,2026-07-16,O004,4,0,0,0,4,4,0,0.3,14,0,,0,,,virtual_dummy.xlsx,L48_재고수량·잔여일수,2026-10-05T01:15
PH_DUMMY_01,2026-07-16,Q001,13,0,0,0,13,15,2,0.4,30.3,0,,0,,,virtual_dummy.xlsx,L48_재고수량·잔여일수,2026-10-05T01:15
PH_DUMMY_01,2026-07-16,Q002,3,0,2,0,1,0,-1,0.3,3.5,0,,0,,,virtual_dummy.xlsx,L48_재고수량·잔여일수,2026-10-05T01:15
PH_DUMMY_01,2026-07-17,R001,224,0,0,0,224,214,-10,,,0,,0,,,virtual_dummy.xlsx,L48_재고수량·잔여일수,2026-10-05T01:15
PH_DUMMY_01,2026-07-17,R002,767,0,0,0,767,797,30,,,0,,0,,,virtual_dummy.xlsx,L48_재고수량·잔여일수,2026-10-05T01:15
PH_DUMMY_01,2026-07-17,R003,374,0,0,0,374,344,-30,,,0,,0,,,virtual_dummy.xlsx,L48_재고수량·잔여일수,2026-10-05T01:15
PH_DUMMY_01,2026-07-17,R004,545,0,0,0,545,555,10,,,0,,0,,,virtual_dummy.xlsx,L48_재고수량·잔여일수,2026-10-05T01:15
PH_DUMMY_01,2026-07-17,R005,2131,0,0,0,2131,2131,0,,,0,,0,,,virtual_dummy.xlsx,L48_재고수량·잔여일수,2026-10-05T01:15
PH_DUMMY_01,2026-07-17,R006,1323,0,0,0,1323,1353,30,,,0,,0,,,virtual_dummy.xlsx,L48_재고수량·잔여일수,2026-10-05T01:15
PH_DUMMY_01,2026-07-17,R007,1743,0,0,0,1743,1753,10,,,0,,0,,,virtual_dummy.xlsx,L48_재고수량·잔여일수,2026-10-05T01:15
PH_DUMMY_01,2026-07-17,O001,25,0,0,0,25,29,4,,,0,,0,,,virtual_dummy.xlsx,L48_재고수량·잔여일수,2026-10-05T01:15
PH_DUMMY_01,2026-07-17,O002,16,0,0,0,16,12,-4,,,0,,0,,,virtual_dummy.xlsx,L48_재고수량·잔여일수,2026-10-05T01:15
PH_DUMMY_01,2026-07-17,O003,15,0,0,0,15,15,0,,,0,,0,,,virtual_dummy.xlsx,L48_재고수량·잔여일수,2026-10-05T01:15
PH_DUMMY_01,2026-07-17,O004,4,0,0,0,4,4,0,,,0,,0,,,virtual_dummy.xlsx,L48_재고수량·잔여일수,2026-10-05T01:15
PH_DUMMY_01,2026-07-17,Q001,13,0,0,0,13,15,2,,,0,,0,,,virtual_dummy.xlsx,L48_재고수량·잔여일수,2026-10-05T01:15
PH_DUMMY_01,2026-07-17,Q002,1,0,0,0,1,0,-1,,,0,,0,,,virtual_dummy.xlsx,L48_재고수량·잔여일수,2026-10-05T01:15
PH_DUMMY_01,2026-07-18,R001,224,0,19,0,205,215,10,22.9,9,0,,0,,,virtual_dummy.xlsx,L48_재고수량·잔여일수,2026-10-05T01:15
PH_DUMMY_01,2026-07-18,R002,767,0,72,0,695,725,30,99.3,7,0,,0,,,virtual_dummy.xlsx,L48_재고수량·잔여일수,2026-10-05T01:15
PH_DUMMY_01,2026-07-18,R003,374,0,0,0,374,344,-30,32.7,11.4,0,,0,,,virtual_dummy.xlsx,L48_재고수량·잔여일수,2026-10-05T01:15
PH_DUMMY_01,2026-07-18,R004,545,0,0,0,545,555,10,66.6,8.2,0,,0,,,virtual_dummy.xlsx,L48_재고수량·잔여일수,2026-10-05T01:15
PH_DUMMY_01,2026-07-18,R005,2131,0,518,0,1613,1613,0,308.4,5.2,0,,0,,,virtual_dummy.xlsx,L48_재고수량·잔여일수,2026-10-05T01:15
PH_DUMMY_01,2026-07-18,R006,1323,0,221,0,1102,1162,60,273.7,4,0,,0,,,virtual_dummy.xlsx,L48_재고수량·잔여일수,2026-10-05T01:15
PH_DUMMY_01,2026-07-18,R007,1743,0,339,0,1404,1414,10,359,3.9,0,,0,,,virtual_dummy.xlsx,L48_재고수량·잔여일수,2026-10-05T01:15
PH_DUMMY_01,2026-07-18,O001,25,0,1,0,24,28,4,1.7,14,0,,0,,,virtual_dummy.xlsx,L48_재고수량·잔여일수,2026-10-05T01:15
PH_DUMMY_01,2026-07-18,O002,16,0,2,0,14,10,-4,2.3,6.1,0,,0,,,virtual_dummy.xlsx,L48_재고수량·잔여일수,2026-10-05T01:15
PH_DUMMY_01,2026-07-18,O003,15,0,0,0,15,15,0,1.3,11.7,0,,0,,,virtual_dummy.xlsx,L48_재고수량·잔여일수,2026-10-05T01:15
PH_DUMMY_01,2026-07-18,O004,4,0,0,0,4,4,0,0.3,14,0,,0,,,virtual_dummy.xlsx,L48_재고수량·잔여일수,2026-10-05T01:15
PH_DUMMY_01,2026-07-18,Q001,13,0,2,0,11,13,2,0.7,15.4,0,,0,,,virtual_dummy.xlsx,L48_재고수량·잔여일수,2026-10-05T01:15
PH_DUMMY_01,2026-07-18,Q002,1,0,0,0,1,0,-1,0.3,3.5,0,,0,,,virtual_dummy.xlsx,L48_재고수량·잔여일수,2026-10-05T01:15
PH_DUMMY_01,2026-07-19,R001,205,0,0,0,205,215,10,,,0,,0,,,virtual_dummy.xlsx,L48_재고수량·잔여일수,2026-10-05T01:15
PH_DUMMY_01,2026-07-19,R002,695,0,0,0,695,725,30,,,0,,0,,,virtual_dummy.xlsx,L48_재고수량·잔여일수,2026-10-05T01:15
PH_DUMMY_01,2026-07-19,R003,374,0,0,0,374,344,-30,,,0,,0,,,virtual_dummy.xlsx,L48_재고수량·잔여일수,2026-10-05T01:15
PH_DUMMY_01,2026-07-19,R004,545,0,0,0,545,555,10,,,0,,0,,,virtual_dummy.xlsx,L48_재고수량·잔여일수,2026-10-05T01:15
PH_DUMMY_01,2026-07-19,R005,1613,0,0,0,1613,1613,0,,,0,,0,,,virtual_dummy.xlsx,L48_재고수량·잔여일수,2026-10-05T01:15
PH_DUMMY_01,2026-07-19,R006,1102,0,0,0,1102,1162,60,,,0,,0,,,virtual_dummy.xlsx,L48_재고수량·잔여일수,2026-10-05T01:15
PH_DUMMY_01,2026-07-19,R007,1404,0,0,0,1404,1414,10,,,0,,0,,,virtual_dummy.xlsx,L48_재고수량·잔여일수,2026-10-05T01:15
PH_DUMMY_01,2026-07-19,O001,24,0,0,0,24,28,4,,,0,,0,,,virtual_dummy.xlsx,L48_재고수량·잔여일수,2026-10-05T01:15
PH_DUMMY_01,2026-07-19,O002,14,0,0,0,14,10,-4,,,0,,0,,,virtual_dummy.xlsx,L48_재고수량·잔여일수,2026-10-05T01:15
PH_DUMMY_01,2026-07-19,O003,15,0,0,0,15,15,0,,,0,,0,,,virtual_dummy.xlsx,L48_재고수량·잔여일수,2026-10-05T01:15
PH_DUMMY_01,2026-07-19,O004,4,0,0,0,4,4,0,,,0,,0,,,virtual_dummy.xlsx,L48_재고수량·잔여일수,2026-10-05T01:15
PH_DUMMY_01,2026-07-19,Q001,11,0,0,0,11,13,2,,,0,,0,,,virtual_dummy.xlsx,L48_재고수량·잔여일수,2026-10-05T01:15
PH_DUMMY_01,2026-07-19,Q002,1,0,0,0,1,0,-1,,,0,,0,,,virtual_dummy.xlsx,L48_재고수량·잔여일수,2026-10-05T01:15
PH_DUMMY_01,2026-07-20,R001,205,0,21,0,184,194,10,24.7,7.4,100,정기(주간),100,,,virtual_dummy.xlsx,L48_재고수량·잔여일수,2026-10-05T01:15
PH_DUMMY_01,2026-07-20,R002,695,0,144,0,551,581,30,115.3,4.8,600,정기(주간),600,,,virtual_dummy.xlsx,L48_재고수량·잔여일수,2026-10-05T01:15
PH_DUMMY_01,2026-07-20,R003,374,0,82,0,292,262,-30,41.3,7.1,100,정기(주간),100,,,virtual_dummy.xlsx,L48_재고수량·잔여일수,2026-10-05T01:15
PH_DUMMY_01,2026-07-20,R004,545,0,91,0,454,464,10,79.6,5.7,500,정기(주간),500,,,virtual_dummy.xlsx,L48_재고수량·잔여일수,2026-10-05T01:15
PH_DUMMY_01,2026-07-20,R005,1613,0,400,0,1213,1213,0,322.1,3.8,1500,정기(주간),1500,,,virtual_dummy.xlsx,L48_재고수량·잔여일수,2026-10-05T01:15
PH_DUMMY_01,2026-07-20,R006,1102,0,333,0,769,829,60,272.3,2.8,1500,정기(주간),1500,,,virtual_dummy.xlsx,L48_재고수량·잔여일수,2026-10-05T01:15
PH_DUMMY_01,2026-07-20,R007,1404,0,335,0,1069,1079,10,375.9,2.8,2000,정기(주간),2000,,,virtual_dummy.xlsx,L48_재고수량·잔여일수,2026-10-05T01:15
PH_DUMMY_01,2026-07-20,O001,24,0,6,0,18,22,4,2,9,10,정기(주간),10,,,virtual_dummy.xlsx,L48_재고수량·잔여일수,2026-10-05T01:15
PH_DUMMY_01,2026-07-20,O002,14,0,2,0,12,8,-4,2.3,5.2,10,정기(주간),10,,,virtual_dummy.xlsx,L48_재고수량·잔여일수,2026-10-05T01:15
PH_DUMMY_01,2026-07-20,O003,15,0,1,0,14,17,3,1,14,0,,0,,,virtual_dummy.xlsx,L48_재고수량·잔여일수,2026-10-05T01:15
PH_DUMMY_01,2026-07-20,O004,4,0,0,0,4,4,0,0.3,14,0,,0,,,virtual_dummy.xlsx,L48_재고수량·잔여일수,2026-10-05T01:15
PH_DUMMY_01,2026-07-20,Q001,11,0,2,0,9,11,2,1,9,0,,0,,,virtual_dummy.xlsx,L48_재고수량·잔여일수,2026-10-05T01:15
PH_DUMMY_01,2026-07-20,Q002,1,0,1,0,0,0,0,0.4,0,2,정기(주간),2,,,virtual_dummy.xlsx,L48_재고수량·잔여일수,2026-10-05T01:15
PH_DUMMY_01,2026-07-21,R001,184,100,48,0,236,246,10,26,9.1,0,,0,,,virtual_dummy.xlsx,L48_재고수량·잔여일수,2026-10-05T01:15
PH_DUMMY_01,2026-07-21,R002,551,600,158,0,993,1023,30,128.4,7.7,0,,0,,,virtual_dummy.xlsx,L48_재고수량·잔여일수,2026-10-05T01:15
PH_DUMMY_01,2026-07-21,R003,292,100,61,0,331,321,-10,42.7,7.7,0,,0,,,virtual_dummy.xlsx,L48_재고수량·잔여일수,2026-10-05T01:15
PH_DUMMY_01,2026-07-21,R004,454,500,85,0,869,899,30,72.3,12,0,,0,,,virtual_dummy.xlsx,L48_재고수량·잔여일수,2026-10-05T01:15
PH_DUMMY_01,2026-07-21,R005,1213,1500,298,0,2415,2415,0,318.1,7.6,0,,0,,,virtual_dummy.xlsx,L48_재고수량·잔여일수,2026-10-05T01:15
PH_DUMMY_01,2026-07-21,R006,769,1500,172,0,2097,2147,50,274.9,7.6,0,,0,,,virtual_dummy.xlsx,L48_재고수량·잔여일수,2026-10-05T01:15
PH_DUMMY_01,2026-07-21,R007,1069,2000,384,0,2685,2695,10,401.9,6.7,0,,0,,,virtual_dummy.xlsx,L48_재고수량·잔여일수,2026-10-05T01:15
PH_DUMMY_01,2026-07-21,O001,18,10,3,0,25,29,4,2.4,10.3,0,,0,,,virtual_dummy.xlsx,L48_재고수량·잔여일수,2026-10-05T01:15
PH_DUMMY_01,2026-07-21,O002,12,10,3,0,19,15,-4,2.4,7.8,0,,0,,,virtual_dummy.xlsx,L48_재고수량·잔여일수,2026-10-05T01:15
PH_DUMMY_01,2026-07-21,O003,14,0,2,0,12,15,3,1.1,10.5,0,,0,,,virtual_dummy.xlsx,L48_재고수량·잔여일수,2026-10-05T01:15
PH_DUMMY_01,2026-07-21,O004,4,0,0,0,4,4,0,0.3,14,0,,0,,,virtual_dummy.xlsx,L48_재고수량·잔여일수,2026-10-05T01:15
PH_DUMMY_01,2026-07-21,Q001,9,0,2,0,7,9,2,1.1,6.1,0,,0,,,virtual_dummy.xlsx,L48_재고수량·잔여일수,2026-10-05T01:15
PH_DUMMY_01,2026-07-21,Q002,0,2,0,0,2,0,-2,0.4,4.7,0,,0,,,virtual_dummy.xlsx,L48_재고수량·잔여일수,2026-10-05T01:15
PH_DUMMY_01,2026-07-22,R001,236,0,38,0,198,208,10,26.1,7.6,0,,0,,,virtual_dummy.xlsx,L48_재고수량·잔여일수,2026-10-05T01:15
PH_DUMMY_01,2026-07-22,R002,993,0,84,0,909,939,30,109,8.3,0,,0,,,virtual_dummy.xlsx,L48_재고수량·잔여일수,2026-10-05T01:15
PH_DUMMY_01,2026-07-22,R003,331,0,22,0,309,299,-10,39,7.9,0,,0,,,virtual_dummy.xlsx,L48_재고수량·잔여일수,2026-10-05T01:15
PH_DUMMY_01,2026-07-22,R004,869,0,203,0,666,696,30,79.9,8.3,0,,0,,,virtual_dummy.xlsx,L48_재고수량·잔여일수,2026-10-05T01:15
PH_DUMMY_01,2026-07-22,R005,2415,0,335,0,2080,2080,0,321.9,6.5,0,,0,,,virtual_dummy.xlsx,L48_재고수량·잔여일수,2026-10-05T01:15
PH_DUMMY_01,2026-07-22,R006,2097,0,143,0,1954,2004,50,220.3,8.9,0,,0,,,virtual_dummy.xlsx,L48_재고수량·잔여일수,2026-10-05T01:15
PH_DUMMY_01,2026-07-22,R007,2685,0,134,0,2551,2561,10,323.1,7.9,0,,0,,,virtual_dummy.xlsx,L48_재고수량·잔여일수,2026-10-05T01:15
PH_DUMMY_01,2026-07-22,O001,25,0,1,0,24,28,4,2.1,11.2,0,,0,,,virtual_dummy.xlsx,L48_재고수량·잔여일수,2026-10-05T01:15
PH_DUMMY_01,2026-07-22,O002,19,0,0,0,19,15,-4,2,9.5,0,,0,,,virtual_dummy.xlsx,L48_재고수량·잔여일수,2026-10-05T01:15
PH_DUMMY_01,2026-07-22,O003,12,0,1,0,11,14,3,1.1,9.6,0,,0,,,virtual_dummy.xlsx,L48_재고수량·잔여일수,2026-10-05T01:15
PH_DUMMY_01,2026-07-22,O004,4,0,0,0,4,4,0,0.1,28,0,,0,,,virtual_dummy.xlsx,L48_재고수량·잔여일수,2026-10-05T01:15
PH_DUMMY_01,2026-07-22,Q001,7,0,1,0,6,8,2,1.3,4.7,0,,0,,,virtual_dummy.xlsx,L48_재고수량·잔여일수,2026-10-05T01:15
PH_DUMMY_01,2026-07-22,Q002,2,0,0,0,2,0,-2,0.4,4.7,0,,0,,,virtual_dummy.xlsx,L48_재고수량·잔여일수,2026-10-05T01:15
PH_DUMMY_01,2026-07-23,R001,198,0,33,0,165,175,10,26.9,6.1,0,,0,,,virtual_dummy.xlsx,L48_재고수량·잔여일수,2026-10-05T01:15
PH_DUMMY_01,2026-07-23,R002,909,0,147,0,762,792,30,116.3,6.6,0,,0,,,virtual_dummy.xlsx,L48_재고수량·잔여일수,2026-10-05T01:15
PH_DUMMY_01,2026-07-23,R003,309,0,11,0,298,288,-10,31.6,9.4,0,,0,,,virtual_dummy.xlsx,L48_재고수량·잔여일수,2026-10-05T01:15
PH_DUMMY_01,2026-07-23,R004,666,0,0,0,666,696,30,72,9.2,0,,0,,,virtual_dummy.xlsx,L48_재고수량·잔여일수,2026-10-05T01:15
PH_DUMMY_01,2026-07-23,R005,2080,0,175,0,1905,1905,0,313.9,6.1,0,,0,,,virtual_dummy.xlsx,L48_재고수량·잔여일수,2026-10-05T01:15
PH_DUMMY_01,2026-07-23,R006,1954,0,262,0,1692,1742,50,237.9,7.1,0,,0,,,virtual_dummy.xlsx,L48_재고수량·잔여일수,2026-10-05T01:15
PH_DUMMY_01,2026-07-23,R007,2551,0,651,0,1900,1910,10,360.9,5.3,0,,0,,,virtual_dummy.xlsx,L48_재고수량·잔여일수,2026-10-05T01:15
PH_DUMMY_01,2026-07-23,O001,24,0,0,0,24,28,4,1.9,12.9,0,,0,,,virtual_dummy.xlsx,L48_재고수량·잔여일수,2026-10-05T01:15
PH_DUMMY_01,2026-07-23,O002,19,0,2,0,17,13,-4,2,8.5,0,,0,,,virtual_dummy.xlsx,L48_재고수량·잔여일수,2026-10-05T01:15
PH_DUMMY_01,2026-07-23,O003,11,0,2,0,9,12,3,1.4,6.3,0,,0,,,virtual_dummy.xlsx,L48_재고수량·잔여일수,2026-10-05T01:15
PH_DUMMY_01,2026-07-23,O004,4,0,0,0,4,4,0,0.1,28,0,,0,,,virtual_dummy.xlsx,L48_재고수량·잔여일수,2026-10-05T01:15
PH_DUMMY_01,2026-07-23,Q001,6,0,4,0,2,4,2,1.7,1.2,10,긴급,10,,,virtual_dummy.xlsx,L48_재고수량·잔여일수,2026-10-05T01:15
PH_DUMMY_01,2026-07-23,Q002,2,0,0,0,2,0,-2,0.4,4.7,0,,0,,,virtual_dummy.xlsx,L48_재고수량·잔여일수,2026-10-05T01:15
PH_DUMMY_01,2026-07-24,R001,165,0,73,0,92,102,10,35.9,2.6,0,,0,,,virtual_dummy.xlsx,L48_재고수량·잔여일수,2026-10-05T01:15
PH_DUMMY_01,2026-07-24,R002,762,0,80,0,682,712,30,112,6.1,0,,0,,,virtual_dummy.xlsx,L48_재고수량·잔여일수,2026-10-05T01:15
PH_DUMMY_01,2026-07-24,R003,298,0,29,0,269,259,-10,35.7,7.5,0,,0,,,virtual_dummy.xlsx,L48_재고수량·잔여일수,2026-10-05T01:15
PH_DUMMY_01,2026-07-24,R004,666,0,0,0,666,696,30,72,9.2,0,,0,,,virtual_dummy.xlsx,L48_재고수량·잔여일수,2026-10-05T01:15
PH_DUMMY_01,2026-07-24,R005,1905,0,260,0,1645,1645,0,306.3,5.4,0,,0,,,virtual_dummy.xlsx,L48_재고수량·잔여일수,2026-10-05T01:15
PH_DUMMY_01,2026-07-24,R006,1692,0,256,0,1436,1496,60,228.4,6.3,0,,0,,,virtual_dummy.xlsx,L48_재고수량·잔여일수,2026-10-05T01:15
PH_DUMMY_01,2026-07-24,R007,1900,0,300,0,1600,1610,10,348.9,4.6,0,,0,,,virtual_dummy.xlsx,L48_재고수량·잔여일수,2026-10-05T01:15
PH_DUMMY_01,2026-07-24,O001,24,0,1,0,23,27,4,1.9,12.4,0,,0,,,virtual_dummy.xlsx,L48_재고수량·잔여일수,2026-10-05T01:15
PH_DUMMY_01,2026-07-24,O002,17,0,1,0,16,12,-4,2,8,0,,0,,,virtual_dummy.xlsx,L48_재고수량·잔여일수,2026-10-05T01:15
PH_DUMMY_01,2026-07-24,O003,9,0,0,0,9,12,3,1,9,0,,0,,,virtual_dummy.xlsx,L48_재고수량·잔여일수,2026-10-05T01:15
PH_DUMMY_01,2026-07-24,O004,4,0,0,0,4,4,0,0,,0,,0,,,virtual_dummy.xlsx,L48_재고수량·잔여일수,2026-10-05T01:15
PH_DUMMY_01,2026-07-24,Q001,2,10,3,0,9,12,3,2,4.5,0,,0,,,virtual_dummy.xlsx,L48_재고수량·잔여일수,2026-10-05T01:15
PH_DUMMY_01,2026-07-24,Q002,2,0,0,0,2,0,-2,0.4,4.7,0,,0,,,virtual_dummy.xlsx,L48_재고수량·잔여일수,2026-10-05T01:15
PH_DUMMY_01,2026-07-25,R001,92,0,34,0,58,68,10,38,1.5,0,,0,,,virtual_dummy.xlsx,L48_재고수량·잔여일수,2026-10-05T01:15
PH_DUMMY_01,2026-07-25,R002,682,0,58,0,624,654,30,106.1,5.9,0,,0,,,virtual_dummy.xlsx,L48_재고수량·잔여일수,2026-10-05T01:15
PH_DUMMY_01,2026-07-25,R003,269,0,57,0,212,172,-40,37.4,5.7,0,,0,,,virtual_dummy.xlsx,L48_재고수량·잔여일수,2026-10-05T01:15
PH_DUMMY_01,2026-07-25,R004,666,0,82,0,584,614,30,65.9,8.9,0,,0,,,virtual_dummy.xlsx,L48_재고수량·잔여일수,2026-10-05T01:15
PH_DUMMY_01,2026-07-25,R005,1645,0,210,0,1435,1435,0,313.7,4.6,0,,0,,,virtual_dummy.xlsx,L48_재고수량·잔여일수,2026-10-05T01:15
PH_DUMMY_01,2026-07-25,R006,1436,0,136,0,1300,1360,60,217.6,6,0,,0,,,virtual_dummy.xlsx,L48_재고수량·잔여일수,2026-10-05T01:15
PH_DUMMY_01,2026-07-25,R007,1600,0,420,0,1180,1190,10,366.1,3.2,0,,0,,,virtual_dummy.xlsx,L48_재고수량·잔여일수,2026-10-05T01:15
PH_DUMMY_01,2026-07-25,O001,23,0,1,0,22,26,4,1.9,11.8,0,,0,,,virtual_dummy.xlsx,L48_재고수량·잔여일수,2026-10-05T01:15
PH_DUMMY_01,2026-07-25,O002,16,0,1,0,15,11,-4,1.6,9.5,0,,0,,,virtual_dummy.xlsx,L48_재고수량·잔여일수,2026-10-05T01:15
PH_DUMMY_01,2026-07-25,O003,9,0,2,0,7,10,3,1.1,6.1,0,,0,,,virtual_dummy.xlsx,L48_재고수량·잔여일수,2026-10-05T01:15
PH_DUMMY_01,2026-07-25,O004,4,0,1,0,3,5,2,0.1,21,0,,0,,,virtual_dummy.xlsx,L48_재고수량·잔여일수,2026-10-05T01:15
PH_DUMMY_01,2026-07-25,Q001,9,0,0,0,9,12,3,2,4.5,0,,0,,,virtual_dummy.xlsx,L48_재고수량·잔여일수,2026-10-05T01:15
PH_DUMMY_01,2026-07-25,Q002,2,0,0,0,2,0,-2,0.1,14,0,,0,,,virtual_dummy.xlsx,L48_재고수량·잔여일수,2026-10-05T01:15
PH_DUMMY_01,2026-07-26,R001,58,0,0,0,58,68,10,,,0,,0,,,virtual_dummy.xlsx,L48_재고수량·잔여일수,2026-10-05T01:15
PH_DUMMY_01,2026-07-26,R002,624,0,0,0,624,654,30,,,0,,0,,,virtual_dummy.xlsx,L48_재고수량·잔여일수,2026-10-05T01:15
PH_DUMMY_01,2026-07-26,R003,212,0,0,0,212,172,-40,,,0,,0,,,virtual_dummy.xlsx,L48_재고수량·잔여일수,2026-10-05T01:15
PH_DUMMY_01,2026-07-26,R004,584,0,0,0,584,614,30,,,0,,0,,,virtual_dummy.xlsx,L48_재고수량·잔여일수,2026-10-05T01:15
PH_DUMMY_01,2026-07-26,R005,1435,0,0,0,1435,1435,0,,,0,,0,,,virtual_dummy.xlsx,L48_재고수량·잔여일수,2026-10-05T01:15
PH_DUMMY_01,2026-07-26,R006,1300,0,0,0,1300,1360,60,,,0,,0,,,virtual_dummy.xlsx,L48_재고수량·잔여일수,2026-10-05T01:15
PH_DUMMY_01,2026-07-26,R007,1180,0,0,0,1180,1190,10,,,0,,0,,,virtual_dummy.xlsx,L48_재고수량·잔여일수,2026-10-05T01:15
PH_DUMMY_01,2026-07-26,O001,22,0,0,0,22,26,4,,,0,,0,,,virtual_dummy.xlsx,L48_재고수량·잔여일수,2026-10-05T01:15
PH_DUMMY_01,2026-07-26,O002,15,0,0,0,15,11,-4,,,0,,0,,,virtual_dummy.xlsx,L48_재고수량·잔여일수,2026-10-05T01:15
PH_DUMMY_01,2026-07-26,O003,7,0,0,0,7,10,3,,,0,,0,,,virtual_dummy.xlsx,L48_재고수량·잔여일수,2026-10-05T01:15
PH_DUMMY_01,2026-07-26,O004,3,0,0,0,3,5,2,,,0,,0,,,virtual_dummy.xlsx,L48_재고수량·잔여일수,2026-10-05T01:15
PH_DUMMY_01,2026-07-26,Q001,9,0,0,0,9,12,3,,,0,,0,,,virtual_dummy.xlsx,L48_재고수량·잔여일수,2026-10-05T01:15
PH_DUMMY_01,2026-07-26,Q002,2,0,0,0,2,0,-2,,,0,,0,,,virtual_dummy.xlsx,L48_재고수량·잔여일수,2026-10-05T01:15
PH_DUMMY_01,2026-07-27,R001,58,0,58,38,0,10,10,49,0,300,정기(주간),300,,,virtual_dummy.xlsx,L48_재고수량·잔여일수,2026-10-05T01:15
PH_DUMMY_01,2026-07-27,R002,624,0,231,0,393,423,30,128.9,3,600,정기(주간),600,,,virtual_dummy.xlsx,L48_재고수량·잔여일수,2026-10-05T01:15
PH_DUMMY_01,2026-07-27,R003,212,0,77,0,135,95,-40,48.4,2.8,200,정기(주간),200,,,virtual_dummy.xlsx,L48_재고수량·잔여일수,2026-10-05T01:15
PH_DUMMY_01,2026-07-27,R004,584,0,151,0,433,463,30,87.4,5,500,정기(주간),500,,,virtual_dummy.xlsx,L48_재고수량·잔여일수,2026-10-05T01:15
PH_DUMMY_01,2026-07-27,R005,1435,0,497,0,938,938,0,310.7,3,2000,정기(주간),2000,,,virtual_dummy.xlsx,L48_재고수량·잔여일수,2026-10-05T01:15
PH_DUMMY_01,2026-07-27,R006,1300,0,225,0,1075,1135,60,218.1,4.9,900,정기(주간),900,,,virtual_dummy.xlsx,L48_재고수량·잔여일수,2026-10-05T01:15
PH_DUMMY_01,2026-07-27,R007,1180,0,327,0,853,863,10,364.4,2.3,2500,정기(주간),2500,,,virtual_dummy.xlsx,L48_재고수량·잔여일수,2026-10-05T01:15
PH_DUMMY_01,2026-07-27,O001,22,0,1,0,21,25,4,1.9,11.3,0,,0,,,virtual_dummy.xlsx,L48_재고수량·잔여일수,2026-10-05T01:15
PH_DUMMY_01,2026-07-27,O002,15,0,0,0,15,11,-4,1.3,11.7,10,정기(주간),10,,,virtual_dummy.xlsx,L48_재고수량·잔여일수,2026-10-05T01:15
PH_DUMMY_01,2026-07-27,O003,7,0,0,0,7,10,3,1.1,6.1,10,정기(주간),10,,,virtual_dummy.xlsx,L48_재고수량·잔여일수,2026-10-05T01:15
PH_DUMMY_01,2026-07-27,O004,3,0,1,0,2,4,2,0.3,7,2,정기(주간),2,,,virtual_dummy.xlsx,L48_재고수량·잔여일수,2026-10-05T01:15
PH_DUMMY_01,2026-07-27,Q001,9,0,3,0,6,11,5,2.1,2.8,10,정기(주간),10,,,virtual_dummy.xlsx,L48_재고수량·잔여일수,2026-10-05T01:15
PH_DUMMY_01,2026-07-27,Q002,2,0,0,0,2,0,-2,0.1,14,0,,0,,,virtual_dummy.xlsx,L48_재고수량·잔여일수,2026-10-05T01:15
PH_DUMMY_01,2026-07-28,R001,0,300,64,0,236,246,10,55.1,4.3,0,,0,,,virtual_dummy.xlsx,L48_재고수량·잔여일수,2026-10-05T01:15
PH_DUMMY_01,2026-07-28,R002,393,600,192,0,801,831,30,135.7,5.9,0,,0,,,virtual_dummy.xlsx,L48_재고수량·잔여일수,2026-10-05T01:15
PH_DUMMY_01,2026-07-28,R003,135,200,76,0,259,219,-40,47.6,5.4,0,,0,,,virtual_dummy.xlsx,L48_재고수량·잔여일수,2026-10-05T01:15
PH_DUMMY_01,2026-07-28,R004,433,500,59,0,874,904,30,82.9,10.5,0,,0,,,virtual_dummy.xlsx,L48_재고수량·잔여일수,2026-10-05T01:15
PH_DUMMY_01,2026-07-28,R005,938,2000,583,0,2355,2355,0,336.9,7,0,,0,,,virtual_dummy.xlsx,L48_재고수량·잔여일수,2026-10-05T01:15
PH_DUMMY_01,2026-07-28,R006,1075,900,230,0,1745,1805,60,203.4,8.6,0,,0,,,virtual_dummy.xlsx,L48_재고수량·잔여일수,2026-10-05T01:15
PH_DUMMY_01,2026-07-28,R007,853,2500,358,0,2995,2995,0,367.7,8.1,0,,0,,,virtual_dummy.xlsx,L48_재고수량·잔여일수,2026-10-05T01:15
PH_DUMMY_01,2026-07-28,O001,21,0,5,0,16,20,4,1.7,9.3,0,,0,,,virtual_dummy.xlsx,L48_재고수량·잔여일수,2026-10-05T01:15
PH_DUMMY_01,2026-07-28,O002,15,10,1,0,24,20,-4,1.1,21,0,,0,,,virtual_dummy.xlsx,L48_재고수량·잔여일수,2026-10-05T01:15
PH_DUMMY_01,2026-07-28,O003,7,10,4,0,13,16,3,1.6,8.3,0,,0,,,virtual_dummy.xlsx,L48_재고수량·잔여일수,2026-10-05T01:15
PH_DUMMY_01,2026-07-28,O004,2,2,1,0,3,7,4,0.4,7,0,,0,,,virtual_dummy.xlsx,L48_재고수량·잔여일수,2026-10-05T01:15
PH_DUMMY_01,2026-07-28,Q001,6,10,3,0,13,18,5,2.3,5.7,0,,0,,,virtual_dummy.xlsx,L48_재고수량·잔여일수,2026-10-05T01:15
PH_DUMMY_01,2026-07-28,Q002,2,0,0,0,2,0,-2,0,,0,,0,,,virtual_dummy.xlsx,L48_재고수량·잔여일수,2026-10-05T01:15
PH_DUMMY_01,2026-07-29,R001,236,0,57,0,179,189,10,56.4,3.2,0,,0,,,virtual_dummy.xlsx,L48_재고수량·잔여일수,2026-10-05T01:15
PH_DUMMY_01,2026-07-29,R002,801,0,105,0,696,726,30,128.1,5.4,0,,0,,,virtual_dummy.xlsx,L48_재고수량·잔여일수,2026-10-05T01:15
PH_DUMMY_01,2026-07-29,R003,259,0,11,0,248,208,-40,40.4,6.1,0,,0,,,virtual_dummy.xlsx,L48_재고수량·잔여일수,2026-10-05T01:15
PH_DUMMY_01,2026-07-29,R004,874,0,65,0,809,839,30,80,10.1,0,,0,,,virtual_dummy.xlsx,L48_재고수량·잔여일수,2026-10-05T01:15
PH_DUMMY_01,2026-07-29,R005,2355,0,370,0,1985,1985,0,347.1,5.7,0,,0,,,virtual_dummy.xlsx,L48_재고수량·잔여일수,2026-10-05T01:15
PH_DUMMY_01,2026-07-29,R006,1745,0,219,0,1526,1586,60,210.1,7.3,0,,0,,,virtual_dummy.xlsx,L48_재고수량·잔여일수,2026-10-05T01:15
PH_DUMMY_01,2026-07-29,R007,2995,0,592,0,2403,2403,0,397.4,6,0,,0,,,virtual_dummy.xlsx,L48_재고수량·잔여일수,2026-10-05T01:15
PH_DUMMY_01,2026-07-29,O001,16,0,2,0,14,18,4,1.6,8.9,0,,0,,,virtual_dummy.xlsx,L48_재고수량·잔여일수,2026-10-05T01:15
PH_DUMMY_01,2026-07-29,O002,24,0,1,0,23,19,-4,0.9,26.8,0,,0,,,virtual_dummy.xlsx,L48_재고수량·잔여일수,2026-10-05T01:15
PH_DUMMY_01,2026-07-29,O003,13,0,2,0,11,14,3,1.6,7,0,,0,,,virtual_dummy.xlsx,L48_재고수량·잔여일수,2026-10-05T01:15
PH_DUMMY_01,2026-07-29,O004,3,0,0,0,3,7,4,0.4,7,0,,0,,,virtual_dummy.xlsx,L48_재고수량·잔여일수,2026-10-05T01:15
PH_DUMMY_01,2026-07-29,Q001,13,0,0,0,13,18,5,2,6.5,0,,0,,,virtual_dummy.xlsx,L48_재고수량·잔여일수,2026-10-05T01:15
PH_DUMMY_01,2026-07-29,Q002,2,0,0,0,2,0,-2,0,,0,,0,,,virtual_dummy.xlsx,L48_재고수량·잔여일수,2026-10-05T01:15
PH_DUMMY_01,2026-07-30,R001,179,0,60,0,119,129,10,59.6,2,0,,0,,,virtual_dummy.xlsx,L48_재고수량·잔여일수,2026-10-05T01:15
PH_DUMMY_01,2026-07-30,R002,696,0,139,0,557,587,30,136,4.1,0,,0,,,virtual_dummy.xlsx,L48_재고수량·잔여일수,2026-10-05T01:15
PH_DUMMY_01,2026-07-30,R003,248,0,77,0,171,131,-40,48.3,3.5,0,,0,,,virtual_dummy.xlsx,L48_재고수량·잔여일수,2026-10-05T01:15
PH_DUMMY_01,2026-07-30,R004,809,0,67,0,742,772,30,60.6,12.2,0,,0,,,virtual_dummy.xlsx,L48_재고수량·잔여일수,2026-10-05T01:15
PH_DUMMY_01,2026-07-30,R005,1985,0,496,0,1489,1489,0,370.1,4,0,,0,,,virtual_dummy.xlsx,L48_재고수량·잔여일수,2026-10-05T01:15
PH_DUMMY_01,2026-07-30,R006,1526,0,143,0,1383,1443,60,210.1,6.6,0,,0,,,virtual_dummy.xlsx,L48_재고수량·잔여일수,2026-10-05T01:15
PH_DUMMY_01,2026-07-30,R007,2403,0,235,0,2168,2168,0,411.9,5.3,0,,0,,,virtual_dummy.xlsx,L48_재고수량·잔여일수,2026-10-05T01:15
PH_DUMMY_01,2026-07-30,O001,14,0,1,0,13,17,4,1.6,8.3,0,,0,,,virtual_dummy.xlsx,L48_재고수량·잔여일수,2026-10-05T01:15
PH_DUMMY_01,2026-07-30,O002,23,0,0,0,23,19,-4,0.9,26.8,0,,0,,,virtual_dummy.xlsx,L48_재고수량·잔여일수,2026-10-05T01:15
PH_DUMMY_01,2026-07-30,O003,11,0,4,0,7,10,3,2,3.5,0,,0,,,virtual_dummy.xlsx,L48_재고수량·잔여일수,2026-10-05T01:15
PH_DUMMY_01,2026-07-30,O004,3,0,0,0,3,7,4,0.4,7,0,,0,,,virtual_dummy.xlsx,L48_재고수량·잔여일수,2026-10-05T01:15
PH_DUMMY_01,2026-07-30,Q001,13,0,0,0,13,18,5,1.9,7,0,,0,,,virtual_dummy.xlsx,L48_재고수량·잔여일수,2026-10-05T01:15
PH_DUMMY_01,2026-07-30,Q002,2,0,0,0,2,0,-2,0,,0,,0,,,virtual_dummy.xlsx,L48_재고수량·잔여일수,2026-10-05T01:15
PH_DUMMY_01,2026-07-31,R001,119,0,72,0,47,47,0,65.1,0.7,200,긴급,200,Y,,virtual_dummy.xlsx,L48_재고수량·잔여일수,2026-10-05T01:15
PH_DUMMY_01,2026-07-31,R002,557,0,107,0,450,450,0,130.3,3.5,0,,0,Y,,virtual_dummy.xlsx,L48_재고수량·잔여일수,2026-10-05T01:15
PH_DUMMY_01,2026-07-31,R003,171,0,33,0,138,138,0,51.4,2.7,0,,0,Y,,virtual_dummy.xlsx,L48_재고수량·잔여일수,2026-10-05T01:15
PH_DUMMY_01,2026-07-31,R004,742,0,72,0,670,670,0,70.9,9.5,0,,0,Y,,virtual_dummy.xlsx,L48_재고수량·잔여일수,2026-10-05T01:15
PH_DUMMY_01,2026-07-31,R005,1489,0,331,0,1158,1158,0,392.4,3,0,,0,Y,,virtual_dummy.xlsx,L48_재고수량·잔여일수,2026-10-05T01:15
PH_DUMMY_01,2026-07-31,R006,1383,0,378,0,1005,1005,0,226.7,4.4,0,,0,Y,,virtual_dummy.xlsx,L48_재고수량·잔여일수,2026-10-05T01:15
PH_DUMMY_01,2026-07-31,R007,2168,0,412,0,1756,1756,0,377.7,4.6,0,,0,Y,,virtual_dummy.xlsx,L48_재고수량·잔여일수,2026-10-05T01:15
PH_DUMMY_01,2026-07-31,O001,13,0,2,0,11,11,0,1.9,5.9,0,,0,Y,,virtual_dummy.xlsx,L48_재고수량·잔여일수,2026-10-05T01:15
PH_DUMMY_01,2026-07-31,O002,23,0,2,0,21,21,0,0.9,24.5,0,,0,Y,,virtual_dummy.xlsx,L48_재고수량·잔여일수,2026-10-05T01:15
PH_DUMMY_01,2026-07-31,O003,7,0,2,0,5,5,0,2,2.5,0,,0,Y,,virtual_dummy.xlsx,L48_재고수량·잔여일수,2026-10-05T01:15
PH_DUMMY_01,2026-07-31,O004,3,0,2,0,1,1,0,0.7,1.4,2,긴급,2,Y,,virtual_dummy.xlsx,L48_재고수량·잔여일수,2026-10-05T01:15
PH_DUMMY_01,2026-07-31,Q001,13,0,1,0,12,12,0,1.4,8.4,0,,0,Y,,virtual_dummy.xlsx,L48_재고수량·잔여일수,2026-10-05T01:15
PH_DUMMY_01,2026-07-31,Q002,2,0,1,0,1,1,0,0.1,7,0,,0,Y,,virtual_dummy.xlsx,L48_재고수량·잔여일수,2026-10-05T01:15
PH_DUMMY_01,2026-08-01,R001,47,200,8,0,239,239,0,55.9,4.3,0,,0,,,virtual_dummy.xlsx,L48_재고수량·잔여일수,2026-10-05T01:15
PH_DUMMY_01,2026-08-01,R002,450,0,41,0,409,409,0,124.7,3.3,0,,0,,,virtual_dummy.xlsx,L48_재고수량·잔여일수,2026-10-05T01:15
PH_DUMMY_01,2026-08-01,R003,138,0,53,0,85,85,0,54.9,1.5,0,,0,,,virtual_dummy.xlsx,L48_재고수량·잔여일수,2026-10-05T01:15
PH_DUMMY_01,2026-08-01,R004,670,0,73,0,597,597,0,81.3,7.3,0,,0,,,virtual_dummy.xlsx,L48_재고수량·잔여일수,2026-10-05T01:15
PH_DUMMY_01,2026-08-01,R005,1158,0,156,0,1002,1002,0,377.6,2.7,0,,0,,,virtual_dummy.xlsx,L48_재고수량·잔여일수,2026-10-05T01:15
PH_DUMMY_01,2026-08-01,R006,1005,0,108,0,897,897,0,205.6,4.4,0,,0,,,virtual_dummy.xlsx,L48_재고수량·잔여일수,2026-10-05T01:15
PH_DUMMY_01,2026-08-01,R007,1756,0,166,0,1590,1590,0,358.6,4.4,0,,0,,,virtual_dummy.xlsx,L48_재고수량·잔여일수,2026-10-05T01:15
PH_DUMMY_01,2026-08-01,O001,11,0,1,0,10,10,0,1.9,5.4,0,,0,,,virtual_dummy.xlsx,L48_재고수량·잔여일수,2026-10-05T01:15
PH_DUMMY_01,2026-08-01,O002,21,0,3,0,18,18,0,1.1,15.8,0,,0,,,virtual_dummy.xlsx,L48_재고수량·잔여일수,2026-10-05T01:15
PH_DUMMY_01,2026-08-01,O003,5,0,1,0,4,4,0,2.1,1.9,0,,0,,,virtual_dummy.xlsx,L48_재고수량·잔여일수,2026-10-05T01:15
PH_DUMMY_01,2026-08-01,O004,1,2,3,0,0,0,0,1.1,0,2,긴급,2,,,virtual_dummy.xlsx,L48_재고수량·잔여일수,2026-10-05T01:15
PH_DUMMY_01,2026-08-01,Q001,12,0,1,0,11,11,0,1.1,9.6,0,,0,,,virtual_dummy.xlsx,L48_재고수량·잔여일수,2026-10-05T01:15
PH_DUMMY_01,2026-08-01,Q002,1,0,0,0,1,1,0,0.1,7,0,,0,,,virtual_dummy.xlsx,L48_재고수량·잔여일수,2026-10-05T01:15
PH_DUMMY_01,2026-08-02,R001,239,0,0,0,239,239,0,,,0,,0,,,virtual_dummy.xlsx,L48_재고수량·잔여일수,2026-10-05T01:15
PH_DUMMY_01,2026-08-02,R002,409,0,0,0,409,409,0,,,0,,0,,,virtual_dummy.xlsx,L48_재고수량·잔여일수,2026-10-05T01:15
PH_DUMMY_01,2026-08-02,R003,85,0,0,0,85,85,0,,,0,,0,,,virtual_dummy.xlsx,L48_재고수량·잔여일수,2026-10-05T01:15
PH_DUMMY_01,2026-08-02,R004,597,0,0,0,597,597,0,,,0,,0,,,virtual_dummy.xlsx,L48_재고수량·잔여일수,2026-10-05T01:15
PH_DUMMY_01,2026-08-02,R005,1002,0,0,0,1002,1002,0,,,0,,0,,,virtual_dummy.xlsx,L48_재고수량·잔여일수,2026-10-05T01:15
PH_DUMMY_01,2026-08-02,R006,897,0,0,0,897,897,0,,,0,,0,,,virtual_dummy.xlsx,L48_재고수량·잔여일수,2026-10-05T01:15
PH_DUMMY_01,2026-08-02,R007,1590,0,0,0,1590,1590,0,,,0,,0,,,virtual_dummy.xlsx,L48_재고수량·잔여일수,2026-10-05T01:15
PH_DUMMY_01,2026-08-02,O001,10,0,0,0,10,10,0,,,0,,0,,,virtual_dummy.xlsx,L48_재고수량·잔여일수,2026-10-05T01:15
PH_DUMMY_01,2026-08-02,O002,18,0,0,0,18,18,0,,,0,,0,,,virtual_dummy.xlsx,L48_재고수량·잔여일수,2026-10-05T01:15
PH_DUMMY_01,2026-08-02,O003,4,0,0,0,4,4,0,,,0,,0,,,virtual_dummy.xlsx,L48_재고수량·잔여일수,2026-10-05T01:15
PH_DUMMY_01,2026-08-02,O004,0,0,0,0,0,0,0,,,0,,0,,,virtual_dummy.xlsx,L48_재고수량·잔여일수,2026-10-05T01:15
PH_DUMMY_01,2026-08-02,Q001,11,0,0,0,11,11,0,,,0,,0,,,virtual_dummy.xlsx,L48_재고수량·잔여일수,2026-10-05T01:15
PH_DUMMY_01,2026-08-02,Q002,1,0,0,0,1,1,0,,,0,,0,,,virtual_dummy.xlsx,L48_재고수량·잔여일수,2026-10-05T01:15
PH_DUMMY_01,2026-08-03,R001,239,0,95,0,144,144,0,64.6,2.2,300,정기(주간),300,,,virtual_dummy.xlsx,L48_재고수량·잔여일수,2026-10-05T01:15
PH_DUMMY_01,2026-08-03,R002,409,0,115,0,294,294,0,132.9,2.2,900,정기(주간),900,,,virtual_dummy.xlsx,L48_재고수량·잔여일수,2026-10-05T01:15
PH_DUMMY_01,2026-08-03,R003,85,0,0,0,85,85,0,46.7,1.8,300,정기(주간),300,,,virtual_dummy.xlsx,L48_재고수량·잔여일수,2026-10-05T01:15
PH_DUMMY_01,2026-08-03,R004,597,0,0,0,597,597,0,69.6,8.6,0,,0,,,virtual_dummy.xlsx,L48_재고수량·잔여일수,2026-10-05T01:15
PH_DUMMY_01,2026-08-03,R005,1002,0,463,0,539,539,0,413.7,1.3,2500,정기(주간),2500,,,virtual_dummy.xlsx,L48_재고수량·잔여일수,2026-10-05T01:15
PH_DUMMY_01,2026-08-03,R006,897,0,158,0,739,739,0,208.7,3.5,1200,정기(주간),1200,,,virtual_dummy.xlsx,L48_재고수량·잔여일수,2026-10-05T01:15
PH_DUMMY_01,2026-08-03,R007,1590,0,582,0,1008,1008,0,381.7,2.6,2000,정기(주간),2000,,,virtual_dummy.xlsx,L48_재고수량·잔여일수,2026-10-05T01:15
PH_DUMMY_01,2026-08-03,O001,10,0,2,0,8,8,0,2,4,10,정기(주간),10,,,virtual_dummy.xlsx,L48_재고수량·잔여일수,2026-10-05T01:15
PH_DUMMY_01,2026-08-03,O002,18,0,4,0,14,17,3,1.6,8.9,10,정기(주간),10,,,virtual_dummy.xlsx,L48_재고수량·잔여일수,2026-10-05T01:15
PH_DUMMY_01,2026-08-03,O003,4,0,3,0,1,1,0,2.3,0.4,20,정기(주간),20,,,virtual_dummy.xlsx,L48_재고수량·잔여일수,2026-10-05T01:15
PH_DUMMY_01,2026-08-03,O004,0,2,1,0,1,1,0,1.1,0.9,6,정기(주간),6,,,virtual_dummy.xlsx,L48_재고수량·잔여일수,2026-10-05T01:15
PH_DUMMY_01,2026-08-03,Q001,11,0,0,0,11,11,0,1.1,9.6,10,정기(주간),10,,,virtual_dummy.xlsx,L48_재고수량·잔여일수,2026-10-05T01:15
PH_DUMMY_01,2026-08-03,Q002,1,0,0,0,1,1,0,0.1,7,2,정기(주간),2,,,virtual_dummy.xlsx,L48_재고수량·잔여일수,2026-10-05T01:15
PH_DUMMY_01,2026-08-04,R001,144,300,3,0,441,411,-30,51.3,8.6,0,,0,,,virtual_dummy.xlsx,L48_재고수량·잔여일수,2026-10-05T01:15
PH_DUMMY_01,2026-08-04,R002,294,900,52,0,1142,1142,0,107.3,10.6,0,,0,,,virtual_dummy.xlsx,L48_재고수량·잔여일수,2026-10-05T01:15
PH_DUMMY_01,2026-08-04,R003,85,300,8,0,377,377,0,36.9,10.2,0,,0,,,virtual_dummy.xlsx,L48_재고수량·잔여일수,2026-10-05T01:15
PH_DUMMY_01,2026-08-04,R004,597,0,0,0,597,597,0,48,12.4,0,,0,,,virtual_dummy.xlsx,L48_재고수량·잔여일수,2026-10-05T01:15
PH_DUMMY_01,2026-08-04,R005,539,2500,433,0,2606,2606,0,404.6,6.4,0,,0,,,virtual_dummy.xlsx,L48_재고수량·잔여일수,2026-10-05T01:15
PH_DUMMY_01,2026-08-04,R006,739,1200,207,0,1732,1732,0,206.1,8.4,0,,0,,,virtual_dummy.xlsx,L48_재고수량·잔여일수,2026-10-05T01:15
PH_DUMMY_01,2026-08-04,R007,1008,2000,252,0,2756,2756,0,371,7.4,0,,0,,,virtual_dummy.xlsx,L48_재고수량·잔여일수,2026-10-05T01:15
PH_DUMMY_01,2026-08-04,O001,8,10,3,0,15,15,0,2.3,6.6,0,,0,,,virtual_dummy.xlsx,L48_재고수량·잔여일수,2026-10-05T01:15
PH_DUMMY_01,2026-08-04,O002,14,10,2,0,22,25,3,1.9,11.8,0,,0,,,virtual_dummy.xlsx,L48_재고수량·잔여일수,2026-10-05T01:15
PH_DUMMY_01,2026-08-04,O003,1,20,1,0,20,20,0,2.4,8.2,0,,0,,,virtual_dummy.xlsx,L48_재고수량·잔여일수,2026-10-05T01:15
PH_DUMMY_01,2026-08-04,O004,1,6,1,0,6,6,0,1.1,5.2,0,,0,,,virtual_dummy.xlsx,L48_재고수량·잔여일수,2026-10-05T01:15
PH_DUMMY_01,2026-08-04,Q001,11,10,1,0,20,20,0,0.9,23.3,0,,0,,,virtual_dummy.xlsx,L48_재고수량·잔여일수,2026-10-05T01:15
PH_DUMMY_01,2026-08-04,Q002,1,2,1,0,2,2,0,0.3,7,0,,0,,,virtual_dummy.xlsx,L48_재고수량·잔여일수,2026-10-05T01:15
PH_DUMMY_01,2026-08-05,R001,441,0,27,0,414,384,-30,46,9,0,,0,,,virtual_dummy.xlsx,L48_재고수량·잔여일수,2026-10-05T01:15
PH_DUMMY_01,2026-08-05,R002,1142,0,132,0,1010,1010,0,98.7,10.2,0,,0,,,virtual_dummy.xlsx,L48_재고수량·잔여일수,2026-10-05T01:15
PH_DUMMY_01,2026-08-05,R003,377,0,0,0,377,377,0,26,14.5,0,,0,,,virtual_dummy.xlsx,L48_재고수량·잔여일수,2026-10-05T01:15
PH_DUMMY_01,2026-08-05,R004,597,0,0,0,597,587,-10,39.6,15.1,0,,0,,,virtual_dummy.xlsx,L48_재고수량·잔여일수,2026-10-05T01:15
PH_DUMMY_01,2026-08-05,R005,2606,0,289,0,2317,2317,0,362.6,6.4,0,,0,,,virtual_dummy.xlsx,L48_재고수량·잔여일수,2026-10-05T01:15
PH_DUMMY_01,2026-08-05,R006,1732,0,177,0,1555,1555,0,198.6,7.8,0,,0,,,virtual_dummy.xlsx,L48_재고수량·잔여일수,2026-10-05T01:15
PH_DUMMY_01,2026-08-05,R007,2756,0,306,0,2450,2450,0,363.6,6.7,0,,0,,,virtual_dummy.xlsx,L48_재고수량·잔여일수,2026-10-05T01:15
PH_DUMMY_01,2026-08-05,O001,15,0,0,0,15,15,0,1.6,9.5,0,,0,,,virtual_dummy.xlsx,L48_재고수량·잔여일수,2026-10-05T01:15
PH_DUMMY_01,2026-08-05,O002,22,0,1,0,21,24,3,1.9,11.3,0,,0,,,virtual_dummy.xlsx,L48_재고수량·잔여일수,2026-10-05T01:15
PH_DUMMY_01,2026-08-05,O003,20,0,0,0,20,20,0,1.9,10.8,0,,0,,,virtual_dummy.xlsx,L48_재고수량·잔여일수,2026-10-05T01:15
PH_DUMMY_01,2026-08-05,O004,6,0,0,0,6,6,0,1,6,0,,0,,,virtual_dummy.xlsx,L48_재고수량·잔여일수,2026-10-05T01:15
PH_DUMMY_01,2026-08-05,Q001,20,0,0,0,20,20,0,0.4,46.7,0,,0,,,virtual_dummy.xlsx,L48_재고수량·잔여일수,2026-10-05T01:15
PH_DUMMY_01,2026-08-05,Q002,2,0,0,0,2,2,0,0.3,7,0,,0,,,virtual_dummy.xlsx,L48_재고수량·잔여일수,2026-10-05T01:15
PH_DUMMY_01,2026-08-06,R001,414,0,5,0,409,379,-30,38.6,10.6,0,,0,,,virtual_dummy.xlsx,L48_재고수량·잔여일수,2026-10-05T01:15
PH_DUMMY_01,2026-08-06,R002,1010,0,114,0,896,896,0,100,9,0,,0,,,virtual_dummy.xlsx,L48_재고수량·잔여일수,2026-10-05T01:15
PH_DUMMY_01,2026-08-06,R003,377,0,0,0,377,377,0,24.4,15.4,0,,0,,,virtual_dummy.xlsx,L48_재고수량·잔여일수,2026-10-05T01:15
PH_DUMMY_01,2026-08-06,R004,597,0,58,0,539,529,-10,38.6,14,0,,0,,,virtual_dummy.xlsx,L48_재고수량·잔여일수,2026-10-05T01:15
PH_DUMMY_01,2026-08-06,R005,2317,0,245,0,2072,2072,0,344.7,6,0,,0,,,virtual_dummy.xlsx,L48_재고수량·잔여일수,2026-10-05T01:15
PH_DUMMY_01,2026-08-06,R006,1555,0,221,0,1334,1334,0,198.9,6.7,0,,0,,,virtual_dummy.xlsx,L48_재고수량·잔여일수,2026-10-05T01:15
PH_DUMMY_01,2026-08-06,R007,2450,0,327,0,2123,2123,0,325.7,6.5,0,,0,,,virtual_dummy.xlsx,L48_재고수량·잔여일수,2026-10-05T01:15
PH_DUMMY_01,2026-08-06,O001,15,0,3,0,12,12,0,1.7,7,0,,0,,,virtual_dummy.xlsx,L48_재고수량·잔여일수,2026-10-05T01:15
PH_DUMMY_01,2026-08-06,O002,21,0,3,0,18,21,3,2.1,8.4,0,,0,,,virtual_dummy.xlsx,L48_재고수량·잔여일수,2026-10-05T01:15
PH_DUMMY_01,2026-08-06,O003,20,0,1,0,19,19,0,1.7,11.1,0,,0,,,virtual_dummy.xlsx,L48_재고수량·잔여일수,2026-10-05T01:15
PH_DUMMY_01,2026-08-06,O004,6,0,0,0,6,6,0,1,6,0,,0,,,virtual_dummy.xlsx,L48_재고수량·잔여일수,2026-10-05T01:15
PH_DUMMY_01,2026-08-06,Q001,20,0,4,0,16,16,0,1,16,0,,0,,,virtual_dummy.xlsx,L48_재고수량·잔여일수,2026-10-05T01:15
PH_DUMMY_01,2026-08-06,Q002,2,0,0,0,2,2,0,0.3,7,0,,0,,,virtual_dummy.xlsx,L48_재고수량·잔여일수,2026-10-05T01:15
PH_DUMMY_01,2026-08-07,R001,409,0,36,0,373,343,-30,35.1,10.6,0,,0,,,virtual_dummy.xlsx,L48_재고수량·잔여일수,2026-10-05T01:15
PH_DUMMY_01,2026-08-07,R002,896,0,177,0,719,719,0,105.4,6.8,0,,0,,,virtual_dummy.xlsx,L48_재고수량·잔여일수,2026-10-05T01:15
PH_DUMMY_01,2026-08-07,R003,377,0,51,0,326,326,0,20.7,15.7,0,,0,,,virtual_dummy.xlsx,L48_재고수량·잔여일수,2026-10-05T01:15
PH_DUMMY_01,2026-08-07,R004,539,0,51,0,488,478,-10,36.3,13.4,0,,0,,,virtual_dummy.xlsx,L48_재고수량·잔여일수,2026-10-05T01:15
PH_DUMMY_01,2026-08-07,R005,2072,0,309,0,1763,1763,0,318,5.5,0,,0,,,virtual_dummy.xlsx,L48_재고수량·잔여일수,2026-10-05T01:15
PH_DUMMY_01,2026-08-07,R006,1334,0,202,0,1132,1132,0,207.3,5.5,0,,0,,,virtual_dummy.xlsx,L48_재고수량·잔여일수,2026-10-05T01:15
PH_DUMMY_01,2026-08-07,R007,2123,0,216,0,1907,1907,0,323,5.9,0,,0,,,virtual_dummy.xlsx,L48_재고수량·잔여일수,2026-10-05T01:15
PH_DUMMY_01,2026-08-07,O001,12,0,2,0,10,10,0,1.9,5.4,0,,0,,,virtual_dummy.xlsx,L48_재고수량·잔여일수,2026-10-05T01:15
PH_DUMMY_01,2026-08-07,O002,18,0,1,0,17,20,3,2.3,7.4,0,,0,,,virtual_dummy.xlsx,L48_재고수량·잔여일수,2026-10-05T01:15
PH_DUMMY_01,2026-08-07,O003,19,0,2,0,17,17,0,1.4,11.9,0,,0,,,virtual_dummy.xlsx,L48_재고수량·잔여일수,2026-10-05T01:15
PH_DUMMY_01,2026-08-07,O004,6,0,0,0,6,6,0,1,6,0,,0,,,virtual_dummy.xlsx,L48_재고수량·잔여일수,2026-10-05T01:15
PH_DUMMY_01,2026-08-07,Q001,16,0,2,0,14,14,0,1.3,10.9,0,,0,,,virtual_dummy.xlsx,L48_재고수량·잔여일수,2026-10-05T01:15
PH_DUMMY_01,2026-08-07,Q002,2,0,0,0,2,2,0,0.3,7,0,,0,,,virtual_dummy.xlsx,L48_재고수량·잔여일수,2026-10-05T01:15
PH_DUMMY_01,2026-08-08,R001,373,0,66,0,307,277,-30,34.3,9,0,,0,,,virtual_dummy.xlsx,L48_재고수량·잔여일수,2026-10-05T01:15
PH_DUMMY_01,2026-08-08,R002,719,0,34,0,685,685,0,95,7.2,0,,0,,,virtual_dummy.xlsx,L48_재고수량·잔여일수,2026-10-05T01:15
PH_DUMMY_01,2026-08-08,R003,326,0,35,0,291,291,0,21,13.9,0,,0,,,virtual_dummy.xlsx,L48_재고수량·잔여일수,2026-10-05T01:15
PH_DUMMY_01,2026-08-08,R004,488,0,46,0,442,432,-10,32.6,13.6,0,,0,,,virtual_dummy.xlsx,L48_재고수량·잔여일수,2026-10-05T01:15
PH_DUMMY_01,2026-08-08,R005,1763,0,88,0,1675,1675,0,283.3,5.9,0,,0,,,virtual_dummy.xlsx,L48_재고수량·잔여일수,2026-10-05T01:15
PH_DUMMY_01,2026-08-08,R006,1132,0,221,0,911,911,0,184.9,4.9,0,,0,,,virtual_dummy.xlsx,L48_재고수량·잔여일수,2026-10-05T01:15
PH_DUMMY_01,2026-08-08,R007,1907,0,269,0,1638,1638,0,302.6,5.4,0,,0,,,virtual_dummy.xlsx,L48_재고수량·잔여일수,2026-10-05T01:15
PH_DUMMY_01,2026-08-08,O001,10,0,8,0,2,2,0,2.7,0.7,10,긴급,10,,,virtual_dummy.xlsx,L48_재고수량·잔여일수,2026-10-05T01:15
PH_DUMMY_01,2026-08-08,O002,17,0,1,0,16,21,5,2.1,7.5,0,,0,,,virtual_dummy.xlsx,L48_재고수량·잔여일수,2026-10-05T01:15
PH_DUMMY_01,2026-08-08,O003,17,0,1,0,16,16,0,1.3,12.4,0,,0,,,virtual_dummy.xlsx,L48_재고수량·잔여일수,2026-10-05T01:15
PH_DUMMY_01,2026-08-08,O004,6,0,0,0,6,6,0,0.7,8.4,0,,0,,,virtual_dummy.xlsx,L48_재고수량·잔여일수,2026-10-05T01:15
PH_DUMMY_01,2026-08-08,Q001,14,0,0,0,14,11,-3,1.1,12.2,0,,0,,,virtual_dummy.xlsx,L48_재고수량·잔여일수,2026-10-05T01:15
PH_DUMMY_01,2026-08-08,Q002,2,0,0,0,2,2,0,0.1,14,0,,0,,,virtual_dummy.xlsx,L48_재고수량·잔여일수,2026-10-05T01:15
PH_DUMMY_01,2026-08-09,R001,307,0,0,0,307,277,-30,,,0,,0,,,virtual_dummy.xlsx,L48_재고수량·잔여일수,2026-10-05T01:15
PH_DUMMY_01,2026-08-09,R002,685,0,0,0,685,685,0,,,0,,0,,,virtual_dummy.xlsx,L48_재고수량·잔여일수,2026-10-05T01:15
PH_DUMMY_01,2026-08-09,R003,291,0,0,0,291,291,0,,,0,,0,,,virtual_dummy.xlsx,L48_재고수량·잔여일수,2026-10-05T01:15
PH_DUMMY_01,2026-08-09,R004,442,0,0,0,442,432,-10,,,0,,0,,,virtual_dummy.xlsx,L48_재고수량·잔여일수,2026-10-05T01:15
PH_DUMMY_01,2026-08-09,R005,1675,0,0,0,1675,1675,0,,,0,,0,,,virtual_dummy.xlsx,L48_재고수량·잔여일수,2026-10-05T01:15
PH_DUMMY_01,2026-08-09,R006,911,0,0,0,911,911,0,,,0,,0,,,virtual_dummy.xlsx,L48_재고수량·잔여일수,2026-10-05T01:15
PH_DUMMY_01,2026-08-09,R007,1638,0,0,0,1638,1638,0,,,0,,0,,,virtual_dummy.xlsx,L48_재고수량·잔여일수,2026-10-05T01:15
PH_DUMMY_01,2026-08-09,O001,2,0,0,0,2,2,0,,,0,,0,,,virtual_dummy.xlsx,L48_재고수량·잔여일수,2026-10-05T01:15
PH_DUMMY_01,2026-08-09,O002,16,0,0,0,16,21,5,,,0,,0,,,virtual_dummy.xlsx,L48_재고수량·잔여일수,2026-10-05T01:15
PH_DUMMY_01,2026-08-09,O003,16,0,0,0,16,16,0,,,0,,0,,,virtual_dummy.xlsx,L48_재고수량·잔여일수,2026-10-05T01:15
PH_DUMMY_01,2026-08-09,O004,6,0,0,0,6,6,0,,,0,,0,,,virtual_dummy.xlsx,L48_재고수량·잔여일수,2026-10-05T01:15
PH_DUMMY_01,2026-08-09,Q001,14,0,0,0,14,11,-3,,,0,,0,,,virtual_dummy.xlsx,L48_재고수량·잔여일수,2026-10-05T01:15
PH_DUMMY_01,2026-08-09,Q002,2,0,0,0,2,2,0,,,0,,0,,,virtual_dummy.xlsx,L48_재고수량·잔여일수,2026-10-05T01:15
PH_DUMMY_01,2026-08-10,R001,307,0,18,0,289,259,-30,35.7,8.1,100,정기(주간),100,,,virtual_dummy.xlsx,L48_재고수량·잔여일수,2026-10-05T01:15
PH_DUMMY_01,2026-08-10,R002,685,0,146,0,539,539,0,110,4.9,600,정기(주간),600,,,virtual_dummy.xlsx,L48_재고수량·잔여일수,2026-10-05T01:15
PH_DUMMY_01,2026-08-10,R003,291,0,23,0,268,268,0,16.7,16,100,정기(주간),100,,,virtual_dummy.xlsx,L48_재고수량·잔여일수,2026-10-05T01:15
PH_DUMMY_01,2026-08-10,R004,442,0,53,0,389,389,0,29.7,13.1,500,정기(주간),500,,,virtual_dummy.xlsx,L48_재고수량·잔여일수,2026-10-05T01:15
PH_DUMMY_01,2026-08-10,R005,1675,0,769,0,906,906,0,370.9,2.4,2500,정기(주간),2500,,,virtual_dummy.xlsx,L48_재고수량·잔여일수,2026-10-05T01:15
PH_DUMMY_01,2026-08-10,R006,911,0,413,0,498,498,0,228.4,2.2,1500,정기(주간),1500,,,virtual_dummy.xlsx,L48_재고수량·잔여일수,2026-10-05T01:15
PH_DUMMY_01,2026-08-10,R007,1638,0,237,0,1401,1401,0,312.7,4.5,1500,정기(주간),1500,,,virtual_dummy.xlsx,L48_재고수량·잔여일수,2026-10-05T01:15
PH_DUMMY_01,2026-08-10,O001,2,10,1,0,11,12,1,2.7,4.1,10,정기(주간),10,,,virtual_dummy.xlsx,L48_재고수량·잔여일수,2026-10-05T01:15
PH_DUMMY_01,2026-08-10,O002,16,0,6,0,10,15,5,2.6,3.9,10,정기(주간),10,,,virtual_dummy.xlsx,L48_재고수량·잔여일수,2026-10-05T01:15
PH_DUMMY_01,2026-08-10,O003,16,0,0,0,16,16,0,1.1,14,0,,0,,,virtual_dummy.xlsx,L48_재고수량·잔여일수,2026-10-05T01:15
PH_DUMMY_01,2026-08-10,O004,6,0,0,0,6,6,0,0.3,21,2,정기(주간),2,,,virtual_dummy.xlsx,L48_재고수량·잔여일수,2026-10-05T01:15
PH_DUMMY_01,2026-08-10,Q001,14,0,2,0,12,9,-3,1.3,9.3,0,,0,,,virtual_dummy.xlsx,L48_재고수량·잔여일수,2026-10-05T01:15
PH_DUMMY_01,2026-08-10,Q002,2,0,0,0,2,2,0,0.1,14,0,,0,,,virtual_dummy.xlsx,L48_재고수량·잔여일수,2026-10-05T01:15
PH_DUMMY_01,2026-08-11,R001,289,100,55,0,334,304,-30,30,11.1,0,,0,,,virtual_dummy.xlsx,L48_재고수량·잔여일수,2026-10-05T01:15
PH_DUMMY_01,2026-08-11,R002,539,600,191,0,948,948,0,120.9,7.8,0,,0,,,virtual_dummy.xlsx,L48_재고수량·잔여일수,2026-10-05T01:15
PH_DUMMY_01,2026-08-11,R003,268,100,38,0,330,330,0,22.1,14.9,0,,0,,,virtual_dummy.xlsx,L48_재고수량·잔여일수,2026-10-05T01:15
PH_DUMMY_01,2026-08-11,R004,389,500,40,0,849,849,0,35.4,24,0,,0,,,virtual_dummy.xlsx,L48_재고수량·잔여일수,2026-10-05T01:15
PH_DUMMY_01,2026-08-11,R005,906,2500,378,0,3028,3028,0,358.7,8.4,0,,0,,,virtual_dummy.xlsx,L48_재고수량·잔여일수,2026-10-05T01:15
PH_DUMMY_01,2026-08-11,R006,498,1500,360,0,1638,1638,0,257.3,6.4,0,,0,,,virtual_dummy.xlsx,L48_재고수량·잔여일수,2026-10-05T01:15
PH_DUMMY_01,2026-08-11,R007,1401,1500,219,0,2682,2682,0,260.9,10.3,0,,0,,,virtual_dummy.xlsx,L48_재고수량·잔여일수,2026-10-05T01:15
PH_DUMMY_01,2026-08-11,O001,11,10,2,0,19,20,1,2.7,7,0,,0,,,virtual_dummy.xlsx,L48_재고수량·잔여일수,2026-10-05T01:15
PH_DUMMY_01,2026-08-11,O002,10,10,2,0,18,23,5,2.3,7.9,0,,0,,,virtual_dummy.xlsx,L48_재고수량·잔여일수,2026-10-05T01:15
PH_DUMMY_01,2026-08-11,O003,16,0,1,0,15,15,0,0.9,17.5,0,,0,,,virtual_dummy.xlsx,L48_재고수량·잔여일수,2026-10-05T01:15
PH_DUMMY_01,2026-08-11,O004,6,2,0,0,8,8,0,0.1,56,0,,0,,,virtual_dummy.xlsx,L48_재고수량·잔여일수,2026-10-05T01:15
PH_DUMMY_01,2026-08-11,Q001,12,0,0,0,12,9,-3,1.3,9.3,0,,0,,,virtual_dummy.xlsx,L48_재고수량·잔여일수,2026-10-05T01:15
PH_DUMMY_01,2026-08-11,Q002,2,0,0,0,2,4,2,0.1,14,0,,0,,,virtual_dummy.xlsx,L48_재고수량·잔여일수,2026-10-05T01:15
PH_DUMMY_01,2026-08-12,R001,334,0,41,0,293,263,-30,35.4,8.3,0,,0,,,virtual_dummy.xlsx,L48_재고수량·잔여일수,2026-10-05T01:15
PH_DUMMY_01,2026-08-12,R002,948,0,123,0,825,825,0,131,6.3,0,,0,,,virtual_dummy.xlsx,L48_재고수량·잔여일수,2026-10-05T01:15
PH_DUMMY_01,2026-08-12,R003,330,0,62,0,268,268,0,29.9,9,0,,0,,,virtual_dummy.xlsx,L48_재고수량·잔여일수,2026-10-05T01:15
PH_DUMMY_01,2026-08-12,R004,849,0,122,0,727,727,0,52.9,13.8,0,,0,,,virtual_dummy.xlsx,L48_재고수량·잔여일수,2026-10-05T01:15
PH_DUMMY_01,2026-08-12,R005,3028,0,461,0,2567,2567,0,362.7,7.1,0,,0,,,virtual_dummy.xlsx,L48_재고수량·잔여일수,2026-10-05T01:15
PH_DUMMY_01,2026-08-12,R006,1638,0,158,0,1480,1480,0,250.3,5.9,0,,0,,,virtual_dummy.xlsx,L48_재고수량·잔여일수,2026-10-05T01:15
PH_DUMMY_01,2026-08-12,R007,2682,0,306,0,2376,2376,0,268.6,8.8,0,,0,,,virtual_dummy.xlsx,L48_재고수량·잔여일수,2026-10-05T01:15
PH_DUMMY_01,2026-08-12,O001,19,0,3,0,16,17,1,2.7,5.9,0,,0,,,virtual_dummy.xlsx,L48_재고수량·잔여일수,2026-10-05T01:15
PH_DUMMY_01,2026-08-12,O002,18,0,2,0,16,21,5,2.3,7,0,,0,,,virtual_dummy.xlsx,L48_재고수량·잔여일수,2026-10-05T01:15
PH_DUMMY_01,2026-08-12,O003,15,0,3,0,12,12,0,1.1,10.5,0,,0,,,virtual_dummy.xlsx,L48_재고수량·잔여일수,2026-10-05T01:15
PH_DUMMY_01,2026-08-12,O004,8,0,2,0,6,6,0,0.3,21,0,,0,,,virtual_dummy.xlsx,L48_재고수량·잔여일수,2026-10-05T01:15
PH_DUMMY_01,2026-08-12,Q001,12,0,4,0,8,5,-3,1.7,4.7,0,,0,,,virtual_dummy.xlsx,L48_재고수량·잔여일수,2026-10-05T01:15
PH_DUMMY_01,2026-08-12,Q002,2,0,0,0,2,4,2,0,,0,,0,,,virtual_dummy.xlsx,L48_재고수량·잔여일수,2026-10-05T01:15
PH_DUMMY_01,2026-08-13,R001,293,0,53,0,240,210,-30,39.1,6.1,0,,0,,,virtual_dummy.xlsx,L48_재고수량·잔여일수,2026-10-05T01:15
PH_DUMMY_01,2026-08-13,R002,825,0,232,0,593,593,0,145.3,4.1,0,,0,,,virtual_dummy.xlsx,L48_재고수량·잔여일수,2026-10-05T01:15
PH_DUMMY_01,2026-08-13,R003,268,0,60,0,208,178,-30,38.4,5.4,0,,0,,,virtual_dummy.xlsx,L48_재고수량·잔여일수,2026-10-05T01:15
PH_DUMMY_01,2026-08-13,R004,727,0,203,0,524,524,0,81.9,6.4,0,,0,,,virtual_dummy.xlsx,L48_재고수량·잔여일수,2026-10-05T01:15
PH_DUMMY_01,2026-08-13,R005,2567,0,452,0,2115,2115,0,386,5.5,0,,0,,,virtual_dummy.xlsx,L48_재고수량·잔여일수,2026-10-05T01:15
PH_DUMMY_01,2026-08-13,R006,1480,0,418,0,1062,1062,0,284.7,3.7,0,,0,,,virtual_dummy.xlsx,L48_재고수량·잔여일수,2026-10-05T01:15
PH_DUMMY_01,2026-08-13,R007,2376,0,398,0,1978,1978,0,281.7,7,0,,0,,,virtual_dummy.xlsx,L48_재고수량·잔여일수,2026-10-05T01:15
PH_DUMMY_01,2026-08-13,O001,16,0,0,0,16,17,1,2.7,5.9,0,,0,,,virtual_dummy.xlsx,L48_재고수량·잔여일수,2026-10-05T01:15
PH_DUMMY_01,2026-08-13,O002,16,0,1,0,15,20,5,2.3,6.6,0,,0,,,virtual_dummy.xlsx,L48_재고수량·잔여일수,2026-10-05T01:15
PH_DUMMY_01,2026-08-13,O003,12,0,0,0,12,12,0,1.1,10.5,0,,0,,,virtual_dummy.xlsx,L48_재고수량·잔여일수,2026-10-05T01:15
PH_DUMMY_01,2026-08-13,O004,6,0,0,0,6,6,0,0.3,21,0,,0,,,virtual_dummy.xlsx,L48_재고수량·잔여일수,2026-10-05T01:15
PH_DUMMY_01,2026-08-13,Q001,8,0,0,0,8,5,-3,1.7,4.7,0,,0,,,virtual_dummy.xlsx,L48_재고수량·잔여일수,2026-10-05T01:15
PH_DUMMY_01,2026-08-13,Q002,2,0,0,0,2,4,2,0,,0,,0,,,virtual_dummy.xlsx,L48_재고수량·잔여일수,2026-10-05T01:15
PH_DUMMY_01,2026-08-14,R001,240,0,15,0,225,195,-30,40.6,5.5,0,,0,,,virtual_dummy.xlsx,L48_재고수량·잔여일수,2026-10-05T01:15
PH_DUMMY_01,2026-08-14,R002,593,0,127,0,466,466,0,147.1,3.2,0,,0,,,virtual_dummy.xlsx,L48_재고수량·잔여일수,2026-10-05T01:15
PH_DUMMY_01,2026-08-14,R003,208,0,17,0,191,161,-30,40.9,4.7,0,,0,,,virtual_dummy.xlsx,L48_재고수량·잔여일수,2026-10-05T01:15
PH_DUMMY_01,2026-08-14,R004,524,0,42,0,482,482,0,79.6,6.1,0,,0,,,virtual_dummy.xlsx,L48_재고수량·잔여일수,2026-10-05T01:15
PH_DUMMY_01,2026-08-14,R005,2115,0,254,0,1861,1861,0,387.3,4.8,0,,0,,,virtual_dummy.xlsx,L48_재고수량·잔여일수,2026-10-05T01:15
PH_DUMMY_01,2026-08-14,R006,1062,0,307,0,755,755,0,297,2.5,0,,0,,,virtual_dummy.xlsx,L48_재고수량·잔여일수,2026-10-05T01:15
PH_DUMMY_01,2026-08-14,R007,1978,0,1025,0,953,953,0,381.4,2.5,0,,0,,,virtual_dummy.xlsx,L48_재고수량·잔여일수,2026-10-05T01:15
PH_DUMMY_01,2026-08-14,O001,16,0,2,0,14,15,1,2.6,5.4,0,,0,,,virtual_dummy.xlsx,L48_재고수량·잔여일수,2026-10-05T01:15
PH_DUMMY_01,2026-08-14,O002,15,0,1,0,14,19,5,2,7,0,,0,,,virtual_dummy.xlsx,L48_재고수량·잔여일수,2026-10-05T01:15
PH_DUMMY_01,2026-08-14,O003,12,0,0,0,12,12,0,1,12,0,,0,,,virtual_dummy.xlsx,L48_재고수량·잔여일수,2026-10-05T01:15
PH_DUMMY_01,2026-08-14,O004,6,0,0,0,6,6,0,0.3,21,0,,0,,,virtual_dummy.xlsx,L48_재고수량·잔여일수,2026-10-05T01:15
PH_DUMMY_01,2026-08-14,Q001,8,0,0,0,8,5,-3,1.1,7,0,,0,,,virtual_dummy.xlsx,L48_재고수량·잔여일수,2026-10-05T01:15
PH_DUMMY_01,2026-08-14,Q002,2,0,0,0,2,4,2,0,,0,,0,,,virtual_dummy.xlsx,L48_재고수량·잔여일수,2026-10-05T01:15
PH_DUMMY_01,2026-08-15,R001,225,0,0,0,225,195,-30,,,0,,0,,,virtual_dummy.xlsx,L48_재고수량·잔여일수,2026-10-05T01:15
PH_DUMMY_01,2026-08-15,R002,466,0,0,0,466,466,0,,,0,,0,,,virtual_dummy.xlsx,L48_재고수량·잔여일수,2026-10-05T01:15
PH_DUMMY_01,2026-08-15,R003,191,0,0,0,191,161,-30,,,0,,0,,,virtual_dummy.xlsx,L48_재고수량·잔여일수,2026-10-05T01:15
PH_DUMMY_01,2026-08-15,R004,482,0,0,0,482,482,0,,,0,,0,,,virtual_dummy.xlsx,L48_재고수량·잔여일수,2026-10-05T01:15
PH_DUMMY_01,2026-08-15,R005,1861,0,0,0,1861,1861,0,,,0,,0,,,virtual_dummy.xlsx,L48_재고수량·잔여일수,2026-10-05T01:15
PH_DUMMY_01,2026-08-15,R006,755,0,0,0,755,755,0,,,0,,0,,,virtual_dummy.xlsx,L48_재고수량·잔여일수,2026-10-05T01:15
PH_DUMMY_01,2026-08-15,R007,953,0,0,0,953,953,0,,,0,,0,,,virtual_dummy.xlsx,L48_재고수량·잔여일수,2026-10-05T01:15
PH_DUMMY_01,2026-08-15,O001,14,0,0,0,14,15,1,,,0,,0,,,virtual_dummy.xlsx,L48_재고수량·잔여일수,2026-10-05T01:15
PH_DUMMY_01,2026-08-15,O002,14,0,0,0,14,19,5,,,0,,0,,,virtual_dummy.xlsx,L48_재고수량·잔여일수,2026-10-05T01:15
PH_DUMMY_01,2026-08-15,O003,12,0,0,0,12,12,0,,,0,,0,,,virtual_dummy.xlsx,L48_재고수량·잔여일수,2026-10-05T01:15
PH_DUMMY_01,2026-08-15,O004,6,0,0,0,6,6,0,,,0,,0,,,virtual_dummy.xlsx,L48_재고수량·잔여일수,2026-10-05T01:15
PH_DUMMY_01,2026-08-15,Q001,8,0,0,0,8,5,-3,,,0,,0,,,virtual_dummy.xlsx,L48_재고수량·잔여일수,2026-10-05T01:15
PH_DUMMY_01,2026-08-15,Q002,2,0,0,0,2,4,2,,,0,,0,,,virtual_dummy.xlsx,L48_재고수량·잔여일수,2026-10-05T01:15
PH_DUMMY_01,2026-08-16,R001,225,0,0,0,225,195,-30,,,0,,0,,,virtual_dummy.xlsx,L48_재고수량·잔여일수,2026-10-05T01:15
PH_DUMMY_01,2026-08-16,R002,466,0,0,0,466,466,0,,,0,,0,,,virtual_dummy.xlsx,L48_재고수량·잔여일수,2026-10-05T01:15
PH_DUMMY_01,2026-08-16,R003,191,0,0,0,191,161,-30,,,0,,0,,,virtual_dummy.xlsx,L48_재고수량·잔여일수,2026-10-05T01:15
PH_DUMMY_01,2026-08-16,R004,482,0,0,0,482,482,0,,,0,,0,,,virtual_dummy.xlsx,L48_재고수량·잔여일수,2026-10-05T01:15
PH_DUMMY_01,2026-08-16,R005,1861,0,0,0,1861,1861,0,,,0,,0,,,virtual_dummy.xlsx,L48_재고수량·잔여일수,2026-10-05T01:15
PH_DUMMY_01,2026-08-16,R006,755,0,0,0,755,755,0,,,0,,0,,,virtual_dummy.xlsx,L48_재고수량·잔여일수,2026-10-05T01:15
PH_DUMMY_01,2026-08-16,R007,953,0,0,0,953,953,0,,,0,,0,,,virtual_dummy.xlsx,L48_재고수량·잔여일수,2026-10-05T01:15
PH_DUMMY_01,2026-08-16,O001,14,0,0,0,14,15,1,,,0,,0,,,virtual_dummy.xlsx,L48_재고수량·잔여일수,2026-10-05T01:15
PH_DUMMY_01,2026-08-16,O002,14,0,0,0,14,19,5,,,0,,0,,,virtual_dummy.xlsx,L48_재고수량·잔여일수,2026-10-05T01:15
PH_DUMMY_01,2026-08-16,O003,12,0,0,0,12,12,0,,,0,,0,,,virtual_dummy.xlsx,L48_재고수량·잔여일수,2026-10-05T01:15
PH_DUMMY_01,2026-08-16,O004,6,0,0,0,6,6,0,,,0,,0,,,virtual_dummy.xlsx,L48_재고수량·잔여일수,2026-10-05T01:15
PH_DUMMY_01,2026-08-16,Q001,8,0,0,0,8,5,-3,,,0,,0,,,virtual_dummy.xlsx,L48_재고수량·잔여일수,2026-10-05T01:15
PH_DUMMY_01,2026-08-16,Q002,2,0,0,0,2,4,2,,,0,,0,,,virtual_dummy.xlsx,L48_재고수량·잔여일수,2026-10-05T01:15
PH_DUMMY_01,2026-08-17,R001,225,0,0,0,225,195,-30,,,0,,0,,,virtual_dummy.xlsx,L48_재고수량·잔여일수,2026-10-05T01:15
PH_DUMMY_01,2026-08-17,R002,466,0,0,0,466,466,0,,,0,,0,,,virtual_dummy.xlsx,L48_재고수량·잔여일수,2026-10-05T01:15
PH_DUMMY_01,2026-08-17,R003,191,0,0,0,191,161,-30,,,0,,0,,,virtual_dummy.xlsx,L48_재고수량·잔여일수,2026-10-05T01:15
PH_DUMMY_01,2026-08-17,R004,482,0,0,0,482,482,0,,,0,,0,,,virtual_dummy.xlsx,L48_재고수량·잔여일수,2026-10-05T01:15
PH_DUMMY_01,2026-08-17,R005,1861,0,0,0,1861,1861,0,,,0,,0,,,virtual_dummy.xlsx,L48_재고수량·잔여일수,2026-10-05T01:15
PH_DUMMY_01,2026-08-17,R006,755,0,0,0,755,755,0,,,0,,0,,,virtual_dummy.xlsx,L48_재고수량·잔여일수,2026-10-05T01:15
PH_DUMMY_01,2026-08-17,R007,953,0,0,0,953,953,0,,,0,,0,,,virtual_dummy.xlsx,L48_재고수량·잔여일수,2026-10-05T01:15
PH_DUMMY_01,2026-08-17,O001,14,0,0,0,14,15,1,,,0,,0,,,virtual_dummy.xlsx,L48_재고수량·잔여일수,2026-10-05T01:15
PH_DUMMY_01,2026-08-17,O002,14,0,0,0,14,19,5,,,0,,0,,,virtual_dummy.xlsx,L48_재고수량·잔여일수,2026-10-05T01:15
PH_DUMMY_01,2026-08-17,O003,12,0,0,0,12,12,0,,,0,,0,,,virtual_dummy.xlsx,L48_재고수량·잔여일수,2026-10-05T01:15
PH_DUMMY_01,2026-08-17,O004,6,0,0,0,6,6,0,,,0,,0,,,virtual_dummy.xlsx,L48_재고수량·잔여일수,2026-10-05T01:15
PH_DUMMY_01,2026-08-17,Q001,8,0,0,0,8,5,-3,,,0,,0,,,virtual_dummy.xlsx,L48_재고수량·잔여일수,2026-10-05T01:15
PH_DUMMY_01,2026-08-17,Q002,2,0,0,0,2,4,2,,,0,,0,,,virtual_dummy.xlsx,L48_재고수량·잔여일수,2026-10-05T01:15
PH_DUMMY_01,2026-08-18,R001,225,0,37,0,188,158,-30,40.7,4.6,200,정기(주간),200,,,virtual_dummy.xlsx,L48_재고수량·잔여일수,2026-10-05T01:15
PH_DUMMY_01,2026-08-18,R002,466,0,198,0,268,268,0,150.1,1.8,900,정기(주간),900,,,virtual_dummy.xlsx,L48_재고수량·잔여일수,2026-10-05T01:15
PH_DUMMY_01,2026-08-18,R003,191,0,76,0,115,85,-30,44.4,2.6,200,정기(주간),200,,,virtual_dummy.xlsx,L48_재고수량·잔여일수,2026-10-05T01:15
PH_DUMMY_01,2026-08-18,R004,482,0,57,0,425,425,0,80.4,5.3,500,정기(주간),500,,,virtual_dummy.xlsx,L48_재고수량·잔여일수,2026-10-05T01:15
PH_DUMMY_01,2026-08-18,R005,1861,0,362,0,1499,1519,20,394.9,3.8,1500,정기(주간),1500,,,virtual_dummy.xlsx,L48_재고수량·잔여일수,2026-10-05T01:15
PH_DUMMY_01,2026-08-18,R006,755,0,245,0,510,510,0,303.1,1.7,1800,정기(주간),1800,,,virtual_dummy.xlsx,L48_재고수량·잔여일수,2026-10-05T01:15
PH_DUMMY_01,2026-08-18,R007,953,0,649,0,304,304,0,443.3,0.7,3000,정기(주간),3000,,,virtual_dummy.xlsx,L48_재고수량·잔여일수,2026-10-05T01:15
PH_DUMMY_01,2026-08-18,O001,14,0,3,0,11,12,1,2.7,4.1,10,정기(주간),10,,,virtual_dummy.xlsx,L48_재고수량·잔여일수,2026-10-05T01:15
PH_DUMMY_01,2026-08-18,O002,14,0,3,0,11,19,8,2.3,4.8,10,정기(주간),10,,,virtual_dummy.xlsx,L48_재고수량·잔여일수,2026-10-05T01:15
PH_DUMMY_01,2026-08-18,O003,12,0,1,0,11,14,3,0.9,12.8,0,,0,,,virtual_dummy.xlsx,L48_재고수량·잔여일수,2026-10-05T01:15
PH_DUMMY_01,2026-08-18,O004,6,0,2,0,4,4,0,0.6,7,4,정기(주간),4,,,virtual_dummy.xlsx,L48_재고수량·잔여일수,2026-10-05T01:15
PH_DUMMY_01,2026-08-18,Q001,8,0,2,0,6,3,-3,1.1,5.2,10,정기(주간),10,,,virtual_dummy.xlsx,L48_재고수량·잔여일수,2026-10-05T01:15
PH_DUMMY_01,2026-08-18,Q002,2,0,0,0,2,4,2,0,,0,,0,,,virtual_dummy.xlsx,L48_재고수량·잔여일수,2026-10-05T01:15
PH_DUMMY_01,2026-08-19,R001,188,200,16,0,372,342,-30,33.6,11.1,0,,0,,,virtual_dummy.xlsx,L48_재고수량·잔여일수,2026-10-05T01:15
PH_DUMMY_01,2026-08-19,R002,268,900,201,0,967,967,0,174,5.6,0,,0,,,virtual_dummy.xlsx,L48_재고수량·잔여일수,2026-10-05T01:15
PH_DUMMY_01,2026-08-19,R003,115,200,49,0,266,236,-30,46.4,5.7,0,,0,,,virtual_dummy.xlsx,L48_재고수량·잔여일수,2026-10-05T01:15
PH_DUMMY_01,2026-08-19,R004,425,500,0,0,925,925,0,73.9,12.5,0,,0,,,virtual_dummy.xlsx,L48_재고수량·잔여일수,2026-10-05T01:15
PH_DUMMY_01,2026-08-19,R005,1499,1500,418,0,2581,2601,20,442,5.8,0,,0,,,virtual_dummy.xlsx,L48_재고수량·잔여일수,2026-10-05T01:15
PH_DUMMY_01,2026-08-19,R006,510,1800,149,0,2161,2161,0,292.9,7.4,0,,0,,,virtual_dummy.xlsx,L48_재고수량·잔여일수,2026-10-05T01:15
PH_DUMMY_01,2026-08-19,R007,304,3000,427,0,2877,2877,0,465.9,6.2,0,,0,,,virtual_dummy.xlsx,L48_재고수량·잔여일수,2026-10-05T01:15
PH_DUMMY_01,2026-08-19,O001,11,10,5,0,16,17,1,2.3,7,0,,0,,,virtual_dummy.xlsx,L48_재고수량·잔여일수,2026-10-05T01:15
PH_DUMMY_01,2026-08-19,O002,11,10,2,0,19,27,8,2.4,7.8,0,,0,,,virtual_dummy.xlsx,L48_재고수량·잔여일수,2026-10-05T01:15
PH_DUMMY_01,2026-08-19,O003,11,0,3,0,8,11,3,1.1,7,0,,0,,,virtual_dummy.xlsx,L48_재고수량·잔여일수,2026-10-05T01:15
PH_DUMMY_01,2026-08-19,O004,4,4,1,0,7,8,1,0.7,9.8,0,,0,,,virtual_dummy.xlsx,L48_재고수량·잔여일수,2026-10-05T01:15
PH_DUMMY_01,2026-08-19,Q001,6,10,2,0,14,10,-4,1.4,9.8,0,,0,,,virtual_dummy.xlsx,L48_재고수량·잔여일수,2026-10-05T01:15
PH_DUMMY_01,2026-08-19,Q002,2,0,0,0,2,4,2,0,,0,,0,,,virtual_dummy.xlsx,L48_재고수량·잔여일수,2026-10-05T01:15
PH_DUMMY_01,2026-08-20,R001,372,0,105,0,267,237,-30,46,5.8,0,,0,,,virtual_dummy.xlsx,L48_재고수량·잔여일수,2026-10-05T01:15
PH_DUMMY_01,2026-08-20,R002,967,0,149,0,818,818,0,174.4,4.7,0,,0,,,virtual_dummy.xlsx,L48_재고수량·잔여일수,2026-10-05T01:15
PH_DUMMY_01,2026-08-20,R003,266,0,53,0,213,183,-30,50.7,4.2,0,,0,,,virtual_dummy.xlsx,L48_재고수량·잔여일수,2026-10-05T01:15
PH_DUMMY_01,2026-08-20,R004,925,0,142,0,783,783,0,86.6,9,0,,0,,,virtual_dummy.xlsx,L48_재고수량·잔여일수,2026-10-05T01:15
PH_DUMMY_01,2026-08-20,R005,2581,0,359,0,2222,2242,20,383.4,5.8,0,,0,,,virtual_dummy.xlsx,L48_재고수량·잔여일수,2026-10-05T01:15
PH_DUMMY_01,2026-08-20,R006,2161,0,131,0,2030,2030,0,252.6,8,0,,0,,,virtual_dummy.xlsx,L48_재고수량·잔여일수,2026-10-05T01:15
PH_DUMMY_01,2026-08-20,R007,2877,0,382,0,2495,2495,0,486.6,5.1,0,,0,,,virtual_dummy.xlsx,L48_재고수량·잔여일수,2026-10-05T01:15
PH_DUMMY_01,2026-08-20,O001,16,0,4,0,12,13,1,2.7,4.4,0,,0,,,virtual_dummy.xlsx,L48_재고수량·잔여일수,2026-10-05T01:15
PH_DUMMY_01,2026-08-20,O002,19,0,1,0,18,26,8,1.7,10.5,0,,0,,,virtual_dummy.xlsx,L48_재고수량·잔여일수,2026-10-05T01:15
PH_DUMMY_01,2026-08-20,O003,8,0,3,0,5,8,3,1.6,3.2,0,,0,,,virtual_dummy.xlsx,L48_재고수량·잔여일수,2026-10-05T01:15
PH_DUMMY_01,2026-08-20,O004,7,0,0,0,7,8,1,0.7,9.8,0,,0,,,virtual_dummy.xlsx,L48_재고수량·잔여일수,2026-10-05T01:15
PH_DUMMY_01,2026-08-20,Q001,14,0,1,0,13,9,-4,1.3,10.1,0,,0,,,virtual_dummy.xlsx,L48_재고수량·잔여일수,2026-10-05T01:15
PH_DUMMY_01,2026-08-20,Q002,2,0,1,0,1,3,2,0.1,7,0,,0,,,virtual_dummy.xlsx,L48_재고수량·잔여일수,2026-10-05T01:15
PH_DUMMY_01,2026-08-21,R001,267,0,63,0,204,174,-30,47.1,4.3,0,,0,,,virtual_dummy.xlsx,L48_재고수량·잔여일수,2026-10-05T01:15
PH_DUMMY_01,2026-08-21,R002,818,0,253,0,565,565,0,183.3,3.1,0,,0,,,virtual_dummy.xlsx,L48_재고수량·잔여일수,2026-10-05T01:15
PH_DUMMY_01,2026-08-21,R003,213,0,76,0,137,107,-30,56.1,2.4,0,,0,,,virtual_dummy.xlsx,L48_재고수량·잔여일수,2026-10-05T01:15
PH_DUMMY_01,2026-08-21,R004,783,0,319,0,464,464,0,126.4,3.7,0,,0,,,virtual_dummy.xlsx,L48_재고수량·잔여일수,2026-10-05T01:15
PH_DUMMY_01,2026-08-21,R005,2222,0,462,0,1760,1750,-10,395.4,4.5,0,,0,,,virtual_dummy.xlsx,L48_재고수량·잔여일수,2026-10-05T01:15
PH_DUMMY_01,2026-08-21,R006,2030,0,327,0,1703,1703,0,247.9,6.9,0,,0,,,virtual_dummy.xlsx,L48_재고수량·잔여일수,2026-10-05T01:15
PH_DUMMY_01,2026-08-21,R007,2495,0,571,0,1924,1924,0,536.9,3.6,0,,0,,,virtual_dummy.xlsx,L48_재고수량·잔여일수,2026-10-05T01:15
PH_DUMMY_01,2026-08-21,O001,12,0,8,0,4,5,1,3.6,1.1,10,긴급,10,,,virtual_dummy.xlsx,L48_재고수량·잔여일수,2026-10-05T01:15
PH_DUMMY_01,2026-08-21,O002,18,0,2,0,16,24,8,1.7,9.3,0,,0,,,virtual_dummy.xlsx,L48_재고수량·잔여일수,2026-10-05T01:15
PH_DUMMY_01,2026-08-21,O003,5,0,0,0,5,8,3,1.4,3.5,0,,0,,,virtual_dummy.xlsx,L48_재고수량·잔여일수,2026-10-05T01:15
PH_DUMMY_01,2026-08-21,O004,7,0,1,0,6,7,1,0.9,7,0,,0,,,virtual_dummy.xlsx,L48_재고수량·잔여일수,2026-10-05T01:15
PH_DUMMY_01,2026-08-21,Q001,13,0,0,0,13,9,-4,1.3,10.1,0,,0,,,virtual_dummy.xlsx,L48_재고수량·잔여일수,2026-10-05T01:15
PH_DUMMY_01,2026-08-21,Q002,1,0,0,0,1,3,2,0.1,7,0,,0,,,virtual_dummy.xlsx,L48_재고수량·잔여일수,2026-10-05T01:15
PH_DUMMY_01,2026-08-22,R001,204,0,62,0,142,112,-30,50.1,2.8,0,,0,,,virtual_dummy.xlsx,L48_재고수량·잔여일수,2026-10-05T01:15
PH_DUMMY_01,2026-08-22,R002,565,0,25,0,540,540,0,169.3,3.2,0,,0,,,virtual_dummy.xlsx,L48_재고수량·잔여일수,2026-10-05T01:15
PH_DUMMY_01,2026-08-22,R003,137,0,104,0,33,3,-30,62.1,0.5,200,긴급,200,,,virtual_dummy.xlsx,L48_재고수량·잔여일수,2026-10-05T01:15
PH_DUMMY_01,2026-08-22,R004,464,0,57,0,407,407,0,117.1,3.5,0,,0,,,virtual_dummy.xlsx,L48_재고수량·잔여일수,2026-10-05T01:15
PH_DUMMY_01,2026-08-22,R005,1760,0,412,0,1348,1338,-10,388.4,3.5,0,,0,,,virtual_dummy.xlsx,L48_재고수량·잔여일수,2026-10-05T01:15
PH_DUMMY_01,2026-08-22,R006,1703,0,149,0,1554,1554,0,246.6,6.3,0,,0,,,virtual_dummy.xlsx,L48_재고수량·잔여일수,2026-10-05T01:15
PH_DUMMY_01,2026-08-22,R007,1924,0,267,0,1657,1657,0,531.3,3.1,0,,0,,,virtual_dummy.xlsx,L48_재고수량·잔여일수,2026-10-05T01:15
PH_DUMMY_01,2026-08-22,O001,4,10,3,0,11,12,1,3.6,3.1,0,,0,,,virtual_dummy.xlsx,L48_재고수량·잔여일수,2026-10-05T01:15
PH_DUMMY_01,2026-08-22,O002,16,0,2,0,14,22,8,1.7,8.2,0,,0,,,virtual_dummy.xlsx,L48_재고수량·잔여일수,2026-10-05T01:15
PH_DUMMY_01,2026-08-22,O003,5,0,3,0,2,5,3,1.4,1.4,10,긴급,10,,,virtual_dummy.xlsx,L48_재고수량·잔여일수,2026-10-05T01:15
PH_DUMMY_01,2026-08-22,O004,6,0,0,0,6,7,1,0.6,10.5,0,,0,,,virtual_dummy.xlsx,L48_재고수량·잔여일수,2026-10-05T01:15
PH_DUMMY_01,2026-08-22,Q001,13,0,2,0,11,7,-4,1,11,0,,0,,,virtual_dummy.xlsx,L48_재고수량·잔여일수,2026-10-05T01:15
PH_DUMMY_01,2026-08-22,Q002,1,0,0,0,1,3,2,0.1,7,0,,0,,,virtual_dummy.xlsx,L48_재고수량·잔여일수,2026-10-05T01:15
PH_DUMMY_01,2026-08-23,R001,142,0,0,0,142,112,-30,,,0,,0,,,virtual_dummy.xlsx,L48_재고수량·잔여일수,2026-10-05T01:15
PH_DUMMY_01,2026-08-23,R002,540,0,0,0,540,540,0,,,0,,0,,,virtual_dummy.xlsx,L48_재고수량·잔여일수,2026-10-05T01:15
PH_DUMMY_01,2026-08-23,R003,33,0,0,0,33,3,-30,,,0,,0,,,virtual_dummy.xlsx,L48_재고수량·잔여일수,2026-10-05T01:15
PH_DUMMY_01,2026-08-23,R004,407,0,0,0,407,407,0,,,0,,0,,,virtual_dummy.xlsx,L48_재고수량·잔여일수,2026-10-05T01:15
PH_DUMMY_01,2026-08-23,R005,1348,0,0,0,1348,1338,-10,,,0,,0,,,virtual_dummy.xlsx,L48_재고수량·잔여일수,2026-10-05T01:15
PH_DUMMY_01,2026-08-23,R006,1554,0,0,0,1554,1554,0,,,0,,0,,,virtual_dummy.xlsx,L48_재고수량·잔여일수,2026-10-05T01:15
PH_DUMMY_01,2026-08-23,R007,1657,0,0,0,1657,1657,0,,,0,,0,,,virtual_dummy.xlsx,L48_재고수량·잔여일수,2026-10-05T01:15
PH_DUMMY_01,2026-08-23,O001,11,0,0,0,11,12,1,,,0,,0,,,virtual_dummy.xlsx,L48_재고수량·잔여일수,2026-10-05T01:15
PH_DUMMY_01,2026-08-23,O002,14,0,0,0,14,22,8,,,0,,0,,,virtual_dummy.xlsx,L48_재고수량·잔여일수,2026-10-05T01:15
PH_DUMMY_01,2026-08-23,O003,2,0,0,0,2,5,3,,,0,,0,,,virtual_dummy.xlsx,L48_재고수량·잔여일수,2026-10-05T01:15
PH_DUMMY_01,2026-08-23,O004,6,0,0,0,6,7,1,,,0,,0,,,virtual_dummy.xlsx,L48_재고수량·잔여일수,2026-10-05T01:15
PH_DUMMY_01,2026-08-23,Q001,11,0,0,0,11,7,-4,,,0,,0,,,virtual_dummy.xlsx,L48_재고수량·잔여일수,2026-10-05T01:15
PH_DUMMY_01,2026-08-23,Q002,1,0,0,0,1,3,2,,,0,,0,,,virtual_dummy.xlsx,L48_재고수량·잔여일수,2026-10-05T01:15
PH_DUMMY_01,2026-08-24,R001,142,0,12,0,130,80,-50,44.3,2.9,300,정기(주간),300,,,virtual_dummy.xlsx,L48_재고수량·잔여일수,2026-10-05T01:15
PH_DUMMY_01,2026-08-24,R002,540,0,123,0,417,417,0,153.7,2.7,900,정기(주간),900,,,virtual_dummy.xlsx,L48_재고수량·잔여일수,2026-10-05T01:15
PH_DUMMY_01,2026-08-24,R003,33,200,74,0,159,129,-30,64.1,2.5,300,정기(주간),300,,,virtual_dummy.xlsx,L48_재고수량·잔여일수,2026-10-05T01:15
PH_DUMMY_01,2026-08-24,R004,407,0,178,0,229,229,0,113.6,2,1000,정기(주간),1000,,,virtual_dummy.xlsx,L48_재고수량·잔여일수,2026-10-05T01:15
PH_DUMMY_01,2026-08-24,R005,1348,0,410,0,938,928,-10,382.4,2.5,2500,정기(주간),2500,,,virtual_dummy.xlsx,L48_재고수량·잔여일수,2026-10-05T01:15
PH_DUMMY_01,2026-08-24,R006,1554,0,289,0,1265,1245,-20,228.1,5.5,900,정기(주간),900,,,virtual_dummy.xlsx,L48_재고수량·잔여일수,2026-10-05T01:15
PH_DUMMY_01,2026-08-24,R007,1657,0,701,0,956,956,0,574.6,1.7,2500,정기(주간),2500,,,virtual_dummy.xlsx,L48_재고수량·잔여일수,2026-10-05T01:15
PH_DUMMY_01,2026-08-24,O001,11,0,3,0,8,9,1,4,2,30,정기(주간),30,,,virtual_dummy.xlsx,L48_재고수량·잔여일수,2026-10-05T01:15
PH_DUMMY_01,2026-08-24,O002,14,0,1,0,13,21,8,1.7,7.6,10,정기(주간),10,,,virtual_dummy.xlsx,L48_재고수량·잔여일수,2026-10-05T01:15
PH_DUMMY_01,2026-08-24,O003,2,10,2,0,10,13,3,1.7,5.8,10,정기(주간),10,,,virtual_dummy.xlsx,L48_재고수량·잔여일수,2026-10-05T01:15
PH_DUMMY_01,2026-08-24,O004,6,0,0,0,6,7,1,0.6,10.5,0,,0,,,virtual_dummy.xlsx,L48_재고수량·잔여일수,2026-10-05T01:15
PH_DUMMY_01,2026-08-24,Q001,11,0,0,0,11,7,-4,1,11,10,정기(주간),10,,,virtual_dummy.xlsx,L48_재고수량·잔여일수,2026-10-05T01:15
PH_DUMMY_01,2026-08-24,Q002,1,0,1,0,0,2,2,0.3,0,2,정기(주간),2,,,virtual_dummy.xlsx,L48_재고수량·잔여일수,2026-10-05T01:15
PH_DUMMY_01,2026-08-25,R001,130,300,73,0,357,307,-50,52.6,6.8,0,,0,,,virtual_dummy.xlsx,L48_재고수량·잔여일수,2026-10-05T01:15
PH_DUMMY_01,2026-08-25,R002,417,900,184,0,1133,1133,0,161.9,7,0,,0,,,virtual_dummy.xlsx,L48_재고수량·잔여일수,2026-10-05T01:15
PH_DUMMY_01,2026-08-25,R003,159,300,50,0,409,379,-30,68.9,5.9,0,,0,,,virtual_dummy.xlsx,L48_재고수량·잔여일수,2026-10-05T01:15
PH_DUMMY_01,2026-08-25,R004,229,1000,137,0,1092,1092,0,127.1,8.6,0,,0,,,virtual_dummy.xlsx,L48_재고수량·잔여일수,2026-10-05T01:15
PH_DUMMY_01,2026-08-25,R005,938,2500,285,0,3153,3143,-10,386.9,8.2,0,,0,,,virtual_dummy.xlsx,L48_재고수량·잔여일수,2026-10-05T01:15
PH_DUMMY_01,2026-08-25,R006,1265,900,182,0,1983,1963,-20,210.3,9.4,0,,0,,,virtual_dummy.xlsx,L48_재고수량·잔여일수,2026-10-05T01:15
PH_DUMMY_01,2026-08-25,R007,956,2500,555,0,2901,2901,0,507.4,5.7,0,,0,,,virtual_dummy.xlsx,L48_재고수량·잔여일수,2026-10-05T01:15
PH_DUMMY_01,2026-08-25,O001,8,30,2,0,36,35,-1,4,9,0,,0,,,virtual_dummy.xlsx,L48_재고수량·잔여일수,2026-10-05T01:15
PH_DUMMY_01,2026-08-25,O002,13,10,1,0,22,30,8,1.7,12.8,0,,0,,,virtual_dummy.xlsx,L48_재고수량·잔여일수,2026-10-05T01:15
PH_DUMMY_01,2026-08-25,O003,10,10,0,0,20,23,3,1.7,11.7,0,,0,,,virtual_dummy.xlsx,L48_재고수량·잔여일수,2026-10-05T01:15
PH_DUMMY_01,2026-08-25,O004,6,0,0,0,6,7,1,0.6,10.5,0,,0,,,virtual_dummy.xlsx,L48_재고수량·잔여일수,2026-10-05T01:15
PH_DUMMY_01,2026-08-25,Q001,11,10,2,0,19,13,-6,1.3,14.8,0,,0,,,virtual_dummy.xlsx,L48_재고수량·잔여일수,2026-10-05T01:15
PH_DUMMY_01,2026-08-25,Q002,0,2,0,0,2,4,2,0.3,7,0,,0,,,virtual_dummy.xlsx,L48_재고수량·잔여일수,2026-10-05T01:15
PH_DUMMY_01,2026-08-26,R001,357,0,14,0,343,293,-50,49.3,7,0,,0,,,virtual_dummy.xlsx,L48_재고수량·잔여일수,2026-10-05T01:15
PH_DUMMY_01,2026-08-26,R002,1133,0,127,0,1006,1006,0,151.7,6.6,0,,0,,,virtual_dummy.xlsx,L48_재고수량·잔여일수,2026-10-05T01:15
PH_DUMMY_01,2026-08-26,R003,409,0,18,0,391,361,-30,60.6,6.5,0,,0,,,virtual_dummy.xlsx,L48_재고수량·잔여일수,2026-10-05T01:15
PH_DUMMY_01,2026-08-26,R004,1092,0,228,0,864,864,0,151.6,5.7,0,,0,,,virtual_dummy.xlsx,L48_재고수량·잔여일수,2026-10-05T01:15
PH_DUMMY_01,2026-08-26,R005,3153,0,296,0,2857,2847,-10,377.4,7.6,0,,0,,,virtual_dummy.xlsx,L48_재고수량·잔여일수,2026-10-05T01:15
PH_DUMMY_01,2026-08-26,R006,1983,0,240,0,1743,1723,-20,209.6,8.3,0,,0,,,virtual_dummy.xlsx,L48_재고수량·잔여일수,2026-10-05T01:15
PH_DUMMY_01,2026-08-26,R007,2901,0,523,0,2378,2378,0,489.4,4.9,0,,0,,,virtual_dummy.xlsx,L48_재고수량·잔여일수,2026-10-05T01:15
PH_DUMMY_01,2026-08-26,O001,36,0,5,0,31,30,-1,4.3,7.2,0,,0,,,virtual_dummy.xlsx,L48_재고수량·잔여일수,2026-10-05T01:15
PH_DUMMY_01,2026-08-26,O002,22,0,1,0,21,29,8,1.4,14.7,0,,0,,,virtual_dummy.xlsx,L48_재고수량·잔여일수,2026-10-05T01:15
PH_DUMMY_01,2026-08-26,O003,20,0,0,0,20,23,3,1.6,12.7,0,,0,,,virtual_dummy.xlsx,L48_재고수량·잔여일수,2026-10-05T01:15
PH_DUMMY_01,2026-08-26,O004,6,0,1,0,5,6,1,0.4,11.7,0,,0,,,virtual_dummy.xlsx,L48_재고수량·잔여일수,2026-10-05T01:15
PH_DUMMY_01,2026-08-26,Q001,19,0,0,0,19,13,-6,1,19,0,,0,,,virtual_dummy.xlsx,L48_재고수량·잔여일수,2026-10-05T01:15
PH_DUMMY_01,2026-08-26,Q002,2,0,2,1,0,2,2,0.7,0,2,긴급,2,,,virtual_dummy.xlsx,L48_재고수량·잔여일수,2026-10-05T01:15
PH_DUMMY_01,2026-08-27,R001,343,0,57,0,286,236,-50,55.1,5.2,0,,0,,,virtual_dummy.xlsx,L48_재고수량·잔여일수,2026-10-05T01:15
PH_DUMMY_01,2026-08-27,R002,1006,0,166,0,840,840,0,146.7,5.7,0,,0,,,virtual_dummy.xlsx,L48_재고수량·잔여일수,2026-10-05T01:15
PH_DUMMY_01,2026-08-27,R003,391,0,80,0,311,281,-30,65,4.8,0,,0,,,virtual_dummy.xlsx,L48_재고수량·잔여일수,2026-10-05T01:15
PH_DUMMY_01,2026-08-27,R004,864,0,69,0,795,795,0,161.4,4.9,0,,0,,,virtual_dummy.xlsx,L48_재고수량·잔여일수,2026-10-05T01:15
PH_DUMMY_01,2026-08-27,R005,2857,0,361,0,2496,2486,-10,369.3,6.8,0,,0,,,virtual_dummy.xlsx,L48_재고수량·잔여일수,2026-10-05T01:15
PH_DUMMY_01,2026-08-27,R006,1743,0,177,0,1566,1546,-20,213.6,7.3,0,,0,,,virtual_dummy.xlsx,L48_재고수량·잔여일수,2026-10-05T01:15
PH_DUMMY_01,2026-08-27,R007,2378,0,299,0,2079,2079,0,471.1,4.4,0,,0,,,virtual_dummy.xlsx,L48_재고수량·잔여일수,2026-10-05T01:15
PH_DUMMY_01,2026-08-27,O001,31,0,6,0,25,24,-1,4.4,5.6,0,,0,,,virtual_dummy.xlsx,L48_재고수량·잔여일수,2026-10-05T01:15
PH_DUMMY_01,2026-08-27,O002,21,0,2,0,19,27,8,1.4,13.3,0,,0,,,virtual_dummy.xlsx,L48_재고수량·잔여일수,2026-10-05T01:15
PH_DUMMY_01,2026-08-27,O003,20,0,7,0,13,16,3,2.1,6.1,0,,0,,,virtual_dummy.xlsx,L48_재고수량·잔여일수,2026-10-05T01:15
PH_DUMMY_01,2026-08-27,O004,5,0,1,0,4,5,1,0.4,9.3,0,,0,,,virtual_dummy.xlsx,L48_재고수량·잔여일수,2026-10-05T01:15
PH_DUMMY_01,2026-08-27,Q001,19,0,1,0,18,12,-6,0.9,21,0,,0,,,virtual_dummy.xlsx,L48_재고수량·잔여일수,2026-10-05T01:15
PH_DUMMY_01,2026-08-27,Q002,0,2,0,0,2,4,2,0.7,2.8,0,,0,,,virtual_dummy.xlsx,L48_재고수량·잔여일수,2026-10-05T01:15
PH_DUMMY_01,2026-08-28,R001,286,0,53,0,233,183,-50,47.7,4.9,0,,0,,,virtual_dummy.xlsx,L48_재고수량·잔여일수,2026-10-05T01:15
PH_DUMMY_01,2026-08-28,R002,840,0,223,0,617,617,0,157.3,3.9,0,,0,,,virtual_dummy.xlsx,L48_재고수량·잔여일수,2026-10-05T01:15
PH_DUMMY_01,2026-08-28,R003,311,0,78,0,233,203,-30,68.6,3.4,0,,0,,,virtual_dummy.xlsx,L48_재고수량·잔여일수,2026-10-05T01:15
PH_DUMMY_01,2026-08-28,R004,795,0,324,0,471,471,0,187.4,2.5,0,,0,,,virtual_dummy.xlsx,L48_재고수량·잔여일수,2026-10-05T01:15
PH_DUMMY_01,2026-08-28,R005,2496,0,255,0,2241,2231,-10,354.4,6.3,0,,0,,,virtual_dummy.xlsx,L48_재고수량·잔여일수,2026-10-05T01:15
PH_DUMMY_01,2026-08-28,R006,1566,0,153,0,1413,1403,-10,216.7,6.5,0,,0,,,virtual_dummy.xlsx,L48_재고수량·잔여일수,2026-10-05T01:15
PH_DUMMY_01,2026-08-28,R007,2079,0,406,0,1673,1673,0,474.6,3.5,0,,0,,,virtual_dummy.xlsx,L48_재고수량·잔여일수,2026-10-05T01:15
PH_DUMMY_01,2026-08-28,O001,25,0,1,0,24,23,-1,4,6,0,,0,,,virtual_dummy.xlsx,L48_재고수량·잔여일수,2026-10-05T01:15
PH_DUMMY_01,2026-08-28,O002,19,0,5,0,14,22,8,2,7,0,,0,,,virtual_dummy.xlsx,L48_재고수량·잔여일수,2026-10-05T01:15
PH_DUMMY_01,2026-08-28,O003,13,0,4,0,9,12,3,2.3,3.9,0,,0,,,virtual_dummy.xlsx,L48_재고수량·잔여일수,2026-10-05T01:15
PH_DUMMY_01,2026-08-28,O004,4,0,0,0,4,5,1,0.4,9.3,0,,0,,,virtual_dummy.xlsx,L48_재고수량·잔여일수,2026-10-05T01:15
PH_DUMMY_01,2026-08-28,Q001,18,0,0,0,18,12,-6,0.7,25.2,0,,0,,,virtual_dummy.xlsx,L48_재고수량·잔여일수,2026-10-05T01:15
PH_DUMMY_01,2026-08-28,Q002,2,0,1,0,1,3,2,0.7,1.4,2,긴급,2,,,virtual_dummy.xlsx,L48_재고수량·잔여일수,2026-10-05T01:15
PH_DUMMY_01,2026-08-29,R001,233,0,38,0,195,145,-50,44.1,4.4,0,,0,,,virtual_dummy.xlsx,L48_재고수량·잔여일수,2026-10-05T01:15
PH_DUMMY_01,2026-08-29,R002,617,0,181,0,436,436,0,147,3,0,,0,,,virtual_dummy.xlsx,L48_재고수량·잔여일수,2026-10-05T01:15
PH_DUMMY_01,2026-08-29,R003,233,0,36,0,197,167,-30,62.9,3.1,0,,0,,,virtual_dummy.xlsx,L48_재고수량·잔여일수,2026-10-05T01:15
PH_DUMMY_01,2026-08-29,R004,471,0,73,0,398,418,20,152.3,2.6,0,,0,,,virtual_dummy.xlsx,L48_재고수량·잔여일수,2026-10-05T01:15
PH_DUMMY_01,2026-08-29,R005,2241,0,599,0,1642,1632,-10,374,4.4,0,,0,,,virtual_dummy.xlsx,L48_재고수량·잔여일수,2026-10-05T01:15
PH_DUMMY_01,2026-08-29,R006,1413,0,191,0,1222,1212,-10,197.3,6.2,0,,0,,,virtual_dummy.xlsx,L48_재고수량·잔여일수,2026-10-05T01:15
PH_DUMMY_01,2026-08-29,R007,1673,0,228,0,1445,1445,0,425.6,3.4,0,,0,,,virtual_dummy.xlsx,L48_재고수량·잔여일수,2026-10-05T01:15
PH_DUMMY_01,2026-08-29,O001,24,0,2,0,22,21,-1,3.1,7,0,,0,,,virtual_dummy.xlsx,L48_재고수량·잔여일수,2026-10-05T01:15
PH_DUMMY_01,2026-08-29,O002,14,0,1,0,13,21,8,1.9,7,0,,0,,,virtual_dummy.xlsx,L48_재고수량·잔여일수,2026-10-05T01:15
PH_DUMMY_01,2026-08-29,O003,9,0,1,0,8,11,3,2.4,3.3,0,,0,,,virtual_dummy.xlsx,L48_재고수량·잔여일수,2026-10-05T01:15
PH_DUMMY_01,2026-08-29,O004,4,0,0,0,4,5,1,0.3,14,0,,0,,,virtual_dummy.xlsx,L48_재고수량·잔여일수,2026-10-05T01:15
PH_DUMMY_01,2026-08-29,Q001,18,0,0,0,18,12,-6,0.7,25.2,0,,0,,,virtual_dummy.xlsx,L48_재고수량·잔여일수,2026-10-05T01:15
PH_DUMMY_01,2026-08-29,Q002,1,2,0,0,3,5,2,0.7,4.2,0,,0,,,virtual_dummy.xlsx,L48_재고수량·잔여일수,2026-10-05T01:15
PH_DUMMY_01,2026-08-30,R001,195,0,0,0,195,145,-50,,,0,,0,,,virtual_dummy.xlsx,L48_재고수량·잔여일수,2026-10-05T01:15
PH_DUMMY_01,2026-08-30,R002,436,0,0,0,436,436,0,,,0,,0,,,virtual_dummy.xlsx,L48_재고수량·잔여일수,2026-10-05T01:15
PH_DUMMY_01,2026-08-30,R003,197,0,0,0,197,167,-30,,,0,,0,,,virtual_dummy.xlsx,L48_재고수량·잔여일수,2026-10-05T01:15
PH_DUMMY_01,2026-08-30,R004,398,0,0,0,398,418,20,,,0,,0,,,virtual_dummy.xlsx,L48_재고수량·잔여일수,2026-10-05T01:15
PH_DUMMY_01,2026-08-30,R005,1642,0,0,0,1642,1632,-10,,,0,,0,,,virtual_dummy.xlsx,L48_재고수량·잔여일수,2026-10-05T01:15
PH_DUMMY_01,2026-08-30,R006,1222,0,0,0,1222,1212,-10,,,0,,0,,,virtual_dummy.xlsx,L48_재고수량·잔여일수,2026-10-05T01:15
PH_DUMMY_01,2026-08-30,R007,1445,0,0,0,1445,1445,0,,,0,,0,,,virtual_dummy.xlsx,L48_재고수량·잔여일수,2026-10-05T01:15
PH_DUMMY_01,2026-08-30,O001,22,0,0,0,22,21,-1,,,0,,0,,,virtual_dummy.xlsx,L48_재고수량·잔여일수,2026-10-05T01:15
PH_DUMMY_01,2026-08-30,O002,13,0,0,0,13,21,8,,,0,,0,,,virtual_dummy.xlsx,L48_재고수량·잔여일수,2026-10-05T01:15
PH_DUMMY_01,2026-08-30,O003,8,0,0,0,8,11,3,,,0,,0,,,virtual_dummy.xlsx,L48_재고수량·잔여일수,2026-10-05T01:15
PH_DUMMY_01,2026-08-30,O004,4,0,0,0,4,5,1,,,0,,0,,,virtual_dummy.xlsx,L48_재고수량·잔여일수,2026-10-05T01:15
PH_DUMMY_01,2026-08-30,Q001,18,0,0,0,18,12,-6,,,0,,0,,,virtual_dummy.xlsx,L48_재고수량·잔여일수,2026-10-05T01:15
PH_DUMMY_01,2026-08-30,Q002,3,0,0,0,3,5,2,,,0,,0,,,virtual_dummy.xlsx,L48_재고수량·잔여일수,2026-10-05T01:15
PH_DUMMY_01,2026-08-31,R001,195,0,68,0,127,127,0,45,2.8,300,정기(주간),300,Y,,virtual_dummy.xlsx,L48_재고수량·잔여일수,2026-10-05T01:15
PH_DUMMY_01,2026-08-31,R002,436,0,283,0,153,153,0,183.9,0.8,1500,정기(주간),1500,Y,,virtual_dummy.xlsx,L48_재고수량·잔여일수,2026-10-05T01:15
PH_DUMMY_01,2026-08-31,R003,197,0,68,0,129,129,0,57.7,2.2,400,정기(주간),400,Y,,virtual_dummy.xlsx,L48_재고수량·잔여일수,2026-10-05T01:15
PH_DUMMY_01,2026-08-31,R004,398,0,226,0,172,172,0,176.4,1,1500,정기(주간),1500,Y,,virtual_dummy.xlsx,L48_재고수량·잔여일수,2026-10-05T01:15
PH_DUMMY_01,2026-08-31,R005,1642,0,346,0,1296,1296,0,364.6,3.6,2000,정기(주간),2000,Y,,virtual_dummy.xlsx,L48_재고수량·잔여일수,2026-10-05T01:15
PH_DUMMY_01,2026-08-31,R006,1222,0,280,0,942,942,0,216,4.4,1200,정기(주간),1200,Y,,virtual_dummy.xlsx,L48_재고수량·잔여일수,2026-10-05T01:15
PH_DUMMY_01,2026-08-31,R007,1445,0,272,0,1173,1173,0,426.3,2.8,3000,정기(주간),3000,Y,,virtual_dummy.xlsx,L48_재고수량·잔여일수,2026-10-05T01:15
PH_DUMMY_01,2026-08-31,O001,22,0,3,0,19,19,0,3.1,6,20,정기(주간),20,Y,,virtual_dummy.xlsx,L48_재고수량·잔여일수,2026-10-05T01:15
PH_DUMMY_01,2026-08-31,O002,13,0,2,0,11,11,0,1.9,5.9,10,정기(주간),10,Y,,virtual_dummy.xlsx,L48_재고수량·잔여일수,2026-10-05T01:15
PH_DUMMY_01,2026-08-31,O003,8,0,0,0,8,8,0,2,4,10,정기(주간),10,Y,,virtual_dummy.xlsx,L48_재고수량·잔여일수,2026-10-05T01:15
PH_DUMMY_01,2026-08-31,O004,4,0,0,0,4,4,0,0.3,14,0,,0,Y,,virtual_dummy.xlsx,L48_재고수량·잔여일수,2026-10-05T01:15
PH_DUMMY_01,2026-08-31,Q001,18,0,1,0,17,17,0,0.6,29.8,0,,0,Y,,virtual_dummy.xlsx,L48_재고수량·잔여일수,2026-10-05T01:15
PH_DUMMY_01,2026-08-31,Q002,3,0,1,0,2,2,0,0.9,2.3,4,정기(주간),4,Y,,virtual_dummy.xlsx,L48_재고수량·잔여일수,2026-10-05T01:15
PH_DUMMY_01,2026-09-01,R001,127,300,64,0,363,363,0,52.4,6.9,0,,0,,,virtual_dummy.xlsx,L48_재고수량·잔여일수,2026-10-05T01:15
PH_DUMMY_01,2026-09-01,R002,153,1500,353,0,1300,1300,0,216.7,6,0,,0,,,virtual_dummy.xlsx,L48_재고수량·잔여일수,2026-10-05T01:15
PH_DUMMY_01,2026-09-01,R003,129,400,106,0,423,423,0,62.3,6.8,0,,0,,,virtual_dummy.xlsx,L48_재고수량·잔여일수,2026-10-05T01:15
PH_DUMMY_01,2026-09-01,R004,172,1500,117,0,1555,1555,0,167.7,9.3,0,,0,,,virtual_dummy.xlsx,L48_재고수량·잔여일수,2026-10-05T01:15
PH_DUMMY_01,2026-09-01,R005,1296,2000,293,0,3003,3003,0,347.9,8.6,0,,0,,,virtual_dummy.xlsx,L48_재고수량·잔여일수,2026-10-05T01:15
PH_DUMMY_01,2026-09-01,R006,942,1200,260,0,1882,1882,0,211.9,8.9,0,,0,,,virtual_dummy.xlsx,L48_재고수량·잔여일수,2026-10-05T01:15
PH_DUMMY_01,2026-09-01,R007,1173,3000,324,0,3849,3849,0,372.4,10.3,0,,0,,,virtual_dummy.xlsx,L48_재고수량·잔여일수,2026-10-05T01:15
PH_DUMMY_01,2026-09-01,O001,19,20,4,0,35,35,0,3.3,10.7,0,,0,,,virtual_dummy.xlsx,L48_재고수량·잔여일수,2026-10-05T01:15
PH_DUMMY_01,2026-09-01,O002,11,10,3,0,18,18,0,2.1,8.4,0,,0,,,virtual_dummy.xlsx,L48_재고수량·잔여일수,2026-10-05T01:15
PH_DUMMY_01,2026-09-01,O003,8,10,7,0,11,11,0,2.7,4.1,0,,0,,,virtual_dummy.xlsx,L48_재고수량·잔여일수,2026-10-05T01:15
PH_DUMMY_01,2026-09-01,O004,4,0,2,0,2,2,0,0.6,3.5,0,,0,,,virtual_dummy.xlsx,L48_재고수량·잔여일수,2026-10-05T01:15
PH_DUMMY_01,2026-09-01,Q001,17,0,2,0,15,15,0,0.9,17.5,0,,0,,,virtual_dummy.xlsx,L48_재고수량·잔여일수,2026-10-05T01:15
PH_DUMMY_01,2026-09-01,Q002,2,4,0,0,6,6,0,0.7,8.4,0,,0,,,virtual_dummy.xlsx,L48_재고수량·잔여일수,2026-10-05T01:15
PH_DUMMY_01,2026-09-02,R001,363,0,65,0,298,298,0,51.3,5.8,0,,0,,,virtual_dummy.xlsx,L48_재고수량·잔여일수,2026-10-05T01:15
PH_DUMMY_01,2026-09-02,R002,1300,0,147,0,1153,1153,0,211.4,5.5,0,,0,,,virtual_dummy.xlsx,L48_재고수량·잔여일수,2026-10-05T01:15
PH_DUMMY_01,2026-09-02,R003,423,0,91,0,332,332,0,68.1,4.9,0,,0,,,virtual_dummy.xlsx,L48_재고수량·잔여일수,2026-10-05T01:15
PH_DUMMY_01,2026-09-02,R004,1555,0,64,0,1491,1491,0,157.3,9.5,0,,0,,,virtual_dummy.xlsx,L48_재고수량·잔여일수,2026-10-05T01:15
PH_DUMMY_01,2026-09-02,R005,3003,0,470,0,2533,2533,0,374.3,6.8,0,,0,,,virtual_dummy.xlsx,L48_재고수량·잔여일수,2026-10-05T01:15
PH_DUMMY_01,2026-09-02,R006,1882,0,352,0,1530,1510,-20,236.1,6.5,0,,0,,,virtual_dummy.xlsx,L48_재고수량·잔여일수,2026-10-05T01:15
PH_DUMMY_01,2026-09-02,R007,3849,0,478,0,3371,3371,0,361.4,9.3,0,,0,,,virtual_dummy.xlsx,L48_재고수량·잔여일수,2026-10-05T01:15
PH_DUMMY_01,2026-09-02,O001,35,0,2,0,33,33,0,3.3,10,0,,0,,,virtual_dummy.xlsx,L48_재고수량·잔여일수,2026-10-05T01:15
PH_DUMMY_01,2026-09-02,O002,18,0,1,0,17,17,0,2.1,7.9,0,,0,,,virtual_dummy.xlsx,L48_재고수량·잔여일수,2026-10-05T01:15
PH_DUMMY_01,2026-09-02,O003,11,0,1,0,10,10,0,2.9,3.5,0,,0,,,virtual_dummy.xlsx,L48_재고수량·잔여일수,2026-10-05T01:15
PH_DUMMY_01,2026-09-02,O004,2,0,0,0,2,2,0,0.6,3.5,0,,0,,,virtual_dummy.xlsx,L48_재고수량·잔여일수,2026-10-05T01:15
PH_DUMMY_01,2026-09-02,Q001,15,0,1,0,14,14,0,0.7,19.6,0,,0,,,virtual_dummy.xlsx,L48_재고수량·잔여일수,2026-10-05T01:15
PH_DUMMY_01,2026-09-02,Q002,6,0,0,0,6,6,0,0.7,8.4,0,,0,,,virtual_dummy.xlsx,L48_재고수량·잔여일수,2026-10-05T01:15
PH_DUMMY_01,2026-09-03,R001,298,0,44,0,254,254,0,55.6,4.6,0,,0,,,virtual_dummy.xlsx,L48_재고수량·잔여일수,2026-10-05T01:15
PH_DUMMY_01,2026-09-03,R002,1153,0,259,0,894,894,0,230.3,3.9,0,,0,,,virtual_dummy.xlsx,L48_재고수량·잔여일수,2026-10-05T01:15
PH_DUMMY_01,2026-09-03,R003,332,0,75,0,257,257,0,76.3,3.4,0,,0,,,virtual_dummy.xlsx,L48_재고수량·잔여일수,2026-10-05T01:15
PH_DUMMY_01,2026-09-03,R004,1491,0,222,0,1269,1269,0,156.4,8.1,0,,0,,,virtual_dummy.xlsx,L48_재고수량·잔여일수,2026-10-05T01:15
PH_DUMMY_01,2026-09-03,R005,2533,0,583,0,1950,1950,0,415.3,4.7,0,,0,,,virtual_dummy.xlsx,L48_재고수량·잔여일수,2026-10-05T01:15
PH_DUMMY_01,2026-09-03,R006,1530,0,303,0,1227,1207,-20,245.1,5,0,,0,,,virtual_dummy.xlsx,L48_재고수량·잔여일수,2026-10-05T01:15
PH_DUMMY_01,2026-09-03,R007,3371,0,809,0,2562,2592,30,402.3,6.4,0,,0,,,virtual_dummy.xlsx,L48_재고수량·잔여일수,2026-10-05T01:15
PH_DUMMY_01,2026-09-03,O001,33,0,10,0,23,23,0,4,5.8,0,,0,,,virtual_dummy.xlsx,L48_재고수량·잔여일수,2026-10-05T01:15
PH_DUMMY_01,2026-09-03,O002,17,0,1,0,16,16,0,2.1,7.5,0,,0,,,virtual_dummy.xlsx,L48_재고수량·잔여일수,2026-10-05T01:15
PH_DUMMY_01,2026-09-03,O003,10,0,3,0,7,7,0,3.3,2.1,0,,0,,,virtual_dummy.xlsx,L48_재고수량·잔여일수,2026-10-05T01:15
PH_DUMMY_01,2026-09-03,O004,2,0,0,0,2,2,0,0.4,4.7,0,,0,,,virtual_dummy.xlsx,L48_재고수량·잔여일수,2026-10-05T01:15
PH_DUMMY_01,2026-09-03,Q001,14,0,5,0,9,9,0,1.4,6.3,0,,0,,,virtual_dummy.xlsx,L48_재고수량·잔여일수,2026-10-05T01:15
PH_DUMMY_01,2026-09-03,Q002,6,0,0,0,6,6,0,0.3,21,0,,0,,,virtual_dummy.xlsx,L48_재고수량·잔여일수,2026-10-05T01:15
PH_DUMMY_01,2026-09-04,R001,254,0,68,0,186,186,0,57.1,3.3,0,,0,,,virtual_dummy.xlsx,L48_재고수량·잔여일수,2026-10-05T01:15
PH_DUMMY_01,2026-09-04,R002,894,0,136,0,758,758,0,226,3.4,0,,0,,,virtual_dummy.xlsx,L48_재고수량·잔여일수,2026-10-05T01:15
PH_DUMMY_01,2026-09-04,R003,257,0,113,0,144,114,-30,81,1.8,0,,0,,,virtual_dummy.xlsx,L48_재고수량·잔여일수,2026-10-05T01:15
PH_DUMMY_01,2026-09-04,R004,1269,0,278,0,991,991,0,186.3,5.3,0,,0,,,virtual_dummy.xlsx,L48_재고수량·잔여일수,2026-10-05T01:15
PH_DUMMY_01,2026-09-04,R005,1950,0,642,0,1308,1308,0,455.4,2.9,0,,0,,,virtual_dummy.xlsx,L48_재고수량·잔여일수,2026-10-05T01:15
PH_DUMMY_01,2026-09-04,R006,1227,0,332,0,895,875,-20,267.3,3.3,0,,0,,,virtual_dummy.xlsx,L48_재고수량·잔여일수,2026-10-05T01:15
PH_DUMMY_01,2026-09-04,R007,2562,0,271,0,2291,2351,60,398.3,5.8,0,,0,,,virtual_dummy.xlsx,L48_재고수량·잔여일수,2026-10-05T01:15
PH_DUMMY_01,2026-09-04,O001,23,0,3,0,20,20,0,3.6,5.6,0,,0,,,virtual_dummy.xlsx,L48_재고수량·잔여일수,2026-10-05T01:15
PH_DUMMY_01,2026-09-04,O002,16,0,3,0,13,13,0,2.3,5.7,0,,0,,,virtual_dummy.xlsx,L48_재고수량·잔여일수,2026-10-05T01:15
PH_DUMMY_01,2026-09-04,O003,7,0,4,0,3,3,0,2.9,1,10,긴급,10,,,virtual_dummy.xlsx,L48_재고수량·잔여일수,2026-10-05T01:15
PH_DUMMY_01,2026-09-04,O004,2,0,0,0,2,2,0,0.3,7,0,,0,,,virtual_dummy.xlsx,L48_재고수량·잔여일수,2026-10-05T01:15
PH_DUMMY_01,2026-09-04,Q001,9,0,1,0,8,8,0,1.4,5.6,0,,0,,,virtual_dummy.xlsx,L48_재고수량·잔여일수,2026-10-05T01:15
PH_DUMMY_01,2026-09-04,Q002,6,0,0,0,6,6,0,0.3,21,0,,0,,,virtual_dummy.xlsx,L48_재고수량·잔여일수,2026-10-05T01:15
PH_DUMMY_01,2026-09-05,R001,186,0,78,0,108,108,0,60.7,1.8,0,,0,,,virtual_dummy.xlsx,L48_재고수량·잔여일수,2026-10-05T01:15
PH_DUMMY_01,2026-09-05,R002,758,0,97,0,661,661,0,208,3.2,0,,0,,,virtual_dummy.xlsx,L48_재고수량·잔여일수,2026-10-05T01:15
PH_DUMMY_01,2026-09-05,R003,144,0,61,0,83,53,-30,78.6,1.1,300,긴급,300,,,virtual_dummy.xlsx,L48_재고수량·잔여일수,2026-10-05T01:15
PH_DUMMY_01,2026-09-05,R004,991,0,190,0,801,821,20,167.1,4.8,0,,0,,,virtual_dummy.xlsx,L48_재고수량·잔여일수,2026-10-05T01:15
PH_DUMMY_01,2026-09-05,R005,1308,0,131,0,1177,1177,0,437.7,2.7,0,,0,,,virtual_dummy.xlsx,L48_재고수량·잔여일수,2026-10-05T01:15
PH_DUMMY_01,2026-09-05,R006,895,0,98,0,797,807,10,259.4,3.1,0,,0,,,virtual_dummy.xlsx,L48_재고수량·잔여일수,2026-10-05T01:15
PH_DUMMY_01,2026-09-05,R007,2291,0,194,0,2097,2157,60,368,5.7,0,,0,,,virtual_dummy.xlsx,L48_재고수량·잔여일수,2026-10-05T01:15
PH_DUMMY_01,2026-09-05,O001,20,0,3,0,17,17,0,3.9,4.4,0,,0,,,virtual_dummy.xlsx,L48_재고수량·잔여일수,2026-10-05T01:15
PH_DUMMY_01,2026-09-05,O002,13,0,1,0,12,12,0,1.7,7,0,,0,,,virtual_dummy.xlsx,L48_재고수량·잔여일수,2026-10-05T01:15
PH_DUMMY_01,2026-09-05,O003,3,10,5,0,8,8,0,3,2.7,0,,0,,,virtual_dummy.xlsx,L48_재고수량·잔여일수,2026-10-05T01:15
PH_DUMMY_01,2026-09-05,O004,2,0,0,0,2,2,0,0.3,7,0,,0,,,virtual_dummy.xlsx,L48_재고수량·잔여일수,2026-10-05T01:15
PH_DUMMY_01,2026-09-05,Q001,8,0,1,0,7,7,0,1.6,4.5,0,,0,,,virtual_dummy.xlsx,L48_재고수량·잔여일수,2026-10-05T01:15
PH_DUMMY_01,2026-09-05,Q002,6,0,0,0,6,6,0,0.1,42,0,,0,,,virtual_dummy.xlsx,L48_재고수량·잔여일수,2026-10-05T01:15
PH_DUMMY_01,2026-09-06,R001,108,0,0,0,108,108,0,,,0,,0,,,virtual_dummy.xlsx,L48_재고수량·잔여일수,2026-10-05T01:15
PH_DUMMY_01,2026-09-06,R002,661,0,0,0,661,661,0,,,0,,0,,,virtual_dummy.xlsx,L48_재고수량·잔여일수,2026-10-05T01:15
PH_DUMMY_01,2026-09-06,R003,83,0,0,0,83,53,-30,,,0,,0,,,virtual_dummy.xlsx,L48_재고수량·잔여일수,2026-10-05T01:15
PH_DUMMY_01,2026-09-06,R004,801,0,0,0,801,821,20,,,0,,0,,,virtual_dummy.xlsx,L48_재고수량·잔여일수,2026-10-05T01:15
PH_DUMMY_01,2026-09-06,R005,1177,0,0,0,1177,1177,0,,,0,,0,,,virtual_dummy.xlsx,L48_재고수량·잔여일수,2026-10-05T01:15
PH_DUMMY_01,2026-09-06,R006,797,0,0,0,797,807,10,,,0,,0,,,virtual_dummy.xlsx,L48_재고수량·잔여일수,2026-10-05T01:15
PH_DUMMY_01,2026-09-06,R007,2097,0,0,0,2097,2157,60,,,0,,0,,,virtual_dummy.xlsx,L48_재고수량·잔여일수,2026-10-05T01:15
PH_DUMMY_01,2026-09-06,O001,17,0,0,0,17,17,0,,,0,,0,,,virtual_dummy.xlsx,L48_재고수량·잔여일수,2026-10-05T01:15
PH_DUMMY_01,2026-09-06,O002,12,0,0,0,12,12,0,,,0,,0,,,virtual_dummy.xlsx,L48_재고수량·잔여일수,2026-10-05T01:15
PH_DUMMY_01,2026-09-06,O003,8,0,0,0,8,8,0,,,0,,0,,,virtual_dummy.xlsx,L48_재고수량·잔여일수,2026-10-05T01:15
PH_DUMMY_01,2026-09-06,O004,2,0,0,0,2,2,0,,,0,,0,,,virtual_dummy.xlsx,L48_재고수량·잔여일수,2026-10-05T01:15
PH_DUMMY_01,2026-09-06,Q001,7,0,0,0,7,7,0,,,0,,0,,,virtual_dummy.xlsx,L48_재고수량·잔여일수,2026-10-05T01:15
PH_DUMMY_01,2026-09-06,Q002,6,0,0,0,6,6,0,,,0,,0,,,virtual_dummy.xlsx,L48_재고수량·잔여일수,2026-10-05T01:15
PH_DUMMY_01,2026-09-07,R001,108,0,108,14,0,0,0,72.7,0,500,정기(주간),500,,,virtual_dummy.xlsx,L48_재고수량·잔여일수,2026-10-05T01:15
PH_DUMMY_01,2026-09-07,R002,661,0,169,0,492,492,0,206.3,2.4,1200,정기(주간),1200,,,virtual_dummy.xlsx,L48_재고수량·잔여일수,2026-10-05T01:15
PH_DUMMY_01,2026-09-07,R003,83,300,107,0,276,246,-30,88.7,3.1,400,정기(주간),400,,,virtual_dummy.xlsx,L48_재고수량·잔여일수,2026-10-05T01:15
PH_DUMMY_01,2026-09-07,R004,801,0,371,0,430,450,20,209.7,2.1,1500,정기(주간),1500,,,virtual_dummy.xlsx,L48_재고수량·잔여일수,2026-10-05T01:15
PH_DUMMY_01,2026-09-07,R005,1177,0,376,0,801,801,0,405.9,2,2500,정기(주간),2500,,,virtual_dummy.xlsx,L48_재고수량·잔여일수,2026-10-05T01:15
PH_DUMMY_01,2026-09-07,R006,797,0,181,0,616,626,10,258,2.4,1500,정기(주간),1500,,,virtual_dummy.xlsx,L48_재고수량·잔여일수,2026-10-05T01:15
PH_DUMMY_01,2026-09-07,R007,2097,0,575,0,1522,1582,60,417.6,3.6,2000,정기(주간),2000,,,virtual_dummy.xlsx,L48_재고수량·잔여일수,2026-10-05T01:15
PH_DUMMY_01,2026-09-07,O001,17,0,3,0,14,14,0,4,3.5,20,정기(주간),20,,,virtual_dummy.xlsx,L48_재고수량·잔여일수,2026-10-05T01:15
PH_DUMMY_01,2026-09-07,O002,12,0,4,0,8,8,0,2.1,3.7,10,정기(주간),10,,,virtual_dummy.xlsx,L48_재고수량·잔여일수,2026-10-05T01:15
PH_DUMMY_01,2026-09-07,O003,8,0,2,0,6,6,0,3.1,1.9,20,정기(주간),20,,,virtual_dummy.xlsx,L48_재고수량·잔여일수,2026-10-05T01:15
PH_DUMMY_01,2026-09-07,O004,2,0,0,0,2,2,0,0.3,7,2,정기(주간),2,,,virtual_dummy.xlsx,L48_재고수량·잔여일수,2026-10-05T01:15
PH_DUMMY_01,2026-09-07,Q001,7,0,4,0,3,0,-3,2.1,1.4,10,정기(주간),10,,,virtual_dummy.xlsx,L48_재고수량·잔여일수,2026-10-05T01:15
PH_DUMMY_01,2026-09-07,Q002,6,0,0,0,6,6,0,0.1,42,0,,0,,,virtual_dummy.xlsx,L48_재고수량·잔여일수,2026-10-05T01:15
PH_DUMMY_01,2026-09-08,R001,0,500,90,0,410,410,0,75.9,5.4,0,,0,,,virtual_dummy.xlsx,L48_재고수량·잔여일수,2026-10-05T01:15
PH_DUMMY_01,2026-09-08,R002,492,1200,114,0,1578,1578,0,182.1,8.7,0,,0,,,virtual_dummy.xlsx,L48_재고수량·잔여일수,2026-10-05T01:15
PH_DUMMY_01,2026-09-08,R003,276,400,136,0,540,510,-30,98.4,5.5,0,,0,,,virtual_dummy.xlsx,L48_재고수량·잔여일수,2026-10-05T01:15
PH_DUMMY_01,2026-09-08,R004,430,1500,157,0,1773,1793,20,199.9,8.9,0,,0,,,virtual_dummy.xlsx,L48_재고수량·잔여일수,2026-10-05T01:15
PH_DUMMY_01,2026-09-08,R005,801,2500,564,0,2737,2737,0,437,6.3,0,,0,,,virtual_dummy.xlsx,L48_재고수량·잔여일수,2026-10-05T01:15
PH_DUMMY_01,2026-09-08,R006,616,1500,165,0,1951,1961,10,241.6,8.1,0,,0,,,virtual_dummy.xlsx,L48_재고수량·잔여일수,2026-10-05T01:15
PH_DUMMY_01,2026-09-08,R007,1522,2000,496,0,3026,3086,60,449.6,6.7,0,,0,,,virtual_dummy.xlsx,L48_재고수량·잔여일수,2026-10-05T01:15
PH_DUMMY_01,2026-09-08,O001,14,20,4,0,30,27,-3,4.1,7.2,0,,0,,,virtual_dummy.xlsx,L48_재고수량·잔여일수,2026-10-05T01:15
PH_DUMMY_01,2026-09-08,O002,8,10,1,0,17,17,0,2,8.5,0,,0,,,virtual_dummy.xlsx,L48_재고수량·잔여일수,2026-10-05T01:15
PH_DUMMY_01,2026-09-08,O003,6,20,3,0,23,23,0,3.6,6.4,0,,0,,,virtual_dummy.xlsx,L48_재고수량·잔여일수,2026-10-05T01:15
PH_DUMMY_01,2026-09-08,O004,2,2,0,0,4,4,0,0.3,14,0,,0,,,virtual_dummy.xlsx,L48_재고수량·잔여일수,2026-10-05T01:15
PH_DUMMY_01,2026-09-08,Q001,3,10,0,0,13,10,-3,2,6.5,0,,0,,,virtual_dummy.xlsx,L48_재고수량·잔여일수,2026-10-05T01:15
PH_DUMMY_01,2026-09-08,Q002,6,0,0,0,6,6,0,0,,0,,0,,,virtual_dummy.xlsx,L48_재고수량·잔여일수,2026-10-05T01:15
PH_DUMMY_01,2026-09-09,R001,410,0,41,0,369,369,0,72.6,5.1,0,,0,,,virtual_dummy.xlsx,L48_재고수량·잔여일수,2026-10-05T01:15
PH_DUMMY_01,2026-09-09,R002,1578,0,170,0,1408,1408,0,156,9,0,,0,,,virtual_dummy.xlsx,L48_재고수량·잔여일수,2026-10-05T01:15
PH_DUMMY_01,2026-09-09,R003,540,0,46,0,494,464,-30,89.9,5.5,0,,0,,,virtual_dummy.xlsx,L48_재고수량·잔여일수,2026-10-05T01:15
PH_DUMMY_01,2026-09-09,R004,1773,0,257,0,1516,1536,20,219.9,6.9,0,,0,,,virtual_dummy.xlsx,L48_재고수량·잔여일수,2026-10-05T01:15
PH_DUMMY_01,2026-09-09,R005,2737,0,206,0,2531,2511,-20,424.6,6,0,,0,,,virtual_dummy.xlsx,L48_재고수량·잔여일수,2026-10-05T01:15
PH_DUMMY_01,2026-09-09,R006,1951,0,224,0,1727,1737,10,236.4,7.3,0,,0,,,virtual_dummy.xlsx,L48_재고수량·잔여일수,2026-10-05T01:15
PH_DUMMY_01,2026-09-09,R007,3026,0,298,0,2728,2788,60,445.9,6.1,0,,0,,,virtual_dummy.xlsx,L48_재고수량·잔여일수,2026-10-05T01:15
PH_DUMMY_01,2026-09-09,O001,30,0,2,0,28,25,-3,3.9,7.3,0,,0,,,virtual_dummy.xlsx,L48_재고수량·잔여일수,2026-10-05T01:15
PH_DUMMY_01,2026-09-09,O002,17,0,0,0,17,17,0,1.6,10.8,0,,0,,,virtual_dummy.xlsx,L48_재고수량·잔여일수,2026-10-05T01:15
PH_DUMMY_01,2026-09-09,O003,23,0,1,0,22,22,0,2.7,8.1,0,,0,,,virtual_dummy.xlsx,L48_재고수량·잔여일수,2026-10-05T01:15
PH_DUMMY_01,2026-09-09,O004,4,0,0,0,4,4,0,0,,0,,0,,,virtual_dummy.xlsx,L48_재고수량·잔여일수,2026-10-05T01:15
PH_DUMMY_01,2026-09-09,Q001,13,0,0,0,13,10,-3,1.7,7.6,0,,0,,,virtual_dummy.xlsx,L48_재고수량·잔여일수,2026-10-05T01:15
PH_DUMMY_01,2026-09-09,Q002,6,0,0,0,6,6,0,0,,0,,0,,,virtual_dummy.xlsx,L48_재고수량·잔여일수,2026-10-05T01:15
PH_DUMMY_01,2026-09-10,R001,369,0,69,0,300,300,0,73.1,4.1,0,,0,,,virtual_dummy.xlsx,L48_재고수량·잔여일수,2026-10-05T01:15
PH_DUMMY_01,2026-09-10,R002,1408,0,317,0,1091,1091,0,180.3,6.1,0,,0,,,virtual_dummy.xlsx,L48_재고수량·잔여일수,2026-10-05T01:15
PH_DUMMY_01,2026-09-10,R003,494,0,71,0,423,393,-30,87,4.9,0,,0,,,virtual_dummy.xlsx,L48_재고수량·잔여일수,2026-10-05T01:15
PH_DUMMY_01,2026-09-10,R004,1516,0,283,0,1233,1253,20,251.1,4.9,0,,0,,,virtual_dummy.xlsx,L48_재고수량·잔여일수,2026-10-05T01:15
PH_DUMMY_01,2026-09-10,R005,2531,0,307,0,2224,2204,-20,401.3,5.5,0,,0,,,virtual_dummy.xlsx,L48_재고수량·잔여일수,2026-10-05T01:15
PH_DUMMY_01,2026-09-10,R006,1727,0,359,0,1368,1378,10,237.4,5.8,0,,0,,,virtual_dummy.xlsx,L48_재고수량·잔여일수,2026-10-05T01:15
PH_DUMMY_01,2026-09-10,R007,2728,0,923,0,1805,1865,60,509.4,3.5,0,,0,,,virtual_dummy.xlsx,L48_재고수량·잔여일수,2026-10-05T01:15
PH_DUMMY_01,2026-09-10,O001,28,0,3,0,25,21,-4,4,6.2,0,,0,,,virtual_dummy.xlsx,L48_재고수량·잔여일수,2026-10-05T01:15
PH_DUMMY_01,2026-09-10,O002,17,0,3,0,14,14,0,1.9,7.5,0,,0,,,virtual_dummy.xlsx,L48_재고수량·잔여일수,2026-10-05T01:15
PH_DUMMY_01,2026-09-10,O003,22,0,4,0,18,18,0,3.1,5.7,0,,0,,,virtual_dummy.xlsx,L48_재고수량·잔여일수,2026-10-05T01:15
PH_DUMMY_01,2026-09-10,O004,4,0,1,0,3,3,0,0.1,21,0,,0,,,virtual_dummy.xlsx,L48_재고수량·잔여일수,2026-10-05T01:15
PH_DUMMY_01,2026-09-10,Q001,13,0,4,0,9,6,-3,2.1,4.2,0,,0,,,virtual_dummy.xlsx,L48_재고수량·잔여일수,2026-10-05T01:15
PH_DUMMY_01,2026-09-10,Q002,6,0,0,0,6,6,0,0,,0,,0,,,virtual_dummy.xlsx,L48_재고수량·잔여일수,2026-10-05T01:15
PH_DUMMY_01,2026-09-11,R001,300,0,77,0,223,223,0,77.9,2.9,0,,0,,,virtual_dummy.xlsx,L48_재고수량·잔여일수,2026-10-05T01:15
PH_DUMMY_01,2026-09-11,R002,1091,0,209,0,882,882,0,173.1,5.1,0,,0,,,virtual_dummy.xlsx,L48_재고수량·잔여일수,2026-10-05T01:15
PH_DUMMY_01,2026-09-11,R003,423,0,116,0,307,277,-30,92.9,3.3,0,,0,,,virtual_dummy.xlsx,L48_재고수량·잔여일수,2026-10-05T01:15
PH_DUMMY_01,2026-09-11,R004,1233,0,217,0,1016,1036,20,250.4,4.1,0,,0,,,virtual_dummy.xlsx,L48_재고수량·잔여일수,2026-10-05T01:15
PH_DUMMY_01,2026-09-11,R005,2224,0,289,0,1935,1915,-20,359.3,5.4,0,,0,,,virtual_dummy.xlsx,L48_재고수량·잔여일수,2026-10-05T01:15
PH_DUMMY_01,2026-09-11,R006,1368,0,147,0,1221,1231,10,215.1,5.7,0,,0,,,virtual_dummy.xlsx,L48_재고수량·잔여일수,2026-10-05T01:15
PH_DUMMY_01,2026-09-11,R007,1805,0,185,0,1620,1710,90,420.3,3.9,0,,0,,,virtual_dummy.xlsx,L48_재고수량·잔여일수,2026-10-05T01:15
PH_DUMMY_01,2026-09-11,O001,25,0,5,0,20,16,-4,3.3,6.1,0,,0,,,virtual_dummy.xlsx,L48_재고수량·잔여일수,2026-10-05T01:15
PH_DUMMY_01,2026-09-11,O002,14,0,5,0,9,9,0,2.4,3.7,0,,0,,,virtual_dummy.xlsx,L48_재고수량·잔여일수,2026-10-05T01:15
PH_DUMMY_01,2026-09-11,O003,18,0,2,0,16,16,0,3,5.3,0,,0,,,virtual_dummy.xlsx,L48_재고수량·잔여일수,2026-10-05T01:15
PH_DUMMY_01,2026-09-11,O004,3,0,2,0,1,1,0,0.4,2.3,0,,0,,,virtual_dummy.xlsx,L48_재고수량·잔여일수,2026-10-05T01:15
PH_DUMMY_01,2026-09-11,Q001,9,0,2,0,7,4,-3,1.7,4.1,0,,0,,,virtual_dummy.xlsx,L48_재고수량·잔여일수,2026-10-05T01:15
PH_DUMMY_01,2026-09-11,Q002,6,0,0,0,6,6,0,0,,0,,0,,,virtual_dummy.xlsx,L48_재고수량·잔여일수,2026-10-05T01:15
PH_DUMMY_01,2026-09-12,R001,223,0,115,0,108,108,0,84.6,1.3,300,긴급,300,,,virtual_dummy.xlsx,L48_재고수량·잔여일수,2026-10-05T01:15
PH_DUMMY_01,2026-09-12,R002,882,0,211,0,671,671,0,183.9,3.6,0,,0,,,virtual_dummy.xlsx,L48_재고수량·잔여일수,2026-10-05T01:15
PH_DUMMY_01,2026-09-12,R003,307,0,112,0,195,165,-30,92.7,2.1,0,,0,,,virtual_dummy.xlsx,L48_재고수량·잔여일수,2026-10-05T01:15
PH_DUMMY_01,2026-09-12,R004,1016,0,132,0,884,904,20,229.6,3.9,0,,0,,,virtual_dummy.xlsx,L48_재고수량·잔여일수,2026-10-05T01:15
PH_DUMMY_01,2026-09-12,R005,1935,0,467,0,1468,1448,-20,334.3,4.4,0,,0,,,virtual_dummy.xlsx,L48_재고수량·잔여일수,2026-10-05T01:15
PH_DUMMY_01,2026-09-12,R006,1221,0,216,0,1005,1015,10,198.6,5.1,0,,0,,,virtual_dummy.xlsx,L48_재고수량·잔여일수,2026-10-05T01:15
PH_DUMMY_01,2026-09-12,R007,1620,0,669,0,951,1041,90,477.1,2,0,,0,,,virtual_dummy.xlsx,L48_재고수량·잔여일수,2026-10-05T01:15
PH_DUMMY_01,2026-09-12,O001,20,0,1,0,19,15,-4,3,6.3,0,,0,,,virtual_dummy.xlsx,L48_재고수량·잔여일수,2026-10-05T01:15
PH_DUMMY_01,2026-09-12,O002,9,0,0,0,9,9,0,2,4.5,0,,0,,,virtual_dummy.xlsx,L48_재고수량·잔여일수,2026-10-05T01:15
PH_DUMMY_01,2026-09-12,O003,16,0,1,0,15,15,0,2.6,5.8,0,,0,,,virtual_dummy.xlsx,L48_재고수량·잔여일수,2026-10-05T01:15
PH_DUMMY_01,2026-09-12,O004,1,0,0,0,1,1,0,0.4,2.3,0,,0,,,virtual_dummy.xlsx,L48_재고수량·잔여일수,2026-10-05T01:15
PH_DUMMY_01,2026-09-12,Q001,7,0,0,0,7,4,-3,1.6,4.5,0,,0,,,virtual_dummy.xlsx,L48_재고수량·잔여일수,2026-10-05T01:15
PH_DUMMY_01,2026-09-12,Q002,6,0,0,0,6,6,0,0,,0,,0,,,virtual_dummy.xlsx,L48_재고수량·잔여일수,2026-10-05T01:15
PH_DUMMY_01,2026-09-13,R001,108,0,0,0,108,108,0,,,0,,0,,,virtual_dummy.xlsx,L48_재고수량·잔여일수,2026-10-05T01:15
PH_DUMMY_01,2026-09-13,R002,671,0,0,0,671,671,0,,,0,,0,,,virtual_dummy.xlsx,L48_재고수량·잔여일수,2026-10-05T01:15
PH_DUMMY_01,2026-09-13,R003,195,0,0,0,195,165,-30,,,0,,0,,,virtual_dummy.xlsx,L48_재고수량·잔여일수,2026-10-05T01:15
PH_DUMMY_01,2026-09-13,R004,884,0,0,0,884,904,20,,,0,,0,,,virtual_dummy.xlsx,L48_재고수량·잔여일수,2026-10-05T01:15
PH_DUMMY_01,2026-09-13,R005,1468,0,0,0,1468,1448,-20,,,0,,0,,,virtual_dummy.xlsx,L48_재고수량·잔여일수,2026-10-05T01:15
PH_DUMMY_01,2026-09-13,R006,1005,0,0,0,1005,1015,10,,,0,,0,,,virtual_dummy.xlsx,L48_재고수량·잔여일수,2026-10-05T01:15
PH_DUMMY_01,2026-09-13,R007,951,0,0,0,951,1041,90,,,0,,0,,,virtual_dummy.xlsx,L48_재고수량·잔여일수,2026-10-05T01:15
PH_DUMMY_01,2026-09-13,O001,19,0,0,0,19,15,-4,,,0,,0,,,virtual_dummy.xlsx,L48_재고수량·잔여일수,2026-10-05T01:15
PH_DUMMY_01,2026-09-13,O002,9,0,0,0,9,9,0,,,0,,0,,,virtual_dummy.xlsx,L48_재고수량·잔여일수,2026-10-05T01:15
PH_DUMMY_01,2026-09-13,O003,15,0,0,0,15,15,0,,,0,,0,,,virtual_dummy.xlsx,L48_재고수량·잔여일수,2026-10-05T01:15
PH_DUMMY_01,2026-09-13,O004,1,0,0,0,1,1,0,,,0,,0,,,virtual_dummy.xlsx,L48_재고수량·잔여일수,2026-10-05T01:15
PH_DUMMY_01,2026-09-13,Q001,7,0,0,0,7,4,-3,,,0,,0,,,virtual_dummy.xlsx,L48_재고수량·잔여일수,2026-10-05T01:15
PH_DUMMY_01,2026-09-13,Q002,6,0,0,0,6,6,0,,,0,,0,,,virtual_dummy.xlsx,L48_재고수량·잔여일수,2026-10-05T01:15
PH_DUMMY_01,2026-09-14,R001,108,300,38,0,370,370,0,78.9,4.7,200,정기(주간),200,,,virtual_dummy.xlsx,L48_재고수량·잔여일수,2026-10-05T01:15
PH_DUMMY_01,2026-09-14,R002,671,0,174,0,497,497,0,194.9,2.6,1200,정기(주간),1200,,,virtual_dummy.xlsx,L48_재고수량·잔여일수,2026-10-05T01:15
PH_DUMMY_01,2026-09-14,R003,195,0,150,0,45,15,-30,105.4,0.4,700,정기(주간),700,,,virtual_dummy.xlsx,L48_재고수량·잔여일수,2026-10-05T01:15
PH_DUMMY_01,2026-09-14,R004,884,0,324,0,560,580,20,248.7,2.3,1500,정기(주간),1500,,,virtual_dummy.xlsx,L48_재고수량·잔여일수,2026-10-05T01:15
PH_DUMMY_01,2026-09-14,R005,1468,0,956,0,512,492,-20,452.1,1.1,3500,정기(주간),3500,,,virtual_dummy.xlsx,L48_재고수량·잔여일수,2026-10-05T01:15
PH_DUMMY_01,2026-09-14,R006,1005,0,397,0,608,618,10,241.3,2.5,1500,정기(주간),1500,,,virtual_dummy.xlsx,L48_재고수량·잔여일수,2026-10-05T01:15
PH_DUMMY_01,2026-09-14,R007,951,0,675,0,276,366,90,545.9,0.5,3500,정기(주간),3500,,,virtual_dummy.xlsx,L48_재고수량·잔여일수,2026-10-05T01:15
PH_DUMMY_01,2026-09-14,O001,19,0,5,0,14,10,-4,3.3,4.3,20,정기(주간),20,,,virtual_dummy.xlsx,L48_재고수량·잔여일수,2026-10-05T01:15
PH_DUMMY_01,2026-09-14,O002,9,0,0,0,9,9,0,1.9,4.8,10,정기(주간),10,,,virtual_dummy.xlsx,L48_재고수량·잔여일수,2026-10-05T01:15
PH_DUMMY_01,2026-09-14,O003,15,0,2,0,13,13,0,2.1,6.1,20,정기(주간),20,,,virtual_dummy.xlsx,L48_재고수량·잔여일수,2026-10-05T01:15
PH_DUMMY_01,2026-09-14,O004,1,0,0,0,1,1,0,0.4,2.3,4,정기(주간),4,,,virtual_dummy.xlsx,L48_재고수량·잔여일수,2026-10-05T01:15
PH_DUMMY_01,2026-09-14,Q001,7,0,2,0,5,2,-3,1.7,2.9,10,정기(주간),10,,,virtual_dummy.xlsx,L48_재고수량·잔여일수,2026-10-05T01:15
PH_DUMMY_01,2026-09-14,Q002,6,0,0,0,6,6,0,0,,0,,0,,,virtual_dummy.xlsx,L48_재고수량·잔여일수,2026-10-05T01:15
PH_DUMMY_01,2026-09-15,R001,370,200,103,0,467,467,0,76.1,6.1,0,,0,,,virtual_dummy.xlsx,L48_재고수량·잔여일수,2026-10-05T01:15
PH_DUMMY_01,2026-09-15,R002,497,1200,184,0,1513,1513,0,197,7.7,0,,0,,,virtual_dummy.xlsx,L48_재고수량·잔여일수,2026-10-05T01:15
PH_DUMMY_01,2026-09-15,R003,45,700,143,0,602,572,-30,110.6,5.4,0,,0,,,virtual_dummy.xlsx,L48_재고수량·잔여일수,2026-10-05T01:15
PH_DUMMY_01,2026-09-15,R004,560,1500,268,0,1792,1812,20,234,7.7,0,,0,,,virtual_dummy.xlsx,L48_재고수량·잔여일수,2026-10-05T01:15
PH_DUMMY_01,2026-09-15,R005,512,3500,308,0,3704,3684,-20,442.4,8.4,0,,0,,,virtual_dummy.xlsx,L48_재고수량·잔여일수,2026-10-05T01:15
PH_DUMMY_01,2026-09-15,R006,608,1500,161,0,1947,1957,10,238.4,8.2,0,,0,,,virtual_dummy.xlsx,L48_재고수량·잔여일수,2026-10-05T01:15
PH_DUMMY_01,2026-09-15,R007,276,3500,214,0,3562,3652,90,494.3,7.2,0,,0,,,virtual_dummy.xlsx,L48_재고수량·잔여일수,2026-10-05T01:15
PH_DUMMY_01,2026-09-15,O001,14,20,1,0,33,29,-4,3,11,0,,0,,,virtual_dummy.xlsx,L48_재고수량·잔여일수,2026-10-05T01:15
PH_DUMMY_01,2026-09-15,O002,9,10,3,0,16,16,0,1.7,9.3,0,,0,,,virtual_dummy.xlsx,L48_재고수량·잔여일수,2026-10-05T01:15
PH_DUMMY_01,2026-09-15,O003,13,20,1,0,32,32,0,2,16,0,,0,,,virtual_dummy.xlsx,L48_재고수량·잔여일수,2026-10-05T01:15
PH_DUMMY_01,2026-09-15,O004,1,4,1,0,4,4,0,0.6,7,0,,0,,,virtual_dummy.xlsx,L48_재고수량·잔여일수,2026-10-05T01:15
PH_DUMMY_01,2026-09-15,Q001,5,10,0,0,15,12,-3,1.1,13.1,0,,0,,,virtual_dummy.xlsx,L48_재고수량·잔여일수,2026-10-05T01:15
PH_DUMMY_01,2026-09-15,Q002,6,0,0,0,6,6,0,0,,0,,0,,,virtual_dummy.xlsx,L48_재고수량·잔여일수,2026-10-05T01:15
PH_DUMMY_01,2026-09-16,R001,467,0,38,0,429,429,0,68.7,6.2,0,,0,,,virtual_dummy.xlsx,L48_재고수량·잔여일수,2026-10-05T01:15
PH_DUMMY_01,2026-09-16,R002,1513,0,166,0,1347,1347,0,204.4,6.6,0,,0,,,virtual_dummy.xlsx,L48_재고수량·잔여일수,2026-10-05T01:15
PH_DUMMY_01,2026-09-16,R003,602,0,134,0,468,438,-30,110.3,4.2,0,,0,,,virtual_dummy.xlsx,L48_재고수량·잔여일수,2026-10-05T01:15
PH_DUMMY_01,2026-09-16,R004,1792,0,165,0,1627,1647,20,235.1,6.9,0,,0,,,virtual_dummy.xlsx,L48_재고수량·잔여일수,2026-10-05T01:15
PH_DUMMY_01,2026-09-16,R005,3704,0,170,0,3534,3514,-20,386.1,9.2,0,,0,,,virtual_dummy.xlsx,L48_재고수량·잔여일수,2026-10-05T01:15
PH_DUMMY_01,2026-09-16,R006,1947,0,70,0,1877,1887,10,224.9,8.3,0,,0,,,virtual_dummy.xlsx,L48_재고수량·잔여일수,2026-10-05T01:15
PH_DUMMY_01,2026-09-16,R007,3562,0,316,0,3246,3336,90,468.6,6.9,0,,0,,,virtual_dummy.xlsx,L48_재고수량·잔여일수,2026-10-05T01:15
PH_DUMMY_01,2026-09-16,O001,33,0,6,0,27,23,-4,3.3,8.2,0,,0,,,virtual_dummy.xlsx,L48_재고수량·잔여일수,2026-10-05T01:15
PH_DUMMY_01,2026-09-16,O002,16,0,1,0,15,15,0,1.7,8.8,0,,0,,,virtual_dummy.xlsx,L48_재고수량·잔여일수,2026-10-05T01:15
PH_DUMMY_01,2026-09-16,O003,32,0,2,0,30,30,0,1.9,16.2,0,,0,,,virtual_dummy.xlsx,L48_재고수량·잔여일수,2026-10-05T01:15
PH_DUMMY_01,2026-09-16,O004,4,0,0,0,4,4,0,0.6,7,0,,0,,,virtual_dummy.xlsx,L48_재고수량·잔여일수,2026-10-05T01:15
PH_DUMMY_01,2026-09-16,Q001,15,0,0,0,15,12,-3,1.1,13.1,0,,0,,,virtual_dummy.xlsx,L48_재고수량·잔여일수,2026-10-05T01:15
PH_DUMMY_01,2026-09-16,Q002,6,0,0,0,6,6,0,0,,0,,0,,,virtual_dummy.xlsx,L48_재고수량·잔여일수,2026-10-05T01:15
PH_DUMMY_01,2026-09-17,R001,429,0,24,0,405,405,0,66.3,6.1,0,,0,,,virtual_dummy.xlsx,L48_재고수량·잔여일수,2026-10-05T01:15
PH_DUMMY_01,2026-09-17,R002,1347,0,104,0,1243,1243,0,195,6.4,0,,0,,,virtual_dummy.xlsx,L48_재고수량·잔여일수,2026-10-05T01:15
PH_DUMMY_01,2026-09-17,R003,468,0,41,0,427,397,-30,109.6,3.9,0,,0,,,virtual_dummy.xlsx,L48_재고수량·잔여일수,2026-10-05T01:15
PH_DUMMY_01,2026-09-17,R004,1627,0,103,0,1524,1544,20,213.1,7.2,0,,0,,,virtual_dummy.xlsx,L48_재고수량·잔여일수,2026-10-05T01:15
PH_DUMMY_01,2026-09-17,R005,3534,0,150,0,3384,3364,-20,378.1,8.9,0,,0,,,virtual_dummy.xlsx,L48_재고수량·잔여일수,2026-10-05T01:15
PH_DUMMY_01,2026-09-17,R006,1877,0,139,0,1738,1748,10,212.7,8.2,0,,0,,,virtual_dummy.xlsx,L48_재고수량·잔여일수,2026-10-05T01:15
PH_DUMMY_01,2026-09-17,R007,3246,0,149,0,3097,3187,90,447.3,6.9,0,,0,,,virtual_dummy.xlsx,L48_재고수량·잔여일수,2026-10-05T01:15
PH_DUMMY_01,2026-09-17,O001,27,0,2,0,25,21,-4,3.3,7.6,0,,0,,,virtual_dummy.xlsx,L48_재고수량·잔여일수,2026-10-05T01:15
PH_DUMMY_01,2026-09-17,O002,15,0,1,0,14,14,0,1.9,7.5,0,,0,,,virtual_dummy.xlsx,L48_재고수량·잔여일수,2026-10-05T01:15
PH_DUMMY_01,2026-09-17,O003,30,0,3,0,27,27,0,2.1,12.6,0,,0,,,virtual_dummy.xlsx,L48_재고수량·잔여일수,2026-10-05T01:15
PH_DUMMY_01,2026-09-17,O004,4,0,0,0,4,4,0,0.6,7,0,,0,,,virtual_dummy.xlsx,L48_재고수량·잔여일수,2026-10-05T01:15
PH_DUMMY_01,2026-09-17,Q001,15,0,2,0,13,10,-3,1.4,9.1,0,,0,,,virtual_dummy.xlsx,L48_재고수량·잔여일수,2026-10-05T01:15
PH_DUMMY_01,2026-09-17,Q002,6,0,1,0,5,5,0,0.1,35,0,,0,,,virtual_dummy.xlsx,L48_재고수량·잔여일수,2026-10-05T01:15
PH_DUMMY_01,2026-09-18,R001,405,0,77,0,328,328,0,67.4,4.9,0,,0,,,virtual_dummy.xlsx,L48_재고수량·잔여일수,2026-10-05T01:15
PH_DUMMY_01,2026-09-18,R002,1243,0,339,0,904,894,-10,198.1,4.6,0,,0,,,virtual_dummy.xlsx,L48_재고수량·잔여일수,2026-10-05T01:15
PH_DUMMY_01,2026-09-18,R003,427,0,159,0,268,238,-30,122.1,2.2,0,,0,,,virtual_dummy.xlsx,L48_재고수량·잔여일수,2026-10-05T01:15
PH_DUMMY_01,2026-09-18,R004,1524,0,438,0,1086,1106,20,235.3,4.6,0,,0,,,virtual_dummy.xlsx,L48_재고수량·잔여일수,2026-10-05T01:15
PH_DUMMY_01,2026-09-18,R005,3384,0,546,0,2838,2818,-20,412.3,6.9,0,,0,,,virtual_dummy.xlsx,L48_재고수량·잔여일수,2026-10-05T01:15
PH_DUMMY_01,2026-09-18,R006,1738,0,363,0,1375,1385,10,213.3,6.4,0,,0,,,virtual_dummy.xlsx,L48_재고수량·잔여일수,2026-10-05T01:15
PH_DUMMY_01,2026-09-18,R007,3097,0,414,0,2683,2773,90,374.6,7.2,0,,0,,,virtual_dummy.xlsx,L48_재고수량·잔여일수,2026-10-05T01:15
PH_DUMMY_01,2026-09-18,O001,25,0,7,0,18,14,-4,3.9,4.7,0,,0,,,virtual_dummy.xlsx,L48_재고수량·잔여일수,2026-10-05T01:15
PH_DUMMY_01,2026-09-18,O002,14,0,0,0,14,14,0,1.4,9.8,0,,0,,,virtual_dummy.xlsx,L48_재고수량·잔여일수,2026-10-05T01:15
PH_DUMMY_01,2026-09-18,O003,27,0,3,0,24,24,0,2,12,0,,0,,,virtual_dummy.xlsx,L48_재고수량·잔여일수,2026-10-05T01:15
PH_DUMMY_01,2026-09-18,O004,4,0,1,0,3,3,0,0.6,5.2,0,,0,,,virtual_dummy.xlsx,L48_재고수량·잔여일수,2026-10-05T01:15
PH_DUMMY_01,2026-09-18,Q001,13,0,1,0,12,9,-3,1,12,0,,0,,,virtual_dummy.xlsx,L48_재고수량·잔여일수,2026-10-05T01:15
PH_DUMMY_01,2026-09-18,Q002,5,0,0,0,5,5,0,0.1,35,0,,0,,,virtual_dummy.xlsx,L48_재고수량·잔여일수,2026-10-05T01:15
PH_DUMMY_01,2026-09-19,R001,328,0,23,0,305,285,-20,59.7,5.1,0,,0,,,virtual_dummy.xlsx,L48_재고수량·잔여일수,2026-10-05T01:15
PH_DUMMY_01,2026-09-19,R002,904,0,21,0,883,873,-10,171.3,5.2,0,,0,,,virtual_dummy.xlsx,L48_재고수량·잔여일수,2026-10-05T01:15
PH_DUMMY_01,2026-09-19,R003,268,0,61,0,207,177,-30,114.3,1.8,0,,0,,,virtual_dummy.xlsx,L48_재고수량·잔여일수,2026-10-05T01:15
PH_DUMMY_01,2026-09-19,R004,1086,0,277,0,809,829,20,243.9,3.3,0,,0,,,virtual_dummy.xlsx,L48_재고수량·잔여일수,2026-10-05T01:15
PH_DUMMY_01,2026-09-19,R005,2838,0,412,0,2426,2426,0,429.9,5.6,0,,0,,,virtual_dummy.xlsx,L48_재고수량·잔여일수,2026-10-05T01:15
PH_DUMMY_01,2026-09-19,R006,1375,0,161,0,1214,1224,10,215.3,5.6,0,,0,,,virtual_dummy.xlsx,L48_재고수량·잔여일수,2026-10-05T01:15
PH_DUMMY_01,2026-09-19,R007,2683,0,630,0,2053,2143,90,438.1,4.7,0,,0,,,virtual_dummy.xlsx,L48_재고수량·잔여일수,2026-10-05T01:15
PH_DUMMY_01,2026-09-19,O001,18,0,1,0,17,13,-4,3.3,5.2,0,,0,,,virtual_dummy.xlsx,L48_재고수량·잔여일수,2026-10-05T01:15
PH_DUMMY_01,2026-09-19,O002,14,0,0,0,14,12,-2,0.7,19.6,0,,0,,,virtual_dummy.xlsx,L48_재고수량·잔여일수,2026-10-05T01:15
PH_DUMMY_01,2026-09-19,O003,24,0,2,0,22,22,0,2,11,0,,0,,,virtual_dummy.xlsx,L48_재고수량·잔여일수,2026-10-05T01:15
PH_DUMMY_01,2026-09-19,O004,3,0,0,0,3,3,0,0.3,10.5,0,,0,,,virtual_dummy.xlsx,L48_재고수량·잔여일수,2026-10-05T01:15
PH_DUMMY_01,2026-09-19,Q001,12,0,1,0,11,8,-3,0.9,12.8,0,,0,,,virtual_dummy.xlsx,L48_재고수량·잔여일수,2026-10-05T01:15
PH_DUMMY_01,2026-09-19,Q002,5,0,0,0,5,5,0,0.1,35,0,,0,,,virtual_dummy.xlsx,L48_재고수량·잔여일수,2026-10-05T01:15
PH_DUMMY_01,2026-09-20,R001,305,0,0,0,305,285,-20,,,0,,0,,,virtual_dummy.xlsx,L48_재고수량·잔여일수,2026-10-05T01:15
PH_DUMMY_01,2026-09-20,R002,883,0,0,0,883,873,-10,,,0,,0,,,virtual_dummy.xlsx,L48_재고수량·잔여일수,2026-10-05T01:15
PH_DUMMY_01,2026-09-20,R003,207,0,0,0,207,177,-30,,,0,,0,,,virtual_dummy.xlsx,L48_재고수량·잔여일수,2026-10-05T01:15
PH_DUMMY_01,2026-09-20,R004,809,0,0,0,809,829,20,,,0,,0,,,virtual_dummy.xlsx,L48_재고수량·잔여일수,2026-10-05T01:15
PH_DUMMY_01,2026-09-20,R005,2426,0,0,0,2426,2426,0,,,0,,0,,,virtual_dummy.xlsx,L48_재고수량·잔여일수,2026-10-05T01:15
PH_DUMMY_01,2026-09-20,R006,1214,0,0,0,1214,1224,10,,,0,,0,,,virtual_dummy.xlsx,L48_재고수량·잔여일수,2026-10-05T01:15
PH_DUMMY_01,2026-09-20,R007,2053,0,0,0,2053,2143,90,,,0,,0,,,virtual_dummy.xlsx,L48_재고수량·잔여일수,2026-10-05T01:15
PH_DUMMY_01,2026-09-20,O001,17,0,0,0,17,13,-4,,,0,,0,,,virtual_dummy.xlsx,L48_재고수량·잔여일수,2026-10-05T01:15
PH_DUMMY_01,2026-09-20,O002,14,0,0,0,14,12,-2,,,0,,0,,,virtual_dummy.xlsx,L48_재고수량·잔여일수,2026-10-05T01:15
PH_DUMMY_01,2026-09-20,O003,22,0,0,0,22,22,0,,,0,,0,,,virtual_dummy.xlsx,L48_재고수량·잔여일수,2026-10-05T01:15
PH_DUMMY_01,2026-09-20,O004,3,0,0,0,3,3,0,,,0,,0,,,virtual_dummy.xlsx,L48_재고수량·잔여일수,2026-10-05T01:15
PH_DUMMY_01,2026-09-20,Q001,11,0,0,0,11,8,-3,,,0,,0,,,virtual_dummy.xlsx,L48_재고수량·잔여일수,2026-10-05T01:15
PH_DUMMY_01,2026-09-20,Q002,5,0,0,0,5,5,0,,,0,,0,,,virtual_dummy.xlsx,L48_재고수량·잔여일수,2026-10-05T01:15
PH_DUMMY_01,2026-09-21,R001,305,0,95,0,210,180,-30,56.9,3.7,400,정기(주간),400,,,virtual_dummy.xlsx,L48_재고수량·잔여일수,2026-10-05T01:15
PH_DUMMY_01,2026-09-21,R002,883,0,116,0,767,757,-10,157.7,4.9,600,정기(주간),600,,,virtual_dummy.xlsx,L48_재고수량·잔여일수,2026-10-05T01:15
PH_DUMMY_01,2026-09-21,R003,207,0,191,0,16,0,-16,125.6,0.1,900,정기(주간),900,,,virtual_dummy.xlsx,L48_재고수량·잔여일수,2026-10-05T01:15
PH_DUMMY_01,2026-09-21,R004,809,0,220,0,589,609,20,256.4,2.3,1500,정기(주간),1500,,,virtual_dummy.xlsx,L48_재고수량·잔여일수,2026-10-05T01:15
PH_DUMMY_01,2026-09-21,R005,2426,0,276,0,2150,2150,0,402.6,5.3,1000,정기(주간),1000,,,virtual_dummy.xlsx,L48_재고수량·잔여일수,2026-10-05T01:15
PH_DUMMY_01,2026-09-21,R006,1214,0,322,0,892,902,10,230.4,3.9,900,정기(주간),900,,,virtual_dummy.xlsx,L48_재고수량·잔여일수,2026-10-05T01:15
PH_DUMMY_01,2026-09-21,R007,2053,0,990,0,1063,1153,90,484,2.2,3000,정기(주간),3000,,,virtual_dummy.xlsx,L48_재고수량·잔여일수,2026-10-05T01:15
PH_DUMMY_01,2026-09-21,O001,17,0,3,0,14,10,-4,3.6,3.9,20,정기(주간),20,,,virtual_dummy.xlsx,L48_재고수량·잔여일수,2026-10-05T01:15
PH_DUMMY_01,2026-09-21,O002,14,0,3,0,11,9,-2,1.1,9.6,10,정기(주간),10,,,virtual_dummy.xlsx,L48_재고수량·잔여일수,2026-10-05T01:15
PH_DUMMY_01,2026-09-21,O003,22,0,2,0,20,20,0,2.1,9.3,10,정기(주간),10,,,virtual_dummy.xlsx,L48_재고수량·잔여일수,2026-10-05T01:15
PH_DUMMY_01,2026-09-21,O004,3,0,0,0,3,4,1,0.3,10.5,2,정기(주간),2,,,virtual_dummy.xlsx,L48_재고수량·잔여일수,2026-10-05T01:15
PH_DUMMY_01,2026-09-21,Q001,11,0,1,0,10,7,-3,1,10,10,정기(주간),10,,,virtual_dummy.xlsx,L48_재고수량·잔여일수,2026-10-05T01:15
PH_DUMMY_01,2026-09-21,Q002,5,0,0,0,5,5,0,0.1,35,0,,0,,,virtual_dummy.xlsx,L48_재고수량·잔여일수,2026-10-05T01:15
PH_DUMMY_01,2026-09-22,R001,210,400,83,0,527,497,-30,63.3,8.3,0,,0,,,virtual_dummy.xlsx,L48_재고수량·잔여일수,2026-10-05T01:15
PH_DUMMY_01,2026-09-22,R002,767,600,246,0,1121,1111,-10,168,6.7,0,,0,,,virtual_dummy.xlsx,L48_재고수량·잔여일수,2026-10-05T01:15
PH_DUMMY_01,2026-09-22,R003,16,900,108,0,808,778,-30,119.6,6.8,0,,0,,,virtual_dummy.xlsx,L48_재고수량·잔여일수,2026-10-05T01:15
PH_DUMMY_01,2026-09-22,R004,589,1500,71,0,2018,2038,20,220.3,9.2,0,,0,,,virtual_dummy.xlsx,L48_재고수량·잔여일수,2026-10-05T01:15
PH_DUMMY_01,2026-09-22,R005,2150,1000,503,0,2647,2667,20,337.9,7.8,0,,0,,,virtual_dummy.xlsx,L48_재고수량·잔여일수,2026-10-05T01:15
PH_DUMMY_01,2026-09-22,R006,892,900,388,0,1404,1424,20,229.1,6.1,0,,0,,,virtual_dummy.xlsx,L48_재고수량·잔여일수,2026-10-05T01:15
PH_DUMMY_01,2026-09-22,R007,1063,3000,658,0,3405,3495,90,481.6,7.1,0,,0,,,virtual_dummy.xlsx,L48_재고수량·잔여일수,2026-10-05T01:15
PH_DUMMY_01,2026-09-22,O001,14,20,3,0,31,27,-4,3.3,9.4,0,,0,,,virtual_dummy.xlsx,L48_재고수량·잔여일수,2026-10-05T01:15
PH_DUMMY_01,2026-09-22,O002,11,10,5,0,16,14,-2,1.9,8.6,0,,0,,,virtual_dummy.xlsx,L48_재고수량·잔여일수,2026-10-05T01:15
PH_DUMMY_01,2026-09-22,O003,20,10,7,0,23,23,0,2.9,8,0,,0,,,virtual_dummy.xlsx,L48_재고수량·잔여일수,2026-10-05T01:15
PH_DUMMY_01,2026-09-22,O004,3,2,0,0,5,6,1,0.3,17.5,0,,0,,,virtual_dummy.xlsx,L48_재고수량·잔여일수,2026-10-05T01:15
PH_DUMMY_01,2026-09-22,Q001,10,10,0,0,20,20,0,0.7,28,0,,0,,,virtual_dummy.xlsx,L48_재고수량·잔여일수,2026-10-05T01:15
PH_DUMMY_01,2026-09-22,Q002,5,0,0,0,5,5,0,0.1,35,0,,0,,,virtual_dummy.xlsx,L48_재고수량·잔여일수,2026-10-05T01:15
PH_DUMMY_01,2026-09-23,R001,527,0,65,0,462,432,-30,57.9,8,0,,0,,,virtual_dummy.xlsx,L48_재고수량·잔여일수,2026-10-05T01:15
PH_DUMMY_01,2026-09-23,R002,1121,0,189,0,932,922,-10,168.7,5.5,0,,0,,,virtual_dummy.xlsx,L48_재고수량·잔여일수,2026-10-05T01:15
PH_DUMMY_01,2026-09-23,R003,808,0,110,0,698,668,-30,114.9,6.1,0,,0,,,virtual_dummy.xlsx,L48_재고수량·잔여일수,2026-10-05T01:15
PH_DUMMY_01,2026-09-23,R004,2018,0,138,0,1880,1900,20,201.7,9.3,0,,0,,,virtual_dummy.xlsx,L48_재고수량·잔여일수,2026-10-05T01:15
PH_DUMMY_01,2026-09-23,R005,2647,0,277,0,2370,2390,20,333.4,7.1,0,,0,,,virtual_dummy.xlsx,L48_재고수량·잔여일수,2026-10-05T01:15
PH_DUMMY_01,2026-09-23,R006,1404,0,229,0,1175,1195,20,238.9,4.9,0,,0,,,virtual_dummy.xlsx,L48_재고수량·잔여일수,2026-10-05T01:15
PH_DUMMY_01,2026-09-23,R007,3405,0,451,0,2954,3044,90,515.4,5.7,0,,0,,,virtual_dummy.xlsx,L48_재고수량·잔여일수,2026-10-05T01:15
PH_DUMMY_01,2026-09-23,O001,31,0,1,0,30,26,-4,3.3,9.1,0,,0,,,virtual_dummy.xlsx,L48_재고수량·잔여일수,2026-10-05T01:15
PH_DUMMY_01,2026-09-23,O002,16,0,2,0,14,12,-2,1.7,8.2,0,,0,,,virtual_dummy.xlsx,L48_재고수량·잔여일수,2026-10-05T01:15
PH_DUMMY_01,2026-09-23,O003,23,0,5,0,18,18,0,3.4,5.2,0,,0,,,virtual_dummy.xlsx,L48_재고수량·잔여일수,2026-10-05T01:15
PH_DUMMY_01,2026-09-23,O004,5,0,0,0,5,5,0,0.1,35,0,,0,,,virtual_dummy.xlsx,L48_재고수량·잔여일수,2026-10-05T01:15
PH_DUMMY_01,2026-09-23,Q001,20,0,1,0,19,19,0,0.9,22.2,0,,0,,,virtual_dummy.xlsx,L48_재고수량·잔여일수,2026-10-05T01:15
PH_DUMMY_01,2026-09-23,Q002,5,0,0,0,5,5,0,0.1,35,0,,0,,,virtual_dummy.xlsx,L48_재고수량·잔여일수,2026-10-05T01:15
PH_DUMMY_01,2026-09-24,R001,462,0,0,0,462,432,-30,,,0,,0,,,virtual_dummy.xlsx,L48_재고수량·잔여일수,2026-10-05T01:15
PH_DUMMY_01,2026-09-24,R002,932,0,0,0,932,922,-10,,,0,,0,,,virtual_dummy.xlsx,L48_재고수량·잔여일수,2026-10-05T01:15
PH_DUMMY_01,2026-09-24,R003,698,0,0,0,698,668,-30,,,0,,0,,,virtual_dummy.xlsx,L48_재고수량·잔여일수,2026-10-05T01:15
PH_DUMMY_01,2026-09-24,R004,1880,0,0,0,1880,1900,20,,,0,,0,,,virtual_dummy.xlsx,L48_재고수량·잔여일수,2026-10-05T01:15
PH_DUMMY_01,2026-09-24,R005,2370,0,0,0,2370,2390,20,,,0,,0,,,virtual_dummy.xlsx,L48_재고수량·잔여일수,2026-10-05T01:15
PH_DUMMY_01,2026-09-24,R006,1175,0,0,0,1175,1195,20,,,0,,0,,,virtual_dummy.xlsx,L48_재고수량·잔여일수,2026-10-05T01:15
PH_DUMMY_01,2026-09-24,R007,2954,0,0,0,2954,3044,90,,,0,,0,,,virtual_dummy.xlsx,L48_재고수량·잔여일수,2026-10-05T01:15
PH_DUMMY_01,2026-09-24,O001,30,0,0,0,30,26,-4,,,0,,0,,,virtual_dummy.xlsx,L48_재고수량·잔여일수,2026-10-05T01:15
PH_DUMMY_01,2026-09-24,O002,14,0,0,0,14,12,-2,,,0,,0,,,virtual_dummy.xlsx,L48_재고수량·잔여일수,2026-10-05T01:15
PH_DUMMY_01,2026-09-24,O003,18,0,0,0,18,18,0,,,0,,0,,,virtual_dummy.xlsx,L48_재고수량·잔여일수,2026-10-05T01:15
PH_DUMMY_01,2026-09-24,O004,5,0,0,0,5,5,0,,,0,,0,,,virtual_dummy.xlsx,L48_재고수량·잔여일수,2026-10-05T01:15
PH_DUMMY_01,2026-09-24,Q001,19,0,0,0,19,19,0,,,0,,0,,,virtual_dummy.xlsx,L48_재고수량·잔여일수,2026-10-05T01:15
PH_DUMMY_01,2026-09-24,Q002,5,0,0,0,5,5,0,,,0,,0,,,virtual_dummy.xlsx,L48_재고수량·잔여일수,2026-10-05T01:15
PH_DUMMY_01,2026-09-25,R001,462,0,0,0,462,432,-30,,,0,,0,,,virtual_dummy.xlsx,L48_재고수량·잔여일수,2026-10-05T01:15
PH_DUMMY_01,2026-09-25,R002,932,0,0,0,932,922,-10,,,0,,0,,,virtual_dummy.xlsx,L48_재고수량·잔여일수,2026-10-05T01:15
PH_DUMMY_01,2026-09-25,R003,698,0,0,0,698,668,-30,,,0,,0,,,virtual_dummy.xlsx,L48_재고수량·잔여일수,2026-10-05T01:15
PH_DUMMY_01,2026-09-25,R004,1880,0,0,0,1880,1900,20,,,0,,0,,,virtual_dummy.xlsx,L48_재고수량·잔여일수,2026-10-05T01:15
PH_DUMMY_01,2026-09-25,R005,2370,0,0,0,2370,2390,20,,,0,,0,,,virtual_dummy.xlsx,L48_재고수량·잔여일수,2026-10-05T01:15
PH_DUMMY_01,2026-09-25,R006,1175,0,0,0,1175,1195,20,,,0,,0,,,virtual_dummy.xlsx,L48_재고수량·잔여일수,2026-10-05T01:15
PH_DUMMY_01,2026-09-25,R007,2954,0,0,0,2954,3044,90,,,0,,0,,,virtual_dummy.xlsx,L48_재고수량·잔여일수,2026-10-05T01:15
PH_DUMMY_01,2026-09-25,O001,30,0,0,0,30,26,-4,,,0,,0,,,virtual_dummy.xlsx,L48_재고수량·잔여일수,2026-10-05T01:15
PH_DUMMY_01,2026-09-25,O002,14,0,0,0,14,12,-2,,,0,,0,,,virtual_dummy.xlsx,L48_재고수량·잔여일수,2026-10-05T01:15
PH_DUMMY_01,2026-09-25,O003,18,0,0,0,18,18,0,,,0,,0,,,virtual_dummy.xlsx,L48_재고수량·잔여일수,2026-10-05T01:15
PH_DUMMY_01,2026-09-25,O004,5,0,0,0,5,5,0,,,0,,0,,,virtual_dummy.xlsx,L48_재고수량·잔여일수,2026-10-05T01:15
PH_DUMMY_01,2026-09-25,Q001,19,0,0,0,19,19,0,,,0,,0,,,virtual_dummy.xlsx,L48_재고수량·잔여일수,2026-10-05T01:15
PH_DUMMY_01,2026-09-25,Q002,5,0,0,0,5,5,0,,,0,,0,,,virtual_dummy.xlsx,L48_재고수량·잔여일수,2026-10-05T01:15
PH_DUMMY_01,2026-09-26,R001,462,0,0,0,462,432,-30,,,0,,0,,,virtual_dummy.xlsx,L48_재고수량·잔여일수,2026-10-05T01:15
PH_DUMMY_01,2026-09-26,R002,932,0,0,0,932,922,-10,,,0,,0,,,virtual_dummy.xlsx,L48_재고수량·잔여일수,2026-10-05T01:15
PH_DUMMY_01,2026-09-26,R003,698,0,0,0,698,668,-30,,,0,,0,,,virtual_dummy.xlsx,L48_재고수량·잔여일수,2026-10-05T01:15
PH_DUMMY_01,2026-09-26,R004,1880,0,0,0,1880,1900,20,,,0,,0,,,virtual_dummy.xlsx,L48_재고수량·잔여일수,2026-10-05T01:15
PH_DUMMY_01,2026-09-26,R005,2370,0,0,0,2370,2390,20,,,0,,0,,,virtual_dummy.xlsx,L48_재고수량·잔여일수,2026-10-05T01:15
PH_DUMMY_01,2026-09-26,R006,1175,0,0,0,1175,1195,20,,,0,,0,,,virtual_dummy.xlsx,L48_재고수량·잔여일수,2026-10-05T01:15
PH_DUMMY_01,2026-09-26,R007,2954,0,0,0,2954,3044,90,,,0,,0,,,virtual_dummy.xlsx,L48_재고수량·잔여일수,2026-10-05T01:15
PH_DUMMY_01,2026-09-26,O001,30,0,0,0,30,26,-4,,,0,,0,,,virtual_dummy.xlsx,L48_재고수량·잔여일수,2026-10-05T01:15
PH_DUMMY_01,2026-09-26,O002,14,0,0,0,14,12,-2,,,0,,0,,,virtual_dummy.xlsx,L48_재고수량·잔여일수,2026-10-05T01:15
PH_DUMMY_01,2026-09-26,O003,18,0,0,0,18,18,0,,,0,,0,,,virtual_dummy.xlsx,L48_재고수량·잔여일수,2026-10-05T01:15
PH_DUMMY_01,2026-09-26,O004,5,0,0,0,5,5,0,,,0,,0,,,virtual_dummy.xlsx,L48_재고수량·잔여일수,2026-10-05T01:15
PH_DUMMY_01,2026-09-26,Q001,19,0,0,0,19,19,0,,,0,,0,,,virtual_dummy.xlsx,L48_재고수량·잔여일수,2026-10-05T01:15
PH_DUMMY_01,2026-09-26,Q002,5,0,0,0,5,5,0,,,0,,0,,,virtual_dummy.xlsx,L48_재고수량·잔여일수,2026-10-05T01:15
PH_DUMMY_01,2026-09-27,R001,462,0,0,0,462,432,-30,,,0,,0,,,virtual_dummy.xlsx,L48_재고수량·잔여일수,2026-10-05T01:15
PH_DUMMY_01,2026-09-27,R002,932,0,0,0,932,922,-10,,,0,,0,,,virtual_dummy.xlsx,L48_재고수량·잔여일수,2026-10-05T01:15
PH_DUMMY_01,2026-09-27,R003,698,0,0,0,698,668,-30,,,0,,0,,,virtual_dummy.xlsx,L48_재고수량·잔여일수,2026-10-05T01:15
PH_DUMMY_01,2026-09-27,R004,1880,0,0,0,1880,1900,20,,,0,,0,,,virtual_dummy.xlsx,L48_재고수량·잔여일수,2026-10-05T01:15
PH_DUMMY_01,2026-09-27,R005,2370,0,0,0,2370,2390,20,,,0,,0,,,virtual_dummy.xlsx,L48_재고수량·잔여일수,2026-10-05T01:15
PH_DUMMY_01,2026-09-27,R006,1175,0,0,0,1175,1195,20,,,0,,0,,,virtual_dummy.xlsx,L48_재고수량·잔여일수,2026-10-05T01:15
PH_DUMMY_01,2026-09-27,R007,2954,0,0,0,2954,3044,90,,,0,,0,,,virtual_dummy.xlsx,L48_재고수량·잔여일수,2026-10-05T01:15
PH_DUMMY_01,2026-09-27,O001,30,0,0,0,30,26,-4,,,0,,0,,,virtual_dummy.xlsx,L48_재고수량·잔여일수,2026-10-05T01:15
PH_DUMMY_01,2026-09-27,O002,14,0,0,0,14,12,-2,,,0,,0,,,virtual_dummy.xlsx,L48_재고수량·잔여일수,2026-10-05T01:15
PH_DUMMY_01,2026-09-27,O003,18,0,0,0,18,18,0,,,0,,0,,,virtual_dummy.xlsx,L48_재고수량·잔여일수,2026-10-05T01:15
PH_DUMMY_01,2026-09-27,O004,5,0,0,0,5,5,0,,,0,,0,,,virtual_dummy.xlsx,L48_재고수량·잔여일수,2026-10-05T01:15
PH_DUMMY_01,2026-09-27,Q001,19,0,0,0,19,19,0,,,0,,0,,,virtual_dummy.xlsx,L48_재고수량·잔여일수,2026-10-05T01:15
PH_DUMMY_01,2026-09-27,Q002,5,0,0,0,5,5,0,,,0,,0,,,virtual_dummy.xlsx,L48_재고수량·잔여일수,2026-10-05T01:15
PH_DUMMY_01,2026-09-28,R001,462,0,119,0,343,313,-30,69.4,4.9,300,정기(주간),300,,,virtual_dummy.xlsx,L48_재고수량·잔여일수,2026-10-05T01:15
PH_DUMMY_01,2026-09-28,R002,932,0,550,0,382,372,-10,223.6,1.7,1500,정기(주간),1500,,,virtual_dummy.xlsx,L48_재고수량·잔여일수,2026-10-05T01:15
PH_DUMMY_01,2026-09-28,R003,698,0,95,0,603,573,-30,109.3,5.5,300,정기(주간),300,,,virtual_dummy.xlsx,L48_재고수량·잔여일수,2026-10-05T01:15
PH_DUMMY_01,2026-09-28,R004,1880,0,637,0,1243,1263,20,269.1,4.6,1000,정기(주간),1000,,,virtual_dummy.xlsx,L48_재고수량·잔여일수,2026-10-05T01:15
PH_DUMMY_01,2026-09-28,R005,2370,0,544,0,1826,1846,20,386.9,4.7,1500,정기(주간),1500,,,virtual_dummy.xlsx,L48_재고수량·잔여일수,2026-10-05T01:15
PH_DUMMY_01,2026-09-28,R006,1175,0,333,0,842,862,20,276.4,3,1200,정기(주간),1200,,,virtual_dummy.xlsx,L48_재고수량·잔여일수,2026-10-05T01:15
PH_DUMMY_01,2026-09-28,R007,2954,0,632,0,2322,2412,90,560.6,4.1,2000,정기(주간),2000,,,virtual_dummy.xlsx,L48_재고수량·잔여일수,2026-10-05T01:15
PH_DUMMY_01,2026-09-28,O001,30,0,8,0,22,17,-5,3.6,6.2,10,정기(주간),10,,,virtual_dummy.xlsx,L48_재고수량·잔여일수,2026-10-05T01:15
PH_DUMMY_01,2026-09-28,O002,14,0,7,0,7,5,-2,2.6,2.7,20,정기(주간),20,,,virtual_dummy.xlsx,L48_재고수량·잔여일수,2026-10-05T01:15
PH_DUMMY_01,2026-09-28,O003,18,0,3,0,15,15,0,3.6,4.2,10,정기(주간),10,,,virtual_dummy.xlsx,L48_재고수량·잔여일수,2026-10-05T01:15
PH_DUMMY_01,2026-09-28,O004,5,0,0,0,5,5,0,0.1,35,0,,0,,,virtual_dummy.xlsx,L48_재고수량·잔여일수,2026-10-05T01:15
PH_DUMMY_01,2026-09-28,Q001,19,0,2,0,17,17,0,1.1,14.9,0,,0,,,virtual_dummy.xlsx,L48_재고수량·잔여일수,2026-10-05T01:15
PH_DUMMY_01,2026-09-28,Q002,5,0,0,0,5,5,0,0.1,35,0,,0,,,virtual_dummy.xlsx,L48_재고수량·잔여일수,2026-10-05T01:15
PH_DUMMY_01,2026-09-29,R001,343,300,78,0,565,535,-30,77.1,7.3,0,,0,,,virtual_dummy.xlsx,L48_재고수량·잔여일수,2026-10-05T01:15
PH_DUMMY_01,2026-09-29,R002,382,1500,228,0,1654,1644,-10,241.3,6.9,0,,0,,,virtual_dummy.xlsx,L48_재고수량·잔여일수,2026-10-05T01:15
PH_DUMMY_01,2026-09-29,R003,603,300,127,0,776,746,-30,121.6,6.4,0,,0,,,virtual_dummy.xlsx,L48_재고수량·잔여일수,2026-10-05T01:15
PH_DUMMY_01,2026-09-29,R004,1243,1000,254,0,1989,2009,20,290.7,6.8,0,,0,,,virtual_dummy.xlsx,L48_재고수량·잔여일수,2026-10-05T01:15
PH_DUMMY_01,2026-09-29,R005,1826,1500,199,0,3127,3147,20,393.9,7.9,0,,0,,,virtual_dummy.xlsx,L48_재고수량·잔여일수,2026-10-05T01:15
PH_DUMMY_01,2026-09-29,R006,842,1200,139,0,1903,1923,20,276.4,6.9,0,,0,,,virtual_dummy.xlsx,L48_재고수량·잔여일수,2026-10-05T01:15
PH_DUMMY_01,2026-09-29,R007,2322,2000,451,0,3871,3961,90,603.7,6.4,0,,0,,,virtual_dummy.xlsx,L48_재고수량·잔여일수,2026-10-05T01:15
PH_DUMMY_01,2026-09-29,O001,22,10,2,0,30,25,-5,3.6,8.4,0,,0,,,virtual_dummy.xlsx,L48_재고수량·잔여일수,2026-10-05T01:15
PH_DUMMY_01,2026-09-29,O002,7,20,0,0,27,25,-2,2.4,11.1,0,,0,,,virtual_dummy.xlsx,L48_재고수량·잔여일수,2026-10-05T01:15
PH_DUMMY_01,2026-09-29,O003,15,10,4,0,21,21,0,3.7,5.7,0,,0,,,virtual_dummy.xlsx,L48_재고수량·잔여일수,2026-10-05T01:15
PH_DUMMY_01,2026-09-29,O004,5,0,0,0,5,5,0,0.1,35,0,,0,,,virtual_dummy.xlsx,L48_재고수량·잔여일수,2026-10-05T01:15
PH_DUMMY_01,2026-09-29,Q001,17,0,0,0,17,17,0,0.9,19.8,0,,0,,,virtual_dummy.xlsx,L48_재고수량·잔여일수,2026-10-05T01:15
PH_DUMMY_01,2026-09-29,Q002,5,0,0,0,5,5,0,0,,0,,0,,,virtual_dummy.xlsx,L48_재고수량·잔여일수,2026-10-05T01:15
PH_DUMMY_01,2026-09-30,R001,565,0,38,0,527,527,0,71.6,7.4,0,,0,Y,,virtual_dummy.xlsx,L48_재고수량·잔여일수,2026-10-05T01:15
PH_DUMMY_01,2026-09-30,R002,1654,0,137,0,1517,1517,0,212.4,7.1,0,,0,Y,,virtual_dummy.xlsx,L48_재고수량·잔여일수,2026-10-05T01:15
PH_DUMMY_01,2026-09-30,R003,776,0,55,0,721,721,0,106.7,6.8,0,,0,Y,,virtual_dummy.xlsx,L48_재고수량·잔여일수,2026-10-05T01:15
PH_DUMMY_01,2026-09-30,R004,1989,0,182,0,1807,1807,0,254.1,7.1,0,,0,Y,,virtual_dummy.xlsx,L48_재고수량·잔여일수,2026-10-05T01:15
PH_DUMMY_01,2026-09-30,R005,3127,0,368,0,2759,2759,0,368.4,7.5,0,,0,Y,,virtual_dummy.xlsx,L48_재고수량·잔여일수,2026-10-05T01:15
PH_DUMMY_01,2026-09-30,R006,1903,0,157,0,1746,1746,0,247,7.1,0,,0,Y,,virtual_dummy.xlsx,L48_재고수량·잔여일수,2026-10-05T01:15
PH_DUMMY_01,2026-09-30,R007,3871,0,612,0,3259,3259,0,632,5.2,0,,0,Y,,virtual_dummy.xlsx,L48_재고수량·잔여일수,2026-10-05T01:15
PH_DUMMY_01,2026-09-30,O001,30,0,4,0,26,26,0,3.1,8.3,0,,0,Y,,virtual_dummy.xlsx,L48_재고수량·잔여일수,2026-10-05T01:15
PH_DUMMY_01,2026-09-30,O002,27,0,2,0,25,25,0,2.7,9.2,0,,0,Y,,virtual_dummy.xlsx,L48_재고수량·잔여일수,2026-10-05T01:15
PH_DUMMY_01,2026-09-30,O003,21,0,4,0,17,17,0,3.9,4.4,0,,0,Y,,virtual_dummy.xlsx,L48_재고수량·잔여일수,2026-10-05T01:15
PH_DUMMY_01,2026-09-30,O004,5,0,1,0,4,4,0,0.1,28,0,,0,Y,,virtual_dummy.xlsx,L48_재고수량·잔여일수,2026-10-05T01:15
PH_DUMMY_01,2026-09-30,Q001,17,0,2,0,15,15,0,1,15,0,,0,Y,,virtual_dummy.xlsx,L48_재고수량·잔여일수,2026-10-05T01:15
PH_DUMMY_01,2026-09-30,Q002,5,0,0,0,5,5,0,0,,0,,0,Y,,virtual_dummy.xlsx,L48_재고수량·잔여일수,2026-10-05T01:15
PH_DUMMY_01,2026-10-01,R001,527,0,81,0,446,446,0,79.9,5.6,0,,0,,,virtual_dummy.xlsx,L48_재고수량·잔여일수,2026-10-05T01:15
PH_DUMMY_01,2026-10-01,R002,1517,0,133,0,1384,1384,0,228.4,6.1,0,,0,,,virtual_dummy.xlsx,L48_재고수량·잔여일수,2026-10-05T01:15
PH_DUMMY_01,2026-10-01,R003,721,0,130,0,591,591,0,116.6,5.1,0,,0,,,virtual_dummy.xlsx,L48_재고수량·잔여일수,2026-10-05T01:15
PH_DUMMY_01,2026-10-01,R004,1807,0,228,0,1579,1579,0,247.1,6.4,0,,0,,,virtual_dummy.xlsx,L48_재고수량·잔여일수,2026-10-05T01:15
PH_DUMMY_01,2026-10-01,R005,2759,0,147,0,2612,2622,10,330.6,7.9,0,,0,,,virtual_dummy.xlsx,L48_재고수량·잔여일수,2026-10-05T01:15
PH_DUMMY_01,2026-10-01,R006,1746,0,275,0,1471,1471,0,263.3,5.6,0,,0,,,virtual_dummy.xlsx,L48_재고수량·잔여일수,2026-10-05T01:15
PH_DUMMY_01,2026-10-01,R007,3259,0,250,0,3009,3009,0,577.7,5.2,0,,0,,,virtual_dummy.xlsx,L48_재고수량·잔여일수,2026-10-05T01:15
PH_DUMMY_01,2026-10-01,O001,26,0,5,0,21,21,0,3.7,5.7,0,,0,,,virtual_dummy.xlsx,L48_재고수량·잔여일수,2026-10-05T01:15
PH_DUMMY_01,2026-10-01,O002,25,0,2,0,23,23,0,3,7.7,0,,0,,,virtual_dummy.xlsx,L48_재고수량·잔여일수,2026-10-05T01:15
PH_DUMMY_01,2026-10-01,O003,17,0,4,0,13,13,0,4.1,3.1,0,,0,,,virtual_dummy.xlsx,L48_재고수량·잔여일수,2026-10-05T01:15
PH_DUMMY_01,2026-10-01,O004,4,0,1,0,3,3,0,0.3,10.5,0,,0,,,virtual_dummy.xlsx,L48_재고수량·잔여일수,2026-10-05T01:15
PH_DUMMY_01,2026-10-01,Q001,15,0,0,0,15,15,0,0.9,17.5,0,,0,,,virtual_dummy.xlsx,L48_재고수량·잔여일수,2026-10-05T01:15
PH_DUMMY_01,2026-10-01,Q002,5,0,1,0,4,4,0,0.1,28,0,,0,,,virtual_dummy.xlsx,L48_재고수량·잔여일수,2026-10-05T01:15
PH_DUMMY_01,2026-10-02,R001,446,0,70,0,376,376,0,76.3,4.9,0,,0,,,virtual_dummy.xlsx,L48_재고수량·잔여일수,2026-10-05T01:15
PH_DUMMY_01,2026-10-02,R002,1384,0,185,0,1199,1199,0,238.3,5,0,,0,,,virtual_dummy.xlsx,L48_재고수량·잔여일수,2026-10-05T01:15
PH_DUMMY_01,2026-10-02,R003,591,0,208,0,383,373,-10,119,3.2,0,,0,,,virtual_dummy.xlsx,L48_재고수량·잔여일수,2026-10-05T01:15
PH_DUMMY_01,2026-10-02,R004,1579,0,251,0,1328,1328,0,251.6,5.3,0,,0,,,virtual_dummy.xlsx,L48_재고수량·잔여일수,2026-10-05T01:15
PH_DUMMY_01,2026-10-02,R005,2612,0,322,0,2290,2300,10,337.1,6.8,0,,0,,,virtual_dummy.xlsx,L48_재고수량·잔여일수,2026-10-05T01:15
PH_DUMMY_01,2026-10-02,R006,1471,0,350,0,1121,1121,0,267.3,4.2,0,,0,,,virtual_dummy.xlsx,L48_재고수량·잔여일수,2026-10-05T01:15
PH_DUMMY_01,2026-10-02,R007,3009,0,502,0,2507,2507,0,508,4.9,0,,0,,,virtual_dummy.xlsx,L48_재고수량·잔여일수,2026-10-05T01:15
PH_DUMMY_01,2026-10-02,O001,21,0,11,0,10,10,0,4.9,2.1,0,,0,,,virtual_dummy.xlsx,L48_재고수량·잔여일수,2026-10-05T01:15
PH_DUMMY_01,2026-10-02,O002,23,0,4,0,19,19,0,3.1,6,0,,0,,,virtual_dummy.xlsx,L48_재고수량·잔여일수,2026-10-05T01:15
PH_DUMMY_01,2026-10-02,O003,13,0,3,0,10,10,0,4.3,2.3,0,,0,,,virtual_dummy.xlsx,L48_재고수량·잔여일수,2026-10-05T01:15
PH_DUMMY_01,2026-10-02,O004,3,0,0,0,3,3,0,0.3,10.5,0,,0,,,virtual_dummy.xlsx,L48_재고수량·잔여일수,2026-10-05T01:15
PH_DUMMY_01,2026-10-02,Q001,15,0,1,0,14,14,0,0.9,16.3,0,,0,,,virtual_dummy.xlsx,L48_재고수량·잔여일수,2026-10-05T01:15
PH_DUMMY_01,2026-10-02,Q002,4,0,0,0,4,4,0,0.1,28,0,,0,,,virtual_dummy.xlsx,L48_재고수량·잔여일수,2026-10-05T01:15
PH_DUMMY_01,2026-10-03,R001,376,0,0,0,376,376,0,,,0,,0,,,virtual_dummy.xlsx,L48_재고수량·잔여일수,2026-10-05T01:15
PH_DUMMY_01,2026-10-03,R002,1199,0,0,0,1199,1199,0,,,0,,0,,,virtual_dummy.xlsx,L48_재고수량·잔여일수,2026-10-05T01:15
PH_DUMMY_01,2026-10-03,R003,383,0,0,0,383,373,-10,,,0,,0,,,virtual_dummy.xlsx,L48_재고수량·잔여일수,2026-10-05T01:15
PH_DUMMY_01,2026-10-03,R004,1328,0,0,0,1328,1328,0,,,0,,0,,,virtual_dummy.xlsx,L48_재고수량·잔여일수,2026-10-05T01:15
PH_DUMMY_01,2026-10-03,R005,2290,0,0,0,2290,2300,10,,,0,,0,,,virtual_dummy.xlsx,L48_재고수량·잔여일수,2026-10-05T01:15
PH_DUMMY_01,2026-10-03,R006,1121,0,0,0,1121,1121,0,,,0,,0,,,virtual_dummy.xlsx,L48_재고수량·잔여일수,2026-10-05T01:15
PH_DUMMY_01,2026-10-03,R007,2507,0,0,0,2507,2507,0,,,0,,0,,,virtual_dummy.xlsx,L48_재고수량·잔여일수,2026-10-05T01:15
PH_DUMMY_01,2026-10-03,O001,10,0,0,0,10,10,0,,,0,,0,,,virtual_dummy.xlsx,L48_재고수량·잔여일수,2026-10-05T01:15
PH_DUMMY_01,2026-10-03,O002,19,0,0,0,19,19,0,,,0,,0,,,virtual_dummy.xlsx,L48_재고수량·잔여일수,2026-10-05T01:15
PH_DUMMY_01,2026-10-03,O003,10,0,0,0,10,10,0,,,0,,0,,,virtual_dummy.xlsx,L48_재고수량·잔여일수,2026-10-05T01:15
PH_DUMMY_01,2026-10-03,O004,3,0,0,0,3,3,0,,,0,,0,,,virtual_dummy.xlsx,L48_재고수량·잔여일수,2026-10-05T01:15
PH_DUMMY_01,2026-10-03,Q001,14,0,0,0,14,14,0,,,0,,0,,,virtual_dummy.xlsx,L48_재고수량·잔여일수,2026-10-05T01:15
PH_DUMMY_01,2026-10-03,Q002,4,0,0,0,4,4,0,,,0,,0,,,virtual_dummy.xlsx,L48_재고수량·잔여일수,2026-10-05T01:15
PH_DUMMY_01,2026-10-04,R001,376,0,0,0,376,376,0,,,0,,0,,,virtual_dummy.xlsx,L48_재고수량·잔여일수,2026-10-05T01:15
PH_DUMMY_01,2026-10-04,R002,1199,0,0,0,1199,1199,0,,,0,,0,,,virtual_dummy.xlsx,L48_재고수량·잔여일수,2026-10-05T01:15
PH_DUMMY_01,2026-10-04,R003,383,0,0,0,383,373,-10,,,0,,0,,,virtual_dummy.xlsx,L48_재고수량·잔여일수,2026-10-05T01:15
PH_DUMMY_01,2026-10-04,R004,1328,0,0,0,1328,1328,0,,,0,,0,,,virtual_dummy.xlsx,L48_재고수량·잔여일수,2026-10-05T01:15
PH_DUMMY_01,2026-10-04,R005,2290,0,0,0,2290,2300,10,,,0,,0,,,virtual_dummy.xlsx,L48_재고수량·잔여일수,2026-10-05T01:15
PH_DUMMY_01,2026-10-04,R006,1121,0,0,0,1121,1121,0,,,0,,0,,,virtual_dummy.xlsx,L48_재고수량·잔여일수,2026-10-05T01:15
PH_DUMMY_01,2026-10-04,R007,2507,0,0,0,2507,2507,0,,,0,,0,,,virtual_dummy.xlsx,L48_재고수량·잔여일수,2026-10-05T01:15
PH_DUMMY_01,2026-10-04,O001,10,0,0,0,10,10,0,,,0,,0,,,virtual_dummy.xlsx,L48_재고수량·잔여일수,2026-10-05T01:15
PH_DUMMY_01,2026-10-04,O002,19,0,0,0,19,19,0,,,0,,0,,,virtual_dummy.xlsx,L48_재고수량·잔여일수,2026-10-05T01:15
PH_DUMMY_01,2026-10-04,O003,10,0,0,0,10,10,0,,,0,,0,,,virtual_dummy.xlsx,L48_재고수량·잔여일수,2026-10-05T01:15
PH_DUMMY_01,2026-10-04,O004,3,0,0,0,3,3,0,,,0,,0,,,virtual_dummy.xlsx,L48_재고수량·잔여일수,2026-10-05T01:15
PH_DUMMY_01,2026-10-04,Q001,14,0,0,0,14,14,0,,,0,,0,,,virtual_dummy.xlsx,L48_재고수량·잔여일수,2026-10-05T01:15
PH_DUMMY_01,2026-10-04,Q002,4,0,0,0,4,4,0,,,0,,0,,,virtual_dummy.xlsx,L48_재고수량·잔여일수,2026-10-05T01:15
PH_DUMMY_01,2026-10-05,R001,376,0,0,0,376,376,0,,,0,,0,,,virtual_dummy.xlsx,L48_재고수량·잔여일수,2026-10-05T01:15
PH_DUMMY_01,2026-10-05,R002,1199,0,0,0,1199,1199,0,,,0,,0,,,virtual_dummy.xlsx,L48_재고수량·잔여일수,2026-10-05T01:15
PH_DUMMY_01,2026-10-05,R003,383,0,0,0,383,373,-10,,,0,,0,,,virtual_dummy.xlsx,L48_재고수량·잔여일수,2026-10-05T01:15
PH_DUMMY_01,2026-10-05,R004,1328,0,0,0,1328,1328,0,,,0,,0,,,virtual_dummy.xlsx,L48_재고수량·잔여일수,2026-10-05T01:15
PH_DUMMY_01,2026-10-05,R005,2290,0,0,0,2290,2300,10,,,0,,0,,,virtual_dummy.xlsx,L48_재고수량·잔여일수,2026-10-05T01:15
PH_DUMMY_01,2026-10-05,R006,1121,0,0,0,1121,1121,0,,,0,,0,,,virtual_dummy.xlsx,L48_재고수량·잔여일수,2026-10-05T01:15
PH_DUMMY_01,2026-10-05,R007,2507,0,0,0,2507,2507,0,,,0,,0,,,virtual_dummy.xlsx,L48_재고수량·잔여일수,2026-10-05T01:15
PH_DUMMY_01,2026-10-05,O001,10,0,0,0,10,10,0,,,0,,0,,,virtual_dummy.xlsx,L48_재고수량·잔여일수,2026-10-05T01:15
PH_DUMMY_01,2026-10-05,O002,19,0,0,0,19,19,0,,,0,,0,,,virtual_dummy.xlsx,L48_재고수량·잔여일수,2026-10-05T01:15
PH_DUMMY_01,2026-10-05,O003,10,0,0,0,10,10,0,,,0,,0,,,virtual_dummy.xlsx,L48_재고수량·잔여일수,2026-10-05T01:15
PH_DUMMY_01,2026-10-05,O004,3,0,0,0,3,3,0,,,0,,0,,,virtual_dummy.xlsx,L48_재고수량·잔여일수,2026-10-05T01:15
PH_DUMMY_01,2026-10-05,Q001,14,0,0,0,14,14,0,,,0,,0,,,virtual_dummy.xlsx,L48_재고수량·잔여일수,2026-10-05T01:15
PH_DUMMY_01,2026-10-05,Q002,4,0,0,0,4,4,0,,,0,,0,,,virtual_dummy.xlsx,L48_재고수량·잔여일수,2026-10-05T01:15
PH_DUMMY_01,2026-10-06,R001,376,0,75,0,301,301,0,75.1,4,300,정기(주간),300,,,virtual_dummy.xlsx,L48_재고수량·잔여일수,2026-10-05T01:15
PH_DUMMY_01,2026-10-06,R002,1199,0,204,0,995,995,0,232.3,4.3,900,정기(주간),900,,,virtual_dummy.xlsx,L48_재고수량·잔여일수,2026-10-05T01:15
PH_DUMMY_01,2026-10-06,R003,383,0,165,0,218,208,-10,127.1,1.7,800,정기(주간),800,,,virtual_dummy.xlsx,L48_재고수량·잔여일수,2026-10-05T01:15
PH_DUMMY_01,2026-10-06,R004,1328,0,780,0,548,548,0,352.9,1.6,2000,정기(주간),2000,,,virtual_dummy.xlsx,L48_재고수량·잔여일수,2026-10-05T01:15
PH_DUMMY_01,2026-10-06,R005,2290,0,91,0,2199,2209,10,278.3,7.9,500,정기(주간),500,,,virtual_dummy.xlsx,L48_재고수량·잔여일수,2026-10-05T01:15
PH_DUMMY_01,2026-10-06,R006,1121,0,141,0,980,980,0,232,4.2,900,정기(주간),900,,,virtual_dummy.xlsx,L48_재고수량·잔여일수,2026-10-05T01:15
PH_DUMMY_01,2026-10-06,R007,2507,0,295,0,2212,2212,0,456.1,4.8,2000,정기(주간),2000,,,virtual_dummy.xlsx,L48_재고수량·잔여일수,2026-10-05T01:15
PH_DUMMY_01,2026-10-06,O001,10,0,4,0,6,6,0,5,1.2,40,정기(주간),40,,,virtual_dummy.xlsx,L48_재고수량·잔여일수,2026-10-05T01:15
PH_DUMMY_01,2026-10-06,O002,19,0,2,0,17,17,0,2.7,6.3,10,정기(주간),10,,,virtual_dummy.xlsx,L48_재고수량·잔여일수,2026-10-05T01:15
PH_DUMMY_01,2026-10-06,O003,10,0,6,0,4,4,0,4.1,1,30,정기(주간),30,,,virtual_dummy.xlsx,L48_재고수량·잔여일수,2026-10-05T01:15
PH_DUMMY_01,2026-10-06,O004,3,0,0,0,3,3,0,0.3,10.5,0,,0,,,virtual_dummy.xlsx,L48_재고수량·잔여일수,2026-10-05T01:15
PH_DUMMY_01,2026-10-06,Q001,14,0,1,0,13,13,0,1,13,0,,0,,,virtual_dummy.xlsx,L48_재고수량·잔여일수,2026-10-05T01:15
PH_DUMMY_01,2026-10-06,Q002,4,0,0,0,4,4,0,0.1,28,0,,0,,,virtual_dummy.xlsx,L48_재고수량·잔여일수,2026-10-05T01:15
PH_DUMMY_01,2026-10-07,R001,301,300,44,0,557,557,0,72.1,7.7,0,,0,,,virtual_dummy.xlsx,L48_재고수량·잔여일수,2026-10-05T01:15
PH_DUMMY_01,2026-10-07,R002,995,900,117,0,1778,1778,0,222,8,0,,0,,,virtual_dummy.xlsx,L48_재고수량·잔여일수,2026-10-05T01:15
PH_DUMMY_01,2026-10-07,R003,218,800,81,0,937,927,-10,123,7.6,0,,0,,,virtual_dummy.xlsx,L48_재고수량·잔여일수,2026-10-05T01:15
PH_DUMMY_01,2026-10-07,R004,548,2000,292,0,2256,2256,0,374.9,6,0,,0,,,virtual_dummy.xlsx,L48_재고수량·잔여일수,2026-10-05T01:15
PH_DUMMY_01,2026-10-07,R005,2199,500,254,0,2445,2455,10,275,8.9,0,,0,,,virtual_dummy.xlsx,L48_재고수량·잔여일수,2026-10-05T01:15
PH_DUMMY_01,2026-10-07,R006,980,900,105,0,1775,1775,0,214.3,8.3,0,,0,,,virtual_dummy.xlsx,L48_재고수량·잔여일수,2026-10-05T01:15
PH_DUMMY_01,2026-10-07,R007,2212,2000,364,0,3848,3848,0,443.7,8.7,0,,0,,,virtual_dummy.xlsx,L48_재고수량·잔여일수,2026-10-05T01:15
PH_DUMMY_01,2026-10-07,O001,6,40,5,0,41,41,0,5.6,7.4,0,,0,,,virtual_dummy.xlsx,L48_재고수량·잔여일수,2026-10-05T01:15
PH_DUMMY_01,2026-10-07,O002,17,10,3,0,24,24,0,2.9,8.4,0,,0,,,virtual_dummy.xlsx,L48_재고수량·잔여일수,2026-10-05T01:15
PH_DUMMY_01,2026-10-07,O003,4,30,5,0,29,29,0,4.1,7,0,,0,,,virtual_dummy.xlsx,L48_재고수량·잔여일수,2026-10-05T01:15
PH_DUMMY_01,2026-10-07,O004,3,0,0,0,3,3,0,0.3,10.5,0,,0,,,virtual_dummy.xlsx,L48_재고수량·잔여일수,2026-10-05T01:15
PH_DUMMY_01,2026-10-07,Q001,13,0,0,0,13,13,0,0.9,15.2,0,,0,,,virtual_dummy.xlsx,L48_재고수량·잔여일수,2026-10-05T01:15
PH_DUMMY_01,2026-10-07,Q002,4,0,1,0,3,3,0,0.3,10.5,0,,0,,,virtual_dummy.xlsx,L48_재고수량·잔여일수,2026-10-05T01:15
PH_DUMMY_01,2026-10-08,R001,557,0,89,0,468,468,0,67.9,6.9,0,,0,,,virtual_dummy.xlsx,L48_재고수량·잔여일수,2026-10-05T01:15
PH_DUMMY_01,2026-10-08,R002,1778,0,196,0,1582,1612,30,171.4,9.2,0,,0,,,virtual_dummy.xlsx,L48_재고수량·잔여일수,2026-10-05T01:15
PH_DUMMY_01,2026-10-08,R003,937,0,55,0,882,872,-10,117.3,7.5,0,,0,,,virtual_dummy.xlsx,L48_재고수량·잔여일수,2026-10-05T01:15
PH_DUMMY_01,2026-10-08,R004,2256,0,154,0,2102,2102,0,305.9,6.9,0,,0,,,virtual_dummy.xlsx,L48_재고수량·잔여일수,2026-10-05T01:15
PH_DUMMY_01,2026-10-08,R005,2445,0,439,0,2006,2016,10,260,7.7,0,,0,,,virtual_dummy.xlsx,L48_재고수량·잔여일수,2026-10-05T01:15
PH_DUMMY_01,2026-10-08,R006,1775,0,276,0,1499,1499,0,206.1,7.3,0,,0,,,virtual_dummy.xlsx,L48_재고수량·잔여일수,2026-10-05T01:15
PH_DUMMY_01,2026-10-08,R007,3848,0,392,0,3456,3456,0,409.4,8.4,0,,0,,,virtual_dummy.xlsx,L48_재고수량·잔여일수,2026-10-05T01:15
PH_DUMMY_01,2026-10-08,O001,41,0,4,0,37,37,0,5,7.4,0,,0,,,virtual_dummy.xlsx,L48_재고수량·잔여일수,2026-10-05T01:15
PH_DUMMY_01,2026-10-08,O002,24,0,0,0,24,24,0,1.9,12.9,0,,0,,,virtual_dummy.xlsx,L48_재고수량·잔여일수,2026-10-05T01:15
PH_DUMMY_01,2026-10-08,O003,29,0,1,0,28,28,0,3.9,7.3,0,,0,,,virtual_dummy.xlsx,L48_재고수량·잔여일수,2026-10-05T01:15
PH_DUMMY_01,2026-10-08,O004,3,0,1,0,2,2,0,0.4,4.7,0,,0,,,virtual_dummy.xlsx,L48_재고수량·잔여일수,2026-10-05T01:15
PH_DUMMY_01,2026-10-08,Q001,13,0,0,0,13,13,0,0.6,22.8,0,,0,,,virtual_dummy.xlsx,L48_재고수량·잔여일수,2026-10-05T01:15
PH_DUMMY_01,2026-10-08,Q002,3,0,0,0,3,3,0,0.3,10.5,0,,0,,,virtual_dummy.xlsx,L48_재고수량·잔여일수,2026-10-05T01:15
PH_DUMMY_01,2026-10-09,R001,468,0,0,0,468,468,0,,,0,,0,,,virtual_dummy.xlsx,L48_재고수량·잔여일수,2026-10-05T01:15
PH_DUMMY_01,2026-10-09,R002,1582,0,0,0,1582,1612,30,,,0,,0,,,virtual_dummy.xlsx,L48_재고수량·잔여일수,2026-10-05T01:15
PH_DUMMY_01,2026-10-09,R003,882,0,0,0,882,872,-10,,,0,,0,,,virtual_dummy.xlsx,L48_재고수량·잔여일수,2026-10-05T01:15
PH_DUMMY_01,2026-10-09,R004,2102,0,0,0,2102,2102,0,,,0,,0,,,virtual_dummy.xlsx,L48_재고수량·잔여일수,2026-10-05T01:15
PH_DUMMY_01,2026-10-09,R005,2006,0,0,0,2006,2016,10,,,0,,0,,,virtual_dummy.xlsx,L48_재고수량·잔여일수,2026-10-05T01:15
PH_DUMMY_01,2026-10-09,R006,1499,0,0,0,1499,1499,0,,,0,,0,,,virtual_dummy.xlsx,L48_재고수량·잔여일수,2026-10-05T01:15
PH_DUMMY_01,2026-10-09,R007,3456,0,0,0,3456,3456,0,,,0,,0,,,virtual_dummy.xlsx,L48_재고수량·잔여일수,2026-10-05T01:15
PH_DUMMY_01,2026-10-09,O001,37,0,0,0,37,37,0,,,0,,0,,,virtual_dummy.xlsx,L48_재고수량·잔여일수,2026-10-05T01:15
PH_DUMMY_01,2026-10-09,O002,24,0,0,0,24,24,0,,,0,,0,,,virtual_dummy.xlsx,L48_재고수량·잔여일수,2026-10-05T01:15
PH_DUMMY_01,2026-10-09,O003,28,0,0,0,28,28,0,,,0,,0,,,virtual_dummy.xlsx,L48_재고수량·잔여일수,2026-10-05T01:15
PH_DUMMY_01,2026-10-09,O004,2,0,0,0,2,2,0,,,0,,0,,,virtual_dummy.xlsx,L48_재고수량·잔여일수,2026-10-05T01:15
PH_DUMMY_01,2026-10-09,Q001,13,0,0,0,13,13,0,,,0,,0,,,virtual_dummy.xlsx,L48_재고수량·잔여일수,2026-10-05T01:15
PH_DUMMY_01,2026-10-09,Q002,3,0,0,0,3,3,0,,,0,,0,,,virtual_dummy.xlsx,L48_재고수량·잔여일수,2026-10-05T01:15
PH_DUMMY_01,2026-10-10,R001,468,0,38,0,430,430,0,62.1,6.9,0,,0,,,virtual_dummy.xlsx,L48_재고수량·잔여일수,2026-10-05T01:15
PH_DUMMY_01,2026-10-10,R002,1582,0,166,0,1416,1426,10,162.6,8.7,0,,0,,,virtual_dummy.xlsx,L48_재고수량·잔여일수,2026-10-05T01:15
PH_DUMMY_01,2026-10-10,R003,882,0,127,0,755,745,-10,117.3,6.4,0,,0,,,virtual_dummy.xlsx,L48_재고수량·잔여일수,2026-10-05T01:15
PH_DUMMY_01,2026-10-10,R004,2102,0,169,0,1933,1933,0,293.7,6.6,0,,0,,,virtual_dummy.xlsx,L48_재고수량·잔여일수,2026-10-05T01:15
PH_DUMMY_01,2026-10-10,R005,2006,0,213,0,1793,1793,0,262,6.8,0,,0,,,virtual_dummy.xlsx,L48_재고수량·잔여일수,2026-10-05T01:15
PH_DUMMY_01,2026-10-10,R006,1499,0,135,0,1364,1354,-10,205.6,6.6,0,,0,,,virtual_dummy.xlsx,L48_재고수량·잔여일수,2026-10-05T01:15
PH_DUMMY_01,2026-10-10,R007,3456,0,389,0,3067,3067,0,400.6,7.7,0,,0,,,virtual_dummy.xlsx,L48_재고수량·잔여일수,2026-10-05T01:15
PH_DUMMY_01,2026-10-10,O001,37,0,9,0,28,28,0,6,4.7,0,,0,,,virtual_dummy.xlsx,L48_재고수량·잔여일수,2026-10-05T01:15
PH_DUMMY_01,2026-10-10,O002,24,0,2,0,22,22,0,2.1,10.3,0,,0,,,virtual_dummy.xlsx,L48_재고수량·잔여일수,2026-10-05T01:15
PH_DUMMY_01,2026-10-10,O003,28,0,3,0,25,25,0,3.7,6.7,0,,0,,,virtual_dummy.xlsx,L48_재고수량·잔여일수,2026-10-05T01:15
PH_DUMMY_01,2026-10-10,O004,2,0,0,0,2,2,0,0.4,4.7,0,,0,,,virtual_dummy.xlsx,L48_재고수량·잔여일수,2026-10-05T01:15
PH_DUMMY_01,2026-10-10,Q001,13,0,0,0,13,13,0,0.6,22.8,0,,0,,,virtual_dummy.xlsx,L48_재고수량·잔여일수,2026-10-05T01:15
PH_DUMMY_01,2026-10-10,Q002,3,0,1,0,2,2,0,0.4,4.7,0,,0,,,virtual_dummy.xlsx,L48_재고수량·잔여일수,2026-10-05T01:15
PH_DUMMY_01,2026-10-11,R001,430,0,0,0,430,430,0,,,0,,0,,,virtual_dummy.xlsx,L48_재고수량·잔여일수,2026-10-05T01:15
PH_DUMMY_01,2026-10-11,R002,1416,0,0,0,1416,1426,10,,,0,,0,,,virtual_dummy.xlsx,L48_재고수량·잔여일수,2026-10-05T01:15
PH_DUMMY_01,2026-10-11,R003,755,0,0,0,755,745,-10,,,0,,0,,,virtual_dummy.xlsx,L48_재고수량·잔여일수,2026-10-05T01:15
PH_DUMMY_01,2026-10-11,R004,1933,0,0,0,1933,1933,0,,,0,,0,,,virtual_dummy.xlsx,L48_재고수량·잔여일수,2026-10-05T01:15
PH_DUMMY_01,2026-10-11,R005,1793,0,0,0,1793,1793,0,,,0,,0,,,virtual_dummy.xlsx,L48_재고수량·잔여일수,2026-10-05T01:15
PH_DUMMY_01,2026-10-11,R006,1364,0,0,0,1364,1354,-10,,,0,,0,,,virtual_dummy.xlsx,L48_재고수량·잔여일수,2026-10-05T01:15
PH_DUMMY_01,2026-10-11,R007,3067,0,0,0,3067,3067,0,,,0,,0,,,virtual_dummy.xlsx,L48_재고수량·잔여일수,2026-10-05T01:15
PH_DUMMY_01,2026-10-11,O001,28,0,0,0,28,28,0,,,0,,0,,,virtual_dummy.xlsx,L48_재고수량·잔여일수,2026-10-05T01:15
PH_DUMMY_01,2026-10-11,O002,22,0,0,0,22,22,0,,,0,,0,,,virtual_dummy.xlsx,L48_재고수량·잔여일수,2026-10-05T01:15
PH_DUMMY_01,2026-10-11,O003,25,0,0,0,25,25,0,,,0,,0,,,virtual_dummy.xlsx,L48_재고수량·잔여일수,2026-10-05T01:15
PH_DUMMY_01,2026-10-11,O004,2,0,0,0,2,2,0,,,0,,0,,,virtual_dummy.xlsx,L48_재고수량·잔여일수,2026-10-05T01:15
PH_DUMMY_01,2026-10-11,Q001,13,0,0,0,13,13,0,,,0,,0,,,virtual_dummy.xlsx,L48_재고수량·잔여일수,2026-10-05T01:15
PH_DUMMY_01,2026-10-11,Q002,2,0,0,0,2,2,0,,,0,,0,,,virtual_dummy.xlsx,L48_재고수량·잔여일수,2026-10-05T01:15
PH_DUMMY_01,2026-10-12,R001,430,0,81,0,349,349,0,68.3,5.1,300,정기(주간),300,,,virtual_dummy.xlsx,L48_재고수량·잔여일수,2026-10-05T01:15
PH_DUMMY_01,2026-10-12,R002,1416,0,90,0,1326,1366,40,155.9,8.5,300,정기(주간),300,,,virtual_dummy.xlsx,L48_재고수량·잔여일수,2026-10-05T01:15
PH_DUMMY_01,2026-10-12,R003,755,0,87,0,668,668,0,121.9,5.5,300,정기(주간),300,,,virtual_dummy.xlsx,L48_재고수량·잔여일수,2026-10-05T01:15
PH_DUMMY_01,2026-10-12,R004,1933,0,188,0,1745,1745,0,294.6,5.9,500,정기(주간),500,,,virtual_dummy.xlsx,L48_재고수량·잔여일수,2026-10-05T01:15
PH_DUMMY_01,2026-10-12,R005,1793,0,271,0,1522,1522,0,248.1,6.1,1000,정기(주간),1000,,,virtual_dummy.xlsx,L48_재고수량·잔여일수,2026-10-05T01:15
PH_DUMMY_01,2026-10-12,R006,1364,0,270,0,1094,1084,-10,221.7,4.9,900,정기(주간),900,,,virtual_dummy.xlsx,L48_재고수량·잔여일수,2026-10-05T01:15
PH_DUMMY_01,2026-10-12,R007,3067,0,251,0,2816,2816,0,349,8.1,1500,정기(주간),1500,,,virtual_dummy.xlsx,L48_재고수량·잔여일수,2026-10-05T01:15
PH_DUMMY_01,2026-10-12,O001,28,0,8,0,20,20,0,6.6,3,30,정기(주간),30,,,virtual_dummy.xlsx,L48_재고수량·잔여일수,2026-10-05T01:15
PH_DUMMY_01,2026-10-12,O002,22,0,1,0,21,21,0,2,10.5,10,정기(주간),10,,,virtual_dummy.xlsx,L48_재고수량·잔여일수,2026-10-05T01:15
PH_DUMMY_01,2026-10-12,O003,25,0,2,0,23,23,0,3.4,6.7,10,정기(주간),10,,,virtual_dummy.xlsx,L48_재고수량·잔여일수,2026-10-05T01:15
PH_DUMMY_01,2026-10-12,O004,2,0,1,0,1,1,0,0.4,2.3,2,정기(주간),2,,,virtual_dummy.xlsx,L48_재고수량·잔여일수,2026-10-05T01:15
PH_DUMMY_01,2026-10-12,Q001,13,0,1,0,12,12,0,0.4,28,0,,0,,,virtual_dummy.xlsx,L48_재고수량·잔여일수,2026-10-05T01:15
PH_DUMMY_01,2026-10-12,Q002,2,0,0,0,2,2,0,0.4,4.7,0,,0,,,virtual_dummy.xlsx,L48_재고수량·잔여일수,2026-10-05T01:15
PH_DUMMY_01,2026-10-13,R001,349,300,95,0,554,584,30,70.3,7.9,0,,0,,,virtual_dummy.xlsx,L48_재고수량·잔여일수,2026-10-05T01:15
PH_DUMMY_01,2026-10-13,R002,1326,300,236,0,1390,1430,40,170.6,8.1,0,,0,,,virtual_dummy.xlsx,L48_재고수량·잔여일수,2026-10-05T01:15
PH_DUMMY_01,2026-10-13,R003,668,300,206,0,762,762,0,132.7,5.7,0,,0,,,virtual_dummy.xlsx,L48_재고수량·잔여일수,2026-10-05T01:15
PH_DUMMY_01,2026-10-13,R004,1745,500,227,0,2018,2018,0,294.4,6.9,0,,0,,,virtual_dummy.xlsx,L48_재고수량·잔여일수,2026-10-05T01:15
PH_DUMMY_01,2026-10-13,R005,1522,1000,391,0,2131,2131,0,283,7.5,0,,0,,,virtual_dummy.xlsx,L48_재고수량·잔여일수,2026-10-05T01:15
PH_DUMMY_01,2026-10-13,R006,1094,900,339,0,1655,1645,-10,230.9,7.2,0,,0,,,virtual_dummy.xlsx,L48_재고수량·잔여일수,2026-10-05T01:15
PH_DUMMY_01,2026-10-13,R007,2816,1500,330,0,3986,3986,0,360.4,11.1,0,,0,,,virtual_dummy.xlsx,L48_재고수량·잔여일수,2026-10-05T01:15
PH_DUMMY_01,2026-10-13,O001,20,30,3,0,47,47,0,6.3,7.5,0,,0,,,virtual_dummy.xlsx,L48_재고수량·잔여일수,2026-10-05T01:15
PH_DUMMY_01,2026-10-13,O002,21,10,2,0,29,29,0,2,14.5,0,,0,,,virtual_dummy.xlsx,L48_재고수량·잔여일수,2026-10-05T01:15
PH_DUMMY_01,2026-10-13,O003,23,10,4,0,29,29,0,3.4,8.5,0,,0,,,virtual_dummy.xlsx,L48_재고수량·잔여일수,2026-10-05T01:15
PH_DUMMY_01,2026-10-13,O004,1,2,0,0,3,3,0,0.3,10.5,0,,0,,,virtual_dummy.xlsx,L48_재고수량·잔여일수,2026-10-05T01:15
PH_DUMMY_01,2026-10-13,Q001,12,0,1,0,11,11,0,0.6,19.2,0,,0,,,virtual_dummy.xlsx,L48_재고수량·잔여일수,2026-10-05T01:15
PH_DUMMY_01,2026-10-13,Q002,2,0,1,0,1,1,0,0.4,2.3,0,,0,,,virtual_dummy.xlsx,L48_재고수량·잔여일수,2026-10-05T01:15
PH_DUMMY_01,2026-10-14,R001,554,0,53,0,501,531,30,67.9,7.4,0,,0,,,virtual_dummy.xlsx,L48_재고수량·잔여일수,2026-10-05T01:15
PH_DUMMY_01,2026-10-14,R002,1390,0,271,0,1119,1159,40,182.9,6.1,0,,0,,,virtual_dummy.xlsx,L48_재고수량·잔여일수,2026-10-05T01:15
PH_DUMMY_01,2026-10-14,R003,762,0,12,0,750,750,0,104.7,7.2,0,,0,,,virtual_dummy.xlsx,L48_재고수량·잔여일수,2026-10-05T01:15
PH_DUMMY_01,2026-10-14,R004,2018,0,0,0,2018,2018,0,258.6,7.8,0,,0,,,virtual_dummy.xlsx,L48_재고수량·잔여일수,2026-10-05T01:15
PH_DUMMY_01,2026-10-14,R005,2131,0,386,0,1745,1745,0,292.1,6,0,,0,,,virtual_dummy.xlsx,L48_재고수량·잔여일수,2026-10-05T01:15
PH_DUMMY_01,2026-10-14,R006,1655,0,321,0,1334,1324,-10,226.7,5.9,0,,0,,,virtual_dummy.xlsx,L48_재고수량·잔여일수,2026-10-05T01:15
PH_DUMMY_01,2026-10-14,R007,3986,0,627,0,3359,3359,0,378.3,8.9,0,,0,,,virtual_dummy.xlsx,L48_재고수량·잔여일수,2026-10-05T01:15
PH_DUMMY_01,2026-10-14,O001,47,0,4,0,43,43,0,5.3,8.1,0,,0,,,virtual_dummy.xlsx,L48_재고수량·잔여일수,2026-10-05T01:15
PH_DUMMY_01,2026-10-14,O002,29,0,2,0,27,27,0,1.7,15.8,0,,0,,,virtual_dummy.xlsx,L48_재고수량·잔여일수,2026-10-05T01:15
PH_DUMMY_01,2026-10-14,O003,29,0,5,0,24,24,0,3.7,6.5,0,,0,,,virtual_dummy.xlsx,L48_재고수량·잔여일수,2026-10-05T01:15
PH_DUMMY_01,2026-10-14,O004,3,0,1,0,2,2,0,0.4,4.7,0,,0,,,virtual_dummy.xlsx,L48_재고수량·잔여일수,2026-10-05T01:15
PH_DUMMY_01,2026-10-14,Q001,11,0,3,0,8,8,0,0.9,9.3,0,,0,,,virtual_dummy.xlsx,L48_재고수량·잔여일수,2026-10-05T01:15
PH_DUMMY_01,2026-10-14,Q002,1,0,0,0,1,1,0,0.4,2.3,0,,0,,,virtual_dummy.xlsx,L48_재고수량·잔여일수,2026-10-05T01:15
PH_DUMMY_01,2026-10-15,R001,501,0,131,0,370,400,30,75.9,4.9,0,,0,,,virtual_dummy.xlsx,L48_재고수량·잔여일수,2026-10-05T01:15
PH_DUMMY_01,2026-10-15,R002,1119,0,368,0,751,811,60,206.3,3.6,0,,0,,,virtual_dummy.xlsx,L48_재고수량·잔여일수,2026-10-05T01:15
PH_DUMMY_01,2026-10-15,R003,750,0,490,0,260,260,0,151.1,1.7,0,,0,,,virtual_dummy.xlsx,L48_재고수량·잔여일수,2026-10-05T01:15
PH_DUMMY_01,2026-10-15,R004,2018,0,597,0,1421,1421,0,232.4,6.1,0,,0,,,virtual_dummy.xlsx,L48_재고수량·잔여일수,2026-10-05T01:15
PH_DUMMY_01,2026-10-15,R005,1745,0,462,0,1283,1283,0,345.1,3.7,0,,0,,,virtual_dummy.xlsx,L48_재고수량·잔여일수,2026-10-05T01:15
PH_DUMMY_01,2026-10-15,R006,1334,0,388,0,946,936,-10,262,3.6,0,,0,,,virtual_dummy.xlsx,L48_재고수량·잔여일수,2026-10-05T01:15
PH_DUMMY_01,2026-10-15,R007,3359,0,468,0,2891,2891,0,403,7.2,0,,0,,,virtual_dummy.xlsx,L48_재고수량·잔여일수,2026-10-05T01:15
PH_DUMMY_01,2026-10-15,O001,43,0,4,0,39,39,0,5.3,7.4,0,,0,,,virtual_dummy.xlsx,L48_재고수량·잔여일수,2026-10-05T01:15
PH_DUMMY_01,2026-10-15,O002,27,0,0,0,27,27,0,1.4,18.9,0,,0,,,virtual_dummy.xlsx,L48_재고수량·잔여일수,2026-10-05T01:15
PH_DUMMY_01,2026-10-15,O003,24,0,3,0,21,21,0,3.3,6.4,0,,0,,,virtual_dummy.xlsx,L48_재고수량·잔여일수,2026-10-05T01:15
PH_DUMMY_01,2026-10-15,O004,2,0,0,0,2,2,0,0.4,4.7,0,,0,,,virtual_dummy.xlsx,L48_재고수량·잔여일수,2026-10-05T01:15
PH_DUMMY_01,2026-10-15,Q001,8,0,2,0,6,6,0,1,6,0,,0,,,virtual_dummy.xlsx,L48_재고수량·잔여일수,2026-10-05T01:15
PH_DUMMY_01,2026-10-15,Q002,1,0,0,0,1,1,0,0.4,2.3,0,,0,,,virtual_dummy.xlsx,L48_재고수량·잔여일수,2026-10-05T01:15
PH_DUMMY_01,2026-10-16,R001,370,0,156,0,214,244,30,91.9,2.3,0,,0,,,virtual_dummy.xlsx,L48_재고수량·잔여일수,2026-10-05T01:15
PH_DUMMY_01,2026-10-16,R002,751,0,255,0,496,556,60,226,2.2,0,,0,,,virtual_dummy.xlsx,L48_재고수량·잔여일수,2026-10-05T01:15
PH_DUMMY_01,2026-10-16,R003,260,0,260,19,0,0,0,179.4,0,500,긴급,500,,,virtual_dummy.xlsx,L48_재고수량·잔여일수,2026-10-05T01:15
PH_DUMMY_01,2026-10-16,R004,1421,0,185,0,1236,1236,0,217.1,5.7,0,,0,,,virtual_dummy.xlsx,L48_재고수량·잔여일수,2026-10-05T01:15
PH_DUMMY_01,2026-10-16,R005,1283,0,485,0,798,828,30,378.1,2.1,0,,0,,,virtual_dummy.xlsx,L48_재고수량·잔여일수,2026-10-05T01:15
PH_DUMMY_01,2026-10-16,R006,946,0,459,0,487,477,-10,312.6,1.6,0,,0,,,virtual_dummy.xlsx,L48_재고수량·잔여일수,2026-10-05T01:15
PH_DUMMY_01,2026-10-16,R007,2891,0,702,0,2189,2189,0,451.3,4.9,0,,0,,,virtual_dummy.xlsx,L48_재고수량·잔여일수,2026-10-05T01:15
PH_DUMMY_01,2026-10-16,O001,39,0,5,0,34,34,0,5.3,6.4,0,,0,,,virtual_dummy.xlsx,L48_재고수량·잔여일수,2026-10-05T01:15
PH_DUMMY_01,2026-10-16,O002,27,0,3,0,24,24,0,1.4,16.8,0,,0,,,virtual_dummy.xlsx,L48_재고수량·잔여일수,2026-10-05T01:15
PH_DUMMY_01,2026-10-16,O003,21,0,5,0,16,16,0,3.3,4.9,0,,0,,,virtual_dummy.xlsx,L48_재고수량·잔여일수,2026-10-05T01:15
PH_DUMMY_01,2026-10-16,O004,2,0,1,0,1,1,0,0.6,1.8,0,,0,,,virtual_dummy.xlsx,L48_재고수량·잔여일수,2026-10-05T01:15
PH_DUMMY_01,2026-10-16,Q001,6,0,2,0,4,4,0,1.3,3.1,0,,0,,,virtual_dummy.xlsx,L48_재고수량·잔여일수,2026-10-05T01:15
PH_DUMMY_01,2026-10-16,Q002,1,0,0,0,1,1,0,0.3,3.5,0,,0,,,virtual_dummy.xlsx,L48_재고수량·잔여일수,2026-10-05T01:15
PH_DUMMY_01,2026-10-17,R001,214,0,59,0,155,185,30,87.6,1.8,0,,0,,,virtual_dummy.xlsx,L48_재고수량·잔여일수,2026-10-05T01:15
PH_DUMMY_01,2026-10-17,R002,496,0,155,0,341,401,60,220.1,1.5,0,,0,,,virtual_dummy.xlsx,L48_재고수량·잔여일수,2026-10-05T01:15
PH_DUMMY_01,2026-10-17,R003,0,500,41,0,459,459,0,177.4,2.6,0,,0,,,virtual_dummy.xlsx,L48_재고수량·잔여일수,2026-10-05T01:15
PH_DUMMY_01,2026-10-17,R004,1236,0,180,0,1056,1056,0,220.9,4.8,0,,0,,,virtual_dummy.xlsx,L48_재고수량·잔여일수,2026-10-05T01:15
PH_DUMMY_01,2026-10-17,R005,798,0,302,0,496,526,30,358.6,1.4,1000,긴급,1000,,,virtual_dummy.xlsx,L48_재고수량·잔여일수,2026-10-05T01:15
PH_DUMMY_01,2026-10-17,R006,487,0,129,0,358,368,10,291.6,1.2,900,긴급,900,,,virtual_dummy.xlsx,L48_재고수량·잔여일수,2026-10-05T01:15
PH_DUMMY_01,2026-10-17,R007,2189,0,281,0,1908,1908,0,435.4,4.4,0,,0,,,virtual_dummy.xlsx,L48_재고수량·잔여일수,2026-10-05T01:15
PH_DUMMY_01,2026-10-17,O001,34,0,3,0,31,31,0,5.1,6,0,,0,,,virtual_dummy.xlsx,L48_재고수량·잔여일수,2026-10-05T01:15
PH_DUMMY_01,2026-10-17,O002,24,0,2,0,22,22,0,1.7,12.8,0,,0,,,virtual_dummy.xlsx,L48_재고수량·잔여일수,2026-10-05T01:15
PH_DUMMY_01,2026-10-17,O003,16,0,1,0,15,15,0,3.3,4.6,0,,0,,,virtual_dummy.xlsx,L48_재고수량·잔여일수,2026-10-05T01:15
PH_DUMMY_01,2026-10-17,O004,1,0,0,0,1,1,0,0.4,2.3,0,,0,,,virtual_dummy.xlsx,L48_재고수량·잔여일수,2026-10-05T01:15
PH_DUMMY_01,2026-10-17,Q001,4,0,1,0,3,3,0,1.4,2.1,0,,0,,,virtual_dummy.xlsx,L48_재고수량·잔여일수,2026-10-05T01:15
PH_DUMMY_01,2026-10-17,Q002,1,0,1,0,0,0,0,0.4,0,2,긴급,2,,,virtual_dummy.xlsx,L48_재고수량·잔여일수,2026-10-05T01:15
PH_DUMMY_01,2026-10-18,R001,155,0,0,0,155,185,30,,,0,,0,,,virtual_dummy.xlsx,L48_재고수량·잔여일수,2026-10-05T01:15
PH_DUMMY_01,2026-10-18,R002,341,0,0,0,341,401,60,,,0,,0,,,virtual_dummy.xlsx,L48_재고수량·잔여일수,2026-10-05T01:15
PH_DUMMY_01,2026-10-18,R003,459,0,0,0,459,459,0,,,0,,0,,,virtual_dummy.xlsx,L48_재고수량·잔여일수,2026-10-05T01:15
PH_DUMMY_01,2026-10-18,R004,1056,0,0,0,1056,1056,0,,,0,,0,,,virtual_dummy.xlsx,L48_재고수량·잔여일수,2026-10-05T01:15
PH_DUMMY_01,2026-10-18,R005,496,0,0,0,496,526,30,,,0,,0,,,virtual_dummy.xlsx,L48_재고수량·잔여일수,2026-10-05T01:15
PH_DUMMY_01,2026-10-18,R006,358,0,0,0,358,368,10,,,0,,0,,,virtual_dummy.xlsx,L48_재고수량·잔여일수,2026-10-05T01:15
PH_DUMMY_01,2026-10-18,R007,1908,0,0,0,1908,1908,0,,,0,,0,,,virtual_dummy.xlsx,L48_재고수량·잔여일수,2026-10-05T01:15
PH_DUMMY_01,2026-10-18,O001,31,0,0,0,31,31,0,,,0,,0,,,virtual_dummy.xlsx,L48_재고수량·잔여일수,2026-10-05T01:15
PH_DUMMY_01,2026-10-18,O002,22,0,0,0,22,22,0,,,0,,0,,,virtual_dummy.xlsx,L48_재고수량·잔여일수,2026-10-05T01:15
PH_DUMMY_01,2026-10-18,O003,15,0,0,0,15,15,0,,,0,,0,,,virtual_dummy.xlsx,L48_재고수량·잔여일수,2026-10-05T01:15
PH_DUMMY_01,2026-10-18,O004,1,0,0,0,1,1,0,,,0,,0,,,virtual_dummy.xlsx,L48_재고수량·잔여일수,2026-10-05T01:15
PH_DUMMY_01,2026-10-18,Q001,3,0,0,0,3,3,0,,,0,,0,,,virtual_dummy.xlsx,L48_재고수량·잔여일수,2026-10-05T01:15
PH_DUMMY_01,2026-10-18,Q002,0,0,0,0,0,0,0,,,0,,0,,,virtual_dummy.xlsx,L48_재고수량·잔여일수,2026-10-05T01:15
PH_DUMMY_01,2026-10-19,R001,155,0,136,0,19,59,40,101.6,0.2,700,정기(주간),700,,,virtual_dummy.xlsx,L48_재고수량·잔여일수,2026-10-05T01:15
PH_DUMMY_01,2026-10-19,R002,341,0,241,0,100,160,60,230.9,0.4,1500,정기(주간),1500,,,virtual_dummy.xlsx,L48_재고수량·잔여일수,2026-10-05T01:15
PH_DUMMY_01,2026-10-19,R003,459,0,154,0,305,285,-20,181.3,1.7,900,정기(주간),900,,,virtual_dummy.xlsx,L48_재고수량·잔여일수,2026-10-05T01:15
PH_DUMMY_01,2026-10-19,R004,1056,0,541,0,515,515,0,274,1.9,2000,정기(주간),2000,,,virtual_dummy.xlsx,L48_재고수량·잔여일수,2026-10-05T01:15
PH_DUMMY_01,2026-10-19,R005,496,1000,254,0,1242,1272,30,364.4,3.4,1500,정기(주간),1500,,,virtual_dummy.xlsx,L48_재고수량·잔여일수,2026-10-05T01:15
PH_DUMMY_01,2026-10-19,R006,358,900,104,0,1154,1164,10,287.1,4,900,정기(주간),900,,,virtual_dummy.xlsx,L48_재고수량·잔여일수,2026-10-05T01:15
PH_DUMMY_01,2026-10-19,R007,1908,0,306,0,1602,1632,30,423.6,3.8,2000,정기(주간),2000,,,virtual_dummy.xlsx,L48_재고수량·잔여일수,2026-10-05T01:15
PH_DUMMY_01,2026-10-19,O001,31,0,1,0,30,30,0,4,7.5,20,정기(주간),20,,,virtual_dummy.xlsx,L48_재고수량·잔여일수,2026-10-05T01:15
PH_DUMMY_01,2026-10-19,O002,22,0,2,0,20,20,0,1.7,11.7,0,,0,,,virtual_dummy.xlsx,L48_재고수량·잔여일수,2026-10-05T01:15
PH_DUMMY_01,2026-10-19,O003,15,0,9,0,6,6,0,4.1,1.4,30,정기(주간),30,,,virtual_dummy.xlsx,L48_재고수량·잔여일수,2026-10-05T01:15
PH_DUMMY_01,2026-10-19,O004,1,0,0,0,1,1,0,0.4,2.3,4,정기(주간),4,,,virtual_dummy.xlsx,L48_재고수량·잔여일수,2026-10-05T01:15
PH_DUMMY_01,2026-10-19,Q001,3,0,2,0,1,1,0,1.7,0.6,10,정기(주간),10,,,virtual_dummy.xlsx,L48_재고수량·잔여일수,2026-10-05T01:15
PH_DUMMY_01,2026-10-19,Q002,0,2,0,0,2,2,0,0.3,7,2,정기(주간),2,,,virtual_dummy.xlsx,L48_재고수량·잔여일수,2026-10-05T01:15
PH_DUMMY_01,2026-10-20,R001,19,700,81,0,638,678,40,101.6,6.3,0,,0,,,virtual_dummy.xlsx,L48_재고수량·잔여일수,2026-10-05T01:15
PH_DUMMY_01,2026-10-20,R002,100,1500,170,0,1430,1490,60,242.3,5.9,0,,0,,,virtual_dummy.xlsx,L48_재고수량·잔여일수,2026-10-05T01:15
PH_DUMMY_01,2026-10-20,R003,305,900,98,0,1107,1087,-20,182.9,6.1,0,,0,,,virtual_dummy.xlsx,L48_재고수량·잔여일수,2026-10-05T01:15
PH_DUMMY_01,2026-10-20,R004,515,2000,722,0,1793,1793,0,350.3,5.1,0,,0,,,virtual_dummy.xlsx,L48_재고수량·잔여일수,2026-10-05T01:15
PH_DUMMY_01,2026-10-20,R005,1242,1500,491,0,2251,2281,30,395.9,5.7,0,,0,,,virtual_dummy.xlsx,L48_재고수량·잔여일수,2026-10-05T01:15
PH_DUMMY_01,2026-10-20,R006,1154,900,212,0,1842,1822,-20,278.9,6.6,0,,0,,,virtual_dummy.xlsx,L48_재고수량·잔여일수,2026-10-05T01:15
PH_DUMMY_01,2026-10-20,R007,1602,2000,469,0,3133,3163,30,454.7,6.9,0,,0,,,virtual_dummy.xlsx,L48_재고수량·잔여일수,2026-10-05T01:15
PH_DUMMY_01,2026-10-20,O001,30,20,9,0,41,41,0,4.1,9.9,0,,0,,,virtual_dummy.xlsx,L48_재고수량·잔여일수,2026-10-05T01:15
PH_DUMMY_01,2026-10-20,O002,20,0,4,0,16,16,0,2.1,7.5,0,,0,,,virtual_dummy.xlsx,L48_재고수량·잔여일수,2026-10-05T01:15
PH_DUMMY_01,2026-10-20,O003,6,30,7,0,29,27,-2,4.9,6,0,,0,,,virtual_dummy.xlsx,L48_재고수량·잔여일수,2026-10-05T01:15
PH_DUMMY_01,2026-10-20,O004,1,4,1,0,4,4,0,0.4,9.3,0,,0,,,virtual_dummy.xlsx,L48_재고수량·잔여일수,2026-10-05T01:15
PH_DUMMY_01,2026-10-20,Q001,1,10,0,0,11,11,0,1.6,7,0,,0,,,virtual_dummy.xlsx,L48_재고수량·잔여일수,2026-10-05T01:15
PH_DUMMY_01,2026-10-20,Q002,2,2,0,0,4,4,0,0.3,14,0,,0,,,virtual_dummy.xlsx,L48_재고수량·잔여일수,2026-10-05T01:15
PH_DUMMY_01,2026-10-21,R001,638,0,72,0,566,606,40,98.3,5.8,0,,0,,,virtual_dummy.xlsx,L48_재고수량·잔여일수,2026-10-05T01:15
PH_DUMMY_01,2026-10-21,R002,1430,0,134,0,1296,1356,60,227.7,5.7,0,,0,,,virtual_dummy.xlsx,L48_재고수량·잔여일수,2026-10-05T01:15
PH_DUMMY_01,2026-10-21,R003,1107,0,90,0,1017,997,-20,166.3,6.1,0,,0,,,virtual_dummy.xlsx,L48_재고수량·잔여일수,2026-10-05T01:15
PH_DUMMY_01,2026-10-21,R004,1793,0,199,0,1594,1594,0,346.3,4.6,0,,0,,,virtual_dummy.xlsx,L48_재고수량·잔여일수,2026-10-05T01:15
PH_DUMMY_01,2026-10-21,R005,2251,0,535,0,1716,1746,30,416.4,4.1,0,,0,,,virtual_dummy.xlsx,L48_재고수량·잔여일수,2026-10-05T01:15
PH_DUMMY_01,2026-10-21,R006,1842,0,255,0,1587,1567,-20,266.9,5.9,0,,0,,,virtual_dummy.xlsx,L48_재고수량·잔여일수,2026-10-05T01:15
PH_DUMMY_01,2026-10-21,R007,3133,0,379,0,2754,2784,30,461.7,6,0,,0,,,virtual_dummy.xlsx,L48_재고수량·잔여일수,2026-10-05T01:15
PH_DUMMY_01,2026-10-21,O001,41,0,6,0,35,35,0,4.6,7.7,0,,0,,,virtual_dummy.xlsx,L48_재고수량·잔여일수,2026-10-05T01:15
PH_DUMMY_01,2026-10-21,O002,16,0,3,0,13,13,0,2.3,5.7,0,,0,,,virtual_dummy.xlsx,L48_재고수량·잔여일수,2026-10-05T01:15
PH_DUMMY_01,2026-10-21,O003,29,0,4,0,25,23,-2,4.9,5.1,0,,0,,,virtual_dummy.xlsx,L48_재고수량·잔여일수,2026-10-05T01:15
PH_DUMMY_01,2026-10-21,O004,4,0,0,0,4,4,0,0.4,9.3,0,,0,,,virtual_dummy.xlsx,L48_재고수량·잔여일수,2026-10-05T01:15
PH_DUMMY_01,2026-10-21,Q001,11,0,0,0,11,11,0,1.4,7.7,0,,0,,,virtual_dummy.xlsx,L48_재고수량·잔여일수,2026-10-05T01:15
PH_DUMMY_01,2026-10-21,Q002,4,0,0,0,4,4,0,0.1,28,0,,0,,,virtual_dummy.xlsx,L48_재고수량·잔여일수,2026-10-05T01:15
PH_DUMMY_01,2026-10-22,R001,566,0,41,0,525,565,40,96.6,5.4,0,,0,,,virtual_dummy.xlsx,L48_재고수량·잔여일수,2026-10-05T01:15
PH_DUMMY_01,2026-10-22,R002,1296,0,144,0,1152,1212,60,209.6,5.5,0,,0,,,virtual_dummy.xlsx,L48_재고수량·잔여일수,2026-10-05T01:15
PH_DUMMY_01,2026-10-22,R003,1017,0,47,0,970,940,-30,171.3,5.7,0,,0,,,virtual_dummy.xlsx,L48_재고수량·잔여일수,2026-10-05T01:15
PH_DUMMY_01,2026-10-22,R004,1594,0,346,0,1248,1248,0,395.7,3.2,0,,0,,,virtual_dummy.xlsx,L48_재고수량·잔여일수,2026-10-05T01:15
PH_DUMMY_01,2026-10-22,R005,1716,0,434,0,1282,1312,30,423.3,3,0,,0,,,virtual_dummy.xlsx,L48_재고수량·잔여일수,2026-10-05T01:15
PH_DUMMY_01,2026-10-22,R006,1587,0,361,0,1226,1206,-20,272.6,4.5,0,,0,,,virtual_dummy.xlsx,L48_재고수량·잔여일수,2026-10-05T01:15
PH_DUMMY_01,2026-10-22,R007,2754,0,530,0,2224,2224,0,447.9,5,0,,0,,,virtual_dummy.xlsx,L48_재고수량·잔여일수,2026-10-05T01:15
PH_DUMMY_01,2026-10-22,O001,35,0,3,0,32,32,0,4.4,7.2,0,,0,,,virtual_dummy.xlsx,L48_재고수량·잔여일수,2026-10-05T01:15
PH_DUMMY_01,2026-10-22,O002,13,0,4,0,9,9,0,2.6,3.5,0,,0,,,virtual_dummy.xlsx,L48_재고수량·잔여일수,2026-10-05T01:15
PH_DUMMY_01,2026-10-22,O003,25,0,2,0,23,21,-2,4.4,5.2,0,,0,,,virtual_dummy.xlsx,L48_재고수량·잔여일수,2026-10-05T01:15
PH_DUMMY_01,2026-10-22,O004,4,0,0,0,4,4,0,0.3,14,0,,0,,,virtual_dummy.xlsx,L48_재고수량·잔여일수,2026-10-05T01:15
PH_DUMMY_01,2026-10-22,Q001,11,0,2,0,9,9,0,1.3,7,0,,0,,,virtual_dummy.xlsx,L48_재고수량·잔여일수,2026-10-05T01:15
PH_DUMMY_01,2026-10-22,Q002,4,0,0,0,4,4,0,0.1,28,0,,0,,,virtual_dummy.xlsx,L48_재고수량·잔여일수,2026-10-05T01:15
PH_DUMMY_01,2026-10-23,R001,525,0,148,0,377,417,40,99,3.8,0,,0,,,virtual_dummy.xlsx,L48_재고수량·잔여일수,2026-10-05T01:15
PH_DUMMY_01,2026-10-23,R002,1152,0,422,0,730,790,60,217.3,3.4,0,,0,,,virtual_dummy.xlsx,L48_재고수량·잔여일수,2026-10-05T01:15
PH_DUMMY_01,2026-10-23,R003,970,0,206,0,764,734,-30,130.7,5.8,0,,0,,,virtual_dummy.xlsx,L48_재고수량·잔여일수,2026-10-05T01:15
PH_DUMMY_01,2026-10-23,R004,1248,0,198,0,1050,1050,0,338.7,3.1,0,,0,,,virtual_dummy.xlsx,L48_재고수량·잔여일수,2026-10-05T01:15
PH_DUMMY_01,2026-10-23,R005,1282,0,267,0,1015,1045,30,395.4,2.6,0,,0,,,virtual_dummy.xlsx,L48_재고수량·잔여일수,2026-10-05T01:15
PH_DUMMY_01,2026-10-23,R006,1226,0,376,0,850,830,-20,270.9,3.1,0,,0,,,virtual_dummy.xlsx,L48_재고수량·잔여일수,2026-10-05T01:15
PH_DUMMY_01,2026-10-23,R007,2224,0,702,0,1522,1502,-20,481.3,3.2,0,,0,,,virtual_dummy.xlsx,L48_재고수량·잔여일수,2026-10-05T01:15
PH_DUMMY_01,2026-10-23,O001,32,0,10,0,22,22,0,5.3,4.2,0,,0,,,virtual_dummy.xlsx,L48_재고수량·잔여일수,2026-10-05T01:15
PH_DUMMY_01,2026-10-23,O002,9,0,3,0,6,6,0,3,2,0,,0,,,virtual_dummy.xlsx,L48_재고수량·잔여일수,2026-10-05T01:15
PH_DUMMY_01,2026-10-23,O003,23,0,6,0,17,15,-2,4.9,3.5,0,,0,,,virtual_dummy.xlsx,L48_재고수량·잔여일수,2026-10-05T01:15
PH_DUMMY_01,2026-10-23,O004,4,0,0,0,4,4,0,0.3,14,0,,0,,,virtual_dummy.xlsx,L48_재고수량·잔여일수,2026-10-05T01:15
PH_DUMMY_01,2026-10-23,Q001,9,0,3,0,6,6,0,1.4,4.2,0,,0,,,virtual_dummy.xlsx,L48_재고수량·잔여일수,2026-10-05T01:15
PH_DUMMY_01,2026-10-23,Q002,4,0,1,0,3,3,0,0.3,10.5,0,,0,,,virtual_dummy.xlsx,L48_재고수량·잔여일수,2026-10-05T01:15
PH_DUMMY_01,2026-10-24,R001,377,0,67,0,310,320,10,86.3,3.6,0,,0,,,virtual_dummy.xlsx,L48_재고수량·잔여일수,2026-10-05T01:15
PH_DUMMY_01,2026-10-24,R002,730,0,87,0,643,703,60,193.3,3.3,0,,0,,,virtual_dummy.xlsx,L48_재고수량·잔여일수,2026-10-05T01:15
PH_DUMMY_01,2026-10-24,R003,764,0,93,0,671,641,-30,104.1,6.4,0,,0,,,virtual_dummy.xlsx,L48_재고수량·잔여일수,2026-10-05T01:15
PH_DUMMY_01,2026-10-24,R004,1050,0,143,0,907,907,0,332.7,2.7,0,,0,,,virtual_dummy.xlsx,L48_재고수량·잔여일수,2026-10-05T01:15
PH_DUMMY_01,2026-10-24,R005,1015,0,102,0,913,943,30,340.7,2.7,0,,0,,,virtual_dummy.xlsx,L48_재고수량·잔여일수,2026-10-05T01:15
PH_DUMMY_01,2026-10-24,R006,850,0,249,0,601,581,-20,240.9,2.5,0,,0,,,virtual_dummy.xlsx,L48_재고수량·잔여일수,2026-10-05T01:15
PH_DUMMY_01,2026-10-24,R007,1522,0,287,0,1235,1195,-40,422,2.9,0,,0,,,virtual_dummy.xlsx,L48_재고수량·잔여일수,2026-10-05T01:15
PH_DUMMY_01,2026-10-24,O001,22,0,4,0,18,18,0,5.1,3.5,0,,0,,,virtual_dummy.xlsx,L48_재고수량·잔여일수,2026-10-05T01:15
PH_DUMMY_01,2026-10-24,O002,6,0,1,0,5,5,0,2.7,1.8,0,,0,,,virtual_dummy.xlsx,L48_재고수량·잔여일수,2026-10-05T01:15
PH_DUMMY_01,2026-10-24,O003,17,0,1,0,16,14,-2,4.3,3.7,0,,0,,,virtual_dummy.xlsx,L48_재고수량·잔여일수,2026-10-05T01:15
PH_DUMMY_01,2026-10-24,O004,4,0,0,0,4,4,0,0.1,28,0,,0,,,virtual_dummy.xlsx,L48_재고수량·잔여일수,2026-10-05T01:15
PH_DUMMY_01,2026-10-24,Q001,6,0,3,0,3,3,0,1.6,1.9,0,,0,,,virtual_dummy.xlsx,L48_재고수량·잔여일수,2026-10-05T01:15
PH_DUMMY_01,2026-10-24,Q002,3,0,0,0,3,3,0,0.3,10.5,0,,0,,,virtual_dummy.xlsx,L48_재고수량·잔여일수,2026-10-05T01:15
PH_DUMMY_01,2026-10-25,R001,310,0,0,0,310,320,10,,,0,,0,,,virtual_dummy.xlsx,L48_재고수량·잔여일수,2026-10-05T01:15
PH_DUMMY_01,2026-10-25,R002,643,0,0,0,643,703,60,,,0,,0,,,virtual_dummy.xlsx,L48_재고수량·잔여일수,2026-10-05T01:15
PH_DUMMY_01,2026-10-25,R003,671,0,0,0,671,641,-30,,,0,,0,,,virtual_dummy.xlsx,L48_재고수량·잔여일수,2026-10-05T01:15
PH_DUMMY_01,2026-10-25,R004,907,0,0,0,907,907,0,,,0,,0,,,virtual_dummy.xlsx,L48_재고수량·잔여일수,2026-10-05T01:15
PH_DUMMY_01,2026-10-25,R005,913,0,0,0,913,943,30,,,0,,0,,,virtual_dummy.xlsx,L48_재고수량·잔여일수,2026-10-05T01:15
PH_DUMMY_01,2026-10-25,R006,601,0,0,0,601,581,-20,,,0,,0,,,virtual_dummy.xlsx,L48_재고수량·잔여일수,2026-10-05T01:15
PH_DUMMY_01,2026-10-25,R007,1235,0,0,0,1235,1195,-40,,,0,,0,,,virtual_dummy.xlsx,L48_재고수량·잔여일수,2026-10-05T01:15
PH_DUMMY_01,2026-10-25,O001,18,0,0,0,18,18,0,,,0,,0,,,virtual_dummy.xlsx,L48_재고수량·잔여일수,2026-10-05T01:15
PH_DUMMY_01,2026-10-25,O002,5,0,0,0,5,5,0,,,0,,0,,,virtual_dummy.xlsx,L48_재고수량·잔여일수,2026-10-05T01:15
PH_DUMMY_01,2026-10-25,O003,16,0,0,0,16,14,-2,,,0,,0,,,virtual_dummy.xlsx,L48_재고수량·잔여일수,2026-10-05T01:15
PH_DUMMY_01,2026-10-25,O004,4,0,0,0,4,4,0,,,0,,0,,,virtual_dummy.xlsx,L48_재고수량·잔여일수,2026-10-05T01:15
PH_DUMMY_01,2026-10-25,Q001,3,0,0,0,3,3,0,,,0,,0,,,virtual_dummy.xlsx,L48_재고수량·잔여일수,2026-10-05T01:15
PH_DUMMY_01,2026-10-25,Q002,3,0,0,0,3,3,0,,,0,,0,,,virtual_dummy.xlsx,L48_재고수량·잔여일수,2026-10-05T01:15
PH_DUMMY_01,2026-10-26,R001,310,0,101,0,209,219,10,92.3,2.3,600,정기(주간),600,,,virtual_dummy.xlsx,L48_재고수량·잔여일수,2026-10-05T01:15
PH_DUMMY_01,2026-10-26,R002,643,0,236,0,407,467,60,204.9,2,1500,정기(주간),1500,,,virtual_dummy.xlsx,L48_재고수량·잔여일수,2026-10-05T01:15
PH_DUMMY_01,2026-10-26,R003,671,0,219,0,452,422,-30,129.6,3.5,800,정기(주간),800,,,virtual_dummy.xlsx,L48_재고수량·잔여일수,2026-10-05T01:15
PH_DUMMY_01,2026-10-26,R004,907,0,416,0,491,511,20,366.4,1.3,2000,정기(주간),2000,,,virtual_dummy.xlsx,L48_재고수량·잔여일수,2026-10-05T01:15
PH_DUMMY_01,2026-10-26,R005,913,0,386,0,527,557,30,352.7,1.5,2500,정기(주간),2500,,,virtual_dummy.xlsx,L48_재고수량·잔여일수,2026-10-05T01:15
PH_DUMMY_01,2026-10-26,R006,601,0,214,0,387,367,-20,253,1.5,1800,정기(주간),1800,,,virtual_dummy.xlsx,L48_재고수량·잔여일수,2026-10-05T01:15
PH_DUMMY_01,2026-10-26,R007,1235,0,367,0,868,828,-40,434.3,2,3000,정기(주간),3000,,,virtual_dummy.xlsx,L48_재고수량·잔여일수,2026-10-05T01:15
PH_DUMMY_01,2026-10-26,O001,18,0,6,0,12,12,0,5.6,2.2,40,정기(주간),40,,,virtual_dummy.xlsx,L48_재고수량·잔여일수,2026-10-05T01:15
PH_DUMMY_01,2026-10-26,O002,5,0,1,0,4,4,0,2.6,1.6,20,정기(주간),20,,,virtual_dummy.xlsx,L48_재고수량·잔여일수,2026-10-05T01:15
PH_DUMMY_01,2026-10-26,O003,16,0,6,0,10,8,-2,5,2,30,정기(주간),30,,,virtual_dummy.xlsx,L48_재고수량·잔여일수,2026-10-05T01:15
PH_DUMMY_01,2026-10-26,O004,4,0,0,0,4,4,0,0.1,28,0,,0,,,virtual_dummy.xlsx,L48_재고수량·잔여일수,2026-10-05T01:15
PH_DUMMY_01,2026-10-26,Q001,3,0,2,0,1,1,0,1.7,0.6,20,정기(주간),20,,,virtual_dummy.xlsx,L48_재고수량·잔여일수,2026-10-05T01:15
PH_DUMMY_01,2026-10-26,Q002,3,0,0,0,3,2,-1,0.1,21,0,,0,,,virtual_dummy.xlsx,L48_재고수량·잔여일수,2026-10-05T01:15
PH_DUMMY_01,2026-10-27,R001,209,600,106,0,703,713,10,88,8,0,,0,,,virtual_dummy.xlsx,L48_재고수량·잔여일수,2026-10-05T01:15
PH_DUMMY_01,2026-10-27,R002,407,1500,210,0,1697,1757,60,200.4,8.5,0,,0,,,virtual_dummy.xlsx,L48_재고수량·잔여일수,2026-10-05T01:15
PH_DUMMY_01,2026-10-27,R003,452,800,228,0,1024,964,-60,140.1,7.3,0,,0,,,virtual_dummy.xlsx,L48_재고수량·잔여일수,2026-10-05T01:15
PH_DUMMY_01,2026-10-27,R004,491,2000,320,0,2171,2201,30,334.9,6.5,0,,0,,,virtual_dummy.xlsx,L48_재고수량·잔여일수,2026-10-05T01:15
PH_DUMMY_01,2026-10-27,R005,527,2500,272,0,2755,2785,30,355.3,7.8,0,,0,,,virtual_dummy.xlsx,L48_재고수량·잔여일수,2026-10-05T01:15
PH_DUMMY_01,2026-10-27,R006,387,1800,314,0,1873,1853,-20,283,6.6,0,,0,,,virtual_dummy.xlsx,L48_재고수량·잔여일수,2026-10-05T01:15
PH_DUMMY_01,2026-10-27,R007,868,3000,514,0,3354,3314,-40,464,7.2,0,,0,,,virtual_dummy.xlsx,L48_재고수량·잔여일수,2026-10-05T01:15
PH_DUMMY_01,2026-10-27,O001,12,40,2,0,50,50,0,5.7,8.8,0,,0,,,virtual_dummy.xlsx,L48_재고수량·잔여일수,2026-10-05T01:15
PH_DUMMY_01,2026-10-27,O002,4,20,6,0,18,18,0,3.1,5.7,0,,0,,,virtual_dummy.xlsx,L48_재고수량·잔여일수,2026-10-05T01:15
PH_DUMMY_01,2026-10-27,O003,10,30,2,0,38,36,-2,4,9.5,0,,0,,,virtual_dummy.xlsx,L48_재고수량·잔여일수,2026-10-05T01:15
PH_DUMMY_01,2026-10-27,O004,4,0,0,0,4,4,0,0.1,28,0,,0,,,virtual_dummy.xlsx,L48_재고수량·잔여일수,2026-10-05T01:15
PH_DUMMY_01,2026-10-27,Q001,1,20,1,0,20,20,0,1.6,12.7,0,,0,,,virtual_dummy.xlsx,L48_재고수량·잔여일수,2026-10-05T01:15
PH_DUMMY_01,2026-10-27,Q002,3,0,0,0,3,2,-1,0.1,21,0,,0,,,virtual_dummy.xlsx,L48_재고수량·잔여일수,2026-10-05T01:15
PH_DUMMY_01,2026-10-28,R001,703,0,85,0,618,628,10,88.6,7,0,,0,,,virtual_dummy.xlsx,L48_재고수량·잔여일수,2026-10-05T01:15
PH_DUMMY_01,2026-10-28,R002,1697,0,56,0,1641,1701,60,184.1,8.9,0,,0,,,virtual_dummy.xlsx,L48_재고수량·잔여일수,2026-10-05T01:15
PH_DUMMY_01,2026-10-28,R003,1024,0,35,0,989,909,-80,131.1,7.5,0,,0,,,virtual_dummy.xlsx,L48_재고수량·잔여일수,2026-10-05T01:15
PH_DUMMY_01,2026-10-28,R004,2171,0,48,0,2123,2153,30,238.6,8.9,0,,0,,,virtual_dummy.xlsx,L48_재고수량·잔여일수,2026-10-05T01:15
PH_DUMMY_01,2026-10-28,R005,2755,0,366,0,2389,2419,30,337.4,7.1,0,,0,,,virtual_dummy.xlsx,L48_재고수량·잔여일수,2026-10-05T01:15
PH_DUMMY_01,2026-10-28,R006,1873,0,149,0,1724,1704,-20,274,6.3,0,,0,,,virtual_dummy.xlsx,L48_재고수량·잔여일수,2026-10-05T01:15
PH_DUMMY_01,2026-10-28,R007,3354,0,354,0,3000,2960,-40,447.6,6.7,0,,0,,,virtual_dummy.xlsx,L48_재고수량·잔여일수,2026-10-05T01:15
PH_DUMMY_01,2026-10-28,O001,50,0,3,0,47,47,0,4.9,9.7,0,,0,,,virtual_dummy.xlsx,L48_재고수량·잔여일수,2026-10-05T01:15
PH_DUMMY_01,2026-10-28,O002,18,0,3,0,15,15,0,3,5,0,,0,,,virtual_dummy.xlsx,L48_재고수량·잔여일수,2026-10-05T01:15
PH_DUMMY_01,2026-10-28,O003,38,0,4,0,34,32,-2,3.6,9.5,0,,0,,,virtual_dummy.xlsx,L48_재고수량·잔여일수,2026-10-05T01:15
PH_DUMMY_01,2026-10-28,O004,4,0,0,0,4,7,3,0,,0,,0,,,virtual_dummy.xlsx,L48_재고수량·잔여일수,2026-10-05T01:15
PH_DUMMY_01,2026-10-28,Q001,20,0,0,0,20,20,0,1.6,12.7,0,,0,,,virtual_dummy.xlsx,L48_재고수량·잔여일수,2026-10-05T01:15
PH_DUMMY_01,2026-10-28,Q002,3,0,0,0,3,2,-1,0.1,21,0,,0,,,virtual_dummy.xlsx,L48_재고수량·잔여일수,2026-10-05T01:15
PH_DUMMY_01,2026-10-29,R001,618,0,123,0,495,525,30,95.9,5.2,0,,0,,,virtual_dummy.xlsx,L48_재고수량·잔여일수,2026-10-05T01:15
PH_DUMMY_01,2026-10-29,R002,1641,0,360,0,1281,1321,40,216.4,5.9,0,,0,,,virtual_dummy.xlsx,L48_재고수량·잔여일수,2026-10-05T01:15
PH_DUMMY_01,2026-10-29,R003,989,0,159,0,830,730,-100,141,5.9,0,,0,,,virtual_dummy.xlsx,L48_재고수량·잔여일수,2026-10-05T01:15
PH_DUMMY_01,2026-10-29,R004,2123,0,628,0,1495,1525,30,299.9,5,0,,0,,,virtual_dummy.xlsx,L48_재고수량·잔여일수,2026-10-05T01:15
PH_DUMMY_01,2026-10-29,R005,2389,0,460,0,1929,1959,30,326.7,5.9,0,,0,,,virtual_dummy.xlsx,L48_재고수량·잔여일수,2026-10-05T01:15
PH_DUMMY_01,2026-10-29,R006,1724,0,333,0,1391,1371,-20,285.1,4.9,0,,0,,,virtual_dummy.xlsx,L48_재고수량·잔여일수,2026-10-05T01:15
PH_DUMMY_01,2026-10-29,R007,3000,0,1101,0,1899,1889,-10,550.7,3.4,0,,0,,,virtual_dummy.xlsx,L48_재고수량·잔여일수,2026-10-05T01:15
PH_DUMMY_01,2026-10-29,O001,47,0,3,0,44,44,0,4.4,9.9,0,,0,,,virtual_dummy.xlsx,L48_재고수량·잔여일수,2026-10-05T01:15
PH_DUMMY_01,2026-10-29,O002,15,0,5,0,10,10,0,3.3,3,0,,0,,,virtual_dummy.xlsx,L48_재고수량·잔여일수,2026-10-05T01:15
PH_DUMMY_01,2026-10-29,O003,34,0,8,0,26,24,-2,4.1,6.3,0,,0,,,virtual_dummy.xlsx,L48_재고수량·잔여일수,2026-10-05T01:15
PH_DUMMY_01,2026-10-29,O004,4,0,1,0,3,6,3,0.1,21,0,,0,,,virtual_dummy.xlsx,L48_재고수량·잔여일수,2026-10-05T01:15
PH_DUMMY_01,2026-10-29,Q001,20,0,4,0,16,13,-3,2.1,7.5,0,,0,,,virtual_dummy.xlsx,L48_재고수량·잔여일수,2026-10-05T01:15
PH_DUMMY_01,2026-10-29,Q002,3,0,0,0,3,2,-1,0.1,21,0,,0,,,virtual_dummy.xlsx,L48_재고수량·잔여일수,2026-10-05T01:15
PH_DUMMY_01,2026-10-30,R001,495,0,107,0,388,418,30,105.3,3.7,0,,0,,,virtual_dummy.xlsx,L48_재고수량·잔여일수,2026-10-05T01:15
PH_DUMMY_01,2026-10-30,R002,1281,0,230,0,1051,1091,40,228.7,4.6,0,,0,,,virtual_dummy.xlsx,L48_재고수량·잔여일수,2026-10-05T01:15
PH_DUMMY_01,2026-10-30,R003,830,0,222,0,608,508,-100,166,3.7,0,,0,,,virtual_dummy.xlsx,L48_재고수량·잔여일수,2026-10-05T01:15
PH_DUMMY_01,2026-10-30,R004,1495,0,408,0,1087,1117,30,308.7,3.5,0,,0,,,virtual_dummy.xlsx,L48_재고수량·잔여일수,2026-10-05T01:15
PH_DUMMY_01,2026-10-30,R005,1929,0,817,0,1112,1142,30,381.4,2.9,0,,0,,,virtual_dummy.xlsx,L48_재고수량·잔여일수,2026-10-05T01:15
PH_DUMMY_01,2026-10-30,R006,1391,0,301,0,1090,1070,-20,276.6,3.9,0,,0,,,virtual_dummy.xlsx,L48_재고수량·잔여일수,2026-10-05T01:15
PH_DUMMY_01,2026-10-30,R007,1899,0,1042,0,857,847,-10,623.9,1.4,2000,긴급,2000,,,virtual_dummy.xlsx,L48_재고수량·잔여일수,2026-10-05T01:15
PH_DUMMY_01,2026-10-30,O001,44,0,4,0,40,40,0,4.6,8.8,0,,0,,,virtual_dummy.xlsx,L48_재고수량·잔여일수,2026-10-05T01:15
PH_DUMMY_01,2026-10-30,O002,10,0,1,0,9,9,0,2.9,3.2,0,,0,,,virtual_dummy.xlsx,L48_재고수량·잔여일수,2026-10-05T01:15
PH_DUMMY_01,2026-10-30,O003,26,0,5,0,21,19,-2,4.6,4.6,0,,0,,,virtual_dummy.xlsx,L48_재고수량·잔여일수,2026-10-05T01:15
PH_DUMMY_01,2026-10-30,O004,3,0,0,0,3,6,3,0.1,21,0,,0,,,virtual_dummy.xlsx,L48_재고수량·잔여일수,2026-10-05T01:15
PH_DUMMY_01,2026-10-30,Q001,16,0,0,0,16,13,-3,1.9,8.6,0,,0,,,virtual_dummy.xlsx,L48_재고수량·잔여일수,2026-10-05T01:15
PH_DUMMY_01,2026-10-30,Q002,3,0,0,0,3,2,-1,0.1,21,0,,0,,,virtual_dummy.xlsx,L48_재고수량·잔여일수,2026-10-05T01:15
PH_DUMMY_01,2026-10-31,R001,388,0,85,0,303,303,0,96.3,3.1,0,,0,Y,,virtual_dummy.xlsx,L48_재고수량·잔여일수,2026-10-05T01:15
PH_DUMMY_01,2026-10-31,R002,1051,0,194,0,857,857,0,196.1,4.4,0,,0,Y,,virtual_dummy.xlsx,L48_재고수량·잔여일수,2026-10-05T01:15
PH_DUMMY_01,2026-10-31,R003,608,0,128,0,480,480,0,154.9,3.1,0,,0,Y,,virtual_dummy.xlsx,L48_재고수량·잔여일수,2026-10-05T01:15
PH_DUMMY_01,2026-10-31,R004,1087,0,421,0,666,666,0,340.6,2,0,,0,Y,,virtual_dummy.xlsx,L48_재고수량·잔여일수,2026-10-05T01:15
PH_DUMMY_01,2026-10-31,R005,1112,0,319,0,793,793,0,388.9,2,0,,0,Y,,virtual_dummy.xlsx,L48_재고수량·잔여일수,2026-10-05T01:15
PH_DUMMY_01,2026-10-31,R006,1090,0,115,0,975,975,0,239.3,4.1,0,,0,Y,,virtual_dummy.xlsx,L48_재고수량·잔여일수,2026-10-05T01:15
PH_DUMMY_01,2026-10-31,R007,857,2000,159,0,2698,2698,0,546.3,4.9,0,,0,Y,,virtual_dummy.xlsx,L48_재고수량·잔여일수,2026-10-05T01:15
PH_DUMMY_01,2026-10-31,O001,40,0,10,0,30,30,0,4.6,6.6,0,,0,Y,,virtual_dummy.xlsx,L48_재고수량·잔여일수,2026-10-05T01:15
PH_DUMMY_01,2026-10-31,O002,9,0,3,0,6,6,0,2.9,2.1,0,,0,Y,,virtual_dummy.xlsx,L48_재고수량·잔여일수,2026-10-05T01:15
PH_DUMMY_01,2026-10-31,O003,21,0,3,0,18,18,0,4.1,4.3,0,,0,Y,,virtual_dummy.xlsx,L48_재고수량·잔여일수,2026-10-05T01:15
PH_DUMMY_01,2026-10-31,O004,3,0,0,0,3,3,0,0.1,21,0,,0,Y,,virtual_dummy.xlsx,L48_재고수량·잔여일수,2026-10-05T01:15
PH_DUMMY_01,2026-10-31,Q001,16,0,1,0,15,15,0,1.6,9.5,0,,0,Y,,virtual_dummy.xlsx,L48_재고수량·잔여일수,2026-10-05T01:15
PH_DUMMY_01,2026-10-31,Q002,3,0,0,0,3,3,0,0,,0,,0,Y,,virtual_dummy.xlsx,L48_재고수량·잔여일수,2026-10-05T01:15
PH_DUMMY_01,2026-11-01,R001,303,0,0,0,303,303,0,,,0,,0,,,virtual_dummy.xlsx,L48_재고수량·잔여일수,2026-10-05T01:15
PH_DUMMY_01,2026-11-01,R002,857,0,0,0,857,857,0,,,0,,0,,,virtual_dummy.xlsx,L48_재고수량·잔여일수,2026-10-05T01:15
PH_DUMMY_01,2026-11-01,R003,480,0,0,0,480,480,0,,,0,,0,,,virtual_dummy.xlsx,L48_재고수량·잔여일수,2026-10-05T01:15
PH_DUMMY_01,2026-11-01,R004,666,0,0,0,666,666,0,,,0,,0,,,virtual_dummy.xlsx,L48_재고수량·잔여일수,2026-10-05T01:15
PH_DUMMY_01,2026-11-01,R005,793,0,0,0,793,793,0,,,0,,0,,,virtual_dummy.xlsx,L48_재고수량·잔여일수,2026-10-05T01:15
PH_DUMMY_01,2026-11-01,R006,975,0,0,0,975,975,0,,,0,,0,,,virtual_dummy.xlsx,L48_재고수량·잔여일수,2026-10-05T01:15
PH_DUMMY_01,2026-11-01,R007,2698,0,0,0,2698,2698,0,,,0,,0,,,virtual_dummy.xlsx,L48_재고수량·잔여일수,2026-10-05T01:15
PH_DUMMY_01,2026-11-01,O001,30,0,0,0,30,30,0,,,0,,0,,,virtual_dummy.xlsx,L48_재고수량·잔여일수,2026-10-05T01:15
PH_DUMMY_01,2026-11-01,O002,6,0,0,0,6,6,0,,,0,,0,,,virtual_dummy.xlsx,L48_재고수량·잔여일수,2026-10-05T01:15
PH_DUMMY_01,2026-11-01,O003,18,0,0,0,18,18,0,,,0,,0,,,virtual_dummy.xlsx,L48_재고수량·잔여일수,2026-10-05T01:15
PH_DUMMY_01,2026-11-01,O004,3,0,0,0,3,3,0,,,0,,0,,,virtual_dummy.xlsx,L48_재고수량·잔여일수,2026-10-05T01:15
PH_DUMMY_01,2026-11-01,Q001,15,0,0,0,15,15,0,,,0,,0,,,virtual_dummy.xlsx,L48_재고수량·잔여일수,2026-10-05T01:15
PH_DUMMY_01,2026-11-01,Q002,3,0,0,0,3,3,0,,,0,,0,,,virtual_dummy.xlsx,L48_재고수량·잔여일수,2026-10-05T01:15
PH_DUMMY_01,2026-11-02,R001,303,0,88,0,215,215,0,99.3,2.2,600,정기(주간),600,,,virtual_dummy.xlsx,L48_재고수량·잔여일수,2026-10-05T01:15
PH_DUMMY_01,2026-11-02,R002,857,0,147,0,710,700,-10,204.7,3.5,900,정기(주간),900,,,virtual_dummy.xlsx,L48_재고수량·잔여일수,2026-10-05T01:15
PH_DUMMY_01,2026-11-02,R003,480,0,179,0,301,281,-20,167.1,1.8,800,정기(주간),800,,,virtual_dummy.xlsx,L48_재고수량·잔여일수,2026-10-05T01:15
PH_DUMMY_01,2026-11-02,R004,666,0,327,0,339,339,0,366.9,0.9,2500,정기(주간),2500,,,virtual_dummy.xlsx,L48_재고수량·잔여일수,2026-10-05T01:15
PH_DUMMY_01,2026-11-02,R005,793,0,499,0,294,294,0,445.6,0.7,3000,정기(주간),3000,,,virtual_dummy.xlsx,L48_재고수량·잔여일수,2026-10-05T01:15
PH_DUMMY_01,2026-11-02,R006,975,0,306,0,669,669,0,247.4,2.7,1500,정기(주간),1500,,,virtual_dummy.xlsx,L48_재고수량·잔여일수,2026-10-05T01:15
PH_DUMMY_01,2026-11-02,R007,2698,0,631,0,2067,2067,0,595.4,3.5,2500,정기(주간),2500,,,virtual_dummy.xlsx,L48_재고수량·잔여일수,2026-10-05T01:15
PH_DUMMY_01,2026-11-02,O001,30,0,7,0,23,23,0,5,4.6,30,정기(주간),30,,,virtual_dummy.xlsx,L48_재고수량·잔여일수,2026-10-05T01:15
PH_DUMMY_01,2026-11-02,O002,6,0,3,0,3,3,0,3.1,1,30,정기(주간),30,,,virtual_dummy.xlsx,L48_재고수량·잔여일수,2026-10-05T01:15
PH_DUMMY_01,2026-11-02,O003,18,0,4,0,14,14,0,4.6,3.1,30,정기(주간),30,,,virtual_dummy.xlsx,L48_재고수량·잔여일수,2026-10-05T01:15
PH_DUMMY_01,2026-11-02,O004,3,0,0,0,3,3,0,0.1,21,0,,0,,,virtual_dummy.xlsx,L48_재고수량·잔여일수,2026-10-05T01:15
PH_DUMMY_01,2026-11-02,Q001,15,0,3,0,12,12,0,1.6,7.6,10,정기(주간),10,,,virtual_dummy.xlsx,L48_재고수량·잔여일수,2026-10-05T01:15
PH_DUMMY_01,2026-11-02,Q002,3,0,1,0,2,2,0,0.1,14,0,,0,,,virtual_dummy.xlsx,L48_재고수량·잔여일수,2026-10-05T01:15
PH_DUMMY_01,2026-11-03,R001,215,600,112,0,703,703,0,100.9,7,0,,0,,,virtual_dummy.xlsx,L48_재고수량·잔여일수,2026-10-05T01:15
PH_DUMMY_01,2026-11-03,R002,710,900,178,0,1432,1422,-10,196.4,7.3,0,,0,,,virtual_dummy.xlsx,L48_재고수량·잔여일수,2026-10-05T01:15
PH_DUMMY_01,2026-11-03,R003,301,800,211,0,890,870,-20,166,5.4,0,,0,,,virtual_dummy.xlsx,L48_재고수량·잔여일수,2026-10-05T01:15
PH_DUMMY_01,2026-11-03,R004,339,2500,354,0,2485,2485,0,358,6.9,0,,0,,,virtual_dummy.xlsx,L48_재고수량·잔여일수,2026-10-05T01:15
PH_DUMMY_01,2026-11-03,R005,294,3000,527,0,2767,2767,0,465.7,5.9,0,,0,,,virtual_dummy.xlsx,L48_재고수량·잔여일수,2026-10-05T01:15
PH_DUMMY_01,2026-11-03,R006,669,1500,372,0,1797,1797,0,270,6.7,0,,0,,,virtual_dummy.xlsx,L48_재고수량·잔여일수,2026-10-05T01:15
PH_DUMMY_01,2026-11-03,R007,2067,2500,435,0,4132,4132,0,605.1,6.8,0,,0,,,virtual_dummy.xlsx,L48_재고수량·잔여일수,2026-10-05T01:15
PH_DUMMY_01,2026-11-03,O001,23,30,8,0,45,46,1,5.3,8.5,0,,0,,,virtual_dummy.xlsx,L48_재고수량·잔여일수,2026-10-05T01:15
PH_DUMMY_01,2026-11-03,O002,3,30,4,0,29,29,0,3.6,8.1,0,,0,,,virtual_dummy.xlsx,L48_재고수량·잔여일수,2026-10-05T01:15
PH_DUMMY_01,2026-11-03,O003,14,30,4,0,40,40,0,4.3,9.3,0,,0,,,virtual_dummy.xlsx,L48_재고수량·잔여일수,2026-10-05T01:15
PH_DUMMY_01,2026-11-03,O004,3,0,1,0,2,2,0,0.3,7,0,,0,,,virtual_dummy.xlsx,L48_재고수량·잔여일수,2026-10-05T01:15
PH_DUMMY_01,2026-11-03,Q001,12,10,1,0,21,21,0,1.4,14.7,0,,0,,,virtual_dummy.xlsx,L48_재고수량·잔여일수,2026-10-05T01:15
PH_DUMMY_01,2026-11-03,Q002,2,0,1,0,1,1,0,0.3,3.5,0,,0,,,virtual_dummy.xlsx,L48_재고수량·잔여일수,2026-10-05T01:15
PH_DUMMY_01,2026-11-04,R001,703,0,135,0,568,568,0,105,5.4,0,,0,,,virtual_dummy.xlsx,L48_재고수량·잔여일수,2026-10-05T01:15
PH_DUMMY_01,2026-11-04,R002,1432,0,328,0,1104,1094,-10,213.3,5.2,0,,0,,,virtual_dummy.xlsx,L48_재고수량·잔여일수,2026-10-05T01:15
PH_DUMMY_01,2026-11-04,R003,890,0,53,0,837,817,-20,141,5.9,0,,0,,,virtual_dummy.xlsx,L48_재고수량·잔여일수,2026-10-05T01:15
PH_DUMMY_01,2026-11-04,R004,2485,0,182,0,2303,2303,0,338.3,6.8,0,,0,,,virtual_dummy.xlsx,L48_재고수량·잔여일수,2026-10-05T01:15
PH_DUMMY_01,2026-11-04,R005,2767,0,770,0,1997,1997,0,536.9,3.7,0,,0,,,virtual_dummy.xlsx,L48_재고수량·잔여일수,2026-10-05T01:15
PH_DUMMY_01,2026-11-04,R006,1797,0,422,0,1375,1375,0,285.4,4.8,0,,0,,,virtual_dummy.xlsx,L48_재고수량·잔여일수,2026-10-05T01:15
PH_DUMMY_01,2026-11-04,R007,4132,0,661,0,3471,3471,0,626.1,5.5,0,,0,,,virtual_dummy.xlsx,L48_재고수량·잔여일수,2026-10-05T01:15
PH_DUMMY_01,2026-11-04,O001,45,0,1,0,44,45,1,5.1,8.6,0,,0,,,virtual_dummy.xlsx,L48_재고수량·잔여일수,2026-10-05T01:15
PH_DUMMY_01,2026-11-04,O002,29,0,2,0,27,27,0,3,9,0,,0,,,virtual_dummy.xlsx,L48_재고수량·잔여일수,2026-10-05T01:15
PH_DUMMY_01,2026-11-04,O003,40,0,4,0,36,36,0,4.6,7.9,0,,0,,,virtual_dummy.xlsx,L48_재고수량·잔여일수,2026-10-05T01:15
PH_DUMMY_01,2026-11-04,O004,2,0,1,0,1,1,0,0.4,2.3,0,,0,,,virtual_dummy.xlsx,L48_재고수량·잔여일수,2026-10-05T01:15
PH_DUMMY_01,2026-11-04,Q001,21,0,3,0,18,18,0,1.7,10.5,0,,0,,,virtual_dummy.xlsx,L48_재고수량·잔여일수,2026-10-05T01:15
PH_DUMMY_01,2026-11-04,Q002,1,0,0,0,1,3,2,0.3,3.5,0,,0,,,virtual_dummy.xlsx,L48_재고수량·잔여일수,2026-10-05T01:15
PH_DUMMY_01,2026-11-05,R001,568,0,45,0,523,523,0,99.3,5.3,0,,0,,,virtual_dummy.xlsx,L48_재고수량·잔여일수,2026-10-05T01:15
PH_DUMMY_01,2026-11-05,R002,1104,0,281,0,823,793,-30,245.4,3.4,0,,0,,,virtual_dummy.xlsx,L48_재고수량·잔여일수,2026-10-05T01:15
PH_DUMMY_01,2026-11-05,R003,837,0,138,0,699,679,-20,155.7,4.5,0,,0,,,virtual_dummy.xlsx,L48_재고수량·잔여일수,2026-10-05T01:15
PH_DUMMY_01,2026-11-05,R004,2303,0,215,0,2088,2088,0,362.1,5.8,0,,0,,,virtual_dummy.xlsx,L48_재고수량·잔여일수,2026-10-05T01:15
PH_DUMMY_01,2026-11-05,R005,1997,0,332,0,1665,1665,0,532,3.1,0,,0,,,virtual_dummy.xlsx,L48_재고수량·잔여일수,2026-10-05T01:15
PH_DUMMY_01,2026-11-05,R006,1375,0,325,0,1050,1050,0,310.6,3.4,0,,0,,,virtual_dummy.xlsx,L48_재고수량·잔여일수,2026-10-05T01:15
PH_DUMMY_01,2026-11-05,R007,3471,0,542,0,2929,2929,0,653,4.5,0,,0,,,virtual_dummy.xlsx,L48_재고수량·잔여일수,2026-10-05T01:15
PH_DUMMY_01,2026-11-05,O001,44,0,4,0,40,41,1,5.3,7.6,0,,0,,,virtual_dummy.xlsx,L48_재고수량·잔여일수,2026-10-05T01:15
PH_DUMMY_01,2026-11-05,O002,27,0,2,0,25,25,0,2.9,8.8,0,,0,,,virtual_dummy.xlsx,L48_재고수량·잔여일수,2026-10-05T01:15
PH_DUMMY_01,2026-11-05,O003,36,0,6,0,30,30,0,4.9,6.2,0,,0,,,virtual_dummy.xlsx,L48_재고수량·잔여일수,2026-10-05T01:15
PH_DUMMY_01,2026-11-05,O004,1,0,0,0,1,1,0,0.4,2.3,0,,0,,,virtual_dummy.xlsx,L48_재고수량·잔여일수,2026-10-05T01:15
PH_DUMMY_01,2026-11-05,Q001,18,0,0,0,18,18,0,1.7,10.5,0,,0,,,virtual_dummy.xlsx,L48_재고수량·잔여일수,2026-10-05T01:15
PH_DUMMY_01,2026-11-05,Q002,1,0,0,0,1,3,2,0.3,3.5,0,,0,,,virtual_dummy.xlsx,L48_재고수량·잔여일수,2026-10-05T01:15
PH_DUMMY_01,2026-11-06,R001,523,0,128,0,395,395,0,100,4,0,,0,,,virtual_dummy.xlsx,L48_재고수량·잔여일수,2026-10-05T01:15
PH_DUMMY_01,2026-11-06,R002,823,0,292,0,531,501,-30,235.7,2.3,0,,0,,,virtual_dummy.xlsx,L48_재고수량·잔여일수,2026-10-05T01:15
PH_DUMMY_01,2026-11-06,R003,699,0,190,0,509,489,-20,160.1,3.2,0,,0,,,virtual_dummy.xlsx,L48_재고수량·잔여일수,2026-10-05T01:15
PH_DUMMY_01,2026-11-06,R004,2088,0,339,0,1749,1749,0,320.9,5.5,0,,0,,,virtual_dummy.xlsx,L48_재고수량·잔여일수,2026-10-05T01:15
PH_DUMMY_01,2026-11-06,R005,1665,0,975,0,690,690,0,605.6,1.1,1500,긴급,1500,,,virtual_dummy.xlsx,L48_재고수량·잔여일수,2026-10-05T01:15
PH_DUMMY_01,2026-11-06,R006,1050,0,314,0,736,736,0,307.9,2.4,0,,0,,,virtual_dummy.xlsx,L48_재고수량·잔여일수,2026-10-05T01:15
PH_DUMMY_01,2026-11-06,R007,2929,0,486,0,2443,2433,-10,565.1,4.3,0,,0,,,virtual_dummy.xlsx,L48_재고수량·잔여일수,2026-10-05T01:15
PH_DUMMY_01,2026-11-06,O001,40,0,3,0,37,38,1,5.3,7,0,,0,,,virtual_dummy.xlsx,L48_재고수량·잔여일수,2026-10-05T01:15
PH_DUMMY_01,2026-11-06,O002,25,0,4,0,21,21,0,2.7,7.7,0,,0,,,virtual_dummy.xlsx,L48_재고수량·잔여일수,2026-10-05T01:15
PH_DUMMY_01,2026-11-06,O003,30,0,5,0,25,25,0,4.4,5.6,0,,0,,,virtual_dummy.xlsx,L48_재고수량·잔여일수,2026-10-05T01:15
PH_DUMMY_01,2026-11-06,O004,1,0,0,0,1,1,0,0.3,3.5,0,,0,,,virtual_dummy.xlsx,L48_재고수량·잔여일수,2026-10-05T01:15
PH_DUMMY_01,2026-11-06,Q001,18,0,2,0,16,16,0,1.4,11.2,0,,0,,,virtual_dummy.xlsx,L48_재고수량·잔여일수,2026-10-05T01:15
PH_DUMMY_01,2026-11-06,Q002,1,0,0,0,1,3,2,0.3,3.5,0,,0,,,virtual_dummy.xlsx,L48_재고수량·잔여일수,2026-10-05T01:15
PH_DUMMY_01,2026-11-07,R001,395,0,136,0,259,249,-10,104.1,2.5,0,,0,,,virtual_dummy.xlsx,L48_재고수량·잔여일수,2026-10-05T01:15
PH_DUMMY_01,2026-11-07,R002,531,0,204,0,327,297,-30,232,1.4,900,긴급,900,,,virtual_dummy.xlsx,L48_재고수량·잔여일수,2026-10-05T01:15
PH_DUMMY_01,2026-11-07,R003,509,0,240,0,269,249,-20,162.7,1.7,0,,0,,,virtual_dummy.xlsx,L48_재고수량·잔여일수,2026-10-05T01:15
PH_DUMMY_01,2026-11-07,R004,1749,0,487,0,1262,1262,0,332.1,3.8,0,,0,,,virtual_dummy.xlsx,L48_재고수량·잔여일수,2026-10-05T01:15
PH_DUMMY_01,2026-11-07,R005,690,1500,274,0,1916,1916,0,528,3.6,0,,0,,,virtual_dummy.xlsx,L48_재고수량·잔여일수,2026-10-05T01:15
PH_DUMMY_01,2026-11-07,R006,736,0,217,0,519,519,0,295.9,1.8,0,,0,,,virtual_dummy.xlsx,L48_재고수량·잔여일수,2026-10-05T01:15
PH_DUMMY_01,2026-11-07,R007,2443,0,278,0,2165,2145,-20,456,4.7,0,,0,,,virtual_dummy.xlsx,L48_재고수량·잔여일수,2026-10-05T01:15
PH_DUMMY_01,2026-11-07,O001,37,0,2,0,35,36,1,5,7,0,,0,,,virtual_dummy.xlsx,L48_재고수량·잔여일수,2026-10-05T01:15
PH_DUMMY_01,2026-11-07,O002,21,0,2,0,19,19,0,2.9,6.6,0,,0,,,virtual_dummy.xlsx,L48_재고수량·잔여일수,2026-10-05T01:15
PH_DUMMY_01,2026-11-07,O003,25,0,7,0,18,18,0,4.7,3.8,0,,0,,,virtual_dummy.xlsx,L48_재고수량·잔여일수,2026-10-05T01:15
PH_DUMMY_01,2026-11-07,O004,1,0,1,0,0,0,0,0.4,0,2,긴급,2,,,virtual_dummy.xlsx,L48_재고수량·잔여일수,2026-10-05T01:15
PH_DUMMY_01,2026-11-07,Q001,16,0,1,0,15,15,0,1.6,9.5,0,,0,,,virtual_dummy.xlsx,L48_재고수량·잔여일수,2026-10-05T01:15
PH_DUMMY_01,2026-11-07,Q002,1,0,0,0,1,3,2,0.3,3.5,0,,0,,,virtual_dummy.xlsx,L48_재고수량·잔여일수,2026-10-05T01:15
PH_DUMMY_01,2026-11-08,R001,259,0,0,0,259,249,-10,,,0,,0,,,virtual_dummy.xlsx,L48_재고수량·잔여일수,2026-10-05T01:15
PH_DUMMY_01,2026-11-08,R002,327,0,0,0,327,297,-30,,,0,,0,,,virtual_dummy.xlsx,L48_재고수량·잔여일수,2026-10-05T01:15
PH_DUMMY_01,2026-11-08,R003,269,0,0,0,269,249,-20,,,0,,0,,,virtual_dummy.xlsx,L48_재고수량·잔여일수,2026-10-05T01:15
PH_DUMMY_01,2026-11-08,R004,1262,0,0,0,1262,1262,0,,,0,,0,,,virtual_dummy.xlsx,L48_재고수량·잔여일수,2026-10-05T01:15
PH_DUMMY_01,2026-11-08,R005,1916,0,0,0,1916,1916,0,,,0,,0,,,virtual_dummy.xlsx,L48_재고수량·잔여일수,2026-10-05T01:15
PH_DUMMY_01,2026-11-08,R006,519,0,0,0,519,519,0,,,0,,0,,,virtual_dummy.xlsx,L48_재고수량·잔여일수,2026-10-05T01:15
PH_DUMMY_01,2026-11-08,R007,2165,0,0,0,2165,2145,-20,,,0,,0,,,virtual_dummy.xlsx,L48_재고수량·잔여일수,2026-10-05T01:15
PH_DUMMY_01,2026-11-08,O001,35,0,0,0,35,36,1,,,0,,0,,,virtual_dummy.xlsx,L48_재고수량·잔여일수,2026-10-05T01:15
PH_DUMMY_01,2026-11-08,O002,19,0,0,0,19,19,0,,,0,,0,,,virtual_dummy.xlsx,L48_재고수량·잔여일수,2026-10-05T01:15
PH_DUMMY_01,2026-11-08,O003,18,0,0,0,18,18,0,,,0,,0,,,virtual_dummy.xlsx,L48_재고수량·잔여일수,2026-10-05T01:15
PH_DUMMY_01,2026-11-08,O004,0,0,0,0,0,0,0,,,0,,0,,,virtual_dummy.xlsx,L48_재고수량·잔여일수,2026-10-05T01:15
PH_DUMMY_01,2026-11-08,Q001,15,0,0,0,15,15,0,,,0,,0,,,virtual_dummy.xlsx,L48_재고수량·잔여일수,2026-10-05T01:15
PH_DUMMY_01,2026-11-08,Q002,1,0,0,0,1,3,2,,,0,,0,,,virtual_dummy.xlsx,L48_재고수량·잔여일수,2026-10-05T01:15
PH_DUMMY_01,2026-11-09,R001,259,0,112,0,147,137,-10,108,1.4,700,정기(주간),700,,,virtual_dummy.xlsx,L48_재고수량·잔여일수,2026-10-05T01:15
PH_DUMMY_01,2026-11-09,R002,327,900,261,0,966,936,-30,241.6,4,900,정기(주간),900,,,virtual_dummy.xlsx,L48_재고수량·잔여일수,2026-10-05T01:15
PH_DUMMY_01,2026-11-09,R003,269,0,211,0,58,8,-50,174.6,0.3,1300,정기(주간),1300,,,virtual_dummy.xlsx,L48_재고수량·잔여일수,2026-10-05T01:15
PH_DUMMY_01,2026-11-09,R004,1262,0,508,0,754,764,10,344.6,2.2,2000,정기(주간),2000,,,virtual_dummy.xlsx,L48_재고수량·잔여일수,2026-10-05T01:15
PH_DUMMY_01,2026-11-09,R005,1916,0,367,0,1549,1549,0,534.9,2.9,2500,정기(주간),2500,,,virtual_dummy.xlsx,L48_재고수량·잔여일수,2026-10-05T01:15
PH_DUMMY_01,2026-11-09,R006,519,0,169,0,350,350,0,303.6,1.2,2100,정기(주간),2100,,,virtual_dummy.xlsx,L48_재고수량·잔여일수,2026-10-05T01:15
PH_DUMMY_01,2026-11-09,R007,2165,0,256,0,1909,1889,-20,469.9,4.1,2500,정기(주간),2500,,,virtual_dummy.xlsx,L48_재고수량·잔여일수,2026-10-05T01:15
PH_DUMMY_01,2026-11-09,O001,35,0,4,0,31,35,4,4.1,7.5,10,정기(주간),10,,,virtual_dummy.xlsx,L48_재고수량·잔여일수,2026-10-05T01:15
PH_DUMMY_01,2026-11-09,O002,19,0,3,0,16,16,0,2.9,5.6,10,정기(주간),10,,,virtual_dummy.xlsx,L48_재고수량·잔여일수,2026-10-05T01:15
PH_DUMMY_01,2026-11-09,O003,18,0,6,0,12,12,0,5.1,2.3,30,정기(주간),30,,,virtual_dummy.xlsx,L48_재고수량·잔여일수,2026-10-05T01:15
PH_DUMMY_01,2026-11-09,O004,0,2,0,0,2,2,0,0.4,4.7,2,정기(주간),2,,,virtual_dummy.xlsx,L48_재고수량·잔여일수,2026-10-05T01:15
PH_DUMMY_01,2026-11-09,Q001,15,0,1,0,14,14,0,1.6,8.9,10,정기(주간),10,,,virtual_dummy.xlsx,L48_재고수량·잔여일수,2026-10-05T01:15
PH_DUMMY_01,2026-11-09,Q002,1,0,1,0,0,2,2,0.4,0,2,정기(주간),2,,,virtual_dummy.xlsx,L48_재고수량·잔여일수,2026-10-05T01:15
PH_DUMMY_01,2026-11-10,R001,147,700,131,0,716,706,-10,114.1,6.3,0,,0,,,virtual_dummy.xlsx,L48_재고수량·잔여일수,2026-10-05T01:15
PH_DUMMY_01,2026-11-10,R002,966,900,467,0,1399,1369,-30,287.3,4.9,0,,0,,,virtual_dummy.xlsx,L48_재고수량·잔여일수,2026-10-05T01:15
PH_DUMMY_01,2026-11-10,R003,58,1300,265,0,1093,1043,-50,186.9,5.8,0,,0,,,virtual_dummy.xlsx,L48_재고수량·잔여일수,2026-10-05T01:15
PH_DUMMY_01,2026-11-10,R004,754,2000,426,0,2328,2338,10,358.7,6.5,0,,0,,,virtual_dummy.xlsx,L48_재고수량·잔여일수,2026-10-05T01:15
PH_DUMMY_01,2026-11-10,R005,1549,2500,370,0,3679,3679,0,516.4,7.1,0,,0,,,virtual_dummy.xlsx,L48_재고수량·잔여일수,2026-10-05T01:15
PH_DUMMY_01,2026-11-10,R006,350,2100,195,0,2255,2255,0,287.7,7.8,0,,0,,,virtual_dummy.xlsx,L48_재고수량·잔여일수,2026-10-05T01:15
PH_DUMMY_01,2026-11-10,R007,1909,2500,330,0,4079,4059,-20,426.9,9.6,0,,0,,,virtual_dummy.xlsx,L48_재고수량·잔여일수,2026-10-05T01:15
PH_DUMMY_01,2026-11-10,O001,31,10,5,0,36,37,1,3.9,9.3,0,,0,,,virtual_dummy.xlsx,L48_재고수량·잔여일수,2026-10-05T01:15
PH_DUMMY_01,2026-11-10,O002,16,10,3,0,23,23,0,2.9,8,0,,0,,,virtual_dummy.xlsx,L48_재고수량·잔여일수,2026-10-05T01:15
PH_DUMMY_01,2026-11-10,O003,12,30,7,0,35,35,0,5.6,6.3,0,,0,,,virtual_dummy.xlsx,L48_재고수량·잔여일수,2026-10-05T01:15
PH_DUMMY_01,2026-11-10,O004,2,2,0,0,4,4,0,0.4,9.3,0,,0,,,virtual_dummy.xlsx,L48_재고수량·잔여일수,2026-10-05T01:15
PH_DUMMY_01,2026-11-10,Q001,14,10,1,0,23,23,0,1.3,17.9,0,,0,,,virtual_dummy.xlsx,L48_재고수량·잔여일수,2026-10-05T01:15
PH_DUMMY_01,2026-11-10,Q002,0,2,0,0,2,4,2,0.3,7,0,,0,,,virtual_dummy.xlsx,L48_재고수량·잔여일수,2026-10-05T01:15
PH_DUMMY_01,2026-11-11,R001,716,0,26,0,690,680,-10,101.9,6.8,0,,0,,,virtual_dummy.xlsx,L48_재고수량·잔여일수,2026-10-05T01:15
PH_DUMMY_01,2026-11-11,R002,1399,0,88,0,1311,1291,-20,274.4,4.8,0,,0,,,virtual_dummy.xlsx,L48_재고수량·잔여일수,2026-10-05T01:15
PH_DUMMY_01,2026-11-11,R003,1093,0,50,0,1043,993,-50,163.9,6.4,0,,0,,,virtual_dummy.xlsx,L48_재고수량·잔여일수,2026-10-05T01:15
PH_DUMMY_01,2026-11-11,R004,2328,0,202,0,2126,2136,10,337,6.3,0,,0,,,virtual_dummy.xlsx,L48_재고수량·잔여일수,2026-10-05T01:15
PH_DUMMY_01,2026-11-11,R005,3679,0,217,0,3462,3462,0,472.1,7.3,0,,0,,,virtual_dummy.xlsx,L48_재고수량·잔여일수,2026-10-05T01:15
PH_DUMMY_01,2026-11-11,R006,2255,0,170,0,2085,2085,0,258.9,8.1,0,,0,,,virtual_dummy.xlsx,L48_재고수량·잔여일수,2026-10-05T01:15
PH_DUMMY_01,2026-11-11,R007,4079,0,593,0,3486,3466,-20,449.4,7.8,0,,0,,,virtual_dummy.xlsx,L48_재고수량·잔여일수,2026-10-05T01:15
PH_DUMMY_01,2026-11-11,O001,36,0,5,0,31,32,1,3.4,9,0,,0,,,virtual_dummy.xlsx,L48_재고수량·잔여일수,2026-10-05T01:15
PH_DUMMY_01,2026-11-11,O002,23,0,3,0,20,20,0,2.7,7.4,0,,0,,,virtual_dummy.xlsx,L48_재고수량·잔여일수,2026-10-05T01:15
PH_DUMMY_01,2026-11-11,O003,35,0,4,0,31,31,0,5.6,5.6,0,,0,,,virtual_dummy.xlsx,L48_재고수량·잔여일수,2026-10-05T01:15
PH_DUMMY_01,2026-11-11,O004,4,0,1,0,3,3,0,0.4,7,0,,0,,,virtual_dummy.xlsx,L48_재고수량·잔여일수,2026-10-05T01:15
PH_DUMMY_01,2026-11-11,Q001,23,0,2,0,21,21,0,1.4,14.7,0,,0,,,virtual_dummy.xlsx,L48_재고수량·잔여일수,2026-10-05T01:15
PH_DUMMY_01,2026-11-11,Q002,2,0,0,0,2,4,2,0.1,14,0,,0,,,virtual_dummy.xlsx,L48_재고수량·잔여일수,2026-10-05T01:15
PH_DUMMY_01,2026-11-12,R001,690,0,144,0,546,536,-10,103.1,5.3,0,,0,,,virtual_dummy.xlsx,L48_재고수량·잔여일수,2026-10-05T01:15
PH_DUMMY_01,2026-11-12,R002,1311,0,266,0,1045,1025,-20,265.6,3.9,0,,0,,,virtual_dummy.xlsx,L48_재고수량·잔여일수,2026-10-05T01:15
PH_DUMMY_01,2026-11-12,R003,1043,0,176,0,867,817,-50,181.4,4.8,0,,0,,,virtual_dummy.xlsx,L48_재고수량·잔여일수,2026-10-05T01:15
PH_DUMMY_01,2026-11-12,R004,2126,0,581,0,1545,1555,10,394,3.9,0,,0,,,virtual_dummy.xlsx,L48_재고수량·잔여일수,2026-10-05T01:15
PH_DUMMY_01,2026-11-12,R005,3462,0,461,0,3001,3001,0,428,7,0,,0,,,virtual_dummy.xlsx,L48_재고수량·잔여일수,2026-10-05T01:15
PH_DUMMY_01,2026-11-12,R006,2085,0,221,0,1864,1864,0,230.1,8.1,0,,0,,,virtual_dummy.xlsx,L48_재고수량·잔여일수,2026-10-05T01:15
PH_DUMMY_01,2026-11-12,R007,3486,0,726,0,2760,2740,-20,458.7,6,0,,0,,,virtual_dummy.xlsx,L48_재고수량·잔여일수,2026-10-05T01:15
PH_DUMMY_01,2026-11-12,O001,31,0,3,0,28,29,1,3.7,7.5,0,,0,,,virtual_dummy.xlsx,L48_재고수량·잔여일수,2026-10-05T01:15
PH_DUMMY_01,2026-11-12,O002,20,0,3,0,17,17,0,2.9,6,0,,0,,,virtual_dummy.xlsx,L48_재고수량·잔여일수,2026-10-05T01:15
PH_DUMMY_01,2026-11-12,O003,31,0,5,0,26,26,0,5.7,4.6,0,,0,,,virtual_dummy.xlsx,L48_재고수량·잔여일수,2026-10-05T01:15
PH_DUMMY_01,2026-11-12,O004,3,0,0,0,3,3,0,0.3,10.5,0,,0,,,virtual_dummy.xlsx,L48_재고수량·잔여일수,2026-10-05T01:15
PH_DUMMY_01,2026-11-12,Q001,21,0,2,0,19,19,0,1.3,14.8,0,,0,,,virtual_dummy.xlsx,L48_재고수량·잔여일수,2026-10-05T01:15
PH_DUMMY_01,2026-11-12,Q002,2,0,0,0,2,4,2,0.1,14,0,,0,,,virtual_dummy.xlsx,L48_재고수량·잔여일수,2026-10-05T01:15
PH_DUMMY_01,2026-11-13,R001,546,0,131,0,415,405,-10,115.4,3.6,0,,0,,,virtual_dummy.xlsx,L48_재고수량·잔여일수,2026-10-05T01:15
PH_DUMMY_01,2026-11-13,R002,1045,0,262,0,783,763,-20,262.9,3,0,,0,,,virtual_dummy.xlsx,L48_재고수량·잔여일수,2026-10-05T01:15
PH_DUMMY_01,2026-11-13,R003,867,0,204,0,663,613,-50,190.9,3.5,0,,0,,,virtual_dummy.xlsx,L48_재고수량·잔여일수,2026-10-05T01:15
PH_DUMMY_01,2026-11-13,R004,1545,0,334,0,1211,1221,10,411,2.9,0,,0,,,virtual_dummy.xlsx,L48_재고수량·잔여일수,2026-10-05T01:15
PH_DUMMY_01,2026-11-13,R005,3001,0,348,0,2653,2633,-20,430.3,6.2,0,,0,,,virtual_dummy.xlsx,L48_재고수량·잔여일수,2026-10-05T01:15
PH_DUMMY_01,2026-11-13,R006,1864,0,257,0,1607,1607,0,220.4,7.3,0,,0,,,virtual_dummy.xlsx,L48_재고수량·잔여일수,2026-10-05T01:15
PH_DUMMY_01,2026-11-13,R007,2760,0,657,0,2103,2083,-20,475.1,4.4,0,,0,,,virtual_dummy.xlsx,L48_재고수량·잔여일수,2026-10-05T01:15
PH_DUMMY_01,2026-11-13,O001,28,0,6,0,22,23,1,4,5.5,0,,0,,,virtual_dummy.xlsx,L48_재고수량·잔여일수,2026-10-05T01:15
PH_DUMMY_01,2026-11-13,O002,17,0,3,0,14,14,0,3,4.7,0,,0,,,virtual_dummy.xlsx,L48_재고수량·잔여일수,2026-10-05T01:15
PH_DUMMY_01,2026-11-13,O003,26,0,11,0,15,15,0,6.4,2.3,0,,0,,,virtual_dummy.xlsx,L48_재고수량·잔여일수,2026-10-05T01:15
PH_DUMMY_01,2026-11-13,O004,3,0,1,0,2,2,0,0.4,4.7,0,,0,,,virtual_dummy.xlsx,L48_재고수량·잔여일수,2026-10-05T01:15
PH_DUMMY_01,2026-11-13,Q001,19,0,0,0,19,19,0,1.3,14.8,0,,0,,,virtual_dummy.xlsx,L48_재고수량·잔여일수,2026-10-05T01:15
PH_DUMMY_01,2026-11-13,Q002,2,0,0,0,2,4,2,0.1,14,0,,0,,,virtual_dummy.xlsx,L48_재고수량·잔여일수,2026-10-05T01:15
PH_DUMMY_01,2026-11-14,R001,415,0,120,0,295,285,-10,114.3,2.6,0,,0,,,virtual_dummy.xlsx,L48_재고수량·잔여일수,2026-10-05T01:15
PH_DUMMY_01,2026-11-14,R002,783,0,55,0,728,708,-20,229,3.2,0,,0,,,virtual_dummy.xlsx,L48_재고수량·잔여일수,2026-10-05T01:15
PH_DUMMY_01,2026-11-14,R003,663,0,106,0,557,507,-50,178.9,3.1,0,,0,,,virtual_dummy.xlsx,L48_재고수량·잔여일수,2026-10-05T01:15
PH_DUMMY_01,2026-11-14,R004,1211,0,53,0,1158,1168,10,370.1,3.1,0,,0,,,virtual_dummy.xlsx,L48_재고수량·잔여일수,2026-10-05T01:15
PH_DUMMY_01,2026-11-14,R005,2653,0,283,0,2370,2350,-20,331.4,7.2,0,,0,,,virtual_dummy.xlsx,L48_재고수량·잔여일수,2026-10-05T01:15
PH_DUMMY_01,2026-11-14,R006,1607,0,39,0,1568,1568,0,181.1,8.7,0,,0,,,virtual_dummy.xlsx,L48_재고수량·잔여일수,2026-10-05T01:15
PH_DUMMY_01,2026-11-14,R007,2103,0,473,0,1630,1610,-20,473.3,3.4,0,,0,,,virtual_dummy.xlsx,L48_재고수량·잔여일수,2026-10-05T01:15
PH_DUMMY_01,2026-11-14,O001,22,0,2,0,20,21,1,3.9,5.2,0,,0,,,virtual_dummy.xlsx,L48_재고수량·잔여일수,2026-10-05T01:15
PH_DUMMY_01,2026-11-14,O002,14,0,2,0,12,12,0,2.7,4.4,0,,0,,,virtual_dummy.xlsx,L48_재고수량·잔여일수,2026-10-05T01:15
PH_DUMMY_01,2026-11-14,O003,15,0,3,0,12,12,0,6.1,2,0,,0,,,virtual_dummy.xlsx,L48_재고수량·잔여일수,2026-10-05T01:15
PH_DUMMY_01,2026-11-14,O004,2,0,0,0,2,2,0,0.4,4.7,0,,0,,,virtual_dummy.xlsx,L48_재고수량·잔여일수,2026-10-05T01:15
PH_DUMMY_01,2026-11-14,Q001,19,0,0,0,19,19,0,1,19,0,,0,,,virtual_dummy.xlsx,L48_재고수량·잔여일수,2026-10-05T01:15
PH_DUMMY_01,2026-11-14,Q002,2,0,0,0,2,4,2,0.1,14,0,,0,,,virtual_dummy.xlsx,L48_재고수량·잔여일수,2026-10-05T01:15
PH_DUMMY_01,2026-11-15,R001,295,0,0,0,295,285,-10,,,0,,0,,,virtual_dummy.xlsx,L48_재고수량·잔여일수,2026-10-05T01:15
PH_DUMMY_01,2026-11-15,R002,728,0,0,0,728,708,-20,,,0,,0,,,virtual_dummy.xlsx,L48_재고수량·잔여일수,2026-10-05T01:15
PH_DUMMY_01,2026-11-15,R003,557,0,0,0,557,507,-50,,,0,,0,,,virtual_dummy.xlsx,L48_재고수량·잔여일수,2026-10-05T01:15
PH_DUMMY_01,2026-11-15,R004,1158,0,0,0,1158,1168,10,,,0,,0,,,virtual_dummy.xlsx,L48_재고수량·잔여일수,2026-10-05T01:15
PH_DUMMY_01,2026-11-15,R005,2370,0,0,0,2370,2350,-20,,,0,,0,,,virtual_dummy.xlsx,L48_재고수량·잔여일수,2026-10-05T01:15
PH_DUMMY_01,2026-11-15,R006,1568,0,0,0,1568,1568,0,,,0,,0,,,virtual_dummy.xlsx,L48_재고수량·잔여일수,2026-10-05T01:15
PH_DUMMY_01,2026-11-15,R007,1630,0,0,0,1630,1610,-20,,,0,,0,,,virtual_dummy.xlsx,L48_재고수량·잔여일수,2026-10-05T01:15
PH_DUMMY_01,2026-11-15,O001,20,0,0,0,20,21,1,,,0,,0,,,virtual_dummy.xlsx,L48_재고수량·잔여일수,2026-10-05T01:15
PH_DUMMY_01,2026-11-15,O002,12,0,0,0,12,12,0,,,0,,0,,,virtual_dummy.xlsx,L48_재고수량·잔여일수,2026-10-05T01:15
PH_DUMMY_01,2026-11-15,O003,12,0,0,0,12,12,0,,,0,,0,,,virtual_dummy.xlsx,L48_재고수량·잔여일수,2026-10-05T01:15
PH_DUMMY_01,2026-11-15,O004,2,0,0,0,2,2,0,,,0,,0,,,virtual_dummy.xlsx,L48_재고수량·잔여일수,2026-10-05T01:15
PH_DUMMY_01,2026-11-15,Q001,19,0,0,0,19,19,0,,,0,,0,,,virtual_dummy.xlsx,L48_재고수량·잔여일수,2026-10-05T01:15
PH_DUMMY_01,2026-11-15,Q002,2,0,0,0,2,4,2,,,0,,0,,,virtual_dummy.xlsx,L48_재고수량·잔여일수,2026-10-05T01:15
PH_DUMMY_01,2026-11-16,R001,295,0,132,0,163,153,-10,113.7,1.4,800,정기(주간),800,,,virtual_dummy.xlsx,L48_재고수량·잔여일수,2026-10-05T01:15
PH_DUMMY_01,2026-11-16,R002,728,0,291,0,437,417,-20,241.4,1.8,1500,정기(주간),1500,,,virtual_dummy.xlsx,L48_재고수량·잔여일수,2026-10-05T01:15
PH_DUMMY_01,2026-11-16,R003,557,0,516,0,41,0,-41,218.3,0.2,1500,정기(주간),1500,,,virtual_dummy.xlsx,L48_재고수량·잔여일수,2026-10-05T01:15
PH_DUMMY_01,2026-11-16,R004,1158,0,233,0,925,935,10,333.9,2.8,2000,정기(주간),2000,,,virtual_dummy.xlsx,L48_재고수량·잔여일수,2026-10-05T01:15
PH_DUMMY_01,2026-11-16,R005,2370,0,290,0,2080,2060,-20,333.7,6.2,1500,정기(주간),1500,,,virtual_dummy.xlsx,L48_재고수량·잔여일수,2026-10-05T01:15
PH_DUMMY_01,2026-11-16,R006,1568,0,233,0,1335,1335,0,183.4,7.3,600,정기(주간),600,,,virtual_dummy.xlsx,L48_재고수량·잔여일수,2026-10-05T01:15
PH_DUMMY_01,2026-11-16,R007,1630,0,925,0,705,685,-20,565.7,1.2,3500,정기(주간),3500,,,virtual_dummy.xlsx,L48_재고수량·잔여일수,2026-10-05T01:15
PH_DUMMY_01,2026-11-16,O001,20,0,9,0,11,12,1,4.9,2.3,40,정기(주간),40,,,virtual_dummy.xlsx,L48_재고수량·잔여일수,2026-10-05T01:15
PH_DUMMY_01,2026-11-16,O002,12,0,7,0,5,5,0,3.4,1.5,30,정기(주간),30,,,virtual_dummy.xlsx,L48_재고수량·잔여일수,2026-10-05T01:15
PH_DUMMY_01,2026-11-16,O003,12,0,4,0,8,8,0,5.7,1.4,40,정기(주간),40,,,virtual_dummy.xlsx,L48_재고수량·잔여일수,2026-10-05T01:15
PH_DUMMY_01,2026-11-16,O004,2,0,0,0,2,2,0,0.3,7,2,정기(주간),2,,,virtual_dummy.xlsx,L48_재고수량·잔여일수,2026-10-05T01:15
PH_DUMMY_01,2026-11-16,Q001,19,0,0,0,19,19,0,0.9,22.2,0,,0,,,virtual_dummy.xlsx,L48_재고수량·잔여일수,2026-10-05T01:15
PH_DUMMY_01,2026-11-16,Q002,2,0,1,0,1,3,2,0.3,3.5,2,정기(주간),2,,,virtual_dummy.xlsx,L48_재고수량·잔여일수,2026-10-05T01:15
PH_DUMMY_01,2026-11-17,R001,163,800,128,0,835,825,-10,116,7.2,0,,0,,,virtual_dummy.xlsx,L48_재고수량·잔여일수,2026-10-05T01:15
PH_DUMMY_01,2026-11-17,R002,437,1500,254,0,1683,1663,-20,240.4,7,0,,0,,,virtual_dummy.xlsx,L48_재고수량·잔여일수,2026-10-05T01:15
PH_DUMMY_01,2026-11-17,R003,41,1500,180,0,1361,1311,-50,213.9,6.4,0,,0,,,virtual_dummy.xlsx,L48_재고수량·잔여일수,2026-10-05T01:15
PH_DUMMY_01,2026-11-17,R004,925,2000,456,0,2469,2479,10,326.4,7.6,0,,0,,,virtual_dummy.xlsx,L48_재고수량·잔여일수,2026-10-05T01:15
PH_DUMMY_01,2026-11-17,R005,2080,1500,534,0,3046,3026,-20,357.6,8.5,0,,0,,,virtual_dummy.xlsx,L48_재고수량·잔여일수,2026-10-05T01:15
PH_DUMMY_01,2026-11-17,R006,1335,600,179,0,1756,1736,-20,184.9,9.5,0,,0,,,virtual_dummy.xlsx,L48_재고수량·잔여일수,2026-10-05T01:15
PH_DUMMY_01,2026-11-17,R007,705,3500,505,0,3700,3680,-20,601.3,6.2,0,,0,,,virtual_dummy.xlsx,L48_재고수량·잔여일수,2026-10-05T01:15
PH_DUMMY_01,2026-11-17,O001,11,40,6,0,45,46,1,5.1,8.8,0,,0,,,virtual_dummy.xlsx,L48_재고수량·잔여일수,2026-10-05T01:15
PH_DUMMY_01,2026-11-17,O002,5,30,5,0,30,30,0,3.7,8.1,0,,0,,,virtual_dummy.xlsx,L48_재고수량·잔여일수,2026-10-05T01:15
PH_DUMMY_01,2026-11-17,O003,8,40,9,0,39,39,0,6.1,6.3,0,,0,,,virtual_dummy.xlsx,L48_재고수량·잔여일수,2026-10-05T01:15
PH_DUMMY_01,2026-11-17,O004,2,2,0,0,4,4,0,0.3,14,0,,0,,,virtual_dummy.xlsx,L48_재고수량·잔여일수,2026-10-05T01:15
PH_DUMMY_01,2026-11-17,Q001,19,0,1,0,18,18,0,0.9,21,0,,0,,,virtual_dummy.xlsx,L48_재고수량·잔여일수,2026-10-05T01:15
PH_DUMMY_01,2026-11-17,Q002,1,2,1,0,2,4,2,0.3,7,0,,0,,,virtual_dummy.xlsx,L48_재고수량·잔여일수,2026-10-05T01:15
PH_DUMMY_01,2026-11-18,R001,835,0,83,0,752,742,-10,109.1,6.9,0,,0,,,virtual_dummy.xlsx,L48_재고수량·잔여일수,2026-10-05T01:15
PH_DUMMY_01,2026-11-18,R002,1683,0,148,0,1535,1515,-20,194.9,7.9,0,,0,,,virtual_dummy.xlsx,L48_재고수량·잔여일수,2026-10-05T01:15
PH_DUMMY_01,2026-11-18,R003,1361,0,39,0,1322,1272,-50,181.6,7.3,0,,0,,,virtual_dummy.xlsx,L48_재고수량·잔여일수,2026-10-05T01:15
PH_DUMMY_01,2026-11-18,R004,2469,0,351,0,2118,2128,10,315.7,6.7,0,,0,,,virtual_dummy.xlsx,L48_재고수량·잔여일수,2026-10-05T01:15
PH_DUMMY_01,2026-11-18,R005,3046,0,408,0,2638,2618,-20,363,7.3,0,,0,,,virtual_dummy.xlsx,L48_재고수량·잔여일수,2026-10-05T01:15
PH_DUMMY_01,2026-11-18,R006,1756,0,346,0,1410,1390,-20,206.4,6.8,0,,0,,,virtual_dummy.xlsx,L48_재고수량·잔여일수,2026-10-05T01:15
PH_DUMMY_01,2026-11-18,R007,3700,0,1094,0,2606,2586,-20,710.4,3.7,0,,0,,,virtual_dummy.xlsx,L48_재고수량·잔여일수,2026-10-05T01:15
PH_DUMMY_01,2026-11-18,O001,45,0,3,0,42,43,1,4.9,8.6,0,,0,,,virtual_dummy.xlsx,L48_재고수량·잔여일수,2026-10-05T01:15
PH_DUMMY_01,2026-11-18,O002,30,0,3,0,27,27,0,3.7,7.3,0,,0,,,virtual_dummy.xlsx,L48_재고수량·잔여일수,2026-10-05T01:15
PH_DUMMY_01,2026-11-18,O003,39,0,5,0,34,34,0,5.9,5.8,0,,0,,,virtual_dummy.xlsx,L48_재고수량·잔여일수,2026-10-05T01:15
PH_DUMMY_01,2026-11-18,O004,4,0,1,0,3,3,0,0.4,7,0,,0,,,virtual_dummy.xlsx,L48_재고수량·잔여일수,2026-10-05T01:15
PH_DUMMY_01,2026-11-18,Q001,18,0,1,0,17,17,0,0.9,19.8,0,,0,,,virtual_dummy.xlsx,L48_재고수량·잔여일수,2026-10-05T01:15
PH_DUMMY_01,2026-11-18,Q002,2,0,0,0,2,2,0,0.3,7,0,,0,,,virtual_dummy.xlsx,L48_재고수량·잔여일수,2026-10-05T01:15
PH_DUMMY_01,2026-11-19,R001,752,0,100,0,652,642,-10,119.7,5.4,0,,0,,,virtual_dummy.xlsx,L48_재고수량·잔여일수,2026-10-05T01:15
PH_DUMMY_01,2026-11-19,R002,1535,0,383,0,1152,1132,-20,237,4.9,0,,0,,,virtual_dummy.xlsx,L48_재고수량·잔여일수,2026-10-05T01:15
PH_DUMMY_01,2026-11-19,R003,1322,0,303,0,1019,969,-50,217.7,4.7,0,,0,,,virtual_dummy.xlsx,L48_재고수량·잔여일수,2026-10-05T01:15
PH_DUMMY_01,2026-11-19,R004,2118,0,546,0,1572,1582,10,364.9,4.3,0,,0,,,virtual_dummy.xlsx,L48_재고수량·잔여일수,2026-10-05T01:15
PH_DUMMY_01,2026-11-19,R005,2638,0,628,0,2010,1990,-20,421.7,4.8,0,,0,,,virtual_dummy.xlsx,L48_재고수량·잔여일수,2026-10-05T01:15
PH_DUMMY_01,2026-11-19,R006,1410,0,331,0,1079,1059,-20,229.4,4.7,0,,0,,,virtual_dummy.xlsx,L48_재고수량·잔여일수,2026-10-05T01:15
PH_DUMMY_01,2026-11-19,R007,2606,0,366,0,2240,2220,-20,678,3.3,0,,0,,,virtual_dummy.xlsx,L48_재고수량·잔여일수,2026-10-05T01:15
PH_DUMMY_01,2026-11-19,O001,42,0,6,0,36,37,1,5,7.2,0,,0,,,virtual_dummy.xlsx,L48_재고수량·잔여일수,2026-10-05T01:15
PH_DUMMY_01,2026-11-19,O002,27,0,2,0,25,25,0,3.6,7,0,,0,,,virtual_dummy.xlsx,L48_재고수량·잔여일수,2026-10-05T01:15
PH_DUMMY_01,2026-11-19,O003,34,0,6,0,28,28,0,6.1,4.6,0,,0,,,virtual_dummy.xlsx,L48_재고수량·잔여일수,2026-10-05T01:15
PH_DUMMY_01,2026-11-19,O004,3,0,2,0,1,1,0,0.6,1.8,0,,0,,,virtual_dummy.xlsx,L48_재고수량·잔여일수,2026-10-05T01:15
PH_DUMMY_01,2026-11-19,Q001,17,0,0,0,17,14,-3,0.6,29.8,0,,0,,,virtual_dummy.xlsx,L48_재고수량·잔여일수,2026-10-05T01:15
PH_DUMMY_01,2026-11-19,Q002,2,0,1,0,1,1,0,0.4,2.3,0,,0,,,virtual_dummy.xlsx,L48_재고수량·잔여일수,2026-10-05T01:15
PH_DUMMY_01,2026-11-20,R001,652,0,132,0,520,510,-10,118,4.4,0,,0,,,virtual_dummy.xlsx,L48_재고수량·잔여일수,2026-10-05T01:15
PH_DUMMY_01,2026-11-20,R002,1152,0,378,0,774,754,-20,253,3.1,0,,0,,,virtual_dummy.xlsx,L48_재고수량·잔여일수,2026-10-05T01:15
PH_DUMMY_01,2026-11-20,R003,1019,0,228,0,791,771,-20,225.1,3.5,0,,0,,,virtual_dummy.xlsx,L48_재고수량·잔여일수,2026-10-05T01:15
PH_DUMMY_01,2026-11-20,R004,1572,0,462,0,1110,1120,10,347.9,3.2,0,,0,,Y,virtual_dummy.xlsx,L48_재고수량·잔여일수,2026-10-05T01:15
PH_DUMMY_01,2026-11-20,R005,2010,0,576,0,1434,1414,-20,438.1,3.3,0,,0,,,virtual_dummy.xlsx,L48_재고수량·잔여일수,2026-10-05T01:15
PH_DUMMY_01,2026-11-20,R006,1079,0,301,0,778,758,-20,240.9,3.2,0,,0,,,virtual_dummy.xlsx,L48_재고수량·잔여일수,2026-10-05T01:15
PH_DUMMY_01,2026-11-20,R007,2240,0,380,0,1860,1840,-20,628.6,3,0,,0,,,virtual_dummy.xlsx,L48_재고수량·잔여일수,2026-10-05T01:15
PH_DUMMY_01,2026-11-20,O001,36,0,5,0,31,32,1,5.3,5.9,0,,0,,,virtual_dummy.xlsx,L48_재고수량·잔여일수,2026-10-05T01:15
PH_DUMMY_01,2026-11-20,O002,25,0,6,0,19,19,0,4,4.8,0,,0,,,virtual_dummy.xlsx,L48_재고수량·잔여일수,2026-10-05T01:15
PH_DUMMY_01,2026-11-20,O003,28,0,11,0,17,17,0,7,2.4,0,,0,,,virtual_dummy.xlsx,L48_재고수량·잔여일수,2026-10-05T01:15
PH_DUMMY_01,2026-11-20,O004,1,0,1,0,0,0,0,0.7,0,2,긴급,2,,,virtual_dummy.xlsx,L48_재고수량·잔여일수,2026-10-05T01:15
PH_DUMMY_01,2026-11-20,Q001,17,0,2,0,15,12,-3,0.6,26.2,0,,0,,,virtual_dummy.xlsx,L48_재고수량·잔여일수,2026-10-05T01:15
PH_DUMMY_01,2026-11-20,Q002,1,0,0,0,1,1,0,0.4,2.3,0,,0,,,virtual_dummy.xlsx,L48_재고수량·잔여일수,2026-10-05T01:15
PH_DUMMY_01,2026-11-21,R001,520,0,78,0,442,442,0,110.4,4,0,,0,,,virtual_dummy.xlsx,L48_재고수량·잔여일수,2026-10-05T01:15
PH_DUMMY_01,2026-11-21,R002,774,0,176,0,598,578,-20,240.7,2.5,0,,0,,,virtual_dummy.xlsx,L48_재고수량·잔여일수,2026-10-05T01:15
PH_DUMMY_01,2026-11-21,R003,791,0,210,0,581,561,-20,226,2.6,0,,0,,,virtual_dummy.xlsx,L48_재고수량·잔여일수,2026-10-05T01:15
PH_DUMMY_01,2026-11-21,R004,1110,0,430,0,680,690,10,361.6,1.9,0,,0,,Y,virtual_dummy.xlsx,L48_재고수량·잔여일수,2026-10-05T01:15
PH_DUMMY_01,2026-11-21,R005,1434,0,141,0,1293,1273,-20,408.6,3.2,0,,0,,,virtual_dummy.xlsx,L48_재고수량·잔여일수,2026-10-05T01:15
PH_DUMMY_01,2026-11-21,R006,778,0,134,0,644,614,-30,223.3,2.9,0,,0,,,virtual_dummy.xlsx,L48_재고수량·잔여일수,2026-10-05T01:15
PH_DUMMY_01,2026-11-21,R007,1860,0,266,0,1594,1574,-20,572.7,2.8,0,,0,,,virtual_dummy.xlsx,L48_재고수량·잔여일수,2026-10-05T01:15
PH_DUMMY_01,2026-11-21,O001,31,0,1,0,30,31,1,4.6,6.6,0,,0,,,virtual_dummy.xlsx,L48_재고수량·잔여일수,2026-10-05T01:15
PH_DUMMY_01,2026-11-21,O002,19,0,1,0,18,16,-2,3.7,4.8,0,,0,,,virtual_dummy.xlsx,L48_재고수량·잔여일수,2026-10-05T01:15
PH_DUMMY_01,2026-11-21,O003,17,0,1,0,16,17,1,5.6,2.9,0,,0,,,virtual_dummy.xlsx,L48_재고수량·잔여일수,2026-10-05T01:15
PH_DUMMY_01,2026-11-21,O004,0,2,0,0,2,2,0,0.6,3.5,0,,0,,,virtual_dummy.xlsx,L48_재고수량·잔여일수,2026-10-05T01:15
PH_DUMMY_01,2026-11-21,Q001,15,0,1,0,14,11,-3,0.7,19.6,0,,0,,,virtual_dummy.xlsx,L48_재고수량·잔여일수,2026-10-05T01:15
PH_DUMMY_01,2026-11-21,Q002,1,0,0,0,1,1,0,0.4,2.3,0,,0,,,virtual_dummy.xlsx,L48_재고수량·잔여일수,2026-10-05T01:15
PH_DUMMY_01,2026-11-22,R001,442,0,0,0,442,442,0,,,0,,0,,,virtual_dummy.xlsx,L48_재고수량·잔여일수,2026-10-05T01:15
PH_DUMMY_01,2026-11-22,R002,598,0,0,0,598,578,-20,,,0,,0,,,virtual_dummy.xlsx,L48_재고수량·잔여일수,2026-10-05T01:15
PH_DUMMY_01,2026-11-22,R003,581,0,0,0,581,561,-20,,,0,,0,,,virtual_dummy.xlsx,L48_재고수량·잔여일수,2026-10-05T01:15
PH_DUMMY_01,2026-11-22,R004,680,0,0,0,680,690,10,,,0,,0,,Y,virtual_dummy.xlsx,L48_재고수량·잔여일수,2026-10-05T01:15
PH_DUMMY_01,2026-11-22,R005,1293,0,0,0,1293,1273,-20,,,0,,0,,,virtual_dummy.xlsx,L48_재고수량·잔여일수,2026-10-05T01:15
PH_DUMMY_01,2026-11-22,R006,644,0,0,0,644,614,-30,,,0,,0,,,virtual_dummy.xlsx,L48_재고수량·잔여일수,2026-10-05T01:15
PH_DUMMY_01,2026-11-22,R007,1594,0,0,0,1594,1574,-20,,,0,,0,,,virtual_dummy.xlsx,L48_재고수량·잔여일수,2026-10-05T01:15
PH_DUMMY_01,2026-11-22,O001,30,0,0,0,30,31,1,,,0,,0,,,virtual_dummy.xlsx,L48_재고수량·잔여일수,2026-10-05T01:15
PH_DUMMY_01,2026-11-22,O002,18,0,0,0,18,16,-2,,,0,,0,,,virtual_dummy.xlsx,L48_재고수량·잔여일수,2026-10-05T01:15
PH_DUMMY_01,2026-11-22,O003,16,0,0,0,16,17,1,,,0,,0,,,virtual_dummy.xlsx,L48_재고수량·잔여일수,2026-10-05T01:15
PH_DUMMY_01,2026-11-22,O004,2,0,0,0,2,2,0,,,0,,0,,,virtual_dummy.xlsx,L48_재고수량·잔여일수,2026-10-05T01:15
PH_DUMMY_01,2026-11-22,Q001,14,0,0,0,14,11,-3,,,0,,0,,,virtual_dummy.xlsx,L48_재고수량·잔여일수,2026-10-05T01:15
PH_DUMMY_01,2026-11-22,Q002,1,0,0,0,1,1,0,,,0,,0,,,virtual_dummy.xlsx,L48_재고수량·잔여일수,2026-10-05T01:15
PH_DUMMY_01,2026-11-23,R001,442,0,156,0,286,286,0,115.6,2.5,700,정기(주간),700,,,virtual_dummy.xlsx,L48_재고수량·잔여일수,2026-10-05T01:15
PH_DUMMY_01,2026-11-23,R002,598,0,496,0,102,82,-20,303.7,0.3,2100,정기(주간),2100,,,virtual_dummy.xlsx,L48_재고수량·잔여일수,2026-10-05T01:15
PH_DUMMY_01,2026-11-23,R003,581,0,362,0,219,179,-40,262.6,0.8,1600,정기(주간),1600,,,virtual_dummy.xlsx,L48_재고수량·잔여일수,2026-10-05T01:15
PH_DUMMY_01,2026-11-23,R004,680,0,674,0,6,16,10,450.3,0,3500,정기(주간),1400,,Y,virtual_dummy.xlsx,L48_재고수량·잔여일수,2026-10-05T01:15
PH_DUMMY_01,2026-11-23,R005,1293,0,385,0,908,888,-20,423.1,2.1,2500,정기(주간),2500,,,virtual_dummy.xlsx,L48_재고수량·잔여일수,2026-10-05T01:15
PH_DUMMY_01,2026-11-23,R006,644,0,550,0,94,64,-30,296.3,0.3,2100,정기(주간),2100,,,virtual_dummy.xlsx,L48_재고수량·잔여일수,2026-10-05T01:15
PH_DUMMY_01,2026-11-23,R007,1594,0,518,0,1076,1056,-20,579.1,1.9,3500,정기(주간),3500,,,virtual_dummy.xlsx,L48_재고수량·잔여일수,2026-10-05T01:15
PH_DUMMY_01,2026-11-23,O001,30,0,8,0,22,23,1,5.4,4.1,20,정기(주간),20,,,virtual_dummy.xlsx,L48_재고수량·잔여일수,2026-10-05T01:15
PH_DUMMY_01,2026-11-23,O002,18,0,6,0,12,10,-2,4.3,2.8,20,정기(주간),20,,,virtual_dummy.xlsx,L48_재고수량·잔여일수,2026-10-05T01:15
PH_DUMMY_01,2026-11-23,O003,16,0,11,0,5,6,1,6.7,0.7,60,정기(주간),60,,,virtual_dummy.xlsx,L48_재고수량·잔여일수,2026-10-05T01:15
PH_DUMMY_01,2026-11-23,O004,2,0,0,0,2,2,0,0.6,3.5,4,정기(주간),4,,,virtual_dummy.xlsx,L48_재고수량·잔여일수,2026-10-05T01:15
PH_DUMMY_01,2026-11-23,Q001,14,0,1,0,13,10,-3,0.9,15.2,0,,0,,,virtual_dummy.xlsx,L48_재고수량·잔여일수,2026-10-05T01:15
PH_DUMMY_01,2026-11-23,Q002,1,0,0,0,1,1,0,0.4,2.3,2,정기(주간),2,,,virtual_dummy.xlsx,L48_재고수량·잔여일수,2026-10-05T01:15
PH_DUMMY_01,2026-11-24,R001,286,700,87,0,899,899,0,109.1,8.2,0,,0,,,virtual_dummy.xlsx,L48_재고수량·잔여일수,2026-10-05T01:15
PH_DUMMY_01,2026-11-24,R002,102,2100,282,0,1920,1900,-20,302.4,6.3,0,,0,,,virtual_dummy.xlsx,L48_재고수량·잔여일수,2026-10-05T01:15
PH_DUMMY_01,2026-11-24,R003,219,1600,134,0,1685,1645,-40,208,8.1,0,,0,,,virtual_dummy.xlsx,L48_재고수량·잔여일수,2026-10-05T01:15
PH_DUMMY_01,2026-11-24,R004,6,1400,212,0,1194,1204,10,447.3,2.7,0,,0,,Y,virtual_dummy.xlsx,L48_재고수량·잔여일수,2026-10-05T01:15
PH_DUMMY_01,2026-11-24,R005,908,2500,396,0,3012,2992,-20,438.3,6.9,0,,0,,,virtual_dummy.xlsx,L48_재고수량·잔여일수,2026-10-05T01:15
PH_DUMMY_01,2026-11-24,R006,94,2100,260,0,1934,1904,-30,300.1,6.4,0,,0,,,virtual_dummy.xlsx,L48_재고수량·잔여일수,2026-10-05T01:15
PH_DUMMY_01,2026-11-24,R007,1076,3500,384,0,4192,4172,-20,501.9,8.4,0,,0,,,virtual_dummy.xlsx,L48_재고수량·잔여일수,2026-10-05T01:15
PH_DUMMY_01,2026-11-24,O001,22,20,7,0,35,36,1,5.1,6.8,0,,0,,,virtual_dummy.xlsx,L48_재고수량·잔여일수,2026-10-05T01:15
PH_DUMMY_01,2026-11-24,O002,12,20,4,0,28,26,-2,3.9,7.3,0,,0,,,virtual_dummy.xlsx,L48_재고수량·잔여일수,2026-10-05T01:15
PH_DUMMY_01,2026-11-24,O003,5,60,8,0,57,59,2,7.3,7.8,0,,0,,,virtual_dummy.xlsx,L48_재고수량·잔여일수,2026-10-05T01:15
PH_DUMMY_01,2026-11-24,O004,2,4,0,0,6,6,0,0.6,10.5,0,,0,,,virtual_dummy.xlsx,L48_재고수량·잔여일수,2026-10-05T01:15
PH_DUMMY_01,2026-11-24,Q001,13,0,0,0,13,10,-3,0.9,15.2,0,,0,,,virtual_dummy.xlsx,L48_재고수량·잔여일수,2026-10-05T01:15
PH_DUMMY_01,2026-11-24,Q002,1,2,0,0,3,3,0,0.3,10.5,0,,0,,,virtual_dummy.xlsx,L48_재고수량·잔여일수,2026-10-05T01:15
PH_DUMMY_01,2026-11-25,R001,899,0,53,0,846,846,0,98.4,8.6,0,,0,,,virtual_dummy.xlsx,L48_재고수량·잔여일수,2026-10-05T01:15
PH_DUMMY_01,2026-11-25,R002,1920,0,128,0,1792,1772,-20,284.4,6.3,0,,0,,,virtual_dummy.xlsx,L48_재고수량·잔여일수,2026-10-05T01:15
PH_DUMMY_01,2026-11-25,R003,1685,0,134,0,1551,1511,-40,201.4,7.7,0,,0,,,virtual_dummy.xlsx,L48_재고수량·잔여일수,2026-10-05T01:15
PH_DUMMY_01,2026-11-25,R004,1194,0,291,0,903,913,10,423.7,2.1,0,,0,,Y,virtual_dummy.xlsx,L48_재고수량·잔여일수,2026-10-05T01:15
PH_DUMMY_01,2026-11-25,R005,3012,0,544,0,2468,2448,-20,439.7,5.6,0,,0,,,virtual_dummy.xlsx,L48_재고수량·잔여일수,2026-10-05T01:15
PH_DUMMY_01,2026-11-25,R006,1934,0,385,0,1549,1519,-30,329.6,4.7,0,,0,,,virtual_dummy.xlsx,L48_재고수량·잔여일수,2026-10-05T01:15
PH_DUMMY_01,2026-11-25,R007,4192,0,830,0,3362,3342,-20,548.3,6.1,0,,0,,,virtual_dummy.xlsx,L48_재고수량·잔여일수,2026-10-05T01:15
PH_DUMMY_01,2026-11-25,O001,35,0,4,0,31,32,1,4.9,6.4,0,,0,,,virtual_dummy.xlsx,L48_재고수량·잔여일수,2026-10-05T01:15
PH_DUMMY_01,2026-11-25,O002,28,0,5,0,23,21,-2,3.9,6,0,,0,,,virtual_dummy.xlsx,L48_재고수량·잔여일수,2026-10-05T01:15
PH_DUMMY_01,2026-11-25,O003,57,0,3,0,54,56,2,6.4,8.4,0,,0,,,virtual_dummy.xlsx,L48_재고수량·잔여일수,2026-10-05T01:15
PH_DUMMY_01,2026-11-25,O004,6,0,0,0,6,6,0,0.6,10.5,0,,0,,,virtual_dummy.xlsx,L48_재고수량·잔여일수,2026-10-05T01:15
PH_DUMMY_01,2026-11-25,Q001,13,0,0,0,13,10,-3,0.7,18.2,0,,0,,,virtual_dummy.xlsx,L48_재고수량·잔여일수,2026-10-05T01:15
PH_DUMMY_01,2026-11-25,Q002,3,0,0,0,3,3,0,0.1,21,0,,0,,,virtual_dummy.xlsx,L48_재고수량·잔여일수,2026-10-05T01:15
PH_DUMMY_01,2026-11-26,R001,846,0,64,0,782,782,0,95.7,8.2,0,,0,,,virtual_dummy.xlsx,L48_재고수량·잔여일수,2026-10-05T01:15
PH_DUMMY_01,2026-11-26,R002,1792,0,194,0,1598,1578,-20,291,5.5,0,,0,,,virtual_dummy.xlsx,L48_재고수량·잔여일수,2026-10-05T01:15
PH_DUMMY_01,2026-11-26,R003,1551,0,164,0,1387,1347,-40,219.3,6.3,0,,0,,,virtual_dummy.xlsx,L48_재고수량·잔여일수,2026-10-05T01:15
PH_DUMMY_01,2026-11-26,R004,903,0,190,0,713,723,10,400.7,1.8,0,,0,,Y,virtual_dummy.xlsx,L48_재고수량·잔여일수,2026-10-05T01:15
PH_DUMMY_01,2026-11-26,R005,2468,0,305,0,2163,2143,-20,425,5.1,0,,0,,,virtual_dummy.xlsx,L48_재고수량·잔여일수,2026-10-05T01:15
PH_DUMMY_01,2026-11-26,R006,1549,0,353,0,1196,1166,-30,330.6,3.6,0,,0,,,virtual_dummy.xlsx,L48_재고수량·잔여일수,2026-10-05T01:15
PH_DUMMY_01,2026-11-26,R007,3362,0,213,0,3149,3129,-20,422.4,7.5,0,,0,,,virtual_dummy.xlsx,L48_재고수량·잔여일수,2026-10-05T01:15
PH_DUMMY_01,2026-11-26,O001,31,0,8,0,23,24,1,5.6,4.1,0,,0,,,virtual_dummy.xlsx,L48_재고수량·잔여일수,2026-10-05T01:15
PH_DUMMY_01,2026-11-26,O002,23,0,1,0,22,20,-2,3.6,6.2,0,,0,,,virtual_dummy.xlsx,L48_재고수량·잔여일수,2026-10-05T01:15
PH_DUMMY_01,2026-11-26,O003,54,0,6,0,48,50,2,6.6,7.3,0,,0,,,virtual_dummy.xlsx,L48_재고수량·잔여일수,2026-10-05T01:15
PH_DUMMY_01,2026-11-26,O004,6,0,1,0,5,5,0,0.6,8.8,0,,0,,,virtual_dummy.xlsx,L48_재고수량·잔여일수,2026-10-05T01:15
PH_DUMMY_01,2026-11-26,Q001,13,0,3,0,10,7,-3,1,10,0,,0,,,virtual_dummy.xlsx,L48_재고수량·잔여일수,2026-10-05T01:15
PH_DUMMY_01,2026-11-26,Q002,3,0,1,0,2,2,0,0.3,7,0,,0,,,virtual_dummy.xlsx,L48_재고수량·잔여일수,2026-10-05T01:15
PH_DUMMY_01,2026-11-27,R001,782,0,192,0,590,590,0,108.9,5.4,0,,0,,,virtual_dummy.xlsx,L48_재고수량·잔여일수,2026-10-05T01:15
PH_DUMMY_01,2026-11-27,R002,1598,0,349,0,1249,1229,-20,286.1,4.4,0,,0,,,virtual_dummy.xlsx,L48_재고수량·잔여일수,2026-10-05T01:15
PH_DUMMY_01,2026-11-27,R003,1387,0,505,0,882,842,-40,248.1,3.6,0,,0,,,virtual_dummy.xlsx,L48_재고수량·잔여일수,2026-10-05T01:15
PH_DUMMY_01,2026-11-27,R004,713,0,713,68,0,10,10,434.3,0,1500,긴급,0,,Y,virtual_dummy.xlsx,L48_재고수량·잔여일수,2026-10-05T01:15
PH_DUMMY_01,2026-11-27,R005,2163,0,467,0,1696,1676,-20,402,4.2,0,,0,,,virtual_dummy.xlsx,L48_재고수량·잔여일수,2026-10-05T01:15
PH_DUMMY_01,2026-11-27,R006,1196,0,131,0,1065,1035,-30,302,3.5,0,,0,,,virtual_dummy.xlsx,L48_재고수량·잔여일수,2026-10-05T01:15
PH_DUMMY_01,2026-11-27,R007,3149,0,879,0,2270,2250,-20,495.7,4.6,0,,0,,,virtual_dummy.xlsx,L48_재고수량·잔여일수,2026-10-05T01:15
PH_DUMMY_01,2026-11-27,O001,23,0,6,0,17,18,1,5.6,3.1,0,,0,,,virtual_dummy.xlsx,L48_재고수량·잔여일수,2026-10-05T01:15
PH_DUMMY_01,2026-11-27,O002,22,0,6,0,16,14,-2,4.1,3.9,0,,0,,,virtual_dummy.xlsx,L48_재고수량·잔여일수,2026-10-05T01:15
PH_DUMMY_01,2026-11-27,O003,48,0,3,0,45,50,5,6.1,7.3,0,,0,,,virtual_dummy.xlsx,L48_재고수량·잔여일수,2026-10-05T01:15
PH_DUMMY_01,2026-11-27,O004,5,0,1,0,4,4,0,0.4,9.3,0,,0,,,virtual_dummy.xlsx,L48_재고수량·잔여일수,2026-10-05T01:15
PH_DUMMY_01,2026-11-27,Q001,10,0,2,0,8,5,-3,1.3,6.2,0,,0,,,virtual_dummy.xlsx,L48_재고수량·잔여일수,2026-10-05T01:15
PH_DUMMY_01,2026-11-27,Q002,2,0,0,0,2,2,0,0.1,14,0,,0,,,virtual_dummy.xlsx,L48_재고수량·잔여일수,2026-10-05T01:15
PH_DUMMY_01,2026-11-28,R001,590,0,57,0,533,533,0,98.1,5.4,0,,0,,,virtual_dummy.xlsx,L48_재고수량·잔여일수,2026-10-05T01:15
PH_DUMMY_01,2026-11-28,R002,1249,0,328,0,921,901,-20,279,3.3,0,,0,,,virtual_dummy.xlsx,L48_재고수량·잔여일수,2026-10-05T01:15
PH_DUMMY_01,2026-11-28,R003,882,0,284,0,598,588,-10,256.1,2.3,0,,0,,,virtual_dummy.xlsx,L48_재고수량·잔여일수,2026-10-05T01:15
PH_DUMMY_01,2026-11-28,R004,0,0,0,195,0,10,10,396.1,0,1500,긴급,600,,Y,virtual_dummy.xlsx,L48_재고수량·잔여일수,2026-10-05T01:15
PH_DUMMY_01,2026-11-28,R005,1696,0,193,0,1503,1483,-20,347.3,4.3,0,,0,,,virtual_dummy.xlsx,L48_재고수량·잔여일수,2026-10-05T01:15
PH_DUMMY_01,2026-11-28,R006,1065,0,142,0,923,893,-30,279.3,3.3,0,,0,,,virtual_dummy.xlsx,L48_재고수량·잔여일수,2026-10-05T01:15
PH_DUMMY_01,2026-11-28,R007,2270,0,606,0,1664,1644,-20,528,3.2,0,,0,,,virtual_dummy.xlsx,L48_재고수량·잔여일수,2026-10-05T01:15
PH_DUMMY_01,2026-11-28,O001,17,0,4,0,13,14,1,5.4,2.4,0,,0,,,virtual_dummy.xlsx,L48_재고수량·잔여일수,2026-10-05T01:15
PH_DUMMY_01,2026-11-28,O002,16,0,1,0,15,13,-2,3.4,4.4,0,,0,,,virtual_dummy.xlsx,L48_재고수량·잔여일수,2026-10-05T01:15
PH_DUMMY_01,2026-11-28,O003,45,0,8,0,37,42,5,5.7,6.5,0,,0,,,virtual_dummy.xlsx,L48_재고수량·잔여일수,2026-10-05T01:15
PH_DUMMY_01,2026-11-28,O004,4,0,4,1,0,0,0,1,0,4,긴급,4,,,virtual_dummy.xlsx,L48_재고수량·잔여일수,2026-10-05T01:15
PH_DUMMY_01,2026-11-28,Q001,8,0,1,0,7,4,-3,1.1,6.1,0,,0,,,virtual_dummy.xlsx,L48_재고수량·잔여일수,2026-10-05T01:15
PH_DUMMY_01,2026-11-28,Q002,2,0,0,0,2,2,0,0.1,14,0,,0,,,virtual_dummy.xlsx,L48_재고수량·잔여일수,2026-10-05T01:15
PH_DUMMY_01,2026-11-29,R001,533,0,0,0,533,533,0,,,0,,0,,,virtual_dummy.xlsx,L48_재고수량·잔여일수,2026-10-05T01:15
PH_DUMMY_01,2026-11-29,R002,921,0,0,0,921,901,-20,,,0,,0,,,virtual_dummy.xlsx,L48_재고수량·잔여일수,2026-10-05T01:15
PH_DUMMY_01,2026-11-29,R003,598,0,0,0,598,588,-10,,,0,,0,,,virtual_dummy.xlsx,L48_재고수량·잔여일수,2026-10-05T01:15
PH_DUMMY_01,2026-11-29,R004,0,0,0,0,0,10,10,,,0,,0,,Y,virtual_dummy.xlsx,L48_재고수량·잔여일수,2026-10-05T01:15
PH_DUMMY_01,2026-11-29,R005,1503,0,0,0,1503,1483,-20,,,0,,0,,,virtual_dummy.xlsx,L48_재고수량·잔여일수,2026-10-05T01:15
PH_DUMMY_01,2026-11-29,R006,923,0,0,0,923,893,-30,,,0,,0,,,virtual_dummy.xlsx,L48_재고수량·잔여일수,2026-10-05T01:15
PH_DUMMY_01,2026-11-29,R007,1664,0,0,0,1664,1644,-20,,,0,,0,,,virtual_dummy.xlsx,L48_재고수량·잔여일수,2026-10-05T01:15
PH_DUMMY_01,2026-11-29,O001,13,0,0,0,13,14,1,,,0,,0,,,virtual_dummy.xlsx,L48_재고수량·잔여일수,2026-10-05T01:15
PH_DUMMY_01,2026-11-29,O002,15,0,0,0,15,13,-2,,,0,,0,,,virtual_dummy.xlsx,L48_재고수량·잔여일수,2026-10-05T01:15
PH_DUMMY_01,2026-11-29,O003,37,0,0,0,37,42,5,,,0,,0,,,virtual_dummy.xlsx,L48_재고수량·잔여일수,2026-10-05T01:15
PH_DUMMY_01,2026-11-29,O004,0,0,0,0,0,0,0,,,0,,0,,,virtual_dummy.xlsx,L48_재고수량·잔여일수,2026-10-05T01:15
PH_DUMMY_01,2026-11-29,Q001,7,0,0,0,7,4,-3,,,0,,0,,,virtual_dummy.xlsx,L48_재고수량·잔여일수,2026-10-05T01:15
PH_DUMMY_01,2026-11-29,Q002,2,0,0,0,2,2,0,,,0,,0,,,virtual_dummy.xlsx,L48_재고수량·잔여일수,2026-10-05T01:15
PH_DUMMY_01,2026-11-30,R001,533,0,214,0,319,319,0,117.6,2.7,600,정기(주간),600,Y,,virtual_dummy.xlsx,L48_재고수량·잔여일수,2026-10-05T01:15
PH_DUMMY_01,2026-11-30,R002,921,0,297,0,624,624,0,296.3,2.1,1800,정기(주간),1800,Y,,virtual_dummy.xlsx,L48_재고수량·잔여일수,2026-10-05T01:15
PH_DUMMY_01,2026-11-30,R003,598,0,535,0,63,63,0,302.6,0.2,2100,정기(주간),2100,Y,,virtual_dummy.xlsx,L48_재고수량·잔여일수,2026-10-05T01:15
PH_DUMMY_01,2026-11-30,R004,0,600,600,259,0,0,0,457.4,0,3500,정기(주간),1400,Y,Y,virtual_dummy.xlsx,L48_재고수량·잔여일수,2026-10-05T01:15
PH_DUMMY_01,2026-11-30,R005,1503,0,588,0,915,915,0,411.1,2.2,2500,정기(주간),2500,Y,,virtual_dummy.xlsx,L48_재고수량·잔여일수,2026-10-05T01:15
PH_DUMMY_01,2026-11-30,R006,923,0,215,0,708,708,0,290.9,2.4,1500,정기(주간),1500,Y,,virtual_dummy.xlsx,L48_재고수량·잔여일수,2026-10-05T01:15
PH_DUMMY_01,2026-11-30,R007,1664,0,570,0,1094,1094,0,571.4,1.9,3500,정기(주간),3500,Y,,virtual_dummy.xlsx,L48_재고수량·잔여일수,2026-10-05T01:15
PH_DUMMY_01,2026-11-30,O001,13,0,9,0,4,4,0,6.6,0.6,50,정기(주간),50,Y,,virtual_dummy.xlsx,L48_재고수량·잔여일수,2026-10-05T01:15
PH_DUMMY_01,2026-11-30,O002,15,0,0,0,15,15,0,3.3,4.6,20,정기(주간),20,Y,,virtual_dummy.xlsx,L48_재고수량·잔여일수,2026-10-05T01:15
PH_DUMMY_01,2026-11-30,O003,37,0,10,0,27,27,0,7,3.9,30,정기(주간),30,Y,,virtual_dummy.xlsx,L48_재고수량·잔여일수,2026-10-05T01:15
PH_DUMMY_01,2026-11-30,O004,0,4,0,0,4,4,0,1,4,4,정기(주간),4,Y,,virtual_dummy.xlsx,L48_재고수량·잔여일수,2026-10-05T01:15
PH_DUMMY_01,2026-11-30,Q001,7,0,1,0,6,6,0,1.1,5.2,10,정기(주간),10,Y,,virtual_dummy.xlsx,L48_재고수량·잔여일수,2026-10-05T01:15
PH_DUMMY_01,2026-11-30,Q002,2,0,0,0,2,2,0,0.1,14,2,정기(주간),2,Y,,virtual_dummy.xlsx,L48_재고수량·잔여일수,2026-10-05T01:15
PH_DUMMY_01,2026-12-01,R001,319,600,112,0,807,807,0,111.3,7.3,0,,0,,,virtual_dummy.xlsx,L48_재고수량·잔여일수,2026-10-05T01:15
PH_DUMMY_01,2026-12-01,R002,624,1800,469,0,1955,1955,0,292.4,6.7,0,,0,,,virtual_dummy.xlsx,L48_재고수량·잔여일수,2026-10-05T01:15
PH_DUMMY_01,2026-12-01,R003,63,2100,263,0,1900,1900,0,288.4,6.6,0,,0,,Y,virtual_dummy.xlsx,L48_재고수량·잔여일수,2026-10-05T01:15
PH_DUMMY_01,2026-12-01,R004,0,1400,886,0,514,514,0,487.7,1.1,1500,긴급,0,,Y,virtual_dummy.xlsx,L48_재고수량·잔여일수,2026-10-05T01:15
PH_DUMMY_01,2026-12-01,R005,915,2500,192,0,3223,3223,0,383.6,8.4,0,,0,,,virtual_dummy.xlsx,L48_재고수량·잔여일수,2026-10-05T01:15
PH_DUMMY_01,2026-12-01,R006,708,1500,115,0,2093,2093,0,228.7,9.2,0,,0,,,virtual_dummy.xlsx,L48_재고수량·잔여일수,2026-10-05T01:15
PH_DUMMY_01,2026-12-01,R007,1094,3500,436,0,4158,4158,0,559.7,7.4,0,,0,,,virtual_dummy.xlsx,L48_재고수량·잔여일수,2026-10-05T01:15
PH_DUMMY_01,2026-12-01,O001,4,50,7,0,47,47,0,6.4,7.3,0,,0,,,virtual_dummy.xlsx,L48_재고수량·잔여일수,2026-10-05T01:15
PH_DUMMY_01,2026-12-01,O002,15,20,2,0,33,33,0,2.7,12.2,0,,0,,,virtual_dummy.xlsx,L48_재고수량·잔여일수,2026-10-05T01:15
PH_DUMMY_01,2026-12-01,O003,27,30,7,0,50,50,0,6.4,7.8,0,,0,,,virtual_dummy.xlsx,L48_재고수량·잔여일수,2026-10-05T01:15
PH_DUMMY_01,2026-12-01,O004,4,4,1,0,7,7,0,1.1,6.1,0,,0,,,virtual_dummy.xlsx,L48_재고수량·잔여일수,2026-10-05T01:15
PH_DUMMY_01,2026-12-01,Q001,6,10,1,0,15,15,0,1.1,13.1,0,,0,,,virtual_dummy.xlsx,L48_재고수량·잔여일수,2026-10-05T01:15
PH_DUMMY_01,2026-12-01,Q002,2,2,0,0,4,4,0,0.1,28,0,,0,,,virtual_dummy.xlsx,L48_재고수량·잔여일수,2026-10-05T01:15
PH_DUMMY_01,2026-12-02,R001,807,0,92,0,715,715,0,112,6.4,0,,0,,,virtual_dummy.xlsx,L48_재고수량·잔여일수,2026-10-05T01:15
PH_DUMMY_01,2026-12-02,R002,1955,0,163,0,1792,1792,0,275.4,6.5,0,,0,,,virtual_dummy.xlsx,L48_재고수량·잔여일수,2026-10-05T01:15
PH_DUMMY_01,2026-12-02,R003,1900,0,87,0,1813,1813,0,281.7,6.4,0,,0,,Y,virtual_dummy.xlsx,L48_재고수량·잔여일수,2026-10-05T01:15
PH_DUMMY_01,2026-12-02,R004,514,0,436,0,78,58,-20,519.7,0.2,1500,긴급,0,,Y,virtual_dummy.xlsx,L48_재고수량·잔여일수,2026-10-05T01:15
PH_DUMMY_01,2026-12-02,R005,3223,0,102,0,3121,3121,0,341.6,9.1,0,,0,,,virtual_dummy.xlsx,L48_재고수량·잔여일수,2026-10-05T01:15
PH_DUMMY_01,2026-12-02,R006,2093,0,166,0,1927,1937,10,215.3,9,0,,0,,,virtual_dummy.xlsx,L48_재고수량·잔여일수,2026-10-05T01:15
PH_DUMMY_01,2026-12-02,R007,4158,0,436,0,3722,3722,0,567.1,6.6,0,,0,,,virtual_dummy.xlsx,L48_재고수량·잔여일수,2026-10-05T01:15
PH_DUMMY_01,2026-12-02,O001,47,0,2,0,45,45,0,5.7,7.9,0,,0,,,virtual_dummy.xlsx,L48_재고수량·잔여일수,2026-10-05T01:15
PH_DUMMY_01,2026-12-02,O002,33,0,4,0,29,29,0,2.7,10.7,0,,0,,,virtual_dummy.xlsx,L48_재고수량·잔여일수,2026-10-05T01:15
PH_DUMMY_01,2026-12-02,O003,50,0,6,0,44,44,0,6.1,7.2,0,,0,,,virtual_dummy.xlsx,L48_재고수량·잔여일수,2026-10-05T01:15
PH_DUMMY_01,2026-12-02,O004,7,0,1,0,6,6,0,1.3,4.7,0,,0,,,virtual_dummy.xlsx,L48_재고수량·잔여일수,2026-10-05T01:15
PH_DUMMY_01,2026-12-02,Q001,15,0,1,0,14,14,0,1.3,10.9,0,,0,,,virtual_dummy.xlsx,L48_재고수량·잔여일수,2026-10-05T01:15
PH_DUMMY_01,2026-12-02,Q002,4,0,0,0,4,4,0,0.1,28,0,,0,,,virtual_dummy.xlsx,L48_재고수량·잔여일수,2026-10-05T01:15
PH_DUMMY_01,2026-12-03,R001,715,0,121,0,594,594,0,121.7,4.9,0,,0,,,virtual_dummy.xlsx,L48_재고수량·잔여일수,2026-10-05T01:15
PH_DUMMY_01,2026-12-03,R002,1792,0,284,0,1508,1508,0,297.7,5.1,0,,0,,,virtual_dummy.xlsx,L48_재고수량·잔여일수,2026-10-05T01:15
PH_DUMMY_01,2026-12-03,R003,1813,0,319,0,1494,1494,0,308.1,4.8,0,,0,,Y,virtual_dummy.xlsx,L48_재고수량·잔여일수,2026-10-05T01:15
PH_DUMMY_01,2026-12-03,R004,78,0,78,494,0,0,0,559.9,0,1500,긴급,600,,Y,virtual_dummy.xlsx,L48_재고수량·잔여일수,2026-10-05T01:15
PH_DUMMY_01,2026-12-03,R005,3121,0,272,0,2849,2849,0,302.7,9.4,0,,0,,,virtual_dummy.xlsx,L48_재고수량·잔여일수,2026-10-05T01:15
PH_DUMMY_01,2026-12-03,R006,1927,0,188,0,1739,1749,10,187.1,9.3,0,,0,,,virtual_dummy.xlsx,L48_재고수량·잔여일수,2026-10-05T01:15
PH_DUMMY_01,2026-12-03,R007,3722,0,437,0,3285,3285,0,511,6.4,0,,0,,,virtual_dummy.xlsx,L48_재고수량·잔여일수,2026-10-05T01:15
PH_DUMMY_01,2026-12-03,O001,45,0,4,0,41,41,0,5.7,7.2,0,,0,,,virtual_dummy.xlsx,L48_재고수량·잔여일수,2026-10-05T01:15
PH_DUMMY_01,2026-12-03,O002,29,0,1,0,28,28,0,2.1,13.1,0,,0,,,virtual_dummy.xlsx,L48_재고수량·잔여일수,2026-10-05T01:15
PH_DUMMY_01,2026-12-03,O003,44,0,7,0,37,37,0,6.7,5.5,0,,0,,,virtual_dummy.xlsx,L48_재고수량·잔여일수,2026-10-05T01:15
PH_DUMMY_01,2026-12-03,O004,6,0,0,0,6,6,0,1.3,4.7,0,,0,,,virtual_dummy.xlsx,L48_재고수량·잔여일수,2026-10-05T01:15
PH_DUMMY_01,2026-12-03,Q001,14,0,1,0,13,13,0,1.4,9.1,0,,0,,,virtual_dummy.xlsx,L48_재고수량·잔여일수,2026-10-05T01:15
PH_DUMMY_01,2026-12-03,Q002,4,0,0,0,4,4,0,0.1,28,0,,0,,,virtual_dummy.xlsx,L48_재고수량·잔여일수,2026-10-05T01:15
PH_DUMMY_01,2026-12-04,R001,594,0,112,0,482,482,0,128.6,3.7,0,,0,,,virtual_dummy.xlsx,L48_재고수량·잔여일수,2026-10-05T01:15
PH_DUMMY_01,2026-12-04,R002,1508,0,385,0,1123,1123,0,325,3.5,0,,0,,,virtual_dummy.xlsx,L48_재고수량·잔여일수,2026-10-05T01:15
PH_DUMMY_01,2026-12-04,R003,1494,0,356,0,1138,1138,0,335.6,3.4,0,,0,,Y,virtual_dummy.xlsx,L48_재고수량·잔여일수,2026-10-05T01:15
PH_DUMMY_01,2026-12-04,R004,0,600,332,0,268,248,-20,580.1,0.5,1500,긴급,0,,Y,virtual_dummy.xlsx,L48_재고수량·잔여일수,2026-10-05T01:15
PH_DUMMY_01,2026-12-04,R005,2849,0,381,0,2468,2448,-20,313.6,7.9,0,,0,,,virtual_dummy.xlsx,L48_재고수량·잔여일수,2026-10-05T01:15
PH_DUMMY_01,2026-12-04,R006,1739,0,471,0,1268,1278,10,204,6.2,0,,0,,,virtual_dummy.xlsx,L48_재고수량·잔여일수,2026-10-05T01:15
PH_DUMMY_01,2026-12-04,R007,3285,0,693,0,2592,2592,0,579.6,4.5,0,,0,,,virtual_dummy.xlsx,L48_재고수량·잔여일수,2026-10-05T01:15
PH_DUMMY_01,2026-12-04,O001,41,0,9,0,32,32,0,5.9,5.5,0,,0,,,virtual_dummy.xlsx,L48_재고수량·잔여일수,2026-10-05T01:15
PH_DUMMY_01,2026-12-04,O002,28,0,7,0,21,21,0,3,7,0,,0,,,virtual_dummy.xlsx,L48_재고수량·잔여일수,2026-10-05T01:15
PH_DUMMY_01,2026-12-04,O003,37,0,10,0,27,27,0,7.3,3.7,0,,0,,,virtual_dummy.xlsx,L48_재고수량·잔여일수,2026-10-05T01:15
PH_DUMMY_01,2026-12-04,O004,6,0,1,0,5,5,0,1.3,3.9,0,,0,,,virtual_dummy.xlsx,L48_재고수량·잔여일수,2026-10-05T01:15
PH_DUMMY_01,2026-12-04,Q001,13,0,5,0,8,8,0,1.7,4.7,0,,0,,,virtual_dummy.xlsx,L48_재고수량·잔여일수,2026-10-05T01:15
PH_DUMMY_01,2026-12-04,Q002,4,0,0,0,4,4,0,0,,0,,0,,,virtual_dummy.xlsx,L48_재고수량·잔여일수,2026-10-05T01:15
PH_DUMMY_01,2026-12-05,R001,482,0,137,0,345,345,0,120.7,2.9,0,,0,,,virtual_dummy.xlsx,L48_재고수량·잔여일수,2026-10-05T01:15
PH_DUMMY_01,2026-12-05,R002,1123,0,288,0,835,835,0,316.3,2.6,0,,0,,,virtual_dummy.xlsx,L48_재고수량·잔여일수,2026-10-05T01:15
PH_DUMMY_01,2026-12-05,R003,1138,0,242,0,896,896,0,298,3,0,,0,,Y,virtual_dummy.xlsx,L48_재고수량·잔여일수,2026-10-05T01:15
PH_DUMMY_01,2026-12-05,R004,268,0,268,139,0,0,0,526.7,0,1500,긴급,0,,Y,virtual_dummy.xlsx,L48_재고수량·잔여일수,2026-10-05T01:15
PH_DUMMY_01,2026-12-05,R005,2468,0,517,0,1951,1931,-20,320.7,6.1,0,,0,,,virtual_dummy.xlsx,L48_재고수량·잔여일수,2026-10-05T01:15
PH_DUMMY_01,2026-12-05,R006,1268,0,229,0,1039,1049,10,218,4.8,0,,0,,,virtual_dummy.xlsx,L48_재고수량·잔여일수,2026-10-05T01:15
PH_DUMMY_01,2026-12-05,R007,2592,0,520,0,2072,2072,0,528.3,3.9,0,,0,,,virtual_dummy.xlsx,L48_재고수량·잔여일수,2026-10-05T01:15
PH_DUMMY_01,2026-12-05,O001,32,0,5,0,27,27,0,5.7,4.7,0,,0,,,virtual_dummy.xlsx,L48_재고수량·잔여일수,2026-10-05T01:15
PH_DUMMY_01,2026-12-05,O002,21,0,1,0,20,20,0,2.3,8.8,0,,0,,,virtual_dummy.xlsx,L48_재고수량·잔여일수,2026-10-05T01:15
PH_DUMMY_01,2026-12-05,O003,27,0,6,0,21,21,0,7.7,2.7,0,,0,,,virtual_dummy.xlsx,L48_재고수량·잔여일수,2026-10-05T01:15
PH_DUMMY_01,2026-12-05,O004,5,0,0,0,5,5,0,1.1,4.4,0,,0,,,virtual_dummy.xlsx,L48_재고수량·잔여일수,2026-10-05T01:15
PH_DUMMY_01,2026-12-05,Q001,8,0,0,0,8,8,0,1.4,5.6,0,,0,,,virtual_dummy.xlsx,L48_재고수량·잔여일수,2026-10-05T01:15
PH_DUMMY_01,2026-12-05,Q002,4,0,0,0,4,4,0,0,,0,,0,,,virtual_dummy.xlsx,L48_재고수량·잔여일수,2026-10-05T01:15
PH_DUMMY_01,2026-12-06,R001,345,0,0,0,345,345,0,,,0,,0,,,virtual_dummy.xlsx,L48_재고수량·잔여일수,2026-10-05T01:15
PH_DUMMY_01,2026-12-06,R002,835,0,0,0,835,835,0,,,0,,0,,,virtual_dummy.xlsx,L48_재고수량·잔여일수,2026-10-05T01:15
PH_DUMMY_01,2026-12-06,R003,896,0,0,0,896,896,0,,,0,,0,,Y,virtual_dummy.xlsx,L48_재고수량·잔여일수,2026-10-05T01:15
PH_DUMMY_01,2026-12-06,R004,0,0,0,0,0,0,0,,,0,,0,,Y,virtual_dummy.xlsx,L48_재고수량·잔여일수,2026-10-05T01:15
PH_DUMMY_01,2026-12-06,R005,1951,0,0,0,1951,1931,-20,,,0,,0,,,virtual_dummy.xlsx,L48_재고수량·잔여일수,2026-10-05T01:15
PH_DUMMY_01,2026-12-06,R006,1039,0,0,0,1039,1049,10,,,0,,0,,,virtual_dummy.xlsx,L48_재고수량·잔여일수,2026-10-05T01:15
PH_DUMMY_01,2026-12-06,R007,2072,0,0,0,2072,2072,0,,,0,,0,,,virtual_dummy.xlsx,L48_재고수량·잔여일수,2026-10-05T01:15
PH_DUMMY_01,2026-12-06,O001,27,0,0,0,27,27,0,,,0,,0,,,virtual_dummy.xlsx,L48_재고수량·잔여일수,2026-10-05T01:15
PH_DUMMY_01,2026-12-06,O002,20,0,0,0,20,20,0,,,0,,0,,,virtual_dummy.xlsx,L48_재고수량·잔여일수,2026-10-05T01:15
PH_DUMMY_01,2026-12-06,O003,21,0,0,0,21,21,0,,,0,,0,,,virtual_dummy.xlsx,L48_재고수량·잔여일수,2026-10-05T01:15
PH_DUMMY_01,2026-12-06,O004,5,0,0,0,5,5,0,,,0,,0,,,virtual_dummy.xlsx,L48_재고수량·잔여일수,2026-10-05T01:15
PH_DUMMY_01,2026-12-06,Q001,8,0,0,0,8,8,0,,,0,,0,,,virtual_dummy.xlsx,L48_재고수량·잔여일수,2026-10-05T01:15
PH_DUMMY_01,2026-12-06,Q002,4,0,0,0,4,4,0,,,0,,0,,,virtual_dummy.xlsx,L48_재고수량·잔여일수,2026-10-05T01:15
PH_DUMMY_01,2026-12-07,R001,345,0,221,0,124,124,0,144.1,0.9,900,정기(주간),900,,,virtual_dummy.xlsx,L48_재고수량·잔여일수,2026-10-05T01:15
PH_DUMMY_01,2026-12-07,R002,835,0,338,0,497,497,0,317.7,1.6,2100,정기(주간),2100,,,virtual_dummy.xlsx,L48_재고수량·잔여일수,2026-10-05T01:15
PH_DUMMY_01,2026-12-07,R003,896,0,227,0,669,669,0,289.9,2.3,1600,정기(주간),800,,Y,virtual_dummy.xlsx,L48_재고수량·잔여일수,2026-10-05T01:15
PH_DUMMY_01,2026-12-07,R004,0,0,0,507,0,0,0,571.3,0,4000,정기(주간),1600,,Y,virtual_dummy.xlsx,L48_재고수량·잔여일수,2026-10-05T01:15
PH_DUMMY_01,2026-12-07,R005,1951,0,499,0,1452,1432,-20,364.4,4,1500,정기(주간),1500,,,virtual_dummy.xlsx,L48_재고수량·잔여일수,2026-10-05T01:15
PH_DUMMY_01,2026-12-07,R006,1039,0,377,0,662,672,10,251.6,2.6,1500,정기(주간),1500,,,virtual_dummy.xlsx,L48_재고수량·잔여일수,2026-10-05T01:15
PH_DUMMY_01,2026-12-07,R007,2072,0,755,0,1317,1317,0,549.6,2.4,3000,정기(주간),3000,,,virtual_dummy.xlsx,L48_재고수량·잔여일수,2026-10-05T01:15
PH_DUMMY_01,2026-12-07,O001,27,0,6,0,21,21,0,6,3.5,40,정기(주간),40,,,virtual_dummy.xlsx,L48_재고수량·잔여일수,2026-10-05T01:15
PH_DUMMY_01,2026-12-07,O002,20,0,5,0,15,15,0,2.9,5.2,20,정기(주간),20,,,virtual_dummy.xlsx,L48_재고수량·잔여일수,2026-10-05T01:15
PH_DUMMY_01,2026-12-07,O003,21,0,8,0,13,13,0,7.7,1.7,50,정기(주간),50,,,virtual_dummy.xlsx,L48_재고수량·잔여일수,2026-10-05T01:15
PH_DUMMY_01,2026-12-07,O004,5,0,3,0,2,2,0,0.9,2.3,8,정기(주간),8,,,virtual_dummy.xlsx,L48_재고수량·잔여일수,2026-10-05T01:15
PH_DUMMY_01,2026-12-07,Q001,8,0,1,0,7,7,0,1.4,4.9,10,정기(주간),10,,,virtual_dummy.xlsx,L48_재고수량·잔여일수,2026-10-05T01:15
PH_DUMMY_01,2026-12-07,Q002,4,0,0,0,4,4,0,0,,0,,0,,,virtual_dummy.xlsx,L48_재고수량·잔여일수,2026-10-05T01:15
PH_DUMMY_01,2026-12-08,R001,124,900,114,0,910,890,-20,129.9,7,0,,0,,,virtual_dummy.xlsx,L48_재고수량·잔여일수,2026-10-05T01:15
PH_DUMMY_01,2026-12-08,R002,497,2100,314,0,2283,2283,0,320.1,7.1,0,,0,,,virtual_dummy.xlsx,L48_재고수량·잔여일수,2026-10-05T01:15
PH_DUMMY_01,2026-12-08,R003,669,800,216,0,1253,1253,0,244.3,5.1,0,,0,,Y,virtual_dummy.xlsx,L48_재고수량·잔여일수,2026-10-05T01:15
PH_DUMMY_01,2026-12-08,R004,0,1600,434,0,1166,1146,-20,510.6,2.3,0,,0,,Y,virtual_dummy.xlsx,L48_재고수량·잔여일수,2026-10-05T01:15
PH_DUMMY_01,2026-12-08,R005,1452,1500,144,0,2808,2758,-50,301,9.3,0,,0,,,virtual_dummy.xlsx,L48_재고수량·잔여일수,2026-10-05T01:15
PH_DUMMY_01,2026-12-08,R006,662,1500,203,0,1959,1969,10,249.9,7.8,0,,0,,,virtual_dummy.xlsx,L48_재고수량·잔여일수,2026-10-05T01:15
PH_DUMMY_01,2026-12-08,R007,1317,3000,199,0,4118,4118,0,496.6,8.3,0,,0,,,virtual_dummy.xlsx,L48_재고수량·잔여일수,2026-10-05T01:15
PH_DUMMY_01,2026-12-08,O001,21,40,6,0,55,55,0,5.6,9.9,0,,0,,,virtual_dummy.xlsx,L48_재고수량·잔여일수,2026-10-05T01:15
PH_DUMMY_01,2026-12-08,O002,15,20,6,0,29,29,0,3.7,7.8,0,,0,,,virtual_dummy.xlsx,L48_재고수량·잔여일수,2026-10-05T01:15
PH_DUMMY_01,2026-12-08,O003,13,50,9,0,54,54,0,7.6,7.1,0,,0,,,virtual_dummy.xlsx,L48_재고수량·잔여일수,2026-10-05T01:15
PH_DUMMY_01,2026-12-08,O004,2,8,0,0,10,8,-2,0.9,11.7,0,,0,,,virtual_dummy.xlsx,L48_재고수량·잔여일수,2026-10-05T01:15
PH_DUMMY_01,2026-12-08,Q001,7,10,2,0,15,15,0,1.6,9.5,0,,0,,,virtual_dummy.xlsx,L48_재고수량·잔여일수,2026-10-05T01:15
PH_DUMMY_01,2026-12-08,Q002,4,0,0,0,4,4,0,0,,0,,0,,,virtual_dummy.xlsx,L48_재고수량·잔여일수,2026-10-05T01:15
PH_DUMMY_01,2026-12-09,R001,910,0,42,0,868,848,-20,119.9,7.2,0,,0,,,virtual_dummy.xlsx,L48_재고수량·잔여일수,2026-10-05T01:15
PH_DUMMY_01,2026-12-09,R002,2283,0,389,0,1894,1894,0,308.7,6.1,0,,0,,,virtual_dummy.xlsx,L48_재고수량·잔여일수,2026-10-05T01:15
PH_DUMMY_01,2026-12-09,R003,1253,0,149,0,1104,1104,0,228,4.8,0,,0,,Y,virtual_dummy.xlsx,L48_재고수량·잔여일수,2026-10-05T01:15
PH_DUMMY_01,2026-12-09,R004,1166,0,179,0,987,967,-20,409.6,2.4,0,,0,,Y,virtual_dummy.xlsx,L48_재고수량·잔여일수,2026-10-05T01:15
PH_DUMMY_01,2026-12-09,R005,2808,0,562,0,2246,2196,-50,353.9,6.3,0,,0,,,virtual_dummy.xlsx,L48_재고수량·잔여일수,2026-10-05T01:15
PH_DUMMY_01,2026-12-09,R006,1959,0,267,0,1692,1682,-10,271.6,6.2,0,,0,,,virtual_dummy.xlsx,L48_재고수량·잔여일수,2026-10-05T01:15
PH_DUMMY_01,2026-12-09,R007,4118,0,530,0,3588,3608,20,510,7,0,,0,,,virtual_dummy.xlsx,L48_재고수량·잔여일수,2026-10-05T01:15
PH_DUMMY_01,2026-12-09,O001,55,0,5,0,50,50,0,5.3,9.5,0,,0,,,virtual_dummy.xlsx,L48_재고수량·잔여일수,2026-10-05T01:15
PH_DUMMY_01,2026-12-09,O002,29,0,3,0,26,26,0,3.9,6.7,0,,0,,,virtual_dummy.xlsx,L48_재고수량·잔여일수,2026-10-05T01:15
PH_DUMMY_01,2026-12-09,O003,54,0,5,0,49,49,0,7.3,6.7,0,,0,,,virtual_dummy.xlsx,L48_재고수량·잔여일수,2026-10-05T01:15
PH_DUMMY_01,2026-12-09,O004,10,0,0,0,10,8,-2,0.7,14,0,,0,,,virtual_dummy.xlsx,L48_재고수량·잔여일수,2026-10-05T01:15
PH_DUMMY_01,2026-12-09,Q001,15,0,0,0,15,15,0,1.4,10.5,0,,0,,,virtual_dummy.xlsx,L48_재고수량·잔여일수,2026-10-05T01:15
PH_DUMMY_01,2026-12-09,Q002,4,0,0,0,4,4,0,0,,0,,0,,,virtual_dummy.xlsx,L48_재고수량·잔여일수,2026-10-05T01:15
PH_DUMMY_01,2026-12-10,R001,868,0,109,0,759,739,-20,122.3,6.2,0,,0,,,virtual_dummy.xlsx,L48_재고수량·잔여일수,2026-10-05T01:15
PH_DUMMY_01,2026-12-10,R002,1894,0,405,0,1489,1489,0,343.3,4.3,0,,0,,,virtual_dummy.xlsx,L48_재고수량·잔여일수,2026-10-05T01:15
PH_DUMMY_01,2026-12-10,R003,1104,0,291,0,813,813,0,257.1,3.2,0,,0,,Y,virtual_dummy.xlsx,L48_재고수량·잔여일수,2026-10-05T01:15
PH_DUMMY_01,2026-12-10,R004,987,0,508,0,479,449,-30,419.9,1.1,1500,긴급,0,,Y,virtual_dummy.xlsx,L48_재고수량·잔여일수,2026-10-05T01:15
PH_DUMMY_01,2026-12-10,R005,2246,0,439,0,1807,1787,-20,402,4.5,0,,0,,,virtual_dummy.xlsx,L48_재고수량·잔여일수,2026-10-05T01:15
PH_DUMMY_01,2026-12-10,R006,1692,0,390,0,1302,1272,-30,303.6,4.3,0,,0,,,virtual_dummy.xlsx,L48_재고수량·잔여일수,2026-10-05T01:15
PH_DUMMY_01,2026-12-10,R007,3588,0,762,0,2826,2846,20,556.6,5.1,0,,0,,,virtual_dummy.xlsx,L48_재고수량·잔여일수,2026-10-05T01:15
PH_DUMMY_01,2026-12-10,O001,50,0,5,0,45,45,0,5.7,7.9,0,,0,,,virtual_dummy.xlsx,L48_재고수량·잔여일수,2026-10-05T01:15
PH_DUMMY_01,2026-12-10,O002,26,0,2,0,24,24,0,3.6,6.7,0,,0,,,virtual_dummy.xlsx,L48_재고수량·잔여일수,2026-10-05T01:15
PH_DUMMY_01,2026-12-10,O003,49,0,5,0,44,44,0,7.1,6.2,0,,0,,,virtual_dummy.xlsx,L48_재고수량·잔여일수,2026-10-05T01:15
PH_DUMMY_01,2026-12-10,O004,10,0,0,0,10,8,-2,0.6,17.5,0,,0,,,virtual_dummy.xlsx,L48_재고수량·잔여일수,2026-10-05T01:15
PH_DUMMY_01,2026-12-10,Q001,15,0,1,0,14,14,0,1.4,9.8,0,,0,,,virtual_dummy.xlsx,L48_재고수량·잔여일수,2026-10-05T01:15
PH_DUMMY_01,2026-12-10,Q002,4,0,0,0,4,4,0,0,,0,,0,,,virtual_dummy.xlsx,L48_재고수량·잔여일수,2026-10-05T01:15
PH_DUMMY_01,2026-12-11,R001,759,0,138,0,621,601,-20,124.7,5,0,,0,,,virtual_dummy.xlsx,L48_재고수량·잔여일수,2026-10-05T01:15
PH_DUMMY_01,2026-12-11,R002,1489,0,548,0,941,941,0,381,2.5,0,,0,,,virtual_dummy.xlsx,L48_재고수량·잔여일수,2026-10-05T01:15
PH_DUMMY_01,2026-12-11,R003,813,0,280,0,533,543,10,251.6,2.1,0,,0,,Y,virtual_dummy.xlsx,L48_재고수량·잔여일수,2026-10-05T01:15
PH_DUMMY_01,2026-12-11,R004,479,0,479,33,0,0,0,411.3,0,1500,긴급,600,,Y,virtual_dummy.xlsx,L48_재고수량·잔여일수,2026-10-05T01:15
PH_DUMMY_01,2026-12-11,R005,1807,0,580,0,1227,1207,-20,446,2.8,0,,0,,,virtual_dummy.xlsx,L48_재고수량·잔여일수,2026-10-05T01:15
PH_DUMMY_01,2026-12-11,R006,1302,0,339,0,963,933,-30,325.1,3,0,,0,,,virtual_dummy.xlsx,L48_재고수량·잔여일수,2026-10-05T01:15
PH_DUMMY_01,2026-12-11,R007,2826,0,621,0,2205,2225,20,582.9,3.8,0,,0,,,virtual_dummy.xlsx,L48_재고수량·잔여일수,2026-10-05T01:15
PH_DUMMY_01,2026-12-11,O001,45,0,10,0,35,35,0,6.6,5.3,0,,0,,,virtual_dummy.xlsx,L48_재고수량·잔여일수,2026-10-05T01:15
PH_DUMMY_01,2026-12-11,O002,24,0,3,0,21,21,0,3.9,5.4,0,,0,,,virtual_dummy.xlsx,L48_재고수량·잔여일수,2026-10-05T01:15
PH_DUMMY_01,2026-12-11,O003,44,0,8,0,36,36,0,7.3,4.9,0,,0,,,virtual_dummy.xlsx,L48_재고수량·잔여일수,2026-10-05T01:15
PH_DUMMY_01,2026-12-11,O004,10,0,0,0,10,8,-2,0.6,17.5,0,,0,,,virtual_dummy.xlsx,L48_재고수량·잔여일수,2026-10-05T01:15
PH_DUMMY_01,2026-12-11,Q001,14,0,1,0,13,15,2,1.4,9.1,0,,0,,,virtual_dummy.xlsx,L48_재고수량·잔여일수,2026-10-05T01:15
PH_DUMMY_01,2026-12-11,Q002,4,0,0,0,4,4,0,0,,0,,0,,,virtual_dummy.xlsx,L48_재고수량·잔여일수,2026-10-05T01:15
PH_DUMMY_01,2026-12-12,R001,621,0,67,0,554,534,-20,118.3,4.7,0,,0,,,virtual_dummy.xlsx,L48_재고수량·잔여일수,2026-10-05T01:15
PH_DUMMY_01,2026-12-12,R002,941,0,282,0,659,659,0,366.3,1.8,0,,0,,,virtual_dummy.xlsx,L48_재고수량·잔여일수,2026-10-05T01:15
PH_DUMMY_01,2026-12-12,R003,533,0,159,0,374,394,20,223.4,1.7,0,,0,,Y,virtual_dummy.xlsx,L48_재고수량·잔여일수,2026-10-05T01:15
PH_DUMMY_01,2026-12-12,R004,0,600,534,0,66,36,-30,440.1,0.1,2000,긴급,800,,Y,virtual_dummy.xlsx,L48_재고수량·잔여일수,2026-10-05T01:15
PH_DUMMY_01,2026-12-12,R005,1227,0,155,0,1072,1052,-20,413.7,2.6,0,,0,,,virtual_dummy.xlsx,L48_재고수량·잔여일수,2026-10-05T01:15
PH_DUMMY_01,2026-12-12,R006,963,0,85,0,878,848,-30,270,3.3,0,,0,,,virtual_dummy.xlsx,L48_재고수량·잔여일수,2026-10-05T01:15
PH_DUMMY_01,2026-12-12,R007,2205,0,311,0,1894,1914,20,528.3,3.6,0,,0,,,virtual_dummy.xlsx,L48_재고수량·잔여일수,2026-10-05T01:15
PH_DUMMY_01,2026-12-12,O001,35,0,5,0,30,30,0,6,5,0,,0,,,virtual_dummy.xlsx,L48_재고수량·잔여일수,2026-10-05T01:15
PH_DUMMY_01,2026-12-12,O002,21,0,5,0,16,16,0,3.6,4.5,0,,0,,,virtual_dummy.xlsx,L48_재고수량·잔여일수,2026-10-05T01:15
PH_DUMMY_01,2026-12-12,O003,36,0,8,0,28,28,0,7,4,0,,0,,,virtual_dummy.xlsx,L48_재고수량·잔여일수,2026-10-05T01:15
PH_DUMMY_01,2026-12-12,O004,10,0,0,0,10,8,-2,0.4,23.3,0,,0,,,virtual_dummy.xlsx,L48_재고수량·잔여일수,2026-10-05T01:15
PH_DUMMY_01,2026-12-12,Q001,13,0,1,0,12,14,2,0.9,14,0,,0,,,virtual_dummy.xlsx,L48_재고수량·잔여일수,2026-10-05T01:15
PH_DUMMY_01,2026-12-12,Q002,4,0,0,0,4,5,1,0,,0,,0,,,virtual_dummy.xlsx,L48_재고수량·잔여일수,2026-10-05T01:15
PH_DUMMY_01,2026-12-13,R001,554,0,0,0,554,534,-20,,,0,,0,,,virtual_dummy.xlsx,L48_재고수량·잔여일수,2026-10-05T01:15
PH_DUMMY_01,2026-12-13,R002,659,0,0,0,659,659,0,,,0,,0,,,virtual_dummy.xlsx,L48_재고수량·잔여일수,2026-10-05T01:15
PH_DUMMY_01,2026-12-13,R003,374,0,0,0,374,394,20,,,0,,0,,Y,virtual_dummy.xlsx,L48_재고수량·잔여일수,2026-10-05T01:15
PH_DUMMY_01,2026-12-13,R004,66,0,0,0,66,36,-30,,,0,,0,,Y,virtual_dummy.xlsx,L48_재고수량·잔여일수,2026-10-05T01:15
PH_DUMMY_01,2026-12-13,R005,1072,0,0,0,1072,1052,-20,,,0,,0,,,virtual_dummy.xlsx,L48_재고수량·잔여일수,2026-10-05T01:15
PH_DUMMY_01,2026-12-13,R006,878,0,0,0,878,848,-30,,,0,,0,,,virtual_dummy.xlsx,L48_재고수량·잔여일수,2026-10-05T01:15
PH_DUMMY_01,2026-12-13,R007,1894,0,0,0,1894,1914,20,,,0,,0,,,virtual_dummy.xlsx,L48_재고수량·잔여일수,2026-10-05T01:15
PH_DUMMY_01,2026-12-13,O001,30,0,0,0,30,30,0,,,0,,0,,,virtual_dummy.xlsx,L48_재고수량·잔여일수,2026-10-05T01:15
PH_DUMMY_01,2026-12-13,O002,16,0,0,0,16,16,0,,,0,,0,,,virtual_dummy.xlsx,L48_재고수량·잔여일수,2026-10-05T01:15
PH_DUMMY_01,2026-12-13,O003,28,0,0,0,28,28,0,,,0,,0,,,virtual_dummy.xlsx,L48_재고수량·잔여일수,2026-10-05T01:15
PH_DUMMY_01,2026-12-13,O004,10,0,0,0,10,8,-2,,,0,,0,,,virtual_dummy.xlsx,L48_재고수량·잔여일수,2026-10-05T01:15
PH_DUMMY_01,2026-12-13,Q001,12,0,0,0,12,14,2,,,0,,0,,,virtual_dummy.xlsx,L48_재고수량·잔여일수,2026-10-05T01:15
PH_DUMMY_01,2026-12-13,Q002,4,0,0,0,4,5,1,,,0,,0,,,virtual_dummy.xlsx,L48_재고수량·잔여일수,2026-10-05T01:15
PH_DUMMY_01,2026-12-14,R001,554,0,197,0,357,337,-20,126.9,2.8,700,정기(주간),700,,,virtual_dummy.xlsx,L48_재고수량·잔여일수,2026-10-05T01:15
PH_DUMMY_01,2026-12-14,R002,659,0,360,0,299,299,0,376.6,0.8,2700,정기(주간),2700,,,virtual_dummy.xlsx,L48_재고수량·잔여일수,2026-10-05T01:15
PH_DUMMY_01,2026-12-14,R003,374,0,137,0,237,257,20,208.4,1.1,1800,정기(주간),900,,Y,virtual_dummy.xlsx,L48_재고수량·잔여일수,2026-10-05T01:15
PH_DUMMY_01,2026-12-14,R004,66,800,562,0,304,274,-30,462.3,0.7,4000,정기(주간),1600,,Y,virtual_dummy.xlsx,L48_재고수량·잔여일수,2026-10-05T01:15
PH_DUMMY_01,2026-12-14,R005,1072,0,389,0,683,663,-20,395.4,1.7,2500,정기(주간),2500,,,virtual_dummy.xlsx,L48_재고수량·잔여일수,2026-10-05T01:15
PH_DUMMY_01,2026-12-14,R006,878,0,341,0,537,477,-60,286,1.9,1500,정기(주간),1500,,,virtual_dummy.xlsx,L48_재고수량·잔여일수,2026-10-05T01:15
PH_DUMMY_01,2026-12-14,R007,1894,0,511,0,1383,1403,20,527,2.6,3000,정기(주간),3000,,,virtual_dummy.xlsx,L48_재고수량·잔여일수,2026-10-05T01:15
PH_DUMMY_01,2026-12-14,O001,30,0,5,0,25,25,0,6,4.2,30,정기(주간),30,,,virtual_dummy.xlsx,L48_재고수량·잔여일수,2026-10-05T01:15
PH_DUMMY_01,2026-12-14,O002,16,0,2,0,14,14,0,3.7,3.8,20,정기(주간),20,,,virtual_dummy.xlsx,L48_재고수량·잔여일수,2026-10-05T01:15
PH_DUMMY_01,2026-12-14,O003,28,0,5,0,23,23,0,6.9,3.4,50,정기(주간),50,,,virtual_dummy.xlsx,L48_재고수량·잔여일수,2026-10-05T01:15
PH_DUMMY_01,2026-12-14,O004,10,0,0,0,10,8,-2,0.4,23.3,0,,0,,,virtual_dummy.xlsx,L48_재고수량·잔여일수,2026-10-05T01:15
PH_DUMMY_01,2026-12-14,Q001,12,0,1,0,11,13,2,1,11,0,,0,,,virtual_dummy.xlsx,L48_재고수량·잔여일수,2026-10-05T01:15
PH_DUMMY_01,2026-12-14,Q002,4,0,0,0,4,5,1,0,,0,,0,,,virtual_dummy.xlsx,L48_재고수량·잔여일수,2026-10-05T01:15
PH_DUMMY_01,2026-12-15,R001,357,700,69,0,988,968,-20,105.1,9.4,0,,0,,,virtual_dummy.xlsx,L48_재고수량·잔여일수,2026-10-05T01:15
PH_DUMMY_01,2026-12-15,R002,299,2700,207,0,2792,2792,0,357.9,7.8,0,,0,,,virtual_dummy.xlsx,L48_재고수량·잔여일수,2026-10-05T01:15
PH_DUMMY_01,2026-12-15,R003,237,900,98,0,1039,1059,20,190,5.5,0,,0,,Y,virtual_dummy.xlsx,L48_재고수량·잔여일수,2026-10-05T01:15
PH_DUMMY_01,2026-12-15,R004,304,1600,547,0,1357,1337,-20,468,2.9,0,,0,,Y,virtual_dummy.xlsx,L48_재고수량·잔여일수,2026-10-05T01:15
PH_DUMMY_01,2026-12-15,R005,683,2500,900,0,2283,2263,-20,452.7,5,0,,0,,,virtual_dummy.xlsx,L48_재고수량·잔여일수,2026-10-05T01:15
PH_DUMMY_01,2026-12-15,R006,537,1500,465,0,1572,1512,-60,298.6,5.3,0,,0,,,virtual_dummy.xlsx,L48_재고수량·잔여일수,2026-10-05T01:15
PH_DUMMY_01,2026-12-15,R007,1383,3000,330,0,4053,4073,20,466.3,8.7,0,,0,,,virtual_dummy.xlsx,L48_재고수량·잔여일수,2026-10-05T01:15
PH_DUMMY_01,2026-12-15,O001,25,30,10,0,45,45,0,6.6,6.8,0,,0,,,virtual_dummy.xlsx,L48_재고수량·잔여일수,2026-10-05T01:15
PH_DUMMY_01,2026-12-15,O002,14,20,3,0,31,31,0,3.4,9,0,,0,,,virtual_dummy.xlsx,L48_재고수량·잔여일수,2026-10-05T01:15
PH_DUMMY_01,2026-12-15,O003,23,50,10,0,63,63,0,7.1,8.8,0,,0,,,virtual_dummy.xlsx,L48_재고수량·잔여일수,2026-10-05T01:15
PH_DUMMY_01,2026-12-15,O004,10,0,2,0,8,6,-2,0.3,28,0,,0,,,virtual_dummy.xlsx,L48_재고수량·잔여일수,2026-10-05T01:15
PH_DUMMY_01,2026-12-15,Q001,11,0,3,0,8,10,2,1.3,6.2,0,,0,,,virtual_dummy.xlsx,L48_재고수량·잔여일수,2026-10-05T01:15
PH_DUMMY_01,2026-12-15,Q002,4,0,0,0,4,5,1,0,,0,,0,,,virtual_dummy.xlsx,L48_재고수량·잔여일수,2026-10-05T01:15
PH_DUMMY_01,2026-12-16,R001,988,0,86,0,902,882,-20,101.1,8.9,0,,0,,,virtual_dummy.xlsx,L48_재고수량·잔여일수,2026-10-05T01:15
PH_DUMMY_01,2026-12-16,R002,2792,0,223,0,2569,2569,0,344.9,7.4,0,,0,,,virtual_dummy.xlsx,L48_재고수량·잔여일수,2026-10-05T01:15
PH_DUMMY_01,2026-12-16,R003,1039,0,130,0,909,929,20,177.7,5.1,0,,0,,Y,virtual_dummy.xlsx,L48_재고수량·잔여일수,2026-10-05T01:15
PH_DUMMY_01,2026-12-16,R004,1357,0,291,0,1066,1046,-20,447.6,2.4,0,,0,,Y,virtual_dummy.xlsx,L48_재고수량·잔여일수,2026-10-05T01:15
PH_DUMMY_01,2026-12-16,R005,2283,0,512,0,1771,1751,-20,505.3,3.5,0,,0,,,virtual_dummy.xlsx,L48_재고수량·잔여일수,2026-10-05T01:15
PH_DUMMY_01,2026-12-16,R006,1572,0,263,0,1309,1249,-60,307.1,4.3,0,,0,,,virtual_dummy.xlsx,L48_재고수량·잔여일수,2026-10-05T01:15
PH_DUMMY_01,2026-12-16,R007,4053,0,361,0,3692,3712,20,489.4,7.5,0,,0,,,virtual_dummy.xlsx,L48_재고수량·잔여일수,2026-10-05T01:15
PH_DUMMY_01,2026-12-16,O001,45,0,5,0,40,40,0,6.4,6.2,0,,0,,,virtual_dummy.xlsx,L48_재고수량·잔여일수,2026-10-05T01:15
PH_DUMMY_01,2026-12-16,O002,31,0,1,0,30,30,0,2.7,11.1,0,,0,,,virtual_dummy.xlsx,L48_재고수량·잔여일수,2026-10-05T01:15
PH_DUMMY_01,2026-12-16,O003,63,0,4,0,59,59,0,6.4,9.2,0,,0,,,virtual_dummy.xlsx,L48_재고수량·잔여일수,2026-10-05T01:15
PH_DUMMY_01,2026-12-16,O004,8,0,0,0,8,6,-2,0.3,28,0,,0,,,virtual_dummy.xlsx,L48_재고수량·잔여일수,2026-10-05T01:15
PH_DUMMY_01,2026-12-16,Q001,8,0,2,0,6,8,2,1.3,4.7,0,,0,,,virtual_dummy.xlsx,L48_재고수량·잔여일수,2026-10-05T01:15
PH_DUMMY_01,2026-12-16,Q002,4,0,0,0,4,5,1,0,,0,,0,,,virtual_dummy.xlsx,L48_재고수량·잔여일수,2026-10-05T01:15
PH_DUMMY_01,2026-12-17,R001,902,0,61,0,841,841,0,103.9,8.1,0,,0,,,virtual_dummy.xlsx,L48_재고수량·잔여일수,2026-10-05T01:15
PH_DUMMY_01,2026-12-17,R002,2569,0,95,0,2474,2474,0,302.9,8.2,0,,0,,,virtual_dummy.xlsx,L48_재고수량·잔여일수,2026-10-05T01:15
PH_DUMMY_01,2026-12-17,R003,909,0,185,0,724,744,20,182.9,4,0,,0,,Y,virtual_dummy.xlsx,L48_재고수량·잔여일수,2026-10-05T01:15
PH_DUMMY_01,2026-12-17,R004,1066,0,798,0,268,248,-20,536,0.5,1500,긴급,0,,Y,virtual_dummy.xlsx,L48_재고수량·잔여일수,2026-10-05T01:15
PH_DUMMY_01,2026-12-17,R005,1771,0,149,0,1622,1602,-20,446.3,3.6,0,,0,,,virtual_dummy.xlsx,L48_재고수량·잔여일수,2026-10-05T01:15
PH_DUMMY_01,2026-12-17,R006,1309,0,97,0,1212,1152,-60,282.9,4.3,0,,0,,,virtual_dummy.xlsx,L48_재고수량·잔여일수,2026-10-05T01:15
PH_DUMMY_01,2026-12-17,R007,3692,0,299,0,3393,3413,20,456.4,7.4,0,,0,,,virtual_dummy.xlsx,L48_재고수량·잔여일수,2026-10-05T01:15
PH_DUMMY_01,2026-12-17,O001,40,0,4,0,36,36,0,6.3,5.7,0,,0,,,virtual_dummy.xlsx,L48_재고수량·잔여일수,2026-10-05T01:15
PH_DUMMY_01,2026-12-17,O002,30,0,5,0,25,25,0,3,8.3,0,,0,,,virtual_dummy.xlsx,L48_재고수량·잔여일수,2026-10-05T01:15
PH_DUMMY_01,2026-12-17,O003,59,0,8,0,51,53,2,6.9,7.4,0,,0,,,virtual_dummy.xlsx,L48_재고수량·잔여일수,2026-10-05T01:15
PH_DUMMY_01,2026-12-17,O004,8,0,0,0,8,6,-2,0.3,28,0,,0,,,virtual_dummy.xlsx,L48_재고수량·잔여일수,2026-10-05T01:15
PH_DUMMY_01,2026-12-17,Q001,6,0,3,0,3,5,2,1.7,1.8,0,,0,,,virtual_dummy.xlsx,L48_재고수량·잔여일수,2026-10-05T01:15
PH_DUMMY_01,2026-12-17,Q002,4,0,0,0,4,5,1,0,,0,,0,,,virtual_dummy.xlsx,L48_재고수량·잔여일수,2026-10-05T01:15
PH_DUMMY_01,2026-12-18,R001,841,0,110,0,731,731,0,104,7,0,,0,,,virtual_dummy.xlsx,L48_재고수량·잔여일수,2026-10-05T01:15
PH_DUMMY_01,2026-12-18,R002,2474,0,297,0,2177,2177,0,287.4,7.6,0,,0,,,virtual_dummy.xlsx,L48_재고수량·잔여일수,2026-10-05T01:15
PH_DUMMY_01,2026-12-18,R003,724,0,229,0,495,515,20,174,2.8,0,,0,,Y,virtual_dummy.xlsx,L48_재고수량·잔여일수,2026-10-05T01:15
PH_DUMMY_01,2026-12-18,R004,268,0,268,10,0,0,0,503.1,0,1500,긴급,600,,Y,virtual_dummy.xlsx,L48_재고수량·잔여일수,2026-10-05T01:15
PH_DUMMY_01,2026-12-18,R005,1622,0,252,0,1370,1350,-20,419.6,3.3,0,,0,,,virtual_dummy.xlsx,L48_재고수량·잔여일수,2026-10-05T01:15
PH_DUMMY_01,2026-12-18,R006,1212,0,274,0,938,878,-60,266.3,3.5,0,,0,,,virtual_dummy.xlsx,L48_재고수량·잔여일수,2026-10-05T01:15
PH_DUMMY_01,2026-12-18,R007,3393,0,686,0,2707,2727,20,445.6,6.1,0,,0,,,virtual_dummy.xlsx,L48_재고수량·잔여일수,2026-10-05T01:15
PH_DUMMY_01,2026-12-18,O001,36,0,2,0,34,34,0,5.9,5.8,0,,0,,,virtual_dummy.xlsx,L48_재고수량·잔여일수,2026-10-05T01:15
PH_DUMMY_01,2026-12-18,O002,25,0,6,0,19,19,0,3.6,5.3,0,,0,,,virtual_dummy.xlsx,L48_재고수량·잔여일수,2026-10-05T01:15
PH_DUMMY_01,2026-12-18,O003,51,0,10,0,41,43,2,7.6,5.4,0,,0,,,virtual_dummy.xlsx,L48_재고수량·잔여일수,2026-10-05T01:15
PH_DUMMY_01,2026-12-18,O004,8,0,2,0,6,4,-2,0.6,10.5,0,,0,,,virtual_dummy.xlsx,L48_재고수량·잔여일수,2026-10-05T01:15
PH_DUMMY_01,2026-12-18,Q001,3,0,0,0,3,5,2,1.6,1.9,0,,0,,,virtual_dummy.xlsx,L48_재고수량·잔여일수,2026-10-05T01:15
PH_DUMMY_01,2026-12-18,Q002,4,0,1,0,3,4,1,0.1,21,0,,0,,,virtual_dummy.xlsx,L48_재고수량·잔여일수,2026-10-05T01:15
PH_DUMMY_01,2026-12-19,R001,731,0,99,0,632,632,0,98.4,6.4,0,,0,,,virtual_dummy.xlsx,L48_재고수량·잔여일수,2026-10-05T01:15
PH_DUMMY_01,2026-12-19,R002,2177,0,195,0,1982,1982,0,237,8.4,0,,0,,,virtual_dummy.xlsx,L48_재고수량·잔여일수,2026-10-05T01:15
PH_DUMMY_01,2026-12-19,R003,495,0,156,0,339,359,20,156.3,2.2,0,,0,,Y,virtual_dummy.xlsx,L48_재고수량·잔여일수,2026-10-05T01:15
PH_DUMMY_01,2026-12-19,R004,0,600,344,0,256,236,-20,479.1,0.5,1500,긴급,600,,Y,virtual_dummy.xlsx,L48_재고수량·잔여일수,2026-10-05T01:15
PH_DUMMY_01,2026-12-19,R005,1370,0,170,0,1200,1180,-20,361,3.3,0,,0,,,virtual_dummy.xlsx,L48_재고수량·잔여일수,2026-10-05T01:15
PH_DUMMY_01,2026-12-19,R006,938,0,223,0,715,655,-60,249.7,2.9,0,,0,,,virtual_dummy.xlsx,L48_재고수량·잔여일수,2026-10-05T01:15
PH_DUMMY_01,2026-12-19,R007,2707,0,263,0,2444,2464,20,394.4,6.2,0,,0,,,virtual_dummy.xlsx,L48_재고수량·잔여일수,2026-10-05T01:15
PH_DUMMY_01,2026-12-19,O001,34,0,3,0,31,31,0,4.9,6.4,0,,0,,,virtual_dummy.xlsx,L48_재고수량·잔여일수,2026-10-05T01:15
PH_DUMMY_01,2026-12-19,O002,19,0,3,0,16,16,0,3.6,4.5,0,,0,,,virtual_dummy.xlsx,L48_재고수량·잔여일수,2026-10-05T01:15
PH_DUMMY_01,2026-12-19,O003,41,0,5,0,36,38,2,7.1,5,0,,0,,,virtual_dummy.xlsx,L48_재고수량·잔여일수,2026-10-05T01:15
PH_DUMMY_01,2026-12-19,O004,6,0,0,0,6,4,-2,0.6,10.5,0,,0,,,virtual_dummy.xlsx,L48_재고수량·잔여일수,2026-10-05T01:15
PH_DUMMY_01,2026-12-19,Q001,3,0,0,0,3,5,2,1.4,2.1,0,,0,,,virtual_dummy.xlsx,L48_재고수량·잔여일수,2026-10-05T01:15
PH_DUMMY_01,2026-12-19,Q002,3,0,0,0,3,4,1,0.1,21,0,,0,,,virtual_dummy.xlsx,L48_재고수량·잔여일수,2026-10-05T01:15
PH_DUMMY_01,2026-12-20,R001,632,0,0,0,632,632,0,,,0,,0,,,virtual_dummy.xlsx,L48_재고수량·잔여일수,2026-10-05T01:15
PH_DUMMY_01,2026-12-20,R002,1982,0,0,0,1982,1982,0,,,0,,0,,,virtual_dummy.xlsx,L48_재고수량·잔여일수,2026-10-05T01:15
PH_DUMMY_01,2026-12-20,R003,339,0,0,0,339,359,20,,,0,,0,,Y,virtual_dummy.xlsx,L48_재고수량·잔여일수,2026-10-05T01:15
PH_DUMMY_01,2026-12-20,R004,256,0,0,0,256,236,-20,,,0,,0,,Y,virtual_dummy.xlsx,L48_재고수량·잔여일수,2026-10-05T01:15
PH_DUMMY_01,2026-12-20,R005,1200,0,0,0,1200,1180,-20,,,0,,0,,,virtual_dummy.xlsx,L48_재고수량·잔여일수,2026-10-05T01:15
PH_DUMMY_01,2026-12-20,R006,715,0,0,0,715,655,-60,,,0,,0,,,virtual_dummy.xlsx,L48_재고수량·잔여일수,2026-10-05T01:15
PH_DUMMY_01,2026-12-20,R007,2444,0,0,0,2444,2464,20,,,0,,0,,,virtual_dummy.xlsx,L48_재고수량·잔여일수,2026-10-05T01:15
PH_DUMMY_01,2026-12-20,O001,31,0,0,0,31,31,0,,,0,,0,,,virtual_dummy.xlsx,L48_재고수량·잔여일수,2026-10-05T01:15
PH_DUMMY_01,2026-12-20,O002,16,0,0,0,16,16,0,,,0,,0,,,virtual_dummy.xlsx,L48_재고수량·잔여일수,2026-10-05T01:15
PH_DUMMY_01,2026-12-20,O003,36,0,0,0,36,38,2,,,0,,0,,,virtual_dummy.xlsx,L48_재고수량·잔여일수,2026-10-05T01:15
PH_DUMMY_01,2026-12-20,O004,6,0,0,0,6,4,-2,,,0,,0,,,virtual_dummy.xlsx,L48_재고수량·잔여일수,2026-10-05T01:15
PH_DUMMY_01,2026-12-20,Q001,3,0,0,0,3,5,2,,,0,,0,,,virtual_dummy.xlsx,L48_재고수량·잔여일수,2026-10-05T01:15
PH_DUMMY_01,2026-12-20,Q002,3,0,0,0,3,4,1,,,0,,0,,,virtual_dummy.xlsx,L48_재고수량·잔여일수,2026-10-05T01:15
PH_DUMMY_01,2026-12-21,R001,632,0,236,0,396,396,0,122.6,3.2,600,정기(주간),600,,,virtual_dummy.xlsx,L48_재고수량·잔여일수,2026-10-05T01:15
PH_DUMMY_01,2026-12-21,R002,1982,0,295,0,1687,1687,0,238.9,7.1,900,정기(주간),900,,,virtual_dummy.xlsx,L48_재고수량·잔여일수,2026-10-05T01:15
PH_DUMMY_01,2026-12-21,R003,339,0,261,0,78,78,0,170.9,0.5,1500,정기(주간),1500,,,virtual_dummy.xlsx,L48_재고수량·잔여일수,2026-10-05T01:15
PH_DUMMY_01,2026-12-21,R004,256,600,584,0,272,252,-20,486.3,0.6,3500,정기(주간),1400,,Y,virtual_dummy.xlsx,L48_재고수량·잔여일수,2026-10-05T01:15
PH_DUMMY_01,2026-12-21,R005,1200,0,456,0,744,724,-20,404,1.8,3000,정기(주간),3000,,,virtual_dummy.xlsx,L48_재고수량·잔여일수,2026-10-05T01:15
PH_DUMMY_01,2026-12-21,R006,715,0,508,0,207,147,-60,310.1,0.7,2400,정기(주간),2400,,,virtual_dummy.xlsx,L48_재고수량·잔여일수,2026-10-05T01:15
PH_DUMMY_01,2026-12-21,R007,2444,0,1124,0,1320,1340,20,510.6,2.6,3000,정기(주간),3000,,,virtual_dummy.xlsx,L48_재고수량·잔여일수,2026-10-05T01:15
PH_DUMMY_01,2026-12-21,O001,31,0,2,0,29,28,-1,4.4,6.5,20,정기(주간),20,,,virtual_dummy.xlsx,L48_재고수량·잔여일수,2026-10-05T01:15
PH_DUMMY_01,2026-12-21,O002,16,0,3,0,13,16,3,3.3,4,20,정기(주간),20,,,virtual_dummy.xlsx,L48_재고수량·잔여일수,2026-10-05T01:15
PH_DUMMY_01,2026-12-21,O003,36,0,8,0,28,30,2,7.1,3.9,40,정기(주간),40,,,virtual_dummy.xlsx,L48_재고수량·잔여일수,2026-10-05T01:15
PH_DUMMY_01,2026-12-21,O004,6,0,0,0,6,4,-2,0.6,10.5,0,,0,,,virtual_dummy.xlsx,L48_재고수량·잔여일수,2026-10-05T01:15
PH_DUMMY_01,2026-12-21,Q001,3,0,1,0,2,4,2,1.4,1.4,10,정기(주간),10,,,virtual_dummy.xlsx,L48_재고수량·잔여일수,2026-10-05T01:15
PH_DUMMY_01,2026-12-21,Q002,3,0,0,0,3,4,1,0.1,21,0,,0,,,virtual_dummy.xlsx,L48_재고수량·잔여일수,2026-10-05T01:15
PH_DUMMY_01,2026-12-22,R001,396,600,153,0,843,833,-10,116.3,7.2,0,,0,,,virtual_dummy.xlsx,L48_재고수량·잔여일수,2026-10-05T01:15
PH_DUMMY_01,2026-12-22,R002,1687,900,416,0,2171,2201,30,246.9,8.8,0,,0,,,virtual_dummy.xlsx,L48_재고수량·잔여일수,2026-10-05T01:15
PH_DUMMY_01,2026-12-22,R003,78,1500,239,0,1339,1339,0,185.4,7.2,0,,0,,,virtual_dummy.xlsx,L48_재고수량·잔여일수,2026-10-05T01:15
PH_DUMMY_01,2026-12-22,R004,272,1400,925,0,747,727,-20,538.1,1.4,2000,긴급,0,,Y,virtual_dummy.xlsx,L48_재고수량·잔여일수,2026-10-05T01:15
PH_DUMMY_01,2026-12-22,R005,744,3000,430,0,3314,3294,-20,409.9,8.1,0,,0,,,virtual_dummy.xlsx,L48_재고수량·잔여일수,2026-10-05T01:15
PH_DUMMY_01,2026-12-22,R006,207,2400,260,0,2347,2287,-60,298.6,7.9,0,,0,,,virtual_dummy.xlsx,L48_재고수량·잔여일수,2026-10-05T01:15
PH_DUMMY_01,2026-12-22,R007,1320,3000,840,0,3480,3500,20,557.6,6.2,0,,0,,,virtual_dummy.xlsx,L48_재고수량·잔여일수,2026-10-05T01:15
PH_DUMMY_01,2026-12-22,O001,29,20,4,0,45,44,-1,4.3,10.5,0,,0,,,virtual_dummy.xlsx,L48_재고수량·잔여일수,2026-10-05T01:15
PH_DUMMY_01,2026-12-22,O002,13,20,4,0,29,32,3,3.6,8.1,0,,0,,,virtual_dummy.xlsx,L48_재고수량·잔여일수,2026-10-05T01:15
PH_DUMMY_01,2026-12-22,O003,28,40,10,0,58,60,2,7.9,7.4,0,,0,,,virtual_dummy.xlsx,L48_재고수량·잔여일수,2026-10-05T01:15
PH_DUMMY_01,2026-12-22,O004,6,0,0,0,6,4,-2,0.6,10.5,0,,0,,,virtual_dummy.xlsx,L48_재고수량·잔여일수,2026-10-05T01:15
PH_DUMMY_01,2026-12-22,Q001,2,10,3,0,9,11,2,1.7,5.2,0,,0,,,virtual_dummy.xlsx,L48_재고수량·잔여일수,2026-10-05T01:15
PH_DUMMY_01,2026-12-22,Q002,3,0,0,0,3,4,1,0.1,21,0,,0,,,virtual_dummy.xlsx,L48_재고수량·잔여일수,2026-10-05T01:15
PH_DUMMY_01,2026-12-23,R001,843,0,46,0,797,787,-10,113,7.1,0,,0,,,virtual_dummy.xlsx,L48_재고수량·잔여일수,2026-10-05T01:15
PH_DUMMY_01,2026-12-23,R002,2171,0,273,0,1898,1928,30,256.3,7.4,0,,0,,,virtual_dummy.xlsx,L48_재고수량·잔여일수,2026-10-05T01:15
PH_DUMMY_01,2026-12-23,R003,1339,0,103,0,1236,1236,0,186.1,6.6,0,,0,,,virtual_dummy.xlsx,L48_재고수량·잔여일수,2026-10-05T01:15
PH_DUMMY_01,2026-12-23,R004,747,0,655,0,92,72,-20,553.6,0.2,2000,긴급,0,,Y,virtual_dummy.xlsx,L48_재고수량·잔여일수,2026-10-05T01:15
PH_DUMMY_01,2026-12-23,R005,3314,0,165,0,3149,3119,-30,304.9,10.3,0,,0,,,virtual_dummy.xlsx,L48_재고수량·잔여일수,2026-10-05T01:15
PH_DUMMY_01,2026-12-23,R006,2347,0,133,0,2214,2154,-60,251.1,8.8,0,,0,,,virtual_dummy.xlsx,L48_재고수량·잔여일수,2026-10-05T01:15
PH_DUMMY_01,2026-12-23,R007,3480,0,774,0,2706,2726,20,621,4.4,0,,0,,,virtual_dummy.xlsx,L48_재고수량·잔여일수,2026-10-05T01:15
PH_DUMMY_01,2026-12-23,O001,45,0,3,0,42,41,-1,3.3,12.8,0,,0,,,virtual_dummy.xlsx,L48_재고수량·잔여일수,2026-10-05T01:15
PH_DUMMY_01,2026-12-23,O002,29,0,3,0,26,29,3,3.6,7.3,0,,0,,,virtual_dummy.xlsx,L48_재고수량·잔여일수,2026-10-05T01:15
PH_DUMMY_01,2026-12-23,O003,58,0,8,0,50,52,2,7.6,6.6,0,,0,,,virtual_dummy.xlsx,L48_재고수량·잔여일수,2026-10-05T01:15
PH_DUMMY_01,2026-12-23,O004,6,0,1,0,5,3,-2,0.4,11.7,0,,0,,,virtual_dummy.xlsx,L48_재고수량·잔여일수,2026-10-05T01:15
PH_DUMMY_01,2026-12-23,Q001,9,0,0,0,9,11,2,1.3,7,0,,0,,,virtual_dummy.xlsx,L48_재고수량·잔여일수,2026-10-05T01:15
PH_DUMMY_01,2026-12-23,Q002,3,0,0,0,3,4,1,0.1,21,0,,0,,,virtual_dummy.xlsx,L48_재고수량·잔여일수,2026-10-05T01:15
PH_DUMMY_01,2026-12-24,R001,797,0,120,0,677,667,-10,117.9,5.7,0,,0,,,virtual_dummy.xlsx,L48_재고수량·잔여일수,2026-10-05T01:15
PH_DUMMY_01,2026-12-24,R002,1898,0,308,0,1590,1620,30,268.4,5.9,0,,0,,,virtual_dummy.xlsx,L48_재고수량·잔여일수,2026-10-05T01:15
PH_DUMMY_01,2026-12-24,R003,1236,0,82,0,1154,1154,0,179.3,6.4,0,,0,,,virtual_dummy.xlsx,L48_재고수량·잔여일수,2026-10-05T01:15
PH_DUMMY_01,2026-12-24,R004,92,0,92,275,0,10,10,564.4,0,2000,긴급,800,,Y,virtual_dummy.xlsx,L48_재고수량·잔여일수,2026-10-05T01:15
PH_DUMMY_01,2026-12-24,R005,3149,0,685,0,2464,2434,-30,329.6,7.5,0,,0,,,virtual_dummy.xlsx,L48_재고수량·잔여일수,2026-10-05T01:15
PH_DUMMY_01,2026-12-24,R006,2214,0,534,0,1680,1630,-50,289.9,5.8,0,,0,,,virtual_dummy.xlsx,L48_재고수량·잔여일수,2026-10-05T01:15
PH_DUMMY_01,2026-12-24,R007,2706,0,865,0,1841,1861,20,693,2.7,0,,0,,,virtual_dummy.xlsx,L48_재고수량·잔여일수,2026-10-05T01:15
PH_DUMMY_01,2026-12-24,O001,42,0,5,0,37,36,-1,3.3,11.3,0,,0,,,virtual_dummy.xlsx,L48_재고수량·잔여일수,2026-10-05T01:15
PH_DUMMY_01,2026-12-24,O002,26,0,5,0,21,24,3,4.1,5.1,0,,0,,,virtual_dummy.xlsx,L48_재고수량·잔여일수,2026-10-05T01:15
PH_DUMMY_01,2026-12-24,O003,50,0,10,0,40,42,2,8.4,4.7,0,,0,,,virtual_dummy.xlsx,L48_재고수량·잔여일수,2026-10-05T01:15
PH_DUMMY_01,2026-12-24,O004,5,0,3,0,2,0,-2,0.9,2.3,0,,0,,,virtual_dummy.xlsx,L48_재고수량·잔여일수,2026-10-05T01:15
PH_DUMMY_01,2026-12-24,Q001,9,0,2,0,7,8,1,1.3,5.4,0,,0,,,virtual_dummy.xlsx,L48_재고수량·잔여일수,2026-10-05T01:15
PH_DUMMY_01,2026-12-24,Q002,3,0,0,0,3,4,1,0.1,21,0,,0,,,virtual_dummy.xlsx,L48_재고수량·잔여일수,2026-10-05T01:15
PH_DUMMY_01,2026-12-25,R001,677,0,0,0,677,667,-10,,,0,,0,,,virtual_dummy.xlsx,L48_재고수량·잔여일수,2026-10-05T01:15
PH_DUMMY_01,2026-12-25,R002,1590,0,0,0,1590,1620,30,,,0,,0,,,virtual_dummy.xlsx,L48_재고수량·잔여일수,2026-10-05T01:15
PH_DUMMY_01,2026-12-25,R003,1154,0,0,0,1154,1154,0,,,0,,0,,,virtual_dummy.xlsx,L48_재고수량·잔여일수,2026-10-05T01:15
PH_DUMMY_01,2026-12-25,R004,0,0,0,0,0,10,10,,,0,,0,,Y,virtual_dummy.xlsx,L48_재고수량·잔여일수,2026-10-05T01:15
PH_DUMMY_01,2026-12-25,R005,2464,0,0,0,2464,2434,-30,,,0,,0,,,virtual_dummy.xlsx,L48_재고수량·잔여일수,2026-10-05T01:15
PH_DUMMY_01,2026-12-25,R006,1680,0,0,0,1680,1630,-50,,,0,,0,,,virtual_dummy.xlsx,L48_재고수량·잔여일수,2026-10-05T01:15
PH_DUMMY_01,2026-12-25,R007,1841,0,0,0,1841,1861,20,,,0,,0,,,virtual_dummy.xlsx,L48_재고수량·잔여일수,2026-10-05T01:15
PH_DUMMY_01,2026-12-25,O001,37,0,0,0,37,36,-1,,,0,,0,,,virtual_dummy.xlsx,L48_재고수량·잔여일수,2026-10-05T01:15
PH_DUMMY_01,2026-12-25,O002,21,0,0,0,21,24,3,,,0,,0,,,virtual_dummy.xlsx,L48_재고수량·잔여일수,2026-10-05T01:15
PH_DUMMY_01,2026-12-25,O003,40,0,0,0,40,42,2,,,0,,0,,,virtual_dummy.xlsx,L48_재고수량·잔여일수,2026-10-05T01:15
PH_DUMMY_01,2026-12-25,O004,2,0,0,0,2,0,-2,,,0,,0,,,virtual_dummy.xlsx,L48_재고수량·잔여일수,2026-10-05T01:15
PH_DUMMY_01,2026-12-25,Q001,7,0,0,0,7,8,1,,,0,,0,,,virtual_dummy.xlsx,L48_재고수량·잔여일수,2026-10-05T01:15
PH_DUMMY_01,2026-12-25,Q002,3,0,0,0,3,4,1,,,0,,0,,,virtual_dummy.xlsx,L48_재고수량·잔여일수,2026-10-05T01:15
PH_DUMMY_01,2026-12-26,R001,677,0,115,0,562,552,-10,125.6,4.5,0,,0,,,virtual_dummy.xlsx,L48_재고수량·잔여일수,2026-10-05T01:15
PH_DUMMY_01,2026-12-26,R002,1590,0,311,0,1279,1309,30,299.3,4.3,0,,0,,,virtual_dummy.xlsx,L48_재고수량·잔여일수,2026-10-05T01:15
PH_DUMMY_01,2026-12-26,R003,1154,0,218,0,936,936,0,184,5.1,0,,0,,,virtual_dummy.xlsx,L48_재고수량·잔여일수,2026-10-05T01:15
PH_DUMMY_01,2026-12-26,R004,0,800,648,0,152,182,30,543,0.3,2000,긴급,0,,Y,virtual_dummy.xlsx,L48_재고수량·잔여일수,2026-10-05T01:15
PH_DUMMY_01,2026-12-26,R005,2464,0,160,0,2304,2304,0,331.1,7,0,,0,,,virtual_dummy.xlsx,L48_재고수량·잔여일수,2026-10-05T01:15
PH_DUMMY_01,2026-12-26,R006,1680,0,172,0,1508,1458,-50,300.6,5,0,,0,,,virtual_dummy.xlsx,L48_재고수량·잔여일수,2026-10-05T01:15
PH_DUMMY_01,2026-12-26,R007,1841,0,402,0,1439,1459,20,707.7,2,0,,0,,,virtual_dummy.xlsx,L48_재고수량·잔여일수,2026-10-05T01:15
PH_DUMMY_01,2026-12-26,O001,37,0,3,0,34,33,-1,3.1,10.8,0,,0,,,virtual_dummy.xlsx,L48_재고수량·잔여일수,2026-10-05T01:15
PH_DUMMY_01,2026-12-26,O002,21,0,2,0,19,22,3,3.7,5.1,0,,0,,,virtual_dummy.xlsx,L48_재고수량·잔여일수,2026-10-05T01:15
PH_DUMMY_01,2026-12-26,O003,40,0,2,0,38,40,2,7.6,5,0,,0,,,virtual_dummy.xlsx,L48_재고수량·잔여일수,2026-10-05T01:15
PH_DUMMY_01,2026-12-26,O004,2,0,0,0,2,0,-2,0.9,2.3,0,,0,,,virtual_dummy.xlsx,L48_재고수량·잔여일수,2026-10-05T01:15
PH_DUMMY_01,2026-12-26,Q001,7,0,0,0,7,8,1,0.9,8.2,0,,0,,,virtual_dummy.xlsx,L48_재고수량·잔여일수,2026-10-05T01:15
PH_DUMMY_01,2026-12-26,Q002,3,0,0,0,3,4,1,0.1,21,0,,0,,,virtual_dummy.xlsx,L48_재고수량·잔여일수,2026-10-05T01:15
PH_DUMMY_01,2026-12-27,R001,562,0,0,0,562,552,-10,,,0,,0,,,virtual_dummy.xlsx,L48_재고수량·잔여일수,2026-10-05T01:15
PH_DUMMY_01,2026-12-27,R002,1279,0,0,0,1279,1309,30,,,0,,0,,,virtual_dummy.xlsx,L48_재고수량·잔여일수,2026-10-05T01:15
PH_DUMMY_01,2026-12-27,R003,936,0,0,0,936,936,0,,,0,,0,,,virtual_dummy.xlsx,L48_재고수량·잔여일수,2026-10-05T01:15
PH_DUMMY_01,2026-12-27,R004,152,0,0,0,152,182,30,,,0,,0,,Y,virtual_dummy.xlsx,L48_재고수량·잔여일수,2026-10-05T01:15
PH_DUMMY_01,2026-12-27,R005,2304,0,0,0,2304,2304,0,,,0,,0,,,virtual_dummy.xlsx,L48_재고수량·잔여일수,2026-10-05T01:15
PH_DUMMY_01,2026-12-27,R006,1508,0,0,0,1508,1458,-50,,,0,,0,,,virtual_dummy.xlsx,L48_재고수량·잔여일수,2026-10-05T01:15
PH_DUMMY_01,2026-12-27,R007,1439,0,0,0,1439,1459,20,,,0,,0,,,virtual_dummy.xlsx,L48_재고수량·잔여일수,2026-10-05T01:15
PH_DUMMY_01,2026-12-27,O001,34,0,0,0,34,33,-1,,,0,,0,,,virtual_dummy.xlsx,L48_재고수량·잔여일수,2026-10-05T01:15
PH_DUMMY_01,2026-12-27,O002,19,0,0,0,19,22,3,,,0,,0,,,virtual_dummy.xlsx,L48_재고수량·잔여일수,2026-10-05T01:15
PH_DUMMY_01,2026-12-27,O003,38,0,0,0,38,40,2,,,0,,0,,,virtual_dummy.xlsx,L48_재고수량·잔여일수,2026-10-05T01:15
PH_DUMMY_01,2026-12-27,O004,2,0,0,0,2,0,-2,,,0,,0,,,virtual_dummy.xlsx,L48_재고수량·잔여일수,2026-10-05T01:15
PH_DUMMY_01,2026-12-27,Q001,7,0,0,0,7,8,1,,,0,,0,,,virtual_dummy.xlsx,L48_재고수량·잔여일수,2026-10-05T01:15
PH_DUMMY_01,2026-12-27,Q002,3,0,0,0,3,4,1,,,0,,0,,,virtual_dummy.xlsx,L48_재고수량·잔여일수,2026-10-05T01:15
PH_DUMMY_01,2026-12-28,R001,562,0,96,0,466,456,-10,123.6,3.8,500,정기(주간),500,,,virtual_dummy.xlsx,L48_재고수량·잔여일수,2026-10-05T01:15
PH_DUMMY_01,2026-12-28,R002,1279,0,414,0,865,895,30,316,2.7,1800,정기(주간),1800,,,virtual_dummy.xlsx,L48_재고수량·잔여일수,2026-10-05T01:15
PH_DUMMY_01,2026-12-28,R003,936,0,228,0,708,708,0,183.9,3.9,800,정기(주간),800,,,virtual_dummy.xlsx,L48_재고수량·잔여일수,2026-10-05T01:15
PH_DUMMY_01,2026-12-28,R004,152,0,152,343,0,30,30,574,0,4500,정기(주간),1800,,Y,virtual_dummy.xlsx,L48_재고수량·잔여일수,2026-10-05T01:15
PH_DUMMY_01,2026-12-28,R005,2304,0,341,0,1963,1963,0,343.9,5.7,1500,정기(주간),1500,,,virtual_dummy.xlsx,L48_재고수량·잔여일수,2026-10-05T01:15
PH_DUMMY_01,2026-12-28,R006,1508,0,284,0,1224,1174,-50,302,4.1,1200,정기(주간),1200,,,virtual_dummy.xlsx,L48_재고수량·잔여일수,2026-10-05T01:15
PH_DUMMY_01,2026-12-28,R007,1439,0,445,0,994,1014,20,673.3,1.5,3500,정기(주간),3500,,,virtual_dummy.xlsx,L48_재고수량·잔여일수,2026-10-05T01:15
PH_DUMMY_01,2026-12-28,O001,34,0,5,0,29,28,-1,3.6,8.1,20,정기(주간),20,,,virtual_dummy.xlsx,L48_재고수량·잔여일수,2026-10-05T01:15
PH_DUMMY_01,2026-12-28,O002,19,0,1,0,18,21,3,3,6,20,정기(주간),20,,,virtual_dummy.xlsx,L48_재고수량·잔여일수,2026-10-05T01:15
PH_DUMMY_01,2026-12-28,O003,38,0,13,0,25,27,2,8,3.1,50,정기(주간),50,,,virtual_dummy.xlsx,L48_재고수량·잔여일수,2026-10-05T01:15
PH_DUMMY_01,2026-12-28,O004,2,0,0,0,2,0,-2,0.6,3.5,4,정기(주간),4,,,virtual_dummy.xlsx,L48_재고수량·잔여일수,2026-10-05T01:15
PH_DUMMY_01,2026-12-28,Q001,7,0,5,0,2,3,1,1.6,1.3,20,정기(주간),20,,,virtual_dummy.xlsx,L48_재고수량·잔여일수,2026-10-05T01:15
PH_DUMMY_01,2026-12-28,Q002,3,0,0,0,3,4,1,0,,0,,0,,,virtual_dummy.xlsx,L48_재고수량·잔여일수,2026-10-05T01:15
PH_DUMMY_01,2026-12-29,R001,466,500,112,0,854,844,-10,125.4,6.8,0,,0,,,virtual_dummy.xlsx,L48_재고수량·잔여일수,2026-10-05T01:15
PH_DUMMY_01,2026-12-29,R002,865,1800,251,0,2414,2444,30,324,7.5,0,,0,,,virtual_dummy.xlsx,L48_재고수량·잔여일수,2026-10-05T01:15
PH_DUMMY_01,2026-12-29,R003,708,800,193,0,1315,1315,0,189.1,7,0,,0,,,virtual_dummy.xlsx,L48_재고수량·잔여일수,2026-10-05T01:15
PH_DUMMY_01,2026-12-29,R004,0,1800,694,0,1106,1136,30,624,1.8,0,,0,,Y,virtual_dummy.xlsx,L48_재고수량·잔여일수,2026-10-05T01:15
PH_DUMMY_01,2026-12-29,R005,1963,1500,234,0,3229,3229,0,353,9.1,0,,0,,,virtual_dummy.xlsx,L48_재고수량·잔여일수,2026-10-05T01:15
PH_DUMMY_01,2026-12-29,R006,1224,1200,168,0,2256,2236,-20,294.1,7.7,0,,0,,,virtual_dummy.xlsx,L48_재고수량·잔여일수,2026-10-05T01:15
PH_DUMMY_01,2026-12-29,R007,994,3500,317,0,4177,4197,20,681,6.1,0,,0,,,virtual_dummy.xlsx,L48_재고수량·잔여일수,2026-10-05T01:15
PH_DUMMY_01,2026-12-29,O001,29,20,10,0,39,38,-1,4.6,8.5,0,,0,,,virtual_dummy.xlsx,L48_재고수량·잔여일수,2026-10-05T01:15
PH_DUMMY_01,2026-12-29,O002,18,20,2,0,36,40,4,2.9,12.6,0,,0,,,virtual_dummy.xlsx,L48_재고수량·잔여일수,2026-10-05T01:15
PH_DUMMY_01,2026-12-29,O003,25,50,5,0,70,72,2,8,8.8,0,,0,,,virtual_dummy.xlsx,L48_재고수량·잔여일수,2026-10-05T01:15
PH_DUMMY_01,2026-12-29,O004,2,4,0,0,6,4,-2,0.6,10.5,0,,0,,,virtual_dummy.xlsx,L48_재고수량·잔여일수,2026-10-05T01:15
PH_DUMMY_01,2026-12-29,Q001,2,20,0,0,22,23,1,1.6,14,0,,0,,,virtual_dummy.xlsx,L48_재고수량·잔여일수,2026-10-05T01:15
PH_DUMMY_01,2026-12-29,Q002,3,0,0,0,3,4,1,0,,0,,0,,,virtual_dummy.xlsx,L48_재고수량·잔여일수,2026-10-05T01:15
PH_DUMMY_01,2026-12-30,R001,854,0,55,0,799,789,-10,99.6,8,0,,0,,,virtual_dummy.xlsx,L48_재고수량·잔여일수,2026-10-05T01:15
PH_DUMMY_01,2026-12-30,R002,2414,0,98,0,2316,2346,30,295.9,7.8,0,,0,,,virtual_dummy.xlsx,L48_재고수량·잔여일수,2026-10-05T01:15
PH_DUMMY_01,2026-12-30,R003,1315,0,65,0,1250,1250,0,161.1,7.8,0,,0,,,virtual_dummy.xlsx,L48_재고수량·잔여일수,2026-10-05T01:15
PH_DUMMY_01,2026-12-30,R004,1106,0,438,0,668,698,30,603.1,1.1,2000,긴급,800,,Y,virtual_dummy.xlsx,L48_재고수량·잔여일수,2026-10-05T01:15
PH_DUMMY_01,2026-12-30,R005,3229,0,331,0,2898,2898,0,335.1,8.6,0,,0,,,virtual_dummy.xlsx,L48_재고수량·잔여일수,2026-10-05T01:15
PH_DUMMY_01,2026-12-30,R006,2256,0,237,0,2019,1999,-20,255.4,7.9,0,,0,,,virtual_dummy.xlsx,L48_재고수량·잔여일수,2026-10-05T01:15
PH_DUMMY_01,2026-12-30,R007,4177,0,497,0,3680,3700,20,591.4,6.2,0,,0,,,virtual_dummy.xlsx,L48_재고수량·잔여일수,2026-10-05T01:15
PH_DUMMY_01,2026-12-30,O001,39,0,6,0,33,32,-1,5.1,6.4,0,,0,,,virtual_dummy.xlsx,L48_재고수량·잔여일수,2026-10-05T01:15
PH_DUMMY_01,2026-12-30,O002,36,0,2,0,34,38,4,2.7,12.5,0,,0,,,virtual_dummy.xlsx,L48_재고수량·잔여일수,2026-10-05T01:15
PH_DUMMY_01,2026-12-30,O003,70,0,7,0,63,65,2,7.9,8,0,,0,,,virtual_dummy.xlsx,L48_재고수량·잔여일수,2026-10-05T01:15
PH_DUMMY_01,2026-12-30,O004,6,0,1,0,5,4,-1,0.7,7,0,,0,,,virtual_dummy.xlsx,L48_재고수량·잔여일수,2026-10-05T01:15
PH_DUMMY_01,2026-12-30,Q001,22,0,0,0,22,23,1,1.4,15.4,0,,0,,,virtual_dummy.xlsx,L48_재고수량·잔여일수,2026-10-05T01:15
PH_DUMMY_01,2026-12-30,Q002,3,0,1,0,2,3,1,0.1,14,0,,0,,,virtual_dummy.xlsx,L48_재고수량·잔여일수,2026-10-05T01:15
PH_DUMMY_01,2026-12-31,R001,799,0,163,0,636,636,0,101,6.3,0,,0,Y,,virtual_dummy.xlsx,L48_재고수량·잔여일수,2026-10-05T01:15
PH_DUMMY_01,2026-12-31,R002,2316,0,262,0,2054,2054,0,273.9,7.5,0,,0,Y,,virtual_dummy.xlsx,L48_재고수량·잔여일수,2026-10-05T01:15
PH_DUMMY_01,2026-12-31,R003,1250,0,182,0,1068,1068,0,153,7,0,,0,Y,,virtual_dummy.xlsx,L48_재고수량·잔여일수,2026-10-05T01:15
PH_DUMMY_01,2026-12-31,R004,668,800,850,0,618,618,0,592.4,1,2000,긴급,0,Y,Y,virtual_dummy.xlsx,L48_재고수량·잔여일수,2026-10-05T01:15
PH_DUMMY_01,2026-12-31,R005,2898,0,747,0,2151,2151,0,380.4,5.7,0,,0,Y,,virtual_dummy.xlsx,L48_재고수량·잔여일수,2026-10-05T01:15
PH_DUMMY_01,2026-12-31,R006,2019,0,231,0,1788,1788,0,251.3,7.1,0,,0,Y,,virtual_dummy.xlsx,L48_재고수량·잔여일수,2026-10-05T01:15
PH_DUMMY_01,2026-12-31,R007,3680,0,375,0,3305,3305,0,525,6.3,0,,0,Y,,virtual_dummy.xlsx,L48_재고수량·잔여일수,2026-10-05T01:15
PH_DUMMY_01,2026-12-31,O001,33,0,4,0,29,29,0,5.1,5.6,0,,0,Y,,virtual_dummy.xlsx,L48_재고수량·잔여일수,2026-10-05T01:15
PH_DUMMY_01,2026-12-31,O002,34,0,4,0,30,30,0,2.7,11.1,0,,0,Y,,virtual_dummy.xlsx,L48_재고수량·잔여일수,2026-10-05T01:15
PH_DUMMY_01,2026-12-31,O003,63,0,3,0,60,60,0,6.9,8.8,0,,0,Y,,virtual_dummy.xlsx,L48_재고수량·잔여일수,2026-10-05T01:15
PH_DUMMY_01,2026-12-31,O004,5,0,0,0,5,5,0,0.7,7,0,,0,Y,,virtual_dummy.xlsx,L48_재고수량·잔여일수,2026-10-05T01:15
PH_DUMMY_01,2026-12-31,Q001,22,0,0,0,22,22,0,1,22,0,,0,Y,,virtual_dummy.xlsx,L48_재고수량·잔여일수,2026-10-05T01:15
PH_DUMMY_01,2026-12-31,Q002,2,0,0,0,2,2,0,0.1,14,0,,0,Y,,virtual_dummy.xlsx,L48_재고수량·잔여일수,2026-10-05T01:15
