pharmacy_id,date,hour_band,walkin_buyers,rx_addon_buyers,buyers_total,units_sold,sales_krw,cold_units,analgesic_patch_units,digestive_units,supplement_units,other_units,stockout_lost_units,source_file,source_sheet,generated_at
PH_DUMMY_01,2026-01-02,09:00-10:00,0,2,2,2,12000,0,0,1,0,1,0,virtual_dummy.xlsx,L47_일반약 판매(시간별),2026-10-05T01:15
PH_DUMMY_01,2026-01-02,10:00-11:00,0,3,3,5,84993,1,0,0,3,1,0,virtual_dummy.xlsx,L47_일반약 판매(시간별),2026-10-05T01:15
PH_DUMMY_01,2026-01-02,11:00-12:00,0,7,7,13,98172,3,3,2,3,2,0,virtual_dummy.xlsx,L47_일반약 판매(시간별),2026-10-05T01:15
PH_DUMMY_01,2026-01-02,12:00-13:00,2,8,10,14,77744,5,3,2,1,3,0,virtual_dummy.xlsx,L47_일반약 판매(시간별),2026-10-05T01:15
PH_DUMMY_01,2026-01-02,13:00-14:00,4,1,5,11,79610,2,3,2,1,3,0,virtual_dummy.xlsx,L47_일반약 판매(시간별),2026-10-05T01:15
PH_DUMMY_01,2026-01-02,14:00-15:00,0,0,0,0,0,0,0,0,0,0,0,virtual_dummy.xlsx,L47_일반약 판매(시간별),2026-10-05T01:15
PH_DUMMY_01,2026-01-02,15:00-16:00,1,2,3,4,19000,0,1,3,0,0,0,virtual_dummy.xlsx,L47_일반약 판매(시간별),2026-10-05T01:15
PH_DUMMY_01,2026-01-02,16:00-17:00,0,3,3,9,44668,1,5,0,1,2,0,virtual_dummy.xlsx,L47_일반약 판매(시간별),2026-10-05T01:15
PH_DUMMY_01,2026-01-02,17:00-18:00,1,3,4,5,19193,1,0,0,0,4,0,virtual_dummy.xlsx,L47_일반약 판매(시간별),2026-10-05T01:15
PH_DUMMY_01,2026-01-02,18:00-19:00,4,0,4,7,35920,1,3,1,0,2,0,virtual_dummy.xlsx,L47_일반약 판매(시간별),2026-10-05T01:15
PH_DUMMY_01,2026-01-03,09:00-10:00,3,0,3,3,10186,1,1,0,0,1,0,virtual_dummy.xlsx,L47_일반약 판매(시간별),2026-10-05T01:15
PH_DUMMY_01,2026-01-03,10:00-11:00,0,1,1,3,8986,2,0,1,0,0,0,virtual_dummy.xlsx,L47_일반약 판매(시간별),2026-10-05T01:15
PH_DUMMY_01,2026-01-03,11:00-12:00,1,2,3,4,27179,1,2,0,1,0,0,virtual_dummy.xlsx,L47_일반약 판매(시간별),2026-10-05T01:15
PH_DUMMY_01,2026-01-03,12:00-13:00,1,3,4,6,32179,2,1,1,1,1,0,virtual_dummy.xlsx,L47_일반약 판매(시간별),2026-10-05T01:15
PH_DUMMY_01,2026-01-03,13:00-14:00,2,1,3,4,18603,2,1,0,0,1,0,virtual_dummy.xlsx,L47_일반약 판매(시간별),2026-10-05T01:15
PH_DUMMY_01,2026-01-05,09:00-10:00,1,0,1,2,9500,0,1,1,0,0,0,virtual_dummy.xlsx,L47_일반약 판매(시간별),2026-10-05T01:15
PH_DUMMY_01,2026-01-05,10:00-11:00,0,5,5,10,101693,2,1,2,2,3,0,virtual_dummy.xlsx,L47_일반약 판매(시간별),2026-10-05T01:15
PH_DUMMY_01,2026-01-05,11:00-12:00,0,0,0,0,0,0,0,0,0,0,0,virtual_dummy.xlsx,L47_일반약 판매(시간별),2026-10-05T01:15
PH_DUMMY_01,2026-01-05,12:00-13:00,2,0,2,3,38000,0,0,1,1,1,0,virtual_dummy.xlsx,L47_일반약 판매(시간별),2026-10-05T01:15
PH_DUMMY_01,2026-01-05,13:00-14:00,3,0,3,6,21500,0,1,1,0,4,0,virtual_dummy.xlsx,L47_일반약 판매(시간별),2026-10-05T01:15
PH_DUMMY_01,2026-01-05,14:00-15:00,4,2,6,7,27679,3,2,2,0,0,0,virtual_dummy.xlsx,L47_일반약 판매(시간별),2026-10-05T01:15
PH_DUMMY_01,2026-01-05,15:00-16:00,3,1,4,6,28200,2,1,1,0,2,0,virtual_dummy.xlsx,L47_일반약 판매(시간별),2026-10-05T01:15
PH_DUMMY_01,2026-01-05,16:00-17:00,2,3,5,11,49693,2,1,1,0,7,0,virtual_dummy.xlsx,L47_일반약 판매(시간별),2026-10-05T01:15
PH_DUMMY_01,2026-01-05,17:00-18:00,1,4,5,7,42679,1,1,0,1,4,0,virtual_dummy.xlsx,L47_일반약 판매(시간별),2026-10-05T01:15
PH_DUMMY_01,2026-01-05,18:00-19:00,1,1,2,6,26358,2,2,0,0,2,0,virtual_dummy.xlsx,L47_일반약 판매(시간별),2026-10-05T01:15
PH_DUMMY_01,2026-01-06,09:00-10:00,0,0,0,0,0,0,0,0,0,0,0,virtual_dummy.xlsx,L47_일반약 판매(시간별),2026-10-05T01:15
PH_DUMMY_01,2026-01-06,10:00-11:00,3,0,3,4,10700,0,0,1,0,3,0,virtual_dummy.xlsx,L47_일반약 판매(시간별),2026-10-05T01:15
PH_DUMMY_01,2026-01-06,11:00-12:00,1,2,3,5,49000,1,1,2,1,0,0,virtual_dummy.xlsx,L47_일반약 판매(시간별),2026-10-05T01:15
PH_DUMMY_01,2026-01-06,12:00-13:00,1,3,4,7,33796,1,2,1,1,2,0,virtual_dummy.xlsx,L47_일반약 판매(시간별),2026-10-05T01:15
PH_DUMMY_01,2026-01-06,13:00-14:00,1,2,3,5,18734,0,2,1,0,2,0,virtual_dummy.xlsx,L47_일반약 판매(시간별),2026-10-05T01:15
PH_DUMMY_01,2026-01-06,14:00-15:00,3,1,4,4,57500,1,0,0,2,1,0,virtual_dummy.xlsx,L47_일반약 판매(시간별),2026-10-05T01:15
PH_DUMMY_01,2026-01-06,15:00-16:00,0,1,1,1,6000,0,1,0,0,0,0,virtual_dummy.xlsx,L47_일반약 판매(시간별),2026-10-05T01:15
PH_DUMMY_01,2026-01-06,16:00-17:00,0,0,0,0,0,0,0,0,0,0,0,virtual_dummy.xlsx,L47_일반약 판매(시간별),2026-10-05T01:15
PH_DUMMY_01,2026-01-06,17:00-18:00,2,1,3,4,14679,2,1,1,0,0,0,virtual_dummy.xlsx,L47_일반약 판매(시간별),2026-10-05T01:15
PH_DUMMY_01,2026-01-06,18:00-19:00,3,3,6,8,47810,1,1,2,2,2,0,virtual_dummy.xlsx,L47_일반약 판매(시간별),2026-10-05T01:15
PH_DUMMY_01,2026-01-07,09:00-10:00,2,0,2,4,16117,0,1,1,0,2,0,virtual_dummy.xlsx,L47_일반약 판매(시간별),2026-10-05T01:15
PH_DUMMY_01,2026-01-07,10:00-11:00,2,2,4,5,33000,0,0,1,1,3,0,virtual_dummy.xlsx,L47_일반약 판매(시간별),2026-10-05T01:15
PH_DUMMY_01,2026-01-07,11:00-12:00,2,1,3,8,55565,2,2,0,1,3,0,virtual_dummy.xlsx,L47_일반약 판매(시간별),2026-10-05T01:15
PH_DUMMY_01,2026-01-07,12:00-13:00,3,3,6,8,67872,1,2,0,1,4,0,virtual_dummy.xlsx,L47_일반약 판매(시간별),2026-10-05T01:15
PH_DUMMY_01,2026-01-07,13:00-14:00,1,0,1,2,10000,1,0,1,0,0,0,virtual_dummy.xlsx,L47_일반약 판매(시간별),2026-10-05T01:15
PH_DUMMY_01,2026-01-07,14:00-15:00,1,1,2,4,12900,1,0,1,0,2,0,virtual_dummy.xlsx,L47_일반약 판매(시간별),2026-10-05T01:15
PH_DUMMY_01,2026-01-07,15:00-16:00,1,1,2,4,11886,1,1,0,0,2,0,virtual_dummy.xlsx,L47_일반약 판매(시간별),2026-10-05T01:15
PH_DUMMY_01,2026-01-07,16:00-17:00,3,1,4,5,17386,1,1,1,0,2,0,virtual_dummy.xlsx,L47_일반약 판매(시간별),2026-10-05T01:15
PH_DUMMY_01,2026-01-07,17:00-18:00,0,3,3,7,25165,4,2,0,0,1,0,virtual_dummy.xlsx,L47_일반약 판매(시간별),2026-10-05T01:15
PH_DUMMY_01,2026-01-07,18:00-19:00,4,0,4,8,38365,2,2,1,0,3,0,virtual_dummy.xlsx,L47_일반약 판매(시간별),2026-10-05T01:15
PH_DUMMY_01,2026-01-08,09:00-10:00,0,0,0,0,0,0,0,0,0,0,0,virtual_dummy.xlsx,L47_일반약 판매(시간별),2026-10-05T01:15
PH_DUMMY_01,2026-01-08,10:00-11:00,0,1,1,3,10993,3,0,0,0,0,0,virtual_dummy.xlsx,L47_일반약 판매(시간별),2026-10-05T01:15
PH_DUMMY_01,2026-01-08,11:00-12:00,1,1,2,3,7810,1,1,0,0,1,0,virtual_dummy.xlsx,L47_일반약 판매(시간별),2026-10-05T01:15
PH_DUMMY_01,2026-01-08,12:00-13:00,1,1,2,3,10420,0,3,0,0,0,0,virtual_dummy.xlsx,L47_일반약 판매(시간별),2026-10-05T01:15
PH_DUMMY_01,2026-01-08,13:00-14:00,0,0,0,0,0,0,0,0,0,0,0,virtual_dummy.xlsx,L47_일반약 판매(시간별),2026-10-05T01:15
PH_DUMMY_01,2026-01-08,14:00-15:00,1,1,2,3,15200,0,0,0,0,3,0,virtual_dummy.xlsx,L47_일반약 판매(시간별),2026-10-05T01:15
PH_DUMMY_01,2026-01-08,15:00-16:00,4,0,4,8,57079,1,1,1,1,4,0,virtual_dummy.xlsx,L47_일반약 판매(시간별),2026-10-05T01:15
PH_DUMMY_01,2026-01-08,16:00-17:00,1,0,1,3,10186,1,1,0,0,1,0,virtual_dummy.xlsx,L47_일반약 판매(시간별),2026-10-05T01:15
PH_DUMMY_01,2026-01-08,17:00-18:00,2,1,3,6,26179,2,3,1,0,0,0,virtual_dummy.xlsx,L47_일반약 판매(시간별),2026-10-05T01:15
PH_DUMMY_01,2026-01-08,18:00-19:00,1,0,1,1,32000,0,0,0,1,0,0,virtual_dummy.xlsx,L47_일반약 판매(시간별),2026-10-05T01:15
PH_DUMMY_01,2026-01-09,09:00-10:00,2,1,3,5,55186,1,1,1,1,1,0,virtual_dummy.xlsx,L47_일반약 판매(시간별),2026-10-05T01:15
PH_DUMMY_01,2026-01-09,10:00-11:00,0,4,4,6,69803,0,2,0,2,2,0,virtual_dummy.xlsx,L47_일반약 판매(시간별),2026-10-05T01:15
PH_DUMMY_01,2026-01-09,11:00-12:00,1,2,3,5,44817,0,1,1,1,2,0,virtual_dummy.xlsx,L47_일반약 판매(시간별),2026-10-05T01:15
PH_DUMMY_01,2026-01-09,12:00-13:00,3,3,6,8,65413,1,3,1,1,2,0,virtual_dummy.xlsx,L47_일반약 판매(시간별),2026-10-05T01:15
PH_DUMMY_01,2026-01-09,13:00-14:00,1,5,6,11,41985,2,5,0,0,4,0,virtual_dummy.xlsx,L47_일반약 판매(시간별),2026-10-05T01:15
PH_DUMMY_01,2026-01-09,14:00-15:00,3,3,6,14,131106,1,6,0,4,3,0,virtual_dummy.xlsx,L47_일반약 판매(시간별),2026-10-05T01:15
PH_DUMMY_01,2026-01-09,15:00-16:00,3,1,4,8,34544,2,3,0,0,3,0,virtual_dummy.xlsx,L47_일반약 판매(시간별),2026-10-05T01:15
PH_DUMMY_01,2026-01-09,16:00-17:00,2,0,2,2,5986,2,0,0,0,0,0,virtual_dummy.xlsx,L47_일반약 판매(시간별),2026-10-05T01:15
PH_DUMMY_01,2026-01-09,17:00-18:00,3,2,5,7,29365,1,2,3,0,1,0,virtual_dummy.xlsx,L47_일반약 판매(시간별),2026-10-05T01:15
PH_DUMMY_01,2026-01-09,18:00-19:00,2,1,3,4,12993,2,0,2,0,0,0,virtual_dummy.xlsx,L47_일반약 판매(시간별),2026-10-05T01:15
PH_DUMMY_01,2026-01-10,09:00-10:00,0,1,1,1,30000,0,0,0,1,0,0,virtual_dummy.xlsx,L47_일반약 판매(시간별),2026-10-05T01:15
PH_DUMMY_01,2026-01-10,10:00-11:00,0,1,1,1,6000,0,1,0,0,0,0,virtual_dummy.xlsx,L47_일반약 판매(시간별),2026-10-05T01:15
PH_DUMMY_01,2026-01-10,11:00-12:00,0,2,2,2,8117,1,1,0,0,0,0,virtual_dummy.xlsx,L47_일반약 판매(시간별),2026-10-05T01:15
PH_DUMMY_01,2026-01-10,12:00-13:00,2,4,6,6,25179,1,3,2,0,0,0,virtual_dummy.xlsx,L47_일반약 판매(시간별),2026-10-05T01:15
PH_DUMMY_01,2026-01-10,13:00-14:00,2,0,2,4,14993,1,0,1,0,2,0,virtual_dummy.xlsx,L47_일반약 판매(시간별),2026-10-05T01:15
PH_DUMMY_01,2026-01-12,09:00-10:00,0,3,3,4,71206,1,1,0,1,1,0,virtual_dummy.xlsx,L47_일반약 판매(시간별),2026-10-05T01:15
PH_DUMMY_01,2026-01-12,10:00-11:00,0,2,2,3,53000,0,0,0,1,2,0,virtual_dummy.xlsx,L47_일반약 판매(시간별),2026-10-05T01:15
PH_DUMMY_01,2026-01-12,11:00-12:00,1,2,3,8,53179,2,1,1,1,3,0,virtual_dummy.xlsx,L47_일반약 판매(시간별),2026-10-05T01:15
PH_DUMMY_01,2026-01-12,12:00-13:00,2,5,7,11,76179,6,0,0,1,4,0,virtual_dummy.xlsx,L47_일반약 판매(시간별),2026-10-05T01:15
PH_DUMMY_01,2026-01-12,13:00-14:00,1,1,2,3,34386,0,1,0,1,1,0,virtual_dummy.xlsx,L47_일반약 판매(시간별),2026-10-05T01:15
PH_DUMMY_01,2026-01-12,14:00-15:00,2,2,4,6,18672,3,1,0,0,2,0,virtual_dummy.xlsx,L47_일반약 판매(시간별),2026-10-05T01:15
PH_DUMMY_01,2026-01-12,15:00-16:00,3,1,4,8,30872,3,1,1,0,3,0,virtual_dummy.xlsx,L47_일반약 판매(시간별),2026-10-05T01:15
PH_DUMMY_01,2026-01-12,16:00-17:00,1,2,3,4,13386,0,1,1,0,2,1,virtual_dummy.xlsx,L47_일반약 판매(시간별),2026-10-05T01:15
PH_DUMMY_01,2026-01-12,17:00-18:00,2,1,3,6,65886,0,1,1,2,2,1,virtual_dummy.xlsx,L47_일반약 판매(시간별),2026-10-05T01:15
PH_DUMMY_01,2026-01-12,18:00-19:00,0,1,1,1,4500,1,0,0,0,0,0,virtual_dummy.xlsx,L47_일반약 판매(시간별),2026-10-05T01:15
PH_DUMMY_01,2026-01-13,09:00-10:00,0,1,1,2,7186,0,1,1,0,0,0,virtual_dummy.xlsx,L47_일반약 판매(시간별),2026-10-05T01:15
PH_DUMMY_01,2026-01-13,10:00-11:00,1,2,3,5,42493,1,0,2,1,1,0,virtual_dummy.xlsx,L47_일반약 판매(시간별),2026-10-05T01:15
PH_DUMMY_01,2026-01-13,11:00-12:00,1,2,3,4,14610,2,1,1,0,0,0,virtual_dummy.xlsx,L47_일반약 판매(시간별),2026-10-05T01:15
PH_DUMMY_01,2026-01-13,12:00-13:00,2,3,5,7,21772,1,2,0,0,4,0,virtual_dummy.xlsx,L47_일반약 판매(시간별),2026-10-05T01:15
PH_DUMMY_01,2026-01-13,13:00-14:00,0,0,0,0,0,0,0,0,0,0,0,virtual_dummy.xlsx,L47_일반약 판매(시간별),2026-10-05T01:15
PH_DUMMY_01,2026-01-13,14:00-15:00,0,1,1,3,35993,1,0,1,1,0,0,virtual_dummy.xlsx,L47_일반약 판매(시간별),2026-10-05T01:15
PH_DUMMY_01,2026-01-13,15:00-16:00,1,0,1,1,30000,0,0,0,1,0,0,virtual_dummy.xlsx,L47_일반약 판매(시간별),2026-10-05T01:15
PH_DUMMY_01,2026-01-13,16:00-17:00,1,2,3,3,45527,1,0,0,0,2,0,virtual_dummy.xlsx,L47_일반약 판매(시간별),2026-10-05T01:15
PH_DUMMY_01,2026-01-13,17:00-18:00,2,1,3,7,61993,2,0,1,2,2,0,virtual_dummy.xlsx,L47_일반약 판매(시간별),2026-10-05T01:15
PH_DUMMY_01,2026-01-13,18:00-19:00,0,1,1,1,3500,0,0,0,0,1,0,virtual_dummy.xlsx,L47_일반약 판매(시간별),2026-10-05T01:15
PH_DUMMY_01,2026-01-14,09:00-10:00,1,1,2,2,6500,1,0,0,0,1,0,virtual_dummy.xlsx,L47_일반약 판매(시간별),2026-10-05T01:15
PH_DUMMY_01,2026-01-14,10:00-11:00,3,1,4,5,14303,2,1,0,0,2,0,virtual_dummy.xlsx,L47_일반약 판매(시간별),2026-10-05T01:15
PH_DUMMY_01,2026-01-14,11:00-12:00,1,0,1,3,13000,2,0,1,0,0,0,virtual_dummy.xlsx,L47_일반약 판매(시간별),2026-10-05T01:15
PH_DUMMY_01,2026-01-14,12:00-13:00,1,0,1,1,9000,0,0,0,0,1,0,virtual_dummy.xlsx,L47_일반약 판매(시간별),2026-10-05T01:15
PH_DUMMY_01,2026-01-14,13:00-14:00,0,0,0,0,0,0,0,0,0,0,0,virtual_dummy.xlsx,L47_일반약 판매(시간별),2026-10-05T01:15
PH_DUMMY_01,2026-01-14,14:00-15:00,1,4,5,8,34565,1,3,1,0,3,0,virtual_dummy.xlsx,L47_일반약 판매(시간별),2026-10-05T01:15
PH_DUMMY_01,2026-01-14,15:00-16:00,2,2,4,9,39858,2,4,1,0,2,0,virtual_dummy.xlsx,L47_일반약 판매(시간별),2026-10-05T01:15
PH_DUMMY_01,2026-01-14,16:00-17:00,3,2,5,7,53727,2,2,2,1,0,0,virtual_dummy.xlsx,L47_일반약 판매(시간별),2026-10-05T01:15
PH_DUMMY_01,2026-01-14,17:00-18:00,1,2,3,3,9610,1,1,0,0,1,0,virtual_dummy.xlsx,L47_일반약 판매(시간별),2026-10-05T01:15
PH_DUMMY_01,2026-01-14,18:00-19:00,4,3,7,7,55993,1,0,3,1,2,0,virtual_dummy.xlsx,L47_일반약 판매(시간별),2026-10-05T01:15
PH_DUMMY_01,2026-01-15,09:00-10:00,1,0,1,2,7686,1,1,0,0,0,0,virtual_dummy.xlsx,L47_일반약 판매(시간별),2026-10-05T01:15
PH_DUMMY_01,2026-01-15,10:00-11:00,0,2,2,2,9500,0,1,1,0,0,0,virtual_dummy.xlsx,L47_일반약 판매(시간별),2026-10-05T01:15
PH_DUMMY_01,2026-01-15,11:00-12:00,0,0,0,0,0,0,0,0,0,0,0,virtual_dummy.xlsx,L47_일반약 판매(시간별),2026-10-05T01:15
PH_DUMMY_01,2026-01-15,12:00-13:00,1,2,3,5,14317,0,1,2,0,2,0,virtual_dummy.xlsx,L47_일반약 판매(시간별),2026-10-05T01:15
PH_DUMMY_01,2026-01-15,13:00-14:00,0,0,0,0,0,0,0,0,0,0,0,virtual_dummy.xlsx,L47_일반약 판매(시간별),2026-10-05T01:15
PH_DUMMY_01,2026-01-15,14:00-15:00,2,1,3,6,88886,1,1,0,3,1,0,virtual_dummy.xlsx,L47_일반약 판매(시간별),2026-10-05T01:15
PH_DUMMY_01,2026-01-15,15:00-16:00,0,2,2,2,8500,2,0,0,0,0,0,virtual_dummy.xlsx,L47_일반약 판매(시간별),2026-10-05T01:15
PH_DUMMY_01,2026-01-15,16:00-17:00,1,2,3,4,76000,0,0,2,2,0,0,virtual_dummy.xlsx,L47_일반약 판매(시간별),2026-10-05T01:15
PH_DUMMY_01,2026-01-15,17:00-18:00,0,1,1,1,35000,0,0,0,1,0,0,virtual_dummy.xlsx,L47_일반약 판매(시간별),2026-10-05T01:15
PH_DUMMY_01,2026-01-15,18:00-19:00,1,0,1,1,2993,1,0,0,0,0,0,virtual_dummy.xlsx,L47_일반약 판매(시간별),2026-10-05T01:15
PH_DUMMY_01,2026-01-16,09:00-10:00,1,0,1,1,4500,1,0,0,0,0,0,virtual_dummy.xlsx,L47_일반약 판매(시간별),2026-10-05T01:15
PH_DUMMY_01,2026-01-16,10:00-11:00,1,1,2,2,7000,1,0,0,0,1,0,virtual_dummy.xlsx,L47_일반약 판매(시간별),2026-10-05T01:15
PH_DUMMY_01,2026-01-16,11:00-12:00,2,4,6,9,50679,2,3,0,0,4,0,virtual_dummy.xlsx,L47_일반약 판매(시간별),2026-10-05T01:15
PH_DUMMY_01,2026-01-16,12:00-13:00,2,9,11,17,75344,8,2,1,0,6,0,virtual_dummy.xlsx,L47_일반약 판매(시간별),2026-10-05T01:15
PH_DUMMY_01,2026-01-16,13:00-14:00,1,1,2,3,14500,0,0,2,0,1,0,virtual_dummy.xlsx,L47_일반약 판매(시간별),2026-10-05T01:15
PH_DUMMY_01,2026-01-16,14:00-15:00,1,5,6,7,24186,3,1,1,0,2,0,virtual_dummy.xlsx,L47_일반약 판매(시간별),2026-10-05T01:15
PH_DUMMY_01,2026-01-16,15:00-16:00,0,1,1,2,36000,0,1,0,1,0,0,virtual_dummy.xlsx,L47_일반약 판매(시간별),2026-10-05T01:15
PH_DUMMY_01,2026-01-16,16:00-17:00,0,2,2,2,8993,1,0,0,0,1,0,virtual_dummy.xlsx,L47_일반약 판매(시간별),2026-10-05T01:15
PH_DUMMY_01,2026-01-16,17:00-18:00,1,1,2,5,20610,1,2,1,0,1,0,virtual_dummy.xlsx,L47_일반약 판매(시간별),2026-10-05T01:15
PH_DUMMY_01,2026-01-16,18:00-19:00,0,1,1,2,38500,0,0,1,1,0,0,virtual_dummy.xlsx,L47_일반약 판매(시간별),2026-10-05T01:15
PH_DUMMY_01,2026-01-17,09:00-10:00,0,0,0,0,0,0,0,0,0,0,0,virtual_dummy.xlsx,L47_일반약 판매(시간별),2026-10-05T01:15
PH_DUMMY_01,2026-01-17,10:00-11:00,5,4,9,12,84706,4,1,2,1,4,0,virtual_dummy.xlsx,L47_일반약 판매(시간별),2026-10-05T01:15
PH_DUMMY_01,2026-01-17,11:00-12:00,3,2,5,9,38051,2,3,1,0,3,0,virtual_dummy.xlsx,L47_일반약 판매(시간별),2026-10-05T01:15
PH_DUMMY_01,2026-01-17,12:00-13:00,6,3,9,14,116999,5,1,3,2,3,0,virtual_dummy.xlsx,L47_일반약 판매(시간별),2026-10-05T01:15
PH_DUMMY_01,2026-01-17,13:00-14:00,1,1,2,4,10386,0,1,0,0,3,0,virtual_dummy.xlsx,L47_일반약 판매(시간별),2026-10-05T01:15
PH_DUMMY_01,2026-01-19,09:00-10:00,1,0,1,2,7186,1,1,0,0,0,0,virtual_dummy.xlsx,L47_일반약 판매(시간별),2026-10-05T01:15
PH_DUMMY_01,2026-01-19,10:00-11:00,2,2,4,8,53565,1,2,3,1,1,0,virtual_dummy.xlsx,L47_일반약 판매(시간별),2026-10-05T01:15
PH_DUMMY_01,2026-01-19,11:00-12:00,2,1,3,5,17086,0,1,0,0,4,0,virtual_dummy.xlsx,L47_일반약 판매(시간별),2026-10-05T01:15
PH_DUMMY_01,2026-01-19,12:00-13:00,3,2,5,6,38700,0,1,1,0,4,0,virtual_dummy.xlsx,L47_일반약 판매(시간별),2026-10-05T01:15
PH_DUMMY_01,2026-01-19,13:00-14:00,1,0,1,3,17000,0,0,1,0,2,0,virtual_dummy.xlsx,L47_일반약 판매(시간별),2026-10-05T01:15
PH_DUMMY_01,2026-01-19,14:00-15:00,0,0,0,0,0,0,0,0,0,0,0,virtual_dummy.xlsx,L47_일반약 판매(시간별),2026-10-05T01:15
PH_DUMMY_01,2026-01-19,15:00-16:00,0,0,0,0,0,0,0,0,0,0,0,virtual_dummy.xlsx,L47_일반약 판매(시간별),2026-10-05T01:15
PH_DUMMY_01,2026-01-19,16:00-17:00,0,0,0,0,0,0,0,0,0,0,0,virtual_dummy.xlsx,L47_일반약 판매(시간별),2026-10-05T01:15
PH_DUMMY_01,2026-01-19,17:00-18:00,0,0,0,0,0,0,0,0,0,0,0,virtual_dummy.xlsx,L47_일반약 판매(시간별),2026-10-05T01:15
PH_DUMMY_01,2026-01-19,18:00-19:00,2,1,3,7,91617,2,1,1,2,1,0,virtual_dummy.xlsx,L47_일반약 판매(시간별),2026-10-05T01:15
PH_DUMMY_01,2026-01-20,09:00-10:00,0,1,1,1,3617,0,1,0,0,0,0,virtual_dummy.xlsx,L47_일반약 판매(시간별),2026-10-05T01:15
PH_DUMMY_01,2026-01-20,10:00-11:00,0,3,3,3,10700,0,1,0,0,2,0,virtual_dummy.xlsx,L47_일반약 판매(시간별),2026-10-05T01:15
PH_DUMMY_01,2026-01-20,11:00-12:00,2,1,3,4,51500,1,0,1,1,1,0,virtual_dummy.xlsx,L47_일반약 판매(시간별),2026-10-05T01:15
PH_DUMMY_01,2026-01-20,12:00-13:00,0,2,2,3,7200,0,0,1,0,2,0,virtual_dummy.xlsx,L47_일반약 판매(시간별),2026-10-05T01:15
PH_DUMMY_01,2026-01-20,13:00-14:00,0,1,1,1,3000,0,0,1,0,0,0,virtual_dummy.xlsx,L47_일반약 판매(시간별),2026-10-05T01:15
PH_DUMMY_01,2026-01-20,14:00-15:00,0,1,1,1,2500,0,0,0,0,1,0,virtual_dummy.xlsx,L47_일반약 판매(시간별),2026-10-05T01:15
PH_DUMMY_01,2026-01-20,15:00-16:00,2,2,4,7,50993,3,1,0,2,1,0,virtual_dummy.xlsx,L47_일반약 판매(시간별),2026-10-05T01:15
PH_DUMMY_01,2026-01-20,16:00-17:00,1,4,5,7,75993,2,1,0,3,1,0,virtual_dummy.xlsx,L47_일반약 판매(시간별),2026-10-05T01:15
PH_DUMMY_01,2026-01-20,17:00-18:00,1,0,1,2,6993,1,0,1,0,0,0,virtual_dummy.xlsx,L47_일반약 판매(시간별),2026-10-05T01:15
PH_DUMMY_01,2026-01-20,18:00-19:00,1,3,4,6,20672,2,1,2,0,1,0,virtual_dummy.xlsx,L47_일반약 판매(시간별),2026-10-05T01:15
PH_DUMMY_01,2026-01-21,09:00-10:00,0,2,2,3,45000,0,0,1,1,1,0,virtual_dummy.xlsx,L47_일반약 판매(시간별),2026-10-05T01:15
PH_DUMMY_01,2026-01-21,10:00-11:00,1,2,3,5,51693,1,0,1,1,2,0,virtual_dummy.xlsx,L47_일반약 판매(시간별),2026-10-05T01:15
PH_DUMMY_01,2026-01-21,11:00-12:00,1,1,2,2,44000,0,0,0,1,1,0,virtual_dummy.xlsx,L47_일반약 판매(시간별),2026-10-05T01:15
PH_DUMMY_01,2026-01-21,12:00-13:00,0,1,1,2,8993,1,0,0,0,1,0,virtual_dummy.xlsx,L47_일반약 판매(시간별),2026-10-05T01:15
PH_DUMMY_01,2026-01-21,13:00-14:00,0,0,0,0,0,0,0,0,0,0,0,virtual_dummy.xlsx,L47_일반약 판매(시간별),2026-10-05T01:15
PH_DUMMY_01,2026-01-21,14:00-15:00,0,0,0,0,0,0,0,0,0,0,0,virtual_dummy.xlsx,L47_일반약 판매(시간별),2026-10-05T01:15
PH_DUMMY_01,2026-01-21,15:00-16:00,0,3,3,7,71000,1,0,1,1,4,0,virtual_dummy.xlsx,L47_일반약 판매(시간별),2026-10-05T01:15
PH_DUMMY_01,2026-01-21,16:00-17:00,1,0,1,1,3500,0,0,0,0,1,0,virtual_dummy.xlsx,L47_일반약 판매(시간별),2026-10-05T01:15
PH_DUMMY_01,2026-01-21,17:00-18:00,3,2,5,6,30817,0,1,2,1,2,0,virtual_dummy.xlsx,L47_일반약 판매(시간별),2026-10-05T01:15
PH_DUMMY_01,2026-01-21,18:00-19:00,3,1,4,6,51817,0,1,1,1,3,0,virtual_dummy.xlsx,L47_일반약 판매(시간별),2026-10-05T01:15
PH_DUMMY_01,2026-01-22,09:00-10:00,1,0,1,3,9989,0,3,0,0,0,0,virtual_dummy.xlsx,L47_일반약 판매(시간별),2026-10-05T01:15
PH_DUMMY_01,2026-01-22,10:00-11:00,0,1,1,2,37027,0,0,1,0,1,0,virtual_dummy.xlsx,L47_일반약 판매(시간별),2026-10-05T01:15
PH_DUMMY_01,2026-01-22,11:00-12:00,2,0,2,2,11000,0,0,0,0,2,0,virtual_dummy.xlsx,L47_일반약 판매(시간별),2026-10-05T01:15
PH_DUMMY_01,2026-01-22,12:00-13:00,1,1,2,2,5200,0,0,1,0,1,0,virtual_dummy.xlsx,L47_일반약 판매(시간별),2026-10-05T01:15
PH_DUMMY_01,2026-01-22,13:00-14:00,3,2,5,7,109754,0,0,1,1,5,0,virtual_dummy.xlsx,L47_일반약 판매(시간별),2026-10-05T01:15
PH_DUMMY_01,2026-01-22,14:00-15:00,2,5,7,13,91496,1,4,2,2,4,0,virtual_dummy.xlsx,L47_일반약 판매(시간별),2026-10-05T01:15
PH_DUMMY_01,2026-01-22,15:00-16:00,3,1,4,8,28489,0,3,3,0,2,1,virtual_dummy.xlsx,L47_일반약 판매(시간별),2026-10-05T01:15
PH_DUMMY_01,2026-01-22,16:00-17:00,2,1,3,5,20296,2,3,0,0,0,0,virtual_dummy.xlsx,L47_일반약 판매(시간별),2026-10-05T01:15
PH_DUMMY_01,2026-01-22,17:00-18:00,2,1,3,5,59117,1,2,0,2,0,0,virtual_dummy.xlsx,L47_일반약 판매(시간별),2026-10-05T01:15
PH_DUMMY_01,2026-01-22,18:00-19:00,1,1,2,2,5993,1,0,1,0,0,0,virtual_dummy.xlsx,L47_일반약 판매(시간별),2026-10-05T01:15
PH_DUMMY_01,2026-01-23,09:00-10:00,0,1,1,1,1200,0,0,0,0,1,0,virtual_dummy.xlsx,L47_일반약 판매(시간별),2026-10-05T01:15
PH_DUMMY_01,2026-01-23,10:00-11:00,0,2,2,3,46027,0,0,0,0,3,0,virtual_dummy.xlsx,L47_일반약 판매(시간별),2026-10-05T01:15
PH_DUMMY_01,2026-01-23,11:00-12:00,3,1,4,6,51165,3,1,1,1,0,0,virtual_dummy.xlsx,L47_일반약 판매(시간별),2026-10-05T01:15
PH_DUMMY_01,2026-01-23,12:00-13:00,1,3,4,12,147720,1,0,4,3,4,0,virtual_dummy.xlsx,L47_일반약 판매(시간별),2026-10-05T01:15
PH_DUMMY_01,2026-01-23,13:00-14:00,1,0,1,2,4193,1,0,0,0,1,0,virtual_dummy.xlsx,L47_일반약 판매(시간별),2026-10-05T01:15
PH_DUMMY_01,2026-01-23,14:00-15:00,0,1,1,1,35000,0,0,0,1,0,0,virtual_dummy.xlsx,L47_일반약 판매(시간별),2026-10-05T01:15
PH_DUMMY_01,2026-01-23,15:00-16:00,2,4,6,11,76296,1,2,2,2,4,0,virtual_dummy.xlsx,L47_일반약 판매(시간별),2026-10-05T01:15
PH_DUMMY_01,2026-01-23,16:00-17:00,0,0,0,0,0,0,0,0,0,0,1,virtual_dummy.xlsx,L47_일반약 판매(시간별),2026-10-05T01:15
PH_DUMMY_01,2026-01-23,17:00-18:00,2,0,2,4,13200,1,0,1,0,2,0,virtual_dummy.xlsx,L47_일반약 판매(시간별),2026-10-05T01:15
PH_DUMMY_01,2026-01-23,18:00-19:00,1,1,2,4,13186,0,1,1,0,2,0,virtual_dummy.xlsx,L47_일반약 판매(시간별),2026-10-05T01:15
PH_DUMMY_01,2026-01-24,09:00-10:00,0,2,2,2,4386,0,1,0,0,1,0,virtual_dummy.xlsx,L47_일반약 판매(시간별),2026-10-05T01:15
PH_DUMMY_01,2026-01-24,10:00-11:00,2,2,4,6,21103,3,1,1,0,1,0,virtual_dummy.xlsx,L47_일반약 판매(시간별),2026-10-05T01:15
PH_DUMMY_01,2026-01-24,11:00-12:00,1,1,2,4,21186,0,2,0,0,2,0,virtual_dummy.xlsx,L47_일반약 판매(시간별),2026-10-05T01:15
PH_DUMMY_01,2026-01-24,12:00-13:00,3,1,4,5,17200,1,0,2,0,2,0,virtual_dummy.xlsx,L47_일반약 판매(시간별),2026-10-05T01:15
PH_DUMMY_01,2026-01-24,13:00-14:00,1,0,1,1,3617,0,1,0,0,0,0,virtual_dummy.xlsx,L47_일반약 판매(시간별),2026-10-05T01:15
PH_DUMMY_01,2026-01-26,09:00-10:00,1,2,3,5,16886,1,1,1,0,2,0,virtual_dummy.xlsx,L47_일반약 판매(시간별),2026-10-05T01:15
PH_DUMMY_01,2026-01-26,10:00-11:00,3,1,4,9,87810,2,1,1,2,3,0,virtual_dummy.xlsx,L47_일반약 판매(시간별),2026-10-05T01:15
PH_DUMMY_01,2026-01-26,11:00-12:00,0,2,2,4,21617,0,1,1,0,2,0,virtual_dummy.xlsx,L47_일반약 판매(시간별),2026-10-05T01:15
PH_DUMMY_01,2026-01-26,12:00-13:00,2,1,3,3,10200,1,0,0,0,2,0,virtual_dummy.xlsx,L47_일반약 판매(시간별),2026-10-05T01:15
PH_DUMMY_01,2026-01-26,13:00-14:00,1,0,1,5,51493,2,0,1,1,1,0,virtual_dummy.xlsx,L47_일반약 판매(시간별),2026-10-05T01:15
PH_DUMMY_01,2026-01-26,14:00-15:00,1,1,2,2,4700,0,0,0,0,2,0,virtual_dummy.xlsx,L47_일반약 판매(시간별),2026-10-05T01:15
PH_DUMMY_01,2026-01-26,15:00-16:00,1,1,2,3,12803,0,2,1,0,0,0,virtual_dummy.xlsx,L47_일반약 판매(시간별),2026-10-05T01:15
PH_DUMMY_01,2026-01-26,16:00-17:00,3,0,3,4,12679,2,1,0,0,1,0,virtual_dummy.xlsx,L47_일반약 판매(시간별),2026-10-05T01:15
PH_DUMMY_01,2026-01-26,17:00-18:00,1,1,2,2,7500,1,0,0,0,1,0,virtual_dummy.xlsx,L47_일반약 판매(시간별),2026-10-05T01:15
PH_DUMMY_01,2026-01-26,18:00-19:00,2,2,4,6,20982,1,3,1,0,1,0,virtual_dummy.xlsx,L47_일반약 판매(시간별),2026-10-05T01:15
PH_DUMMY_01,2026-01-27,09:00-10:00,0,0,0,0,0,0,0,0,0,0,0,virtual_dummy.xlsx,L47_일반약 판매(시간별),2026-10-05T01:15
PH_DUMMY_01,2026-01-27,10:00-11:00,2,4,6,13,75627,2,4,2,1,4,0,virtual_dummy.xlsx,L47_일반약 판매(시간별),2026-10-05T01:15
PH_DUMMY_01,2026-01-27,11:00-12:00,1,2,3,4,15000,0,0,2,0,2,0,virtual_dummy.xlsx,L47_일반약 판매(시간별),2026-10-05T01:15
PH_DUMMY_01,2026-01-27,12:00-13:00,3,2,5,7,31872,0,2,2,0,3,0,virtual_dummy.xlsx,L47_일반약 판매(시간별),2026-10-05T01:15
PH_DUMMY_01,2026-01-27,13:00-14:00,0,1,1,4,46303,1,2,0,1,0,0,virtual_dummy.xlsx,L47_일반약 판매(시간별),2026-10-05T01:15
PH_DUMMY_01,2026-01-27,14:00-15:00,3,0,3,5,59500,0,0,2,1,2,0,virtual_dummy.xlsx,L47_일반약 판매(시간별),2026-10-05T01:15
PH_DUMMY_01,2026-01-27,15:00-16:00,0,2,2,5,50493,1,1,1,1,1,0,virtual_dummy.xlsx,L47_일반약 판매(시간별),2026-10-05T01:15
PH_DUMMY_01,2026-01-27,16:00-17:00,1,1,2,5,17693,1,0,1,0,3,0,virtual_dummy.xlsx,L47_일반약 판매(시간별),2026-10-05T01:15
PH_DUMMY_01,2026-01-27,17:00-18:00,0,1,1,2,38186,0,1,0,1,0,0,virtual_dummy.xlsx,L47_일반약 판매(시간별),2026-10-05T01:15
PH_DUMMY_01,2026-01-27,18:00-19:00,2,4,6,9,39286,2,1,1,1,4,0,virtual_dummy.xlsx,L47_일반약 판매(시간별),2026-10-05T01:15
PH_DUMMY_01,2026-01-28,09:00-10:00,0,1,1,2,7200,0,0,1,0,1,0,virtual_dummy.xlsx,L47_일반약 판매(시간별),2026-10-05T01:15
PH_DUMMY_01,2026-01-28,10:00-11:00,0,2,2,3,38493,1,0,0,1,1,0,virtual_dummy.xlsx,L47_일반약 판매(시간별),2026-10-05T01:15
PH_DUMMY_01,2026-01-28,11:00-12:00,1,2,3,7,19393,2,0,2,0,3,0,virtual_dummy.xlsx,L47_일반약 판매(시간별),2026-10-05T01:15
PH_DUMMY_01,2026-01-28,12:00-13:00,0,0,0,0,0,0,0,0,0,0,0,virtual_dummy.xlsx,L47_일반약 판매(시간별),2026-10-05T01:15
PH_DUMMY_01,2026-01-28,13:00-14:00,1,1,2,4,18234,0,3,0,0,1,0,virtual_dummy.xlsx,L47_일반약 판매(시간별),2026-10-05T01:15
PH_DUMMY_01,2026-01-28,14:00-15:00,1,0,1,2,6179,1,1,0,0,0,0,virtual_dummy.xlsx,L47_일반약 판매(시간별),2026-10-05T01:15
PH_DUMMY_01,2026-01-28,15:00-16:00,1,0,1,1,35000,0,0,0,1,0,0,virtual_dummy.xlsx,L47_일반약 판매(시간별),2026-10-05T01:15
PH_DUMMY_01,2026-01-28,16:00-17:00,3,0,3,7,21086,2,1,1,0,3,0,virtual_dummy.xlsx,L47_일반약 판매(시간별),2026-10-05T01:15
PH_DUMMY_01,2026-01-28,17:00-18:00,0,1,1,1,3617,0,1,0,0,0,0,virtual_dummy.xlsx,L47_일반약 판매(시간별),2026-10-05T01:15
PH_DUMMY_01,2026-01-28,18:00-19:00,1,1,2,2,8500,0,0,0,0,2,0,virtual_dummy.xlsx,L47_일반약 판매(시간별),2026-10-05T01:15
PH_DUMMY_01,2026-01-29,09:00-10:00,0,0,0,0,0,0,0,0,0,0,0,virtual_dummy.xlsx,L47_일반약 판매(시간별),2026-10-05T01:15
PH_DUMMY_01,2026-01-29,10:00-11:00,2,1,3,3,7693,1,0,1,0,1,0,virtual_dummy.xlsx,L47_일반약 판매(시간별),2026-10-05T01:15
PH_DUMMY_01,2026-01-29,11:00-12:00,0,1,1,1,1200,0,0,0,0,1,0,virtual_dummy.xlsx,L47_일반약 판매(시간별),2026-10-05T01:15
PH_DUMMY_01,2026-01-29,12:00-13:00,2,0,2,4,56027,0,0,0,0,4,0,virtual_dummy.xlsx,L47_일반약 판매(시간별),2026-10-05T01:15
PH_DUMMY_01,2026-01-29,13:00-14:00,2,0,2,4,34817,0,1,0,2,1,0,virtual_dummy.xlsx,L47_일반약 판매(시간별),2026-10-05T01:15
PH_DUMMY_01,2026-01-29,14:00-15:00,0,5,5,8,54686,3,0,1,1,3,0,virtual_dummy.xlsx,L47_일반약 판매(시간별),2026-10-05T01:15
PH_DUMMY_01,2026-01-29,15:00-16:00,0,2,2,2,6686,0,1,0,0,1,0,virtual_dummy.xlsx,L47_일반약 판매(시간별),2026-10-05T01:15
PH_DUMMY_01,2026-01-29,16:00-17:00,1,0,1,1,8000,0,0,0,0,1,0,virtual_dummy.xlsx,L47_일반약 판매(시간별),2026-10-05T01:15
PH_DUMMY_01,2026-01-29,17:00-18:00,3,1,4,7,59913,2,1,1,0,3,0,virtual_dummy.xlsx,L47_일반약 판매(시간별),2026-10-05T01:15
PH_DUMMY_01,2026-01-29,18:00-19:00,5,0,5,7,32379,2,3,0,0,2,0,virtual_dummy.xlsx,L47_일반약 판매(시간별),2026-10-05T01:15
PH_DUMMY_01,2026-01-30,09:00-10:00,1,2,3,8,35310,1,1,2,0,4,0,virtual_dummy.xlsx,L47_일반약 판매(시간별),2026-10-05T01:15
PH_DUMMY_01,2026-01-30,10:00-11:00,2,2,4,6,50817,1,2,1,1,1,0,virtual_dummy.xlsx,L47_일반약 판매(시간별),2026-10-05T01:15
PH_DUMMY_01,2026-01-30,11:00-12:00,1,0,1,1,3186,0,1,0,0,0,0,virtual_dummy.xlsx,L47_일반약 판매(시간별),2026-10-05T01:15
PH_DUMMY_01,2026-01-30,12:00-13:00,2,0,2,3,39500,0,0,0,1,2,0,virtual_dummy.xlsx,L47_일반약 판매(시간별),2026-10-05T01:15
PH_DUMMY_01,2026-01-30,13:00-14:00,3,1,4,5,20700,1,1,1,0,2,0,virtual_dummy.xlsx,L47_일반약 판매(시간별),2026-10-05T01:15
PH_DUMMY_01,2026-01-30,14:00-15:00,0,1,1,1,3000,0,0,1,0,0,0,virtual_dummy.xlsx,L47_일반약 판매(시간별),2026-10-05T01:15
PH_DUMMY_01,2026-01-30,15:00-16:00,0,3,3,6,49693,2,0,1,1,2,0,virtual_dummy.xlsx,L47_일반약 판매(시간별),2026-10-05T01:15
PH_DUMMY_01,2026-01-30,16:00-17:00,1,1,2,2,35000,0,0,0,1,1,0,virtual_dummy.xlsx,L47_일반약 판매(시간별),2026-10-05T01:15
PH_DUMMY_01,2026-01-30,17:00-18:00,2,1,3,5,21700,0,1,1,0,3,0,virtual_dummy.xlsx,L47_일반약 판매(시간별),2026-10-05T01:15
PH_DUMMY_01,2026-01-30,18:00-19:00,3,1,4,8,61072,0,3,1,1,3,0,virtual_dummy.xlsx,L47_일반약 판매(시간별),2026-10-05T01:15
PH_DUMMY_01,2026-01-31,09:00-10:00,1,3,4,8,90689,0,4,1,2,1,0,virtual_dummy.xlsx,L47_일반약 판매(시간별),2026-10-05T01:15
PH_DUMMY_01,2026-01-31,10:00-11:00,0,1,1,1,4000,0,0,1,0,0,0,virtual_dummy.xlsx,L47_일반약 판매(시간별),2026-10-05T01:15
PH_DUMMY_01,2026-01-31,11:00-12:00,0,5,5,7,19703,0,2,2,0,3,0,virtual_dummy.xlsx,L47_일반약 판매(시간별),2026-10-05T01:15
PH_DUMMY_01,2026-01-31,12:00-13:00,6,1,7,11,142296,1,4,1,3,2,0,virtual_dummy.xlsx,L47_일반약 판매(시간별),2026-10-05T01:15
PH_DUMMY_01,2026-01-31,13:00-14:00,3,0,3,4,25000,0,0,3,1,0,0,virtual_dummy.xlsx,L47_일반약 판매(시간별),2026-10-05T01:15
PH_DUMMY_01,2026-02-02,09:00-10:00,1,2,3,6,22872,0,2,1,0,3,0,virtual_dummy.xlsx,L47_일반약 판매(시간별),2026-10-05T01:15
PH_DUMMY_01,2026-02-02,10:00-11:00,2,3,5,7,26517,0,2,2,0,3,0,virtual_dummy.xlsx,L47_일반약 판매(시간별),2026-10-05T01:15
PH_DUMMY_01,2026-02-02,11:00-12:00,0,2,2,3,7386,0,1,1,0,1,0,virtual_dummy.xlsx,L47_일반약 판매(시간별),2026-10-05T01:15
PH_DUMMY_01,2026-02-02,12:00-13:00,2,1,3,3,9796,1,2,0,0,0,0,virtual_dummy.xlsx,L47_일반약 판매(시간별),2026-10-05T01:15
PH_DUMMY_01,2026-02-02,13:00-14:00,0,0,0,0,0,0,0,0,0,0,0,virtual_dummy.xlsx,L47_일반약 판매(시간별),2026-10-05T01:15
PH_DUMMY_01,2026-02-02,14:00-15:00,1,3,4,8,62879,3,1,0,1,3,0,virtual_dummy.xlsx,L47_일반약 판매(시간별),2026-10-05T01:15
PH_DUMMY_01,2026-02-02,15:00-16:00,2,2,4,7,47772,0,3,1,1,2,0,virtual_dummy.xlsx,L47_일반약 판매(시간별),2026-10-05T01:15
PH_DUMMY_01,2026-02-02,16:00-17:00,1,1,2,4,10879,1,1,0,0,2,0,virtual_dummy.xlsx,L47_일반약 판매(시간별),2026-10-05T01:15
PH_DUMMY_01,2026-02-02,17:00-18:00,0,1,1,1,6000,0,0,0,0,1,0,virtual_dummy.xlsx,L47_일반약 판매(시간별),2026-10-05T01:15
PH_DUMMY_01,2026-02-02,18:00-19:00,1,3,4,6,22700,0,0,4,0,2,0,virtual_dummy.xlsx,L47_일반약 판매(시간별),2026-10-05T01:15
PH_DUMMY_01,2026-02-03,09:00-10:00,1,0,1,1,3000,0,0,1,0,0,0,virtual_dummy.xlsx,L47_일반약 판매(시간별),2026-10-05T01:15
PH_DUMMY_01,2026-02-03,10:00-11:00,0,1,1,1,2500,0,0,0,0,1,0,virtual_dummy.xlsx,L47_일반약 판매(시간별),2026-10-05T01:15
PH_DUMMY_01,2026-02-03,11:00-12:00,1,0,1,2,7686,1,1,0,0,0,0,virtual_dummy.xlsx,L47_일반약 판매(시간별),2026-10-05T01:15
PH_DUMMY_01,2026-02-03,12:00-13:00,0,0,0,0,0,0,0,0,0,0,0,virtual_dummy.xlsx,L47_일반약 판매(시간별),2026-10-05T01:15
PH_DUMMY_01,2026-02-03,13:00-14:00,1,0,1,2,17993,1,0,0,1,0,0,virtual_dummy.xlsx,L47_일반약 판매(시간별),2026-10-05T01:15
PH_DUMMY_01,2026-02-03,14:00-15:00,0,0,0,0,0,0,0,0,0,0,0,virtual_dummy.xlsx,L47_일반약 판매(시간별),2026-10-05T01:15
PH_DUMMY_01,2026-02-03,15:00-16:00,0,1,1,1,30000,0,0,0,1,0,0,virtual_dummy.xlsx,L47_일반약 판매(시간별),2026-10-05T01:15
PH_DUMMY_01,2026-02-03,16:00-17:00,2,0,2,3,42200,0,1,0,1,1,0,virtual_dummy.xlsx,L47_일반약 판매(시간별),2026-10-05T01:15
PH_DUMMY_01,2026-02-03,17:00-18:00,0,0,0,0,0,0,0,0,0,0,0,virtual_dummy.xlsx,L47_일반약 판매(시간별),2026-10-05T01:15
PH_DUMMY_01,2026-02-03,18:00-19:00,2,1,3,4,51500,1,1,1,1,0,0,virtual_dummy.xlsx,L47_일반약 판매(시간별),2026-10-05T01:15
PH_DUMMY_01,2026-02-04,09:00-10:00,0,0,0,0,0,0,0,0,0,0,0,virtual_dummy.xlsx,L47_일반약 판매(시간별),2026-10-05T01:15
PH_DUMMY_01,2026-02-04,10:00-11:00,0,0,0,0,0,0,0,0,0,0,0,virtual_dummy.xlsx,L47_일반약 판매(시간별),2026-10-05T01:15
PH_DUMMY_01,2026-02-04,11:00-12:00,2,0,2,4,27500,1,1,0,0,2,0,virtual_dummy.xlsx,L47_일반약 판매(시간별),2026-10-05T01:15
PH_DUMMY_01,2026-02-04,12:00-13:00,2,0,2,2,4193,1,0,0,0,1,0,virtual_dummy.xlsx,L47_일반약 판매(시간별),2026-10-05T01:15
PH_DUMMY_01,2026-02-04,13:00-14:00,0,0,0,0,0,0,0,0,0,0,0,virtual_dummy.xlsx,L47_일반약 판매(시간별),2026-10-05T01:15
PH_DUMMY_01,2026-02-04,14:00-15:00,0,0,0,0,0,0,0,0,0,0,0,virtual_dummy.xlsx,L47_일반약 판매(시간별),2026-10-05T01:15
PH_DUMMY_01,2026-02-04,15:00-16:00,0,0,0,0,0,0,0,0,0,0,0,virtual_dummy.xlsx,L47_일반약 판매(시간별),2026-10-05T01:15
PH_DUMMY_01,2026-02-04,16:00-17:00,0,1,1,2,7117,0,1,1,0,0,0,virtual_dummy.xlsx,L47_일반약 판매(시간별),2026-10-05T01:15
PH_DUMMY_01,2026-02-04,17:00-18:00,1,2,3,7,17093,2,0,1,0,4,0,virtual_dummy.xlsx,L47_일반약 판매(시간별),2026-10-05T01:15
PH_DUMMY_01,2026-02-04,18:00-19:00,2,1,3,9,34003,1,3,2,0,3,0,virtual_dummy.xlsx,L47_일반약 판매(시간별),2026-10-05T01:15
PH_DUMMY_01,2026-02-05,09:00-10:00,1,1,2,3,12500,1,0,1,0,1,0,virtual_dummy.xlsx,L47_일반약 판매(시간별),2026-10-05T01:15
PH_DUMMY_01,2026-02-05,10:00-11:00,1,4,5,7,23879,1,1,2,0,3,0,virtual_dummy.xlsx,L47_일반약 판매(시간별),2026-10-05T01:15
PH_DUMMY_01,2026-02-05,11:00-12:00,2,2,4,7,35727,2,2,2,1,0,0,virtual_dummy.xlsx,L47_일반약 판매(시간별),2026-10-05T01:15
PH_DUMMY_01,2026-02-05,12:00-13:00,1,1,2,4,15200,0,1,1,0,2,0,virtual_dummy.xlsx,L47_일반약 판매(시간별),2026-10-05T01:15
PH_DUMMY_01,2026-02-05,13:00-14:00,0,0,0,0,0,0,0,0,0,0,0,virtual_dummy.xlsx,L47_일반약 판매(시간별),2026-10-05T01:15
PH_DUMMY_01,2026-02-05,14:00-15:00,0,1,1,5,15700,1,0,1,0,3,0,virtual_dummy.xlsx,L47_일반약 판매(시간별),2026-10-05T01:15
PH_DUMMY_01,2026-02-05,15:00-16:00,1,2,3,6,37727,2,2,0,1,1,0,virtual_dummy.xlsx,L47_일반약 판매(시간별),2026-10-05T01:15
PH_DUMMY_01,2026-02-05,16:00-17:00,1,0,1,2,60000,0,0,0,2,0,0,virtual_dummy.xlsx,L47_일반약 판매(시간별),2026-10-05T01:15
PH_DUMMY_01,2026-02-05,17:00-18:00,2,1,3,6,74200,0,0,1,3,2,0,virtual_dummy.xlsx,L47_일반약 판매(시간별),2026-10-05T01:15
PH_DUMMY_01,2026-02-05,18:00-19:00,1,1,2,3,38000,0,0,0,1,2,0,virtual_dummy.xlsx,L47_일반약 판매(시간별),2026-10-05T01:15
PH_DUMMY_01,2026-02-06,09:00-10:00,0,1,1,2,13000,0,0,1,0,1,0,virtual_dummy.xlsx,L47_일반약 판매(시간별),2026-10-05T01:15
PH_DUMMY_01,2026-02-06,10:00-11:00,1,2,3,5,25000,1,2,0,0,2,0,virtual_dummy.xlsx,L47_일반약 판매(시간별),2026-10-05T01:15
PH_DUMMY_01,2026-02-06,11:00-12:00,0,0,0,0,0,0,0,0,0,0,0,virtual_dummy.xlsx,L47_일반약 판매(시간별),2026-10-05T01:15
PH_DUMMY_01,2026-02-06,12:00-13:00,3,2,5,14,74879,1,1,5,1,6,0,virtual_dummy.xlsx,L47_일반약 판매(시간별),2026-10-05T01:15
PH_DUMMY_01,2026-02-06,13:00-14:00,2,2,4,5,31000,0,0,2,0,3,0,virtual_dummy.xlsx,L47_일반약 판매(시간별),2026-10-05T01:15
PH_DUMMY_01,2026-02-06,14:00-15:00,2,0,2,3,40686,0,1,0,1,1,0,virtual_dummy.xlsx,L47_일반약 판매(시간별),2026-10-05T01:15
PH_DUMMY_01,2026-02-06,15:00-16:00,2,3,5,9,101886,1,1,2,2,3,0,virtual_dummy.xlsx,L47_일반약 판매(시간별),2026-10-05T01:15
PH_DUMMY_01,2026-02-06,16:00-17:00,0,1,1,3,12993,1,0,2,0,0,0,virtual_dummy.xlsx,L47_일반약 판매(시간별),2026-10-05T01:15
PH_DUMMY_01,2026-02-06,17:00-18:00,1,1,2,6,50700,0,1,1,1,3,0,virtual_dummy.xlsx,L47_일반약 판매(시간별),2026-10-05T01:15
PH_DUMMY_01,2026-02-06,18:00-19:00,0,4,4,7,59117,2,1,1,1,2,0,virtual_dummy.xlsx,L47_일반약 판매(시간별),2026-10-05T01:15
PH_DUMMY_01,2026-02-07,09:00-10:00,1,1,2,4,25372,1,2,0,1,0,0,virtual_dummy.xlsx,L47_일반약 판매(시간별),2026-10-05T01:15
PH_DUMMY_01,2026-02-07,10:00-11:00,3,2,5,11,69900,1,1,3,1,5,0,virtual_dummy.xlsx,L47_일반약 판매(시간별),2026-10-05T01:15
PH_DUMMY_01,2026-02-07,11:00-12:00,1,2,3,7,26886,1,2,3,0,1,0,virtual_dummy.xlsx,L47_일반약 판매(시간별),2026-10-05T01:15
PH_DUMMY_01,2026-02-07,12:00-13:00,5,1,6,9,58830,1,2,4,0,2,0,virtual_dummy.xlsx,L47_일반약 판매(시간별),2026-10-05T01:15
PH_DUMMY_01,2026-02-07,13:00-14:00,1,1,2,4,37386,0,1,1,1,1,0,virtual_dummy.xlsx,L47_일반약 판매(시간별),2026-10-05T01:15
PH_DUMMY_01,2026-02-09,09:00-10:00,1,1,2,6,54200,0,0,2,1,3,0,virtual_dummy.xlsx,L47_일반약 판매(시간별),2026-10-05T01:15
PH_DUMMY_01,2026-02-09,10:00-11:00,1,1,2,2,9000,0,1,0,0,1,0,virtual_dummy.xlsx,L47_일반약 판매(시간별),2026-10-05T01:15
PH_DUMMY_01,2026-02-09,11:00-12:00,3,1,4,4,47186,0,1,0,1,2,0,virtual_dummy.xlsx,L47_일반약 판매(시간별),2026-10-05T01:15
PH_DUMMY_01,2026-02-09,12:00-13:00,2,2,4,5,20610,2,1,1,0,1,0,virtual_dummy.xlsx,L47_일반약 판매(시간별),2026-10-05T01:15
PH_DUMMY_01,2026-02-09,13:00-14:00,0,0,0,0,0,0,0,0,0,0,0,virtual_dummy.xlsx,L47_일반약 판매(시간별),2026-10-05T01:15
PH_DUMMY_01,2026-02-09,14:00-15:00,1,0,1,2,6179,1,1,0,0,0,0,virtual_dummy.xlsx,L47_일반약 판매(시간별),2026-10-05T01:15
PH_DUMMY_01,2026-02-09,15:00-16:00,1,0,1,1,3000,0,0,1,0,0,0,virtual_dummy.xlsx,L47_일반약 판매(시간별),2026-10-05T01:15
PH_DUMMY_01,2026-02-09,16:00-17:00,1,0,1,3,7700,1,0,0,0,2,0,virtual_dummy.xlsx,L47_일반약 판매(시간별),2026-10-05T01:15
PH_DUMMY_01,2026-02-09,17:00-18:00,3,1,4,5,16317,0,1,2,0,2,0,virtual_dummy.xlsx,L47_일반약 판매(시간별),2026-10-05T01:15
PH_DUMMY_01,2026-02-09,18:00-19:00,0,0,0,0,0,0,0,0,0,0,0,virtual_dummy.xlsx,L47_일반약 판매(시간별),2026-10-05T01:15
PH_DUMMY_01,2026-02-10,09:00-10:00,1,1,2,3,10679,2,1,0,0,0,0,virtual_dummy.xlsx,L47_일반약 판매(시간별),2026-10-05T01:15
PH_DUMMY_01,2026-02-10,10:00-11:00,0,1,1,1,2993,1,0,0,0,0,0,virtual_dummy.xlsx,L47_일반약 판매(시간별),2026-10-05T01:15
PH_DUMMY_01,2026-02-10,11:00-12:00,2,4,6,8,75000,1,1,3,1,2,0,virtual_dummy.xlsx,L47_일반약 판매(시간별),2026-10-05T01:15
PH_DUMMY_01,2026-02-10,12:00-13:00,3,2,5,8,50361,0,2,1,0,5,0,virtual_dummy.xlsx,L47_일반약 판매(시간별),2026-10-05T01:15
PH_DUMMY_01,2026-02-10,13:00-14:00,2,1,3,5,16000,1,0,1,0,3,0,virtual_dummy.xlsx,L47_일반약 판매(시간별),2026-10-05T01:15
PH_DUMMY_01,2026-02-10,14:00-15:00,0,0,0,0,0,0,0,0,0,0,0,virtual_dummy.xlsx,L47_일반약 판매(시간별),2026-10-05T01:15
PH_DUMMY_01,2026-02-10,15:00-16:00,0,2,2,5,17003,0,2,1,0,2,0,virtual_dummy.xlsx,L47_일반약 판매(시간별),2026-10-05T01:15
PH_DUMMY_01,2026-02-10,16:00-17:00,1,2,3,6,24872,0,3,1,0,2,0,virtual_dummy.xlsx,L47_일반약 판매(시간별),2026-10-05T01:15
PH_DUMMY_01,2026-02-10,17:00-18:00,2,1,3,4,17200,0,0,0,0,4,0,virtual_dummy.xlsx,L47_일반약 판매(시간별),2026-10-05T01:15
PH_DUMMY_01,2026-02-10,18:00-19:00,0,2,2,3,13000,1,0,1,0,1,0,virtual_dummy.xlsx,L47_일반약 판매(시간별),2026-10-05T01:15
PH_DUMMY_01,2026-02-11,09:00-10:00,0,0,0,0,0,0,0,0,0,0,0,virtual_dummy.xlsx,L47_일반약 판매(시간별),2026-10-05T01:15
PH_DUMMY_01,2026-02-11,10:00-11:00,2,1,3,5,46720,1,0,2,0,2,0,virtual_dummy.xlsx,L47_일반약 판매(시간별),2026-10-05T01:15
PH_DUMMY_01,2026-02-11,11:00-12:00,1,1,2,2,4200,0,0,1,0,1,0,virtual_dummy.xlsx,L47_일반약 판매(시간별),2026-10-05T01:15
PH_DUMMY_01,2026-02-11,12:00-13:00,5,0,5,6,72993,1,0,1,2,2,0,virtual_dummy.xlsx,L47_일반약 판매(시간별),2026-10-05T01:15
PH_DUMMY_01,2026-02-11,13:00-14:00,2,1,3,4,24186,0,1,2,0,1,0,virtual_dummy.xlsx,L47_일반약 판매(시간별),2026-10-05T01:15
PH_DUMMY_01,2026-02-11,14:00-15:00,1,4,5,12,78303,3,3,0,1,5,0,virtual_dummy.xlsx,L47_일반약 판매(시간별),2026-10-05T01:15
PH_DUMMY_01,2026-02-11,15:00-16:00,4,0,4,4,72493,2,0,0,2,0,0,virtual_dummy.xlsx,L47_일반약 판매(시간별),2026-10-05T01:15
PH_DUMMY_01,2026-02-11,16:00-17:00,0,0,0,0,0,0,0,0,0,0,0,virtual_dummy.xlsx,L47_일반약 판매(시간별),2026-10-05T01:15
PH_DUMMY_01,2026-02-11,17:00-18:00,1,0,1,1,30000,0,0,0,1,0,0,virtual_dummy.xlsx,L47_일반약 판매(시간별),2026-10-05T01:15
PH_DUMMY_01,2026-02-11,18:00-19:00,1,0,1,1,9000,0,0,0,0,1,0,virtual_dummy.xlsx,L47_일반약 판매(시간별),2026-10-05T01:15
PH_DUMMY_01,2026-02-12,09:00-10:00,0,1,1,3,37493,1,0,0,1,1,0,virtual_dummy.xlsx,L47_일반약 판매(시간별),2026-10-05T01:15
PH_DUMMY_01,2026-02-12,10:00-11:00,1,1,2,3,11686,0,1,0,0,2,0,virtual_dummy.xlsx,L47_일반약 판매(시간별),2026-10-05T01:15
PH_DUMMY_01,2026-02-12,11:00-12:00,1,2,3,4,44000,0,1,0,1,2,0,virtual_dummy.xlsx,L47_일반약 판매(시간별),2026-10-05T01:15
PH_DUMMY_01,2026-02-12,12:00-13:00,2,2,4,7,94734,1,2,1,3,0,0,virtual_dummy.xlsx,L47_일반약 판매(시간별),2026-10-05T01:15
PH_DUMMY_01,2026-02-12,13:00-14:00,1,1,2,4,17500,1,0,3,0,0,0,virtual_dummy.xlsx,L47_일반약 판매(시간별),2026-10-05T01:15
PH_DUMMY_01,2026-02-12,14:00-15:00,2,2,4,9,68672,2,1,3,2,1,0,virtual_dummy.xlsx,L47_일반약 판매(시간별),2026-10-05T01:15
PH_DUMMY_01,2026-02-12,15:00-16:00,1,0,1,2,6993,2,0,0,0,0,0,virtual_dummy.xlsx,L47_일반약 판매(시간별),2026-10-05T01:15
PH_DUMMY_01,2026-02-12,16:00-17:00,2,1,3,4,27493,1,1,1,1,0,0,virtual_dummy.xlsx,L47_일반약 판매(시간별),2026-10-05T01:15
PH_DUMMY_01,2026-02-12,17:00-18:00,2,0,2,3,40020,1,0,1,0,1,0,virtual_dummy.xlsx,L47_일반약 판매(시간별),2026-10-05T01:15
PH_DUMMY_01,2026-02-12,18:00-19:00,2,1,3,3,15186,0,1,1,0,1,0,virtual_dummy.xlsx,L47_일반약 판매(시간별),2026-10-05T01:15
PH_DUMMY_01,2026-02-13,09:00-10:00,2,0,2,3,41803,0,2,0,1,0,0,virtual_dummy.xlsx,L47_일반약 판매(시간별),2026-10-05T01:15
PH_DUMMY_01,2026-02-13,10:00-11:00,1,2,3,5,50000,1,2,0,1,1,0,virtual_dummy.xlsx,L47_일반약 판매(시간별),2026-10-05T01:15
PH_DUMMY_01,2026-02-13,11:00-12:00,0,1,1,2,5993,1,0,1,0,0,0,virtual_dummy.xlsx,L47_일반약 판매(시간별),2026-10-05T01:15
PH_DUMMY_01,2026-02-13,12:00-13:00,2,0,2,3,20686,0,1,0,1,1,0,virtual_dummy.xlsx,L47_일반약 판매(시간별),2026-10-05T01:15
PH_DUMMY_01,2026-02-13,13:00-14:00,0,0,0,0,0,0,0,0,0,0,0,virtual_dummy.xlsx,L47_일반약 판매(시간별),2026-10-05T01:15
PH_DUMMY_01,2026-02-13,14:00-15:00,2,2,4,5,43700,0,1,2,1,1,0,virtual_dummy.xlsx,L47_일반약 판매(시간별),2026-10-05T01:15
PH_DUMMY_01,2026-02-13,15:00-16:00,1,1,2,2,35000,0,0,1,1,0,0,virtual_dummy.xlsx,L47_일반약 판매(시간별),2026-10-05T01:15
PH_DUMMY_01,2026-02-13,16:00-17:00,3,2,5,8,80513,2,1,1,1,3,0,virtual_dummy.xlsx,L47_일반약 판매(시간별),2026-10-05T01:15
PH_DUMMY_01,2026-02-13,17:00-18:00,1,0,1,2,8500,0,0,1,0,1,0,virtual_dummy.xlsx,L47_일반약 판매(시간별),2026-10-05T01:15
PH_DUMMY_01,2026-02-13,18:00-19:00,1,0,1,1,5000,0,0,0,0,1,0,virtual_dummy.xlsx,L47_일반약 판매(시간별),2026-10-05T01:15
PH_DUMMY_01,2026-02-14,09:00-10:00,0,0,0,0,0,0,0,0,0,0,0,virtual_dummy.xlsx,L47_일반약 판매(시간별),2026-10-05T01:15
PH_DUMMY_01,2026-02-14,10:00-11:00,2,5,7,9,88879,1,3,1,2,2,0,virtual_dummy.xlsx,L47_일반약 판매(시간별),2026-10-05T01:15
PH_DUMMY_01,2026-02-14,11:00-12:00,1,5,6,12,81982,5,2,1,2,2,0,virtual_dummy.xlsx,L47_일반약 판매(시간별),2026-10-05T01:15
PH_DUMMY_01,2026-02-14,12:00-13:00,1,1,2,3,11000,0,1,0,0,2,0,virtual_dummy.xlsx,L47_일반약 판매(시간별),2026-10-05T01:15
PH_DUMMY_01,2026-02-14,13:00-14:00,0,3,3,6,19879,1,2,1,0,2,0,virtual_dummy.xlsx,L47_일반약 판매(시간별),2026-10-05T01:15
PH_DUMMY_01,2026-02-19,09:00-10:00,0,0,0,0,0,0,0,0,0,0,0,virtual_dummy.xlsx,L47_일반약 판매(시간별),2026-10-05T01:15
PH_DUMMY_01,2026-02-19,10:00-11:00,1,3,4,8,60493,1,0,3,1,3,0,virtual_dummy.xlsx,L47_일반약 판매(시간별),2026-10-05T01:15
PH_DUMMY_01,2026-02-19,11:00-12:00,0,2,2,2,8500,1,0,1,0,0,0,virtual_dummy.xlsx,L47_일반약 판매(시간별),2026-10-05T01:15
PH_DUMMY_01,2026-02-19,12:00-13:00,2,0,2,2,32500,0,0,0,1,1,0,virtual_dummy.xlsx,L47_일반약 판매(시간별),2026-10-05T01:15
PH_DUMMY_01,2026-02-19,13:00-14:00,2,2,4,9,60193,1,0,3,1,4,0,virtual_dummy.xlsx,L47_일반약 판매(시간별),2026-10-05T01:15
PH_DUMMY_01,2026-02-19,14:00-15:00,1,1,2,3,11000,0,0,2,0,1,0,virtual_dummy.xlsx,L47_일반약 판매(시간별),2026-10-05T01:15
PH_DUMMY_01,2026-02-19,15:00-16:00,0,2,2,2,8500,0,1,0,0,1,0,virtual_dummy.xlsx,L47_일반약 판매(시간별),2026-10-05T01:15
PH_DUMMY_01,2026-02-19,16:00-17:00,0,0,0,0,0,0,0,0,0,0,0,virtual_dummy.xlsx,L47_일반약 판매(시간별),2026-10-05T01:15
PH_DUMMY_01,2026-02-19,17:00-18:00,3,0,3,3,37993,1,0,0,1,1,0,virtual_dummy.xlsx,L47_일반약 판매(시간별),2026-10-05T01:15
PH_DUMMY_01,2026-02-19,18:00-19:00,0,0,0,0,0,0,0,0,0,0,0,virtual_dummy.xlsx,L47_일반약 판매(시간별),2026-10-05T01:15
PH_DUMMY_01,2026-02-20,09:00-10:00,1,0,1,1,6000,0,0,1,0,0,0,virtual_dummy.xlsx,L47_일반약 판매(시간별),2026-10-05T01:15
PH_DUMMY_01,2026-02-20,10:00-11:00,0,2,2,3,39186,0,2,0,1,0,0,virtual_dummy.xlsx,L47_일반약 판매(시간별),2026-10-05T01:15
PH_DUMMY_01,2026-02-20,11:00-12:00,1,4,5,8,27689,1,4,0,0,3,0,virtual_dummy.xlsx,L47_일반약 판매(시간별),2026-10-05T01:15
PH_DUMMY_01,2026-02-20,12:00-13:00,3,3,6,8,47372,1,3,2,1,1,0,virtual_dummy.xlsx,L47_일반약 판매(시간별),2026-10-05T01:15
PH_DUMMY_01,2026-02-20,13:00-14:00,1,0,1,2,50000,0,0,0,2,0,0,virtual_dummy.xlsx,L47_일반약 판매(시간별),2026-10-05T01:15
PH_DUMMY_01,2026-02-20,14:00-15:00,1,4,5,9,74803,3,2,2,2,0,0,virtual_dummy.xlsx,L47_일반약 판매(시간별),2026-10-05T01:15
PH_DUMMY_01,2026-02-20,15:00-16:00,1,5,6,12,95379,2,2,0,2,6,0,virtual_dummy.xlsx,L47_일반약 판매(시간별),2026-10-05T01:15
PH_DUMMY_01,2026-02-20,16:00-17:00,0,0,0,0,0,0,0,0,0,0,0,virtual_dummy.xlsx,L47_일반약 판매(시간별),2026-10-05T01:15
PH_DUMMY_01,2026-02-20,17:00-18:00,0,0,0,0,0,0,0,0,0,0,0,virtual_dummy.xlsx,L47_일반약 판매(시간별),2026-10-05T01:15
PH_DUMMY_01,2026-02-20,18:00-19:00,1,0,1,2,7200,0,1,0,0,1,0,virtual_dummy.xlsx,L47_일반약 판매(시간별),2026-10-05T01:15
PH_DUMMY_01,2026-02-21,09:00-10:00,2,2,4,5,14017,0,1,2,0,2,0,virtual_dummy.xlsx,L47_일반약 판매(시간별),2026-10-05T01:15
PH_DUMMY_01,2026-02-21,10:00-11:00,3,2,5,6,29610,3,1,1,0,1,0,virtual_dummy.xlsx,L47_일반약 판매(시간별),2026-10-05T01:15
PH_DUMMY_01,2026-02-21,11:00-12:00,2,4,6,13,96520,5,3,2,0,3,0,virtual_dummy.xlsx,L47_일반약 판매(시간별),2026-10-05T01:15
PH_DUMMY_01,2026-02-21,12:00-13:00,2,1,3,5,18617,0,1,2,0,2,0,virtual_dummy.xlsx,L47_일반약 판매(시간별),2026-10-05T01:15
PH_DUMMY_01,2026-02-21,13:00-14:00,3,0,3,5,20179,2,2,1,0,0,0,virtual_dummy.xlsx,L47_일반약 판매(시간별),2026-10-05T01:15
PH_DUMMY_01,2026-02-23,09:00-10:00,1,2,3,4,71117,0,1,1,2,0,0,virtual_dummy.xlsx,L47_일반약 판매(시간별),2026-10-05T01:15
PH_DUMMY_01,2026-02-23,10:00-11:00,2,1,3,4,18420,0,3,0,0,1,0,virtual_dummy.xlsx,L47_일반약 판매(시간별),2026-10-05T01:15
PH_DUMMY_01,2026-02-23,11:00-12:00,1,2,3,5,18003,0,2,2,0,1,0,virtual_dummy.xlsx,L47_일반약 판매(시간별),2026-10-05T01:15
PH_DUMMY_01,2026-02-23,12:00-13:00,2,0,2,2,39000,0,0,1,1,0,0,virtual_dummy.xlsx,L47_일반약 판매(시간별),2026-10-05T01:15
PH_DUMMY_01,2026-02-23,13:00-14:00,0,0,0,0,0,0,0,0,0,0,0,virtual_dummy.xlsx,L47_일반약 판매(시간별),2026-10-05T01:15
PH_DUMMY_01,2026-02-23,14:00-15:00,1,2,3,3,52993,1,0,0,2,0,0,virtual_dummy.xlsx,L47_일반약 판매(시간별),2026-10-05T01:15
PH_DUMMY_01,2026-02-23,15:00-16:00,0,1,1,1,2500,0,0,0,0,1,0,virtual_dummy.xlsx,L47_일반약 판매(시간별),2026-10-05T01:15
PH_DUMMY_01,2026-02-23,16:00-17:00,1,1,2,3,38000,2,0,0,1,0,0,virtual_dummy.xlsx,L47_일반약 판매(시간별),2026-10-05T01:15
PH_DUMMY_01,2026-02-23,17:00-18:00,2,0,2,3,12617,2,1,0,0,0,0,virtual_dummy.xlsx,L47_일반약 판매(시간별),2026-10-05T01:15
PH_DUMMY_01,2026-02-23,18:00-19:00,2,0,2,4,66644,0,1,0,2,1,0,virtual_dummy.xlsx,L47_일반약 판매(시간별),2026-10-05T01:15
PH_DUMMY_01,2026-02-24,09:00-10:00,0,0,0,0,0,0,0,0,0,0,0,virtual_dummy.xlsx,L47_일반약 판매(시간별),2026-10-05T01:15
PH_DUMMY_01,2026-02-24,10:00-11:00,0,1,1,2,7200,0,0,1,0,1,0,virtual_dummy.xlsx,L47_일반약 판매(시간별),2026-10-05T01:15
PH_DUMMY_01,2026-02-24,11:00-12:00,0,0,0,0,0,0,0,0,0,0,0,virtual_dummy.xlsx,L47_일반약 판매(시간별),2026-10-05T01:15
PH_DUMMY_01,2026-02-24,12:00-13:00,0,0,0,0,0,0,0,0,0,0,0,virtual_dummy.xlsx,L47_일반약 판매(시간별),2026-10-05T01:15
PH_DUMMY_01,2026-02-24,13:00-14:00,0,0,0,0,0,0,0,0,0,0,0,virtual_dummy.xlsx,L47_일반약 판매(시간별),2026-10-05T01:15
PH_DUMMY_01,2026-02-24,14:00-15:00,0,2,2,2,6372,0,2,0,0,0,0,virtual_dummy.xlsx,L47_일반약 판매(시간별),2026-10-05T01:15
PH_DUMMY_01,2026-02-24,15:00-16:00,2,0,2,3,19500,1,0,1,0,1,0,virtual_dummy.xlsx,L47_일반약 판매(시간별),2026-10-05T01:15
PH_DUMMY_01,2026-02-24,16:00-17:00,1,3,4,8,97886,1,2,0,3,2,0,virtual_dummy.xlsx,L47_일반약 판매(시간별),2026-10-05T01:15
PH_DUMMY_01,2026-02-24,17:00-18:00,1,1,2,2,38000,0,0,1,1,0,0,virtual_dummy.xlsx,L47_일반약 판매(시간별),2026-10-05T01:15
PH_DUMMY_01,2026-02-24,18:00-19:00,1,1,2,4,48686,1,2,0,1,0,0,virtual_dummy.xlsx,L47_일반약 판매(시간별),2026-10-05T01:15
PH_DUMMY_01,2026-02-25,09:00-10:00,1,2,3,4,15558,0,4,0,0,0,0,virtual_dummy.xlsx,L47_일반약 판매(시간별),2026-10-05T01:15
PH_DUMMY_01,2026-02-25,10:00-11:00,1,4,5,8,60993,2,1,2,1,2,0,virtual_dummy.xlsx,L47_일반약 판매(시간별),2026-10-05T01:15
PH_DUMMY_01,2026-02-25,11:00-12:00,1,0,1,1,3000,0,0,1,0,0,0,virtual_dummy.xlsx,L47_일반약 판매(시간별),2026-10-05T01:15
PH_DUMMY_01,2026-02-25,12:00-13:00,3,0,3,3,45644,0,1,0,0,2,0,virtual_dummy.xlsx,L47_일반약 판매(시간별),2026-10-05T01:15
PH_DUMMY_01,2026-02-25,13:00-14:00,0,1,1,1,3186,0,1,0,0,0,0,virtual_dummy.xlsx,L47_일반약 판매(시간별),2026-10-05T01:15
PH_DUMMY_01,2026-02-25,14:00-15:00,2,4,6,14,73217,5,1,3,1,4,0,virtual_dummy.xlsx,L47_일반약 판매(시간별),2026-10-05T01:15
PH_DUMMY_01,2026-02-25,15:00-16:00,0,0,0,0,0,0,0,0,0,0,0,virtual_dummy.xlsx,L47_일반약 판매(시간별),2026-10-05T01:15
PH_DUMMY_01,2026-02-25,16:00-17:00,3,1,4,7,59200,0,0,2,1,4,0,virtual_dummy.xlsx,L47_일반약 판매(시간별),2026-10-05T01:15
PH_DUMMY_01,2026-02-25,17:00-18:00,1,0,1,2,32993,1,0,0,1,0,0,virtual_dummy.xlsx,L47_일반약 판매(시간별),2026-10-05T01:15
PH_DUMMY_01,2026-02-25,18:00-19:00,1,1,2,4,15493,1,0,2,0,1,0,virtual_dummy.xlsx,L47_일반약 판매(시간별),2026-10-05T01:15
PH_DUMMY_01,2026-02-26,09:00-10:00,3,1,4,7,67072,0,2,1,2,2,0,virtual_dummy.xlsx,L47_일반약 판매(시간별),2026-10-05T01:15
PH_DUMMY_01,2026-02-26,10:00-11:00,0,1,1,1,2500,0,0,0,0,1,0,virtual_dummy.xlsx,L47_일반약 판매(시간별),2026-10-05T01:15
PH_DUMMY_01,2026-02-26,11:00-12:00,0,2,2,2,6500,0,0,1,0,1,0,virtual_dummy.xlsx,L47_일반약 판매(시간별),2026-10-05T01:15
PH_DUMMY_01,2026-02-26,12:00-13:00,0,0,0,0,0,0,0,0,0,0,0,virtual_dummy.xlsx,L47_일반약 판매(시간별),2026-10-05T01:15
PH_DUMMY_01,2026-02-26,13:00-14:00,0,0,0,0,0,0,0,0,0,0,0,virtual_dummy.xlsx,L47_일반약 판매(시간별),2026-10-05T01:15
PH_DUMMY_01,2026-02-26,14:00-15:00,0,2,2,4,75000,1,0,1,2,0,0,virtual_dummy.xlsx,L47_일반약 판매(시간별),2026-10-05T01:15
PH_DUMMY_01,2026-02-26,15:00-16:00,1,2,3,6,57617,0,2,2,1,1,0,virtual_dummy.xlsx,L47_일반약 판매(시간별),2026-10-05T01:15
PH_DUMMY_01,2026-02-26,16:00-17:00,1,0,1,2,11617,0,1,0,0,1,0,virtual_dummy.xlsx,L47_일반약 판매(시간별),2026-10-05T01:15
PH_DUMMY_01,2026-02-26,17:00-18:00,3,4,7,14,52661,3,4,6,0,1,0,virtual_dummy.xlsx,L47_일반약 판매(시간별),2026-10-05T01:15
PH_DUMMY_01,2026-02-26,18:00-19:00,1,2,3,7,108817,0,2,1,3,1,0,virtual_dummy.xlsx,L47_일반약 판매(시간별),2026-10-05T01:15
PH_DUMMY_01,2026-02-27,09:00-10:00,0,0,0,0,0,0,0,0,0,0,0,virtual_dummy.xlsx,L47_일반약 판매(시간별),2026-10-05T01:15
PH_DUMMY_01,2026-02-27,10:00-11:00,1,3,4,7,39303,1,2,0,0,4,0,virtual_dummy.xlsx,L47_일반약 판매(시간별),2026-10-05T01:15
PH_DUMMY_01,2026-02-27,11:00-12:00,0,1,1,1,2993,1,0,0,0,0,0,virtual_dummy.xlsx,L47_일반약 판매(시간별),2026-10-05T01:15
PH_DUMMY_01,2026-02-27,12:00-13:00,0,6,6,9,34572,1,3,3,0,2,0,virtual_dummy.xlsx,L47_일반약 판매(시간별),2026-10-05T01:15
PH_DUMMY_01,2026-02-27,13:00-14:00,0,0,0,0,0,0,0,0,0,0,0,virtual_dummy.xlsx,L47_일반약 판매(시간별),2026-10-05T01:15
PH_DUMMY_01,2026-02-27,14:00-15:00,1,0,1,4,36000,0,0,1,1,2,0,virtual_dummy.xlsx,L47_일반약 판매(시간별),2026-10-05T01:15
PH_DUMMY_01,2026-02-27,15:00-16:00,1,1,2,2,6372,0,2,0,0,0,0,virtual_dummy.xlsx,L47_일반약 판매(시간별),2026-10-05T01:15
PH_DUMMY_01,2026-02-27,16:00-17:00,1,2,3,4,13700,1,0,2,0,1,0,virtual_dummy.xlsx,L47_일반약 판매(시간별),2026-10-05T01:15
PH_DUMMY_01,2026-02-27,17:00-18:00,0,0,0,0,0,0,0,0,0,0,0,virtual_dummy.xlsx,L47_일반약 판매(시간별),2026-10-05T01:15
PH_DUMMY_01,2026-02-27,18:00-19:00,2,2,4,5,81386,0,1,0,3,1,0,virtual_dummy.xlsx,L47_일반약 판매(시간별),2026-10-05T01:15
PH_DUMMY_01,2026-02-28,09:00-10:00,3,2,5,6,18972,5,0,0,0,1,0,virtual_dummy.xlsx,L47_일반약 판매(시간별),2026-10-05T01:15
PH_DUMMY_01,2026-02-28,10:00-11:00,3,0,3,6,15703,0,2,1,0,3,0,virtual_dummy.xlsx,L47_일반약 판매(시간별),2026-10-05T01:15
PH_DUMMY_01,2026-02-28,11:00-12:00,3,4,7,10,68796,1,2,3,1,3,0,virtual_dummy.xlsx,L47_일반약 판매(시간별),2026-10-05T01:15
PH_DUMMY_01,2026-02-28,12:00-13:00,6,6,12,20,136926,3,7,4,2,4,0,virtual_dummy.xlsx,L47_일반약 판매(시간별),2026-10-05T01:15
PH_DUMMY_01,2026-02-28,13:00-14:00,3,2,5,8,66500,0,2,1,1,4,0,virtual_dummy.xlsx,L47_일반약 판매(시간별),2026-10-05T01:15
PH_DUMMY_01,2026-03-03,09:00-10:00,2,0,2,4,13986,2,0,1,0,1,0,virtual_dummy.xlsx,L47_일반약 판매(시간별),2026-10-05T01:15
PH_DUMMY_01,2026-03-03,10:00-11:00,0,1,1,1,5000,0,0,0,0,1,0,virtual_dummy.xlsx,L47_일반약 판매(시간별),2026-10-05T01:15
PH_DUMMY_01,2026-03-03,11:00-12:00,1,2,3,4,11900,0,1,0,0,3,0,virtual_dummy.xlsx,L47_일반약 판매(시간별),2026-10-05T01:15
PH_DUMMY_01,2026-03-03,12:00-13:00,3,5,8,13,169344,1,2,3,3,4,0,virtual_dummy.xlsx,L47_일반약 판매(시간별),2026-10-05T01:15
PH_DUMMY_01,2026-03-03,13:00-14:00,1,4,5,9,42186,2,2,2,0,3,0,virtual_dummy.xlsx,L47_일반약 판매(시간별),2026-10-05T01:15
PH_DUMMY_01,2026-03-03,14:00-15:00,0,2,2,3,43993,1,1,0,1,0,0,virtual_dummy.xlsx,L47_일반약 판매(시간별),2026-10-05T01:15
PH_DUMMY_01,2026-03-03,15:00-16:00,1,5,6,8,31420,0,4,4,0,0,0,virtual_dummy.xlsx,L47_일반약 판매(시간별),2026-10-05T01:15
PH_DUMMY_01,2026-03-03,16:00-17:00,1,1,2,5,51500,1,1,1,1,1,0,virtual_dummy.xlsx,L47_일반약 판매(시간별),2026-10-05T01:15
PH_DUMMY_01,2026-03-03,17:00-18:00,1,4,5,5,18686,2,0,0,0,3,0,virtual_dummy.xlsx,L47_일반약 판매(시간별),2026-10-05T01:15
PH_DUMMY_01,2026-03-03,18:00-19:00,0,2,2,3,9679,1,1,0,0,1,0,virtual_dummy.xlsx,L47_일반약 판매(시간별),2026-10-05T01:15
PH_DUMMY_01,2026-03-04,09:00-10:00,0,0,0,0,0,0,0,0,0,0,0,virtual_dummy.xlsx,L47_일반약 판매(시간별),2026-10-05T01:15
PH_DUMMY_01,2026-03-04,10:00-11:00,2,0,2,5,50500,1,0,2,1,1,0,virtual_dummy.xlsx,L47_일반약 판매(시간별),2026-10-05T01:15
PH_DUMMY_01,2026-03-04,11:00-12:00,2,1,3,4,45700,0,0,2,1,1,0,virtual_dummy.xlsx,L47_일반약 판매(시간별),2026-10-05T01:15
PH_DUMMY_01,2026-03-04,12:00-13:00,3,1,4,6,66493,2,0,0,2,2,0,virtual_dummy.xlsx,L47_일반약 판매(시간별),2026-10-05T01:15
PH_DUMMY_01,2026-03-04,13:00-14:00,0,0,0,0,0,0,0,0,0,0,0,virtual_dummy.xlsx,L47_일반약 판매(시간별),2026-10-05T01:15
PH_DUMMY_01,2026-03-04,14:00-15:00,0,3,3,4,28700,0,0,0,1,3,0,virtual_dummy.xlsx,L47_일반약 판매(시간별),2026-10-05T01:15
PH_DUMMY_01,2026-03-04,15:00-16:00,0,2,2,2,13000,0,0,1,0,1,0,virtual_dummy.xlsx,L47_일반약 판매(시간별),2026-10-05T01:15
PH_DUMMY_01,2026-03-04,16:00-17:00,2,1,3,4,18803,0,3,1,0,0,0,virtual_dummy.xlsx,L47_일반약 판매(시간별),2026-10-05T01:15
PH_DUMMY_01,2026-03-04,17:00-18:00,2,0,2,5,17982,1,3,0,0,1,0,virtual_dummy.xlsx,L47_일반약 판매(시간별),2026-10-05T01:15
PH_DUMMY_01,2026-03-04,18:00-19:00,0,0,0,0,0,0,0,0,0,0,0,virtual_dummy.xlsx,L47_일반약 판매(시간별),2026-10-05T01:15
PH_DUMMY_01,2026-03-05,09:00-10:00,1,1,2,3,12186,0,1,1,0,1,0,virtual_dummy.xlsx,L47_일반약 판매(시간별),2026-10-05T01:15
PH_DUMMY_01,2026-03-05,10:00-11:00,1,1,2,3,10993,2,0,0,0,1,0,virtual_dummy.xlsx,L47_일반약 판매(시간별),2026-10-05T01:15
PH_DUMMY_01,2026-03-05,11:00-12:00,0,1,1,1,4500,1,0,0,0,0,0,virtual_dummy.xlsx,L47_일반약 판매(시간별),2026-10-05T01:15
PH_DUMMY_01,2026-03-05,12:00-13:00,1,1,2,2,9500,0,1,0,0,1,0,virtual_dummy.xlsx,L47_일반약 판매(시간별),2026-10-05T01:15
PH_DUMMY_01,2026-03-05,13:00-14:00,2,1,3,4,72993,1,0,0,2,1,0,virtual_dummy.xlsx,L47_일반약 판매(시간별),2026-10-05T01:15
PH_DUMMY_01,2026-03-05,14:00-15:00,3,2,5,6,40000,1,0,1,0,4,0,virtual_dummy.xlsx,L47_일반약 판매(시간별),2026-10-05T01:15
PH_DUMMY_01,2026-03-05,15:00-16:00,1,2,3,6,143027,0,0,1,3,2,0,virtual_dummy.xlsx,L47_일반약 판매(시간별),2026-10-05T01:15
PH_DUMMY_01,2026-03-05,16:00-17:00,0,0,0,0,0,0,0,0,0,0,0,virtual_dummy.xlsx,L47_일반약 판매(시간별),2026-10-05T01:15
PH_DUMMY_01,2026-03-05,17:00-18:00,1,0,1,1,3000,0,0,1,0,0,0,virtual_dummy.xlsx,L47_일반약 판매(시간별),2026-10-05T01:15
PH_DUMMY_01,2026-03-05,18:00-19:00,3,1,4,6,27186,2,1,1,0,2,0,virtual_dummy.xlsx,L47_일반약 판매(시간별),2026-10-05T01:15
PH_DUMMY_01,2026-03-06,09:00-10:00,2,1,3,4,48700,0,0,0,1,3,0,virtual_dummy.xlsx,L47_일반약 판매(시간별),2026-10-05T01:15
PH_DUMMY_01,2026-03-06,10:00-11:00,0,2,2,3,11000,0,0,3,0,0,0,virtual_dummy.xlsx,L47_일반약 판매(시간별),2026-10-05T01:15
PH_DUMMY_01,2026-03-06,11:00-12:00,0,3,3,5,46679,2,2,0,1,0,0,virtual_dummy.xlsx,L47_일반약 판매(시간별),2026-10-05T01:15
PH_DUMMY_01,2026-03-06,12:00-13:00,1,1,2,2,8117,1,1,0,0,0,0,virtual_dummy.xlsx,L47_일반약 판매(시간별),2026-10-05T01:15
PH_DUMMY_01,2026-03-06,13:00-14:00,2,0,2,4,47186,1,1,0,1,1,0,virtual_dummy.xlsx,L47_일반약 판매(시간별),2026-10-05T01:15
PH_DUMMY_01,2026-03-06,14:00-15:00,1,0,1,2,4193,1,0,0,0,1,0,virtual_dummy.xlsx,L47_일반약 판매(시간별),2026-10-05T01:15
PH_DUMMY_01,2026-03-06,15:00-16:00,1,4,5,7,28493,2,0,3,0,2,0,virtual_dummy.xlsx,L47_일반약 판매(시간별),2026-10-05T01:15
PH_DUMMY_01,2026-03-06,16:00-17:00,1,0,1,1,5000,0,0,0,0,1,0,virtual_dummy.xlsx,L47_일반약 판매(시간별),2026-10-05T01:15
PH_DUMMY_01,2026-03-06,17:00-18:00,0,1,1,1,6000,0,0,1,0,0,0,virtual_dummy.xlsx,L47_일반약 판매(시간별),2026-10-05T01:15
PH_DUMMY_01,2026-03-06,18:00-19:00,4,3,7,14,91675,1,5,4,1,3,0,virtual_dummy.xlsx,L47_일반약 판매(시간별),2026-10-05T01:15
PH_DUMMY_01,2026-03-07,09:00-10:00,1,2,3,4,71186,0,1,1,2,0,0,virtual_dummy.xlsx,L47_일반약 판매(시간별),2026-10-05T01:15
PH_DUMMY_01,2026-03-07,10:00-11:00,5,1,6,14,101493,2,1,4,2,5,0,virtual_dummy.xlsx,L47_일반약 판매(시간별),2026-10-05T01:15
PH_DUMMY_01,2026-03-07,11:00-12:00,2,2,4,5,18700,0,1,1,0,3,0,virtual_dummy.xlsx,L47_일반약 판매(시간별),2026-10-05T01:15
PH_DUMMY_01,2026-03-07,12:00-13:00,1,2,3,5,71200,0,0,1,2,2,0,virtual_dummy.xlsx,L47_일반약 판매(시간별),2026-10-05T01:15
PH_DUMMY_01,2026-03-07,13:00-14:00,4,1,5,12,54727,2,4,2,0,4,0,virtual_dummy.xlsx,L47_일반약 판매(시간별),2026-10-05T01:15
PH_DUMMY_01,2026-03-09,09:00-10:00,1,0,1,1,3617,0,1,0,0,0,0,virtual_dummy.xlsx,L47_일반약 판매(시간별),2026-10-05T01:15
PH_DUMMY_01,2026-03-09,10:00-11:00,1,1,2,2,5686,0,1,0,0,1,0,virtual_dummy.xlsx,L47_일반약 판매(시간별),2026-10-05T01:15
PH_DUMMY_01,2026-03-09,11:00-12:00,1,5,6,8,64493,2,1,0,1,4,0,virtual_dummy.xlsx,L47_일반약 판매(시간별),2026-10-05T01:15
PH_DUMMY_01,2026-03-09,12:00-13:00,1,2,3,6,25200,1,0,1,0,4,0,virtual_dummy.xlsx,L47_일반약 판매(시간별),2026-10-05T01:15
PH_DUMMY_01,2026-03-09,13:00-14:00,2,1,3,8,54400,3,0,1,1,3,0,virtual_dummy.xlsx,L47_일반약 판매(시간별),2026-10-05T01:15
PH_DUMMY_01,2026-03-09,14:00-15:00,2,2,4,5,32234,0,2,2,1,0,0,virtual_dummy.xlsx,L47_일반약 판매(시간별),2026-10-05T01:15
PH_DUMMY_01,2026-03-09,15:00-16:00,0,4,4,7,31000,1,2,3,0,1,0,virtual_dummy.xlsx,L47_일반약 판매(시간별),2026-10-05T01:15
PH_DUMMY_01,2026-03-09,16:00-17:00,1,2,3,6,31179,1,1,1,1,2,0,virtual_dummy.xlsx,L47_일반약 판매(시간별),2026-10-05T01:15
PH_DUMMY_01,2026-03-09,17:00-18:00,1,3,4,4,74240,0,1,0,0,3,0,virtual_dummy.xlsx,L47_일반약 판매(시간별),2026-10-05T01:15
PH_DUMMY_01,2026-03-09,18:00-19:00,1,0,1,3,16000,0,0,1,0,2,0,virtual_dummy.xlsx,L47_일반약 판매(시간별),2026-10-05T01:15
PH_DUMMY_01,2026-03-10,09:00-10:00,0,1,1,2,8117,1,1,0,0,0,0,virtual_dummy.xlsx,L47_일반약 판매(시간별),2026-10-05T01:15
PH_DUMMY_01,2026-03-10,10:00-11:00,0,0,0,0,0,0,0,0,0,0,0,virtual_dummy.xlsx,L47_일반약 판매(시간별),2026-10-05T01:15
PH_DUMMY_01,2026-03-10,11:00-12:00,1,4,5,9,79886,1,2,1,2,3,0,virtual_dummy.xlsx,L47_일반약 판매(시간별),2026-10-05T01:15
PH_DUMMY_01,2026-03-10,12:00-13:00,2,3,5,7,24810,1,2,1,0,3,0,virtual_dummy.xlsx,L47_일반약 판매(시간별),2026-10-05T01:15
PH_DUMMY_01,2026-03-10,13:00-14:00,2,1,3,5,50500,1,0,1,1,2,0,virtual_dummy.xlsx,L47_일반약 판매(시간별),2026-10-05T01:15
PH_DUMMY_01,2026-03-10,14:00-15:00,1,4,5,7,57137,2,1,1,0,3,0,virtual_dummy.xlsx,L47_일반약 판매(시간별),2026-10-05T01:15
PH_DUMMY_01,2026-03-10,15:00-16:00,1,1,2,2,4386,0,1,0,0,1,0,virtual_dummy.xlsx,L47_일반약 판매(시간별),2026-10-05T01:15
PH_DUMMY_01,2026-03-10,16:00-17:00,1,1,2,6,71000,0,1,2,2,1,0,virtual_dummy.xlsx,L47_일반약 판매(시간별),2026-10-05T01:15
PH_DUMMY_01,2026-03-10,17:00-18:00,1,3,4,5,61700,1,0,0,2,2,0,virtual_dummy.xlsx,L47_일반약 판매(시간별),2026-10-05T01:15
PH_DUMMY_01,2026-03-10,18:00-19:00,2,4,6,7,112186,2,1,0,3,1,0,virtual_dummy.xlsx,L47_일반약 판매(시간별),2026-10-05T01:15
PH_DUMMY_01,2026-03-11,09:00-10:00,1,1,2,4,15193,1,1,0,0,2,0,virtual_dummy.xlsx,L47_일반약 판매(시간별),2026-10-05T01:15
PH_DUMMY_01,2026-03-11,10:00-11:00,1,1,2,2,6500,0,0,2,0,0,0,virtual_dummy.xlsx,L47_일반약 판매(시간별),2026-10-05T01:15
PH_DUMMY_01,2026-03-11,11:00-12:00,1,1,2,2,9500,0,1,1,0,0,0,virtual_dummy.xlsx,L47_일반약 판매(시간별),2026-10-05T01:15
PH_DUMMY_01,2026-03-11,12:00-13:00,2,0,2,2,39500,1,0,0,1,0,0,virtual_dummy.xlsx,L47_일반약 판매(시간별),2026-10-05T01:15
PH_DUMMY_01,2026-03-11,13:00-14:00,2,1,3,3,43000,0,0,1,1,1,0,virtual_dummy.xlsx,L47_일반약 판매(시간별),2026-10-05T01:15
PH_DUMMY_01,2026-03-11,14:00-15:00,4,0,4,5,56617,1,1,1,2,0,0,virtual_dummy.xlsx,L47_일반약 판매(시간별),2026-10-05T01:15
PH_DUMMY_01,2026-03-11,15:00-16:00,1,1,2,6,25920,0,5,0,0,1,0,virtual_dummy.xlsx,L47_일반약 판매(시간별),2026-10-05T01:15
PH_DUMMY_01,2026-03-11,16:00-17:00,5,1,6,13,82751,1,4,1,1,6,0,virtual_dummy.xlsx,L47_일반약 판매(시간별),2026-10-05T01:15
PH_DUMMY_01,2026-03-11,17:00-18:00,2,0,2,4,22993,1,0,0,0,3,0,virtual_dummy.xlsx,L47_일반약 판매(시간별),2026-10-05T01:15
PH_DUMMY_01,2026-03-11,18:00-19:00,2,0,2,3,36817,0,1,0,1,1,0,virtual_dummy.xlsx,L47_일반약 판매(시간별),2026-10-05T01:15
PH_DUMMY_01,2026-03-12,09:00-10:00,1,3,4,4,42617,0,1,1,1,1,0,virtual_dummy.xlsx,L47_일반약 판매(시간별),2026-10-05T01:15
PH_DUMMY_01,2026-03-12,10:00-11:00,2,0,2,2,7186,0,1,1,0,0,0,virtual_dummy.xlsx,L47_일반약 판매(시간별),2026-10-05T01:15
PH_DUMMY_01,2026-03-12,11:00-12:00,0,0,0,0,0,0,0,0,0,0,0,virtual_dummy.xlsx,L47_일반약 판매(시간별),2026-10-05T01:15
PH_DUMMY_01,2026-03-12,12:00-13:00,1,2,3,5,17993,2,0,1,0,2,0,virtual_dummy.xlsx,L47_일반약 판매(시간별),2026-10-05T01:15
PH_DUMMY_01,2026-03-12,13:00-14:00,2,2,4,5,27000,0,1,3,0,1,0,virtual_dummy.xlsx,L47_일반약 판매(시간별),2026-10-05T01:15
PH_DUMMY_01,2026-03-12,14:00-15:00,2,3,5,6,79644,0,2,2,1,1,0,virtual_dummy.xlsx,L47_일반약 판매(시간별),2026-10-05T01:15
PH_DUMMY_01,2026-03-12,15:00-16:00,0,2,2,2,39500,1,0,0,1,0,0,virtual_dummy.xlsx,L47_일반약 판매(시간별),2026-10-05T01:15
PH_DUMMY_01,2026-03-12,16:00-17:00,2,3,5,8,56993,2,1,1,1,3,0,virtual_dummy.xlsx,L47_일반약 판매(시간별),2026-10-05T01:15
PH_DUMMY_01,2026-03-12,17:00-18:00,2,1,3,4,17117,0,1,1,0,2,0,virtual_dummy.xlsx,L47_일반약 판매(시간별),2026-10-05T01:15
PH_DUMMY_01,2026-03-12,18:00-19:00,3,0,3,3,7700,0,0,1,0,2,0,virtual_dummy.xlsx,L47_일반약 판매(시간별),2026-10-05T01:15
PH_DUMMY_01,2026-03-13,09:00-10:00,2,0,2,3,41000,0,0,2,1,0,0,virtual_dummy.xlsx,L47_일반약 판매(시간별),2026-10-05T01:15
PH_DUMMY_01,2026-03-13,10:00-11:00,1,2,3,7,61810,1,2,1,1,2,0,virtual_dummy.xlsx,L47_일반약 판매(시간별),2026-10-05T01:15
PH_DUMMY_01,2026-03-13,11:00-12:00,1,1,2,4,17686,1,2,1,0,0,0,virtual_dummy.xlsx,L47_일반약 판매(시간별),2026-10-05T01:15
PH_DUMMY_01,2026-03-13,12:00-13:00,0,2,2,3,10610,1,1,1,0,0,0,virtual_dummy.xlsx,L47_일반약 판매(시간별),2026-10-05T01:15
PH_DUMMY_01,2026-03-13,13:00-14:00,3,0,3,6,36700,0,1,2,1,2,0,virtual_dummy.xlsx,L47_일반약 판매(시간별),2026-10-05T01:15
PH_DUMMY_01,2026-03-13,14:00-15:00,1,0,1,1,3000,0,0,1,0,0,0,virtual_dummy.xlsx,L47_일반약 판매(시간별),2026-10-05T01:15
PH_DUMMY_01,2026-03-13,15:00-16:00,0,2,2,3,18500,0,1,1,0,1,0,virtual_dummy.xlsx,L47_일반약 판매(시간별),2026-10-05T01:15
PH_DUMMY_01,2026-03-13,16:00-17:00,2,2,4,8,60886,1,1,0,1,5,0,virtual_dummy.xlsx,L47_일반약 판매(시간별),2026-10-05T01:15
PH_DUMMY_01,2026-03-13,17:00-18:00,1,2,3,5,42900,2,0,0,1,2,0,virtual_dummy.xlsx,L47_일반약 판매(시간별),2026-10-05T01:15
PH_DUMMY_01,2026-03-13,18:00-19:00,2,2,4,8,41817,0,2,1,0,5,0,virtual_dummy.xlsx,L47_일반약 판매(시간별),2026-10-05T01:15
PH_DUMMY_01,2026-03-14,09:00-10:00,0,4,4,8,92200,0,1,1,2,4,0,virtual_dummy.xlsx,L47_일반약 판매(시간별),2026-10-05T01:15
PH_DUMMY_01,2026-03-14,10:00-11:00,3,2,5,10,64803,1,2,1,1,5,0,virtual_dummy.xlsx,L47_일반약 판매(시간별),2026-10-05T01:15
PH_DUMMY_01,2026-03-14,11:00-12:00,3,1,4,5,25000,1,0,2,0,2,0,virtual_dummy.xlsx,L47_일반약 판매(시간별),2026-10-05T01:15
PH_DUMMY_01,2026-03-14,12:00-13:00,1,1,2,3,14500,1,1,1,0,0,0,virtual_dummy.xlsx,L47_일반약 판매(시간별),2026-10-05T01:15
PH_DUMMY_01,2026-03-14,13:00-14:00,2,1,3,4,15186,1,1,0,0,2,0,virtual_dummy.xlsx,L47_일반약 판매(시간별),2026-10-05T01:15
PH_DUMMY_01,2026-03-16,09:00-10:00,2,4,6,13,64482,2,4,2,1,4,0,virtual_dummy.xlsx,L47_일반약 판매(시간별),2026-10-05T01:15
PH_DUMMY_01,2026-03-16,10:00-11:00,2,1,3,5,21303,2,3,0,0,0,0,virtual_dummy.xlsx,L47_일반약 판매(시간별),2026-10-05T01:15
PH_DUMMY_01,2026-03-16,11:00-12:00,1,1,2,6,31500,0,0,3,0,3,0,virtual_dummy.xlsx,L47_일반약 판매(시간별),2026-10-05T01:15
PH_DUMMY_01,2026-03-16,12:00-13:00,2,1,3,7,36993,2,1,2,0,2,0,virtual_dummy.xlsx,L47_일반약 판매(시간별),2026-10-05T01:15
PH_DUMMY_01,2026-03-16,13:00-14:00,2,0,2,2,9500,1,0,0,0,1,0,virtual_dummy.xlsx,L47_일반약 판매(시간별),2026-10-05T01:15
PH_DUMMY_01,2026-03-16,14:00-15:00,1,1,2,2,9186,0,1,1,0,0,0,virtual_dummy.xlsx,L47_일반약 판매(시간별),2026-10-05T01:15
PH_DUMMY_01,2026-03-16,15:00-16:00,2,0,2,2,12500,0,0,1,0,1,0,virtual_dummy.xlsx,L47_일반약 판매(시간별),2026-10-05T01:15
PH_DUMMY_01,2026-03-16,16:00-17:00,1,1,2,5,22317,1,1,0,0,3,0,virtual_dummy.xlsx,L47_일반약 판매(시간별),2026-10-05T01:15
PH_DUMMY_01,2026-03-16,17:00-18:00,2,2,4,4,15500,1,0,2,0,1,0,virtual_dummy.xlsx,L47_일반약 판매(시간별),2026-10-05T01:15
PH_DUMMY_01,2026-03-16,18:00-19:00,2,1,3,3,41000,0,0,1,1,1,0,virtual_dummy.xlsx,L47_일반약 판매(시간별),2026-10-05T01:15
PH_DUMMY_01,2026-03-17,09:00-10:00,0,1,1,2,44000,0,0,0,1,1,0,virtual_dummy.xlsx,L47_일반약 판매(시간별),2026-10-05T01:15
PH_DUMMY_01,2026-03-17,10:00-11:00,4,0,4,7,87686,0,2,0,2,3,0,virtual_dummy.xlsx,L47_일반약 판매(시간별),2026-10-05T01:15
PH_DUMMY_01,2026-03-17,11:00-12:00,1,6,7,13,71810,1,1,2,1,8,0,virtual_dummy.xlsx,L47_일반약 판매(시간별),2026-10-05T01:15
PH_DUMMY_01,2026-03-17,12:00-13:00,3,2,5,9,39306,1,4,1,0,3,0,virtual_dummy.xlsx,L47_일반약 판매(시간별),2026-10-05T01:15
PH_DUMMY_01,2026-03-17,13:00-14:00,3,0,3,4,16000,1,0,2,0,1,0,virtual_dummy.xlsx,L47_일반약 판매(시간별),2026-10-05T01:15
PH_DUMMY_01,2026-03-17,14:00-15:00,0,1,1,1,2500,0,0,0,0,1,0,virtual_dummy.xlsx,L47_일반약 판매(시간별),2026-10-05T01:15
PH_DUMMY_01,2026-03-17,15:00-16:00,1,2,3,5,63000,2,0,0,2,1,0,virtual_dummy.xlsx,L47_일반약 판매(시간별),2026-10-05T01:15
PH_DUMMY_01,2026-03-17,16:00-17:00,1,1,2,4,18617,0,2,1,0,1,0,virtual_dummy.xlsx,L47_일반약 판매(시간별),2026-10-05T01:15
PH_DUMMY_01,2026-03-17,17:00-18:00,3,0,3,3,17000,0,1,1,0,1,0,virtual_dummy.xlsx,L47_일반약 판매(시간별),2026-10-05T01:15
PH_DUMMY_01,2026-03-17,18:00-19:00,1,0,1,2,16000,0,0,0,0,2,0,virtual_dummy.xlsx,L47_일반약 판매(시간별),2026-10-05T01:15
PH_DUMMY_01,2026-03-18,09:00-10:00,0,0,0,0,0,0,0,0,0,0,0,virtual_dummy.xlsx,L47_일반약 판매(시간별),2026-10-05T01:15
PH_DUMMY_01,2026-03-18,10:00-11:00,2,3,5,8,37986,4,1,2,0,1,0,virtual_dummy.xlsx,L47_일반약 판매(시간별),2026-10-05T01:15
PH_DUMMY_01,2026-03-18,11:00-12:00,0,0,0,0,0,0,0,0,0,0,0,virtual_dummy.xlsx,L47_일반약 판매(시간별),2026-10-05T01:15
PH_DUMMY_01,2026-03-18,12:00-13:00,3,1,4,9,37617,1,2,3,0,3,0,virtual_dummy.xlsx,L47_일반약 판매(시간별),2026-10-05T01:15
PH_DUMMY_01,2026-03-18,13:00-14:00,2,0,2,6,50179,1,1,0,1,3,0,virtual_dummy.xlsx,L47_일반약 판매(시간별),2026-10-05T01:15
PH_DUMMY_01,2026-03-18,14:00-15:00,0,2,2,3,10200,0,0,1,0,2,0,virtual_dummy.xlsx,L47_일반약 판매(시간별),2026-10-05T01:15
PH_DUMMY_01,2026-03-18,15:00-16:00,1,1,2,2,7186,0,1,1,0,0,0,virtual_dummy.xlsx,L47_일반약 판매(시간별),2026-10-05T01:15
PH_DUMMY_01,2026-03-18,16:00-17:00,2,0,2,3,11110,2,1,0,0,0,0,virtual_dummy.xlsx,L47_일반약 판매(시간별),2026-10-05T01:15
PH_DUMMY_01,2026-03-18,17:00-18:00,0,1,1,1,3186,0,1,0,0,0,0,virtual_dummy.xlsx,L47_일반약 판매(시간별),2026-10-05T01:15
PH_DUMMY_01,2026-03-18,18:00-19:00,4,1,5,6,22193,3,1,1,0,1,0,virtual_dummy.xlsx,L47_일반약 판매(시간별),2026-10-05T01:15
PH_DUMMY_01,2026-03-19,09:00-10:00,1,0,1,1,35000,0,0,0,1,0,0,virtual_dummy.xlsx,L47_일반약 판매(시간별),2026-10-05T01:15
PH_DUMMY_01,2026-03-19,10:00-11:00,0,2,2,3,46186,0,1,0,1,1,0,virtual_dummy.xlsx,L47_일반약 판매(시간별),2026-10-05T01:15
PH_DUMMY_01,2026-03-19,11:00-12:00,1,2,3,3,9700,0,1,0,0,2,0,virtual_dummy.xlsx,L47_일반약 판매(시간별),2026-10-05T01:15
PH_DUMMY_01,2026-03-19,12:00-13:00,4,2,6,9,52679,3,2,1,1,2,0,virtual_dummy.xlsx,L47_일반약 판매(시간별),2026-10-05T01:15
PH_DUMMY_01,2026-03-19,13:00-14:00,3,1,4,6,13779,2,1,0,0,3,0,virtual_dummy.xlsx,L47_일반약 판매(시간별),2026-10-05T01:15
PH_DUMMY_01,2026-03-19,14:00-15:00,1,2,3,3,40686,0,1,0,1,1,0,virtual_dummy.xlsx,L47_일반약 판매(시간별),2026-10-05T01:15
PH_DUMMY_01,2026-03-19,15:00-16:00,2,1,3,8,70000,0,1,5,2,0,0,virtual_dummy.xlsx,L47_일반약 판매(시간별),2026-10-05T01:15
PH_DUMMY_01,2026-03-19,16:00-17:00,1,1,2,2,9000,0,1,1,0,0,0,virtual_dummy.xlsx,L47_일반약 판매(시간별),2026-10-05T01:15
PH_DUMMY_01,2026-03-19,17:00-18:00,2,0,2,5,51803,0,2,1,1,1,0,virtual_dummy.xlsx,L47_일반약 판매(시간별),2026-10-05T01:15
PH_DUMMY_01,2026-03-19,18:00-19:00,1,2,3,4,39303,0,2,0,1,1,0,virtual_dummy.xlsx,L47_일반약 판매(시간별),2026-10-05T01:15
PH_DUMMY_01,2026-03-20,09:00-10:00,0,1,1,2,32993,1,0,0,1,0,0,virtual_dummy.xlsx,L47_일반약 판매(시간별),2026-10-05T01:15
PH_DUMMY_01,2026-03-20,10:00-11:00,0,0,0,0,0,0,0,0,0,0,0,virtual_dummy.xlsx,L47_일반약 판매(시간별),2026-10-05T01:15
PH_DUMMY_01,2026-03-20,11:00-12:00,0,1,1,1,15000,0,0,0,1,0,0,virtual_dummy.xlsx,L47_일반약 판매(시간별),2026-10-05T01:15
PH_DUMMY_01,2026-03-20,12:00-13:00,0,2,2,4,16493,2,0,1,0,1,0,virtual_dummy.xlsx,L47_일반약 판매(시간별),2026-10-05T01:15
PH_DUMMY_01,2026-03-20,13:00-14:00,1,0,1,2,10500,1,1,0,0,0,0,virtual_dummy.xlsx,L47_일반약 판매(시간별),2026-10-05T01:15
PH_DUMMY_01,2026-03-20,14:00-15:00,1,0,1,3,13386,0,1,0,0,2,0,virtual_dummy.xlsx,L47_일반약 판매(시간별),2026-10-05T01:15
PH_DUMMY_01,2026-03-20,15:00-16:00,2,0,2,4,13734,0,2,1,0,1,0,virtual_dummy.xlsx,L47_일반약 판매(시간별),2026-10-05T01:15
PH_DUMMY_01,2026-03-20,16:00-17:00,1,0,1,1,1200,0,0,0,0,1,0,virtual_dummy.xlsx,L47_일반약 판매(시간별),2026-10-05T01:15
PH_DUMMY_01,2026-03-20,17:00-18:00,2,2,4,6,58200,0,1,0,1,4,0,virtual_dummy.xlsx,L47_일반약 판매(시간별),2026-10-05T01:15
PH_DUMMY_01,2026-03-20,18:00-19:00,0,0,0,0,0,0,0,0,0,0,0,virtual_dummy.xlsx,L47_일반약 판매(시간별),2026-10-05T01:15
PH_DUMMY_01,2026-03-21,09:00-10:00,4,0,4,8,25072,1,2,2,0,3,0,virtual_dummy.xlsx,L47_일반약 판매(시간별),2026-10-05T01:15
PH_DUMMY_01,2026-03-21,10:00-11:00,3,4,7,11,47803,3,1,2,0,5,0,virtual_dummy.xlsx,L47_일반약 판매(시간별),2026-10-05T01:15
PH_DUMMY_01,2026-03-21,11:00-12:00,0,3,3,7,58186,3,0,0,1,3,0,virtual_dummy.xlsx,L47_일반약 판매(시간별),2026-10-05T01:15
PH_DUMMY_01,2026-03-21,12:00-13:00,2,2,4,5,43993,1,0,0,1,3,0,virtual_dummy.xlsx,L47_일반약 판매(시간별),2026-10-05T01:15
PH_DUMMY_01,2026-03-21,13:00-14:00,1,1,2,2,6493,1,0,0,0,1,0,virtual_dummy.xlsx,L47_일반약 판매(시간별),2026-10-05T01:15
PH_DUMMY_01,2026-03-23,09:00-10:00,2,2,4,7,71317,1,1,1,2,2,0,virtual_dummy.xlsx,L47_일반약 판매(시간별),2026-10-05T01:15
PH_DUMMY_01,2026-03-23,10:00-11:00,1,1,2,3,26500,0,0,1,1,1,0,virtual_dummy.xlsx,L47_일반약 판매(시간별),2026-10-05T01:15
PH_DUMMY_01,2026-03-23,11:00-12:00,1,2,3,4,17200,0,0,2,0,2,0,virtual_dummy.xlsx,L47_일반약 판매(시간별),2026-10-05T01:15
PH_DUMMY_01,2026-03-23,12:00-13:00,1,1,2,4,41686,1,1,0,1,1,0,virtual_dummy.xlsx,L47_일반약 판매(시간별),2026-10-05T01:15
PH_DUMMY_01,2026-03-23,13:00-14:00,0,1,1,1,2993,1,0,0,0,0,0,virtual_dummy.xlsx,L47_일반약 판매(시간별),2026-10-05T01:15
PH_DUMMY_01,2026-03-23,14:00-15:00,4,0,4,6,27000,2,0,2,0,2,0,virtual_dummy.xlsx,L47_일반약 판매(시간별),2026-10-05T01:15
PH_DUMMY_01,2026-03-23,15:00-16:00,0,0,0,0,0,0,0,0,0,0,0,virtual_dummy.xlsx,L47_일반약 판매(시간별),2026-10-05T01:15
PH_DUMMY_01,2026-03-23,16:00-17:00,0,2,2,4,13686,1,1,2,0,0,0,virtual_dummy.xlsx,L47_일반약 판매(시간별),2026-10-05T01:15
PH_DUMMY_01,2026-03-23,17:00-18:00,1,2,3,9,68530,2,2,2,0,3,0,virtual_dummy.xlsx,L47_일반약 판매(시간별),2026-10-05T01:15
PH_DUMMY_01,2026-03-23,18:00-19:00,3,0,3,5,45713,1,1,1,0,2,0,virtual_dummy.xlsx,L47_일반약 판매(시간별),2026-10-05T01:15
PH_DUMMY_01,2026-03-24,09:00-10:00,0,1,1,1,9000,0,0,0,0,1,0,virtual_dummy.xlsx,L47_일반약 판매(시간별),2026-10-05T01:15
PH_DUMMY_01,2026-03-24,10:00-11:00,0,0,0,0,0,0,0,0,0,0,0,virtual_dummy.xlsx,L47_일반약 판매(시간별),2026-10-05T01:15
PH_DUMMY_01,2026-03-24,11:00-12:00,1,1,2,2,7186,1,1,0,0,0,0,virtual_dummy.xlsx,L47_일반약 판매(시간별),2026-10-05T01:15
PH_DUMMY_01,2026-03-24,12:00-13:00,3,0,3,3,43186,0,1,0,1,1,0,virtual_dummy.xlsx,L47_일반약 판매(시간별),2026-10-05T01:15
PH_DUMMY_01,2026-03-24,13:00-14:00,0,0,0,0,0,0,0,0,0,0,0,virtual_dummy.xlsx,L47_일반약 판매(시간별),2026-10-05T01:15
PH_DUMMY_01,2026-03-24,14:00-15:00,1,0,1,1,3186,0,1,0,0,0,0,virtual_dummy.xlsx,L47_일반약 판매(시간별),2026-10-05T01:15
PH_DUMMY_01,2026-03-24,15:00-16:00,3,0,3,5,16900,2,0,1,0,2,0,virtual_dummy.xlsx,L47_일반약 판매(시간별),2026-10-05T01:15
PH_DUMMY_01,2026-03-24,16:00-17:00,1,1,2,2,4817,0,1,0,0,1,0,virtual_dummy.xlsx,L47_일반약 판매(시간별),2026-10-05T01:15
PH_DUMMY_01,2026-03-24,17:00-18:00,2,1,3,6,54913,1,1,1,0,3,0,virtual_dummy.xlsx,L47_일반약 판매(시간별),2026-10-05T01:15
PH_DUMMY_01,2026-03-24,18:00-19:00,0,2,2,3,12200,0,1,0,0,2,0,virtual_dummy.xlsx,L47_일반약 판매(시간별),2026-10-05T01:15
PH_DUMMY_01,2026-03-25,09:00-10:00,1,1,2,3,10993,1,0,1,0,1,0,virtual_dummy.xlsx,L47_일반약 판매(시간별),2026-10-05T01:15
PH_DUMMY_01,2026-03-25,10:00-11:00,2,0,2,2,10000,0,0,2,0,0,0,virtual_dummy.xlsx,L47_일반약 판매(시간별),2026-10-05T01:15
PH_DUMMY_01,2026-03-25,11:00-12:00,1,2,3,5,31000,0,0,2,0,3,0,virtual_dummy.xlsx,L47_일반약 판매(시간별),2026-10-05T01:15
PH_DUMMY_01,2026-03-25,12:00-13:00,1,0,1,1,32000,0,0,0,1,0,0,virtual_dummy.xlsx,L47_일반약 판매(시간별),2026-10-05T01:15
PH_DUMMY_01,2026-03-25,13:00-14:00,1,1,2,2,8000,0,0,1,0,1,0,virtual_dummy.xlsx,L47_일반약 판매(시간별),2026-10-05T01:15
PH_DUMMY_01,2026-03-25,14:00-15:00,2,0,2,5,51686,1,3,0,1,0,0,virtual_dummy.xlsx,L47_일반약 판매(시간별),2026-10-05T01:15
PH_DUMMY_01,2026-03-25,15:00-16:00,2,1,3,5,22493,2,1,1,0,1,0,virtual_dummy.xlsx,L47_일반약 판매(시간별),2026-10-05T01:15
PH_DUMMY_01,2026-03-25,16:00-17:00,2,2,4,4,44500,1,0,2,1,0,0,virtual_dummy.xlsx,L47_일반약 판매(시간별),2026-10-05T01:15
PH_DUMMY_01,2026-03-25,17:00-18:00,0,2,2,2,41000,0,1,0,1,0,0,virtual_dummy.xlsx,L47_일반약 판매(시간별),2026-10-05T01:15
PH_DUMMY_01,2026-03-25,18:00-19:00,5,1,6,10,95492,0,5,0,2,3,0,virtual_dummy.xlsx,L47_일반약 판매(시간별),2026-10-05T01:15
PH_DUMMY_01,2026-03-26,09:00-10:00,0,1,1,2,6500,0,0,1,0,1,0,virtual_dummy.xlsx,L47_일반약 판매(시간별),2026-10-05T01:15
PH_DUMMY_01,2026-03-26,10:00-11:00,4,3,7,12,49682,2,4,3,0,3,0,virtual_dummy.xlsx,L47_일반약 판매(시간별),2026-10-05T01:15
PH_DUMMY_01,2026-03-26,11:00-12:00,3,0,3,4,70700,1,0,0,2,1,0,virtual_dummy.xlsx,L47_일반약 판매(시간별),2026-10-05T01:15
PH_DUMMY_01,2026-03-26,12:00-13:00,1,1,2,3,43027,0,0,0,0,3,0,virtual_dummy.xlsx,L47_일반약 판매(시간별),2026-10-05T01:15
PH_DUMMY_01,2026-03-26,13:00-14:00,0,0,0,0,0,0,0,0,0,0,0,virtual_dummy.xlsx,L47_일반약 판매(시간별),2026-10-05T01:15
PH_DUMMY_01,2026-03-26,14:00-15:00,0,0,0,0,0,0,0,0,0,0,0,virtual_dummy.xlsx,L47_일반약 판매(시간별),2026-10-05T01:15
PH_DUMMY_01,2026-03-26,15:00-16:00,0,0,0,0,0,0,0,0,0,0,0,virtual_dummy.xlsx,L47_일반약 판매(시간별),2026-10-05T01:15
PH_DUMMY_01,2026-03-26,16:00-17:00,2,0,2,2,32993,1,0,0,1,0,0,virtual_dummy.xlsx,L47_일반약 판매(시간별),2026-10-05T01:15
PH_DUMMY_01,2026-03-26,17:00-18:00,2,2,4,7,53920,1,3,1,1,1,0,virtual_dummy.xlsx,L47_일반약 판매(시간별),2026-10-05T01:15
PH_DUMMY_01,2026-03-26,18:00-19:00,2,1,3,4,20186,0,2,1,0,1,0,virtual_dummy.xlsx,L47_일반약 판매(시간별),2026-10-05T01:15
PH_DUMMY_01,2026-03-27,09:00-10:00,1,0,1,2,34993,1,0,0,1,0,0,virtual_dummy.xlsx,L47_일반약 판매(시간별),2026-10-05T01:15
PH_DUMMY_01,2026-03-27,10:00-11:00,4,0,4,7,31693,1,0,0,0,6,0,virtual_dummy.xlsx,L47_일반약 판매(시간별),2026-10-05T01:15
PH_DUMMY_01,2026-03-27,11:00-12:00,1,1,2,2,18186,0,1,0,1,0,0,virtual_dummy.xlsx,L47_일반약 판매(시간별),2026-10-05T01:15
PH_DUMMY_01,2026-03-27,12:00-13:00,0,2,2,4,22803,0,2,1,0,1,0,virtual_dummy.xlsx,L47_일반약 판매(시간별),2026-10-05T01:15
PH_DUMMY_01,2026-03-27,13:00-14:00,2,0,2,4,17372,0,3,0,0,1,0,virtual_dummy.xlsx,L47_일반약 판매(시간별),2026-10-05T01:15
PH_DUMMY_01,2026-03-27,14:00-15:00,2,1,3,3,14186,0,2,0,0,1,0,virtual_dummy.xlsx,L47_일반약 판매(시간별),2026-10-05T01:15
PH_DUMMY_01,2026-03-27,15:00-16:00,1,0,1,3,71000,0,0,1,2,0,0,virtual_dummy.xlsx,L47_일반약 판매(시간별),2026-10-05T01:15
PH_DUMMY_01,2026-03-27,16:00-17:00,1,0,1,4,37700,1,0,0,1,2,0,virtual_dummy.xlsx,L47_일반약 판매(시간별),2026-10-05T01:15
PH_DUMMY_01,2026-03-27,17:00-18:00,1,1,2,4,40679,2,1,0,1,0,0,virtual_dummy.xlsx,L47_일반약 판매(시간별),2026-10-05T01:15
PH_DUMMY_01,2026-03-27,18:00-19:00,0,0,0,0,0,0,0,0,0,0,0,virtual_dummy.xlsx,L47_일반약 판매(시간별),2026-10-05T01:15
PH_DUMMY_01,2026-03-28,09:00-10:00,0,0,0,0,0,0,0,0,0,0,0,virtual_dummy.xlsx,L47_일반약 판매(시간별),2026-10-05T01:15
PH_DUMMY_01,2026-03-28,10:00-11:00,3,1,4,5,26686,1,1,1,0,2,0,virtual_dummy.xlsx,L47_일반약 판매(시간별),2026-10-05T01:15
PH_DUMMY_01,2026-03-28,11:00-12:00,4,2,6,7,57686,0,1,2,1,3,0,virtual_dummy.xlsx,L47_일반약 판매(시간별),2026-10-05T01:15
PH_DUMMY_01,2026-03-28,12:00-13:00,2,1,3,4,21117,0,1,1,0,2,0,virtual_dummy.xlsx,L47_일반약 판매(시간별),2026-10-05T01:15
PH_DUMMY_01,2026-03-28,13:00-14:00,0,3,3,6,27179,1,3,1,0,1,0,virtual_dummy.xlsx,L47_일반약 판매(시간별),2026-10-05T01:15
PH_DUMMY_01,2026-03-30,09:00-10:00,1,0,1,2,6372,0,2,0,0,0,0,virtual_dummy.xlsx,L47_일반약 판매(시간별),2026-10-05T01:15
PH_DUMMY_01,2026-03-30,10:00-11:00,0,2,2,3,10117,0,1,1,0,1,0,virtual_dummy.xlsx,L47_일반약 판매(시간별),2026-10-05T01:15
PH_DUMMY_01,2026-03-30,11:00-12:00,0,3,3,4,46200,0,0,2,1,1,0,virtual_dummy.xlsx,L47_일반약 판매(시간별),2026-10-05T01:15
PH_DUMMY_01,2026-03-30,12:00-13:00,1,2,3,5,12017,0,1,0,0,4,0,virtual_dummy.xlsx,L47_일반약 판매(시간별),2026-10-05T01:15
PH_DUMMY_01,2026-03-30,13:00-14:00,2,0,2,4,12610,1,1,2,0,0,0,virtual_dummy.xlsx,L47_일반약 판매(시간별),2026-10-05T01:15
PH_DUMMY_01,2026-03-30,14:00-15:00,1,3,4,6,20393,3,1,0,0,2,0,virtual_dummy.xlsx,L47_일반약 판매(시간별),2026-10-05T01:15
PH_DUMMY_01,2026-03-30,15:00-16:00,1,1,2,3,38686,0,1,0,1,1,0,virtual_dummy.xlsx,L47_일반약 판매(시간별),2026-10-05T01:15
PH_DUMMY_01,2026-03-30,16:00-17:00,0,5,5,5,17103,2,1,2,0,0,0,virtual_dummy.xlsx,L47_일반약 판매(시간별),2026-10-05T01:15
PH_DUMMY_01,2026-03-30,17:00-18:00,3,2,5,11,73378,4,3,1,0,3,0,virtual_dummy.xlsx,L47_일반약 판매(시간별),2026-10-05T01:15
PH_DUMMY_01,2026-03-30,18:00-19:00,2,1,3,6,42679,1,1,2,2,0,0,virtual_dummy.xlsx,L47_일반약 판매(시간별),2026-10-05T01:15
PH_DUMMY_01,2026-03-31,09:00-10:00,0,0,0,0,0,0,0,0,0,0,0,virtual_dummy.xlsx,L47_일반약 판매(시간별),2026-10-05T01:15
PH_DUMMY_01,2026-03-31,10:00-11:00,0,0,0,0,0,0,0,0,0,0,0,virtual_dummy.xlsx,L47_일반약 판매(시간별),2026-10-05T01:15
PH_DUMMY_01,2026-03-31,11:00-12:00,1,5,6,10,77493,1,0,3,1,5,0,virtual_dummy.xlsx,L47_일반약 판매(시간별),2026-10-05T01:15
PH_DUMMY_01,2026-03-31,12:00-13:00,0,0,0,0,0,0,0,0,0,0,0,virtual_dummy.xlsx,L47_일반약 판매(시간별),2026-10-05T01:15
PH_DUMMY_01,2026-03-31,13:00-14:00,2,0,2,3,11500,1,0,0,0,2,0,virtual_dummy.xlsx,L47_일반약 판매(시간별),2026-10-05T01:15
PH_DUMMY_01,2026-03-31,14:00-15:00,1,1,2,3,23117,1,1,0,1,0,0,virtual_dummy.xlsx,L47_일반약 판매(시간별),2026-10-05T01:15
PH_DUMMY_01,2026-03-31,15:00-16:00,0,0,0,0,0,0,0,0,0,0,0,virtual_dummy.xlsx,L47_일반약 판매(시간별),2026-10-05T01:15
PH_DUMMY_01,2026-03-31,16:00-17:00,0,4,4,7,33317,0,1,2,0,4,0,virtual_dummy.xlsx,L47_일반약 판매(시간별),2026-10-05T01:15
PH_DUMMY_01,2026-03-31,17:00-18:00,0,0,0,0,0,0,0,0,0,0,0,virtual_dummy.xlsx,L47_일반약 판매(시간별),2026-10-05T01:15
PH_DUMMY_01,2026-03-31,18:00-19:00,1,1,2,3,38500,0,0,1,1,1,0,virtual_dummy.xlsx,L47_일반약 판매(시간별),2026-10-05T01:15
PH_DUMMY_01,2026-04-01,09:00-10:00,1,0,1,2,4193,1,0,0,0,1,0,virtual_dummy.xlsx,L47_일반약 판매(시간별),2026-10-05T01:15
PH_DUMMY_01,2026-04-01,10:00-11:00,0,0,0,0,0,0,0,0,0,0,0,virtual_dummy.xlsx,L47_일반약 판매(시간별),2026-10-05T01:15
PH_DUMMY_01,2026-04-01,11:00-12:00,2,1,3,3,11117,0,1,2,0,0,0,virtual_dummy.xlsx,L47_일반약 판매(시간별),2026-10-05T01:15
PH_DUMMY_01,2026-04-01,12:00-13:00,2,0,2,3,39686,1,1,0,1,0,0,virtual_dummy.xlsx,L47_일반약 판매(시간별),2026-10-05T01:15
PH_DUMMY_01,2026-04-01,13:00-14:00,2,1,3,5,71179,1,1,0,2,1,0,virtual_dummy.xlsx,L47_일반약 판매(시간별),2026-10-05T01:15
PH_DUMMY_01,2026-04-01,14:00-15:00,0,0,0,0,0,0,0,0,0,0,0,virtual_dummy.xlsx,L47_일반약 판매(시간별),2026-10-05T01:15
PH_DUMMY_01,2026-04-01,15:00-16:00,1,4,5,10,66989,0,4,3,1,2,0,virtual_dummy.xlsx,L47_일반약 판매(시간별),2026-10-05T01:15
PH_DUMMY_01,2026-04-01,16:00-17:00,0,0,0,0,0,0,0,0,0,0,0,virtual_dummy.xlsx,L47_일반약 판매(시간별),2026-10-05T01:15
PH_DUMMY_01,2026-04-01,17:00-18:00,4,0,4,6,111993,2,0,0,3,1,0,virtual_dummy.xlsx,L47_일반약 판매(시간별),2026-10-05T01:15
PH_DUMMY_01,2026-04-01,18:00-19:00,2,0,2,4,15400,0,0,0,0,4,0,virtual_dummy.xlsx,L47_일반약 판매(시간별),2026-10-05T01:15
PH_DUMMY_01,2026-04-02,09:00-10:00,0,2,2,4,16872,0,2,0,0,2,0,virtual_dummy.xlsx,L47_일반약 판매(시간별),2026-10-05T01:15
PH_DUMMY_01,2026-04-02,10:00-11:00,0,1,1,2,36000,0,1,0,1,0,0,virtual_dummy.xlsx,L47_일반약 판매(시간별),2026-10-05T01:15
PH_DUMMY_01,2026-04-02,11:00-12:00,0,1,1,1,3186,0,1,0,0,0,0,virtual_dummy.xlsx,L47_일반약 판매(시간별),2026-10-05T01:15
PH_DUMMY_01,2026-04-02,12:00-13:00,0,5,5,11,86072,0,3,1,1,6,0,virtual_dummy.xlsx,L47_일반약 판매(시간별),2026-10-05T01:15
PH_DUMMY_01,2026-04-02,13:00-14:00,1,0,1,1,2993,1,0,0,0,0,0,virtual_dummy.xlsx,L47_일반약 판매(시간별),2026-10-05T01:15
PH_DUMMY_01,2026-04-02,14:00-15:00,1,1,2,3,11186,0,1,2,0,0,0,virtual_dummy.xlsx,L47_일반약 판매(시간별),2026-10-05T01:15
PH_DUMMY_01,2026-04-02,15:00-16:00,0,2,2,3,7317,0,1,0,0,2,0,virtual_dummy.xlsx,L47_일반약 판매(시간별),2026-10-05T01:15
PH_DUMMY_01,2026-04-02,16:00-17:00,5,0,5,8,41189,0,3,0,1,4,0,virtual_dummy.xlsx,L47_일반약 판매(시간별),2026-10-05T01:15
PH_DUMMY_01,2026-04-02,17:00-18:00,0,1,1,1,3000,0,0,1,0,0,0,virtual_dummy.xlsx,L47_일반약 판매(시간별),2026-10-05T01:15
PH_DUMMY_01,2026-04-02,18:00-19:00,4,0,4,6,18996,1,2,1,0,2,0,virtual_dummy.xlsx,L47_일반약 판매(시간별),2026-10-05T01:15
PH_DUMMY_01,2026-04-03,09:00-10:00,1,3,4,6,21200,1,1,1,0,3,0,virtual_dummy.xlsx,L47_일반약 판매(시간별),2026-10-05T01:15
PH_DUMMY_01,2026-04-03,10:00-11:00,1,0,1,1,2500,0,0,0,0,1,0,virtual_dummy.xlsx,L47_일반약 판매(시간별),2026-10-05T01:15
PH_DUMMY_01,2026-04-03,11:00-12:00,0,1,1,1,6000,0,1,0,0,0,0,virtual_dummy.xlsx,L47_일반약 판매(시간별),2026-10-05T01:15
PH_DUMMY_01,2026-04-03,12:00-13:00,1,1,2,3,7186,2,0,0,0,1,0,virtual_dummy.xlsx,L47_일반약 판매(시간별),2026-10-05T01:15
PH_DUMMY_01,2026-04-03,13:00-14:00,2,0,2,3,15610,1,1,0,0,1,0,virtual_dummy.xlsx,L47_일반약 판매(시간별),2026-10-05T01:15
PH_DUMMY_01,2026-04-03,14:00-15:00,3,2,5,6,36303,0,2,2,1,1,0,virtual_dummy.xlsx,L47_일반약 판매(시간별),2026-10-05T01:15
PH_DUMMY_01,2026-04-03,15:00-16:00,2,0,2,3,10186,1,1,1,0,0,0,virtual_dummy.xlsx,L47_일반약 판매(시간별),2026-10-05T01:15
PH_DUMMY_01,2026-04-03,16:00-17:00,1,2,3,4,78500,0,0,0,2,2,0,virtual_dummy.xlsx,L47_일반약 판매(시간별),2026-10-05T01:15
PH_DUMMY_01,2026-04-03,17:00-18:00,0,3,3,6,48110,1,1,2,1,1,0,virtual_dummy.xlsx,L47_일반약 판매(시간별),2026-10-05T01:15
PH_DUMMY_01,2026-04-03,18:00-19:00,0,0,0,0,0,0,0,0,0,0,0,virtual_dummy.xlsx,L47_일반약 판매(시간별),2026-10-05T01:15
PH_DUMMY_01,2026-04-04,09:00-10:00,2,0,2,3,13186,0,2,1,0,0,0,virtual_dummy.xlsx,L47_일반약 판매(시간별),2026-10-05T01:15
PH_DUMMY_01,2026-04-04,10:00-11:00,0,1,1,1,4500,1,0,0,0,0,0,virtual_dummy.xlsx,L47_일반약 판매(시간별),2026-10-05T01:15
PH_DUMMY_01,2026-04-04,11:00-12:00,2,0,2,4,31993,1,0,0,1,2,0,virtual_dummy.xlsx,L47_일반약 판매(시간별),2026-10-05T01:15
PH_DUMMY_01,2026-04-04,12:00-13:00,3,0,3,3,15000,0,2,1,0,0,0,virtual_dummy.xlsx,L47_일반약 판매(시간별),2026-10-05T01:15
PH_DUMMY_01,2026-04-04,13:00-14:00,3,0,3,5,23700,0,1,0,0,4,0,virtual_dummy.xlsx,L47_일반약 판매(시간별),2026-10-05T01:15
PH_DUMMY_01,2026-04-06,09:00-10:00,0,1,1,4,74186,0,1,0,2,1,0,virtual_dummy.xlsx,L47_일반약 판매(시간별),2026-10-05T01:15
PH_DUMMY_01,2026-04-06,10:00-11:00,1,2,3,5,78493,1,0,0,2,2,0,virtual_dummy.xlsx,L47_일반약 판매(시간별),2026-10-05T01:15
PH_DUMMY_01,2026-04-06,11:00-12:00,0,1,1,1,6000,0,0,0,0,1,0,virtual_dummy.xlsx,L47_일반약 판매(시간별),2026-10-05T01:15
PH_DUMMY_01,2026-04-06,12:00-13:00,0,3,3,5,31400,0,0,0,1,4,0,virtual_dummy.xlsx,L47_일반약 판매(시간별),2026-10-05T01:15
PH_DUMMY_01,2026-04-06,13:00-14:00,1,1,2,3,12200,0,0,1,0,2,0,virtual_dummy.xlsx,L47_일반약 판매(시간별),2026-10-05T01:15
PH_DUMMY_01,2026-04-06,14:00-15:00,0,1,1,2,6372,0,2,0,0,0,0,virtual_dummy.xlsx,L47_일반약 판매(시간별),2026-10-05T01:15
PH_DUMMY_01,2026-04-06,15:00-16:00,1,0,1,2,2400,0,0,0,0,2,0,virtual_dummy.xlsx,L47_일반약 판매(시간별),2026-10-05T01:15
PH_DUMMY_01,2026-04-06,16:00-17:00,0,0,0,0,0,0,0,0,0,0,0,virtual_dummy.xlsx,L47_일반약 판매(시간별),2026-10-05T01:15
PH_DUMMY_01,2026-04-06,17:00-18:00,0,2,2,5,40000,0,1,0,1,3,0,virtual_dummy.xlsx,L47_일반약 판매(시간별),2026-10-05T01:15
PH_DUMMY_01,2026-04-06,18:00-19:00,2,3,5,7,79600,0,1,0,2,4,0,virtual_dummy.xlsx,L47_일반약 판매(시간별),2026-10-05T01:15
PH_DUMMY_01,2026-04-07,09:00-10:00,1,2,3,5,33493,1,2,1,1,0,0,virtual_dummy.xlsx,L47_일반약 판매(시간별),2026-10-05T01:15
PH_DUMMY_01,2026-04-07,10:00-11:00,1,2,3,5,33186,0,2,1,1,1,0,virtual_dummy.xlsx,L47_일반약 판매(시간별),2026-10-05T01:15
PH_DUMMY_01,2026-04-07,11:00-12:00,0,2,2,4,23003,0,2,0,1,1,0,virtual_dummy.xlsx,L47_일반약 판매(시간별),2026-10-05T01:15
PH_DUMMY_01,2026-04-07,12:00-13:00,0,1,1,1,5000,0,0,0,0,1,0,virtual_dummy.xlsx,L47_일반약 판매(시간별),2026-10-05T01:15
PH_DUMMY_01,2026-04-07,13:00-14:00,1,0,1,2,5200,0,0,1,0,1,0,virtual_dummy.xlsx,L47_일반약 판매(시간별),2026-10-05T01:15
PH_DUMMY_01,2026-04-07,14:00-15:00,0,0,0,0,0,0,0,0,0,0,0,virtual_dummy.xlsx,L47_일반약 판매(시간별),2026-10-05T01:15
PH_DUMMY_01,2026-04-07,15:00-16:00,1,1,2,3,10372,0,2,1,0,0,0,virtual_dummy.xlsx,L47_일반약 판매(시간별),2026-10-05T01:15
PH_DUMMY_01,2026-04-07,16:00-17:00,1,0,1,4,27686,0,2,1,1,0,0,virtual_dummy.xlsx,L47_일반약 판매(시간별),2026-10-05T01:15
PH_DUMMY_01,2026-04-07,17:00-18:00,1,1,2,6,54000,2,0,0,1,3,0,virtual_dummy.xlsx,L47_일반약 판매(시간별),2026-10-05T01:15
PH_DUMMY_01,2026-04-07,18:00-19:00,2,0,2,3,16493,2,0,0,0,1,0,virtual_dummy.xlsx,L47_일반약 판매(시간별),2026-10-05T01:15
PH_DUMMY_01,2026-04-08,09:00-10:00,1,0,1,4,18500,1,0,1,0,2,0,virtual_dummy.xlsx,L47_일반약 판매(시간별),2026-10-05T01:15
PH_DUMMY_01,2026-04-08,10:00-11:00,1,2,3,5,18110,2,1,2,0,0,0,virtual_dummy.xlsx,L47_일반약 판매(시간별),2026-10-05T01:15
PH_DUMMY_01,2026-04-08,11:00-12:00,0,1,1,1,5000,0,0,0,0,1,0,virtual_dummy.xlsx,L47_일반약 판매(시간별),2026-10-05T01:15
PH_DUMMY_01,2026-04-08,12:00-13:00,3,0,3,4,53500,1,1,0,1,1,0,virtual_dummy.xlsx,L47_일반약 판매(시간별),2026-10-05T01:15
PH_DUMMY_01,2026-04-08,13:00-14:00,4,0,4,6,41000,0,1,3,1,1,0,virtual_dummy.xlsx,L47_일반약 판매(시간별),2026-10-05T01:15
PH_DUMMY_01,2026-04-08,14:00-15:00,3,1,4,7,88500,1,1,1,2,2,0,virtual_dummy.xlsx,L47_일반약 판매(시간별),2026-10-05T01:15
PH_DUMMY_01,2026-04-08,15:00-16:00,1,1,2,2,13000,0,0,1,0,1,0,virtual_dummy.xlsx,L47_일반약 판매(시간별),2026-10-05T01:15
PH_DUMMY_01,2026-04-08,16:00-17:00,2,2,4,7,34886,1,1,2,0,3,0,virtual_dummy.xlsx,L47_일반약 판매(시간별),2026-10-05T01:15
PH_DUMMY_01,2026-04-08,17:00-18:00,1,4,5,10,101510,2,2,0,3,3,0,virtual_dummy.xlsx,L47_일반약 판매(시간별),2026-10-05T01:15
PH_DUMMY_01,2026-04-08,18:00-19:00,2,0,2,4,13610,2,1,0,0,1,0,virtual_dummy.xlsx,L47_일반약 판매(시간별),2026-10-05T01:15
PH_DUMMY_01,2026-04-09,09:00-10:00,0,0,0,0,0,0,0,0,0,0,0,virtual_dummy.xlsx,L47_일반약 판매(시간별),2026-10-05T01:15
PH_DUMMY_01,2026-04-09,10:00-11:00,4,2,6,8,93186,1,2,2,2,1,0,virtual_dummy.xlsx,L47_일반약 판매(시간별),2026-10-05T01:15
PH_DUMMY_01,2026-04-09,11:00-12:00,0,2,2,4,15493,1,0,2,0,1,0,virtual_dummy.xlsx,L47_일반약 판매(시간별),2026-10-05T01:15
PH_DUMMY_01,2026-04-09,12:00-13:00,0,2,2,2,14000,0,0,0,0,2,0,virtual_dummy.xlsx,L47_일반약 판매(시간별),2026-10-05T01:15
PH_DUMMY_01,2026-04-09,13:00-14:00,2,0,2,5,22700,0,1,1,0,3,0,virtual_dummy.xlsx,L47_일반약 판매(시간별),2026-10-05T01:15
PH_DUMMY_01,2026-04-09,14:00-15:00,2,2,4,7,60072,1,3,0,1,2,0,virtual_dummy.xlsx,L47_일반약 판매(시간별),2026-10-05T01:15
PH_DUMMY_01,2026-04-09,15:00-16:00,1,3,4,7,42110,1,1,1,1,3,0,virtual_dummy.xlsx,L47_일반약 판매(시간별),2026-10-05T01:15
PH_DUMMY_01,2026-04-09,16:00-17:00,2,1,3,4,50000,1,0,0,1,2,0,virtual_dummy.xlsx,L47_일반약 판매(시간별),2026-10-05T01:15
PH_DUMMY_01,2026-04-09,17:00-18:00,2,2,4,7,32117,0,1,3,0,3,0,virtual_dummy.xlsx,L47_일반약 판매(시간별),2026-10-05T01:15
PH_DUMMY_01,2026-04-09,18:00-19:00,3,4,7,12,55989,2,4,2,0,4,0,virtual_dummy.xlsx,L47_일반약 판매(시간별),2026-10-05T01:15
PH_DUMMY_01,2026-04-10,09:00-10:00,1,3,4,9,74317,0,2,3,2,2,0,virtual_dummy.xlsx,L47_일반약 판매(시간별),2026-10-05T01:15
PH_DUMMY_01,2026-04-10,10:00-11:00,0,1,1,1,9000,0,0,0,0,1,0,virtual_dummy.xlsx,L47_일반약 판매(시간별),2026-10-05T01:15
PH_DUMMY_01,2026-04-10,11:00-12:00,1,1,2,3,11993,1,0,1,0,1,0,virtual_dummy.xlsx,L47_일반약 판매(시간별),2026-10-05T01:15
PH_DUMMY_01,2026-04-10,12:00-13:00,0,2,2,3,6400,1,0,0,0,2,0,virtual_dummy.xlsx,L47_일반약 판매(시간별),2026-10-05T01:15
PH_DUMMY_01,2026-04-10,13:00-14:00,1,0,1,2,12617,0,1,0,0,1,0,virtual_dummy.xlsx,L47_일반약 판매(시간별),2026-10-05T01:15
PH_DUMMY_01,2026-04-10,14:00-15:00,0,0,0,0,0,0,0,0,0,0,0,virtual_dummy.xlsx,L47_일반약 판매(시간별),2026-10-05T01:15
PH_DUMMY_01,2026-04-10,15:00-16:00,1,1,2,3,20186,0,1,0,0,2,0,virtual_dummy.xlsx,L47_일반약 판매(시간별),2026-10-05T01:15
PH_DUMMY_01,2026-04-10,16:00-17:00,3,0,3,6,23434,0,2,2,0,2,0,virtual_dummy.xlsx,L47_일반약 판매(시간별),2026-10-05T01:15
PH_DUMMY_01,2026-04-10,17:00-18:00,0,2,2,2,7686,1,1,0,0,0,0,virtual_dummy.xlsx,L47_일반약 판매(시간별),2026-10-05T01:15
PH_DUMMY_01,2026-04-10,18:00-19:00,1,1,2,3,42186,0,1,0,1,1,0,virtual_dummy.xlsx,L47_일반약 판매(시간별),2026-10-05T01:15
PH_DUMMY_01,2026-04-11,09:00-10:00,0,0,0,0,0,0,0,0,0,0,0,virtual_dummy.xlsx,L47_일반약 판매(시간별),2026-10-05T01:15
PH_DUMMY_01,2026-04-11,10:00-11:00,2,1,3,7,51017,1,1,0,1,4,0,virtual_dummy.xlsx,L47_일반약 판매(시간별),2026-10-05T01:15
PH_DUMMY_01,2026-04-11,11:00-12:00,0,0,0,0,0,0,0,0,0,0,0,virtual_dummy.xlsx,L47_일반약 판매(시간별),2026-10-05T01:15
PH_DUMMY_01,2026-04-11,12:00-13:00,2,0,2,3,14500,0,0,1,0,2,0,virtual_dummy.xlsx,L47_일반약 판매(시간별),2026-10-05T01:15
PH_DUMMY_01,2026-04-11,13:00-14:00,2,0,2,3,18500,0,1,0,0,2,0,virtual_dummy.xlsx,L47_일반약 판매(시간별),2026-10-05T01:15
PH_DUMMY_01,2026-04-13,09:00-10:00,0,0,0,0,0,0,0,0,0,0,0,virtual_dummy.xlsx,L47_일반약 판매(시간별),2026-10-05T01:15
PH_DUMMY_01,2026-04-13,10:00-11:00,0,2,2,5,34303,0,2,0,1,2,0,virtual_dummy.xlsx,L47_일반약 판매(시간별),2026-10-05T01:15
PH_DUMMY_01,2026-04-13,11:00-12:00,0,3,3,6,47517,1,1,0,1,3,0,virtual_dummy.xlsx,L47_일반약 판매(시간별),2026-10-05T01:15
PH_DUMMY_01,2026-04-13,12:00-13:00,0,3,3,6,77600,0,0,0,2,4,0,virtual_dummy.xlsx,L47_일반약 판매(시간별),2026-10-05T01:15
PH_DUMMY_01,2026-04-13,13:00-14:00,2,0,2,3,10493,1,0,1,0,1,0,virtual_dummy.xlsx,L47_일반약 판매(시간별),2026-10-05T01:15
PH_DUMMY_01,2026-04-13,14:00-15:00,0,3,3,5,20000,1,0,1,0,3,0,virtual_dummy.xlsx,L47_일반약 판매(시간별),2026-10-05T01:15
PH_DUMMY_01,2026-04-13,15:00-16:00,0,2,2,2,11993,1,0,0,0,1,0,virtual_dummy.xlsx,L47_일반약 판매(시간별),2026-10-05T01:15
PH_DUMMY_01,2026-04-13,16:00-17:00,0,0,0,0,0,0,0,0,0,0,0,virtual_dummy.xlsx,L47_일반약 판매(시간별),2026-10-05T01:15
PH_DUMMY_01,2026-04-13,17:00-18:00,0,2,2,4,43179,1,1,0,1,1,0,virtual_dummy.xlsx,L47_일반약 판매(시간별),2026-10-05T01:15
PH_DUMMY_01,2026-04-13,18:00-19:00,0,1,1,3,36000,0,0,0,1,2,0,virtual_dummy.xlsx,L47_일반약 판매(시간별),2026-10-05T01:15
PH_DUMMY_01,2026-04-14,09:00-10:00,1,1,2,2,6179,1,1,0,0,0,0,virtual_dummy.xlsx,L47_일반약 판매(시간별),2026-10-05T01:15
PH_DUMMY_01,2026-04-14,10:00-11:00,1,4,5,13,68313,1,4,5,1,2,0,virtual_dummy.xlsx,L47_일반약 판매(시간별),2026-10-05T01:15
PH_DUMMY_01,2026-04-14,11:00-12:00,1,2,3,7,28810,1,2,3,0,1,0,virtual_dummy.xlsx,L47_일반약 판매(시간별),2026-10-05T01:15
PH_DUMMY_01,2026-04-14,12:00-13:00,1,1,2,2,14000,0,0,0,0,2,0,virtual_dummy.xlsx,L47_일반약 판매(시간별),2026-10-05T01:15
PH_DUMMY_01,2026-04-14,13:00-14:00,3,0,3,4,14679,2,1,1,0,0,0,virtual_dummy.xlsx,L47_일반약 판매(시간별),2026-10-05T01:15
PH_DUMMY_01,2026-04-14,14:00-15:00,0,2,2,3,41027,0,0,1,0,2,0,virtual_dummy.xlsx,L47_일반약 판매(시간별),2026-10-05T01:15
PH_DUMMY_01,2026-04-14,15:00-16:00,1,0,1,3,7193,1,0,1,0,1,0,virtual_dummy.xlsx,L47_일반약 판매(시간별),2026-10-05T01:15
PH_DUMMY_01,2026-04-14,16:00-17:00,0,1,1,1,9000,0,0,0,0,1,0,virtual_dummy.xlsx,L47_일반약 판매(시간별),2026-10-05T01:15
PH_DUMMY_01,2026-04-14,17:00-18:00,0,0,0,0,0,0,0,0,0,0,0,virtual_dummy.xlsx,L47_일반약 판매(시간별),2026-10-05T01:15
PH_DUMMY_01,2026-04-14,18:00-19:00,4,1,5,10,69030,2,2,1,0,5,0,virtual_dummy.xlsx,L47_일반약 판매(시간별),2026-10-05T01:15
PH_DUMMY_01,2026-04-15,09:00-10:00,0,2,2,3,47027,0,0,0,0,3,0,virtual_dummy.xlsx,L47_일반약 판매(시간별),2026-10-05T01:15
PH_DUMMY_01,2026-04-15,10:00-11:00,0,1,1,2,11617,0,1,0,0,1,0,virtual_dummy.xlsx,L47_일반약 판매(시간별),2026-10-05T01:15
PH_DUMMY_01,2026-04-15,11:00-12:00,2,0,2,4,46144,0,2,0,0,2,0,virtual_dummy.xlsx,L47_일반약 판매(시간별),2026-10-05T01:15
PH_DUMMY_01,2026-04-15,12:00-13:00,0,1,1,1,3500,0,0,0,0,1,0,virtual_dummy.xlsx,L47_일반약 판매(시간별),2026-10-05T01:15
PH_DUMMY_01,2026-04-15,13:00-14:00,2,4,6,11,107892,2,3,1,1,4,0,virtual_dummy.xlsx,L47_일반약 판매(시간별),2026-10-05T01:15
PH_DUMMY_01,2026-04-15,14:00-15:00,1,2,3,3,8486,2,0,0,0,1,0,virtual_dummy.xlsx,L47_일반약 판매(시간별),2026-10-05T01:15
PH_DUMMY_01,2026-04-15,15:00-16:00,1,1,2,3,15617,0,1,1,0,1,0,virtual_dummy.xlsx,L47_일반약 판매(시간별),2026-10-05T01:15
PH_DUMMY_01,2026-04-15,16:00-17:00,0,1,1,3,37117,0,1,1,1,0,0,virtual_dummy.xlsx,L47_일반약 판매(시간별),2026-10-05T01:15
PH_DUMMY_01,2026-04-15,17:00-18:00,1,1,2,3,10186,1,1,1,0,0,0,virtual_dummy.xlsx,L47_일반약 판매(시간별),2026-10-05T01:15
PH_DUMMY_01,2026-04-15,18:00-19:00,3,1,4,7,55400,0,0,0,2,5,0,virtual_dummy.xlsx,L47_일반약 판매(시간별),2026-10-05T01:15
PH_DUMMY_01,2026-04-16,09:00-10:00,0,0,0,0,0,0,0,0,0,0,0,virtual_dummy.xlsx,L47_일반약 판매(시간별),2026-10-05T01:15
PH_DUMMY_01,2026-04-16,10:00-11:00,1,3,4,9,66200,1,0,3,1,4,0,virtual_dummy.xlsx,L47_일반약 판매(시간별),2026-10-05T01:15
PH_DUMMY_01,2026-04-16,11:00-12:00,0,2,2,2,7617,1,1,0,0,0,0,virtual_dummy.xlsx,L47_일반약 판매(시간별),2026-10-05T01:15
PH_DUMMY_01,2026-04-16,12:00-13:00,0,1,1,1,6000,0,1,0,0,0,0,virtual_dummy.xlsx,L47_일반약 판매(시간별),2026-10-05T01:15
PH_DUMMY_01,2026-04-16,13:00-14:00,1,2,3,5,23700,0,1,1,0,3,0,virtual_dummy.xlsx,L47_일반약 판매(시간별),2026-10-05T01:15
PH_DUMMY_01,2026-04-16,14:00-15:00,1,1,2,2,9000,0,1,1,0,0,0,virtual_dummy.xlsx,L47_일반약 판매(시간별),2026-10-05T01:15
PH_DUMMY_01,2026-04-16,15:00-16:00,2,1,3,4,13003,0,2,0,0,2,0,virtual_dummy.xlsx,L47_일반약 판매(시간별),2026-10-05T01:15
PH_DUMMY_01,2026-04-16,16:00-17:00,0,1,1,1,4000,1,0,0,0,0,0,virtual_dummy.xlsx,L47_일반약 판매(시간별),2026-10-05T01:15
PH_DUMMY_01,2026-04-16,17:00-18:00,2,1,3,5,71220,1,0,1,1,2,0,virtual_dummy.xlsx,L47_일반약 판매(시간별),2026-10-05T01:15
PH_DUMMY_01,2026-04-16,18:00-19:00,0,4,4,8,36503,0,3,1,0,4,0,virtual_dummy.xlsx,L47_일반약 판매(시간별),2026-10-05T01:15
PH_DUMMY_01,2026-04-17,09:00-10:00,1,1,2,3,46000,0,1,0,1,1,0,virtual_dummy.xlsx,L47_일반약 판매(시간별),2026-10-05T01:15
PH_DUMMY_01,2026-04-17,10:00-11:00,1,0,1,1,3617,0,1,0,0,0,0,virtual_dummy.xlsx,L47_일반약 판매(시간별),2026-10-05T01:15
PH_DUMMY_01,2026-04-17,11:00-12:00,1,3,4,6,28565,1,2,1,1,1,0,virtual_dummy.xlsx,L47_일반약 판매(시간별),2026-10-05T01:15
PH_DUMMY_01,2026-04-17,12:00-13:00,0,2,2,2,6500,1,0,0,0,1,0,virtual_dummy.xlsx,L47_일반약 판매(시간별),2026-10-05T01:15
PH_DUMMY_01,2026-04-17,13:00-14:00,5,1,6,10,38927,2,3,1,0,4,0,virtual_dummy.xlsx,L47_일반약 판매(시간별),2026-10-05T01:15
PH_DUMMY_01,2026-04-17,14:00-15:00,1,1,2,4,20186,0,3,0,0,1,0,virtual_dummy.xlsx,L47_일반약 판매(시간별),2026-10-05T01:15
PH_DUMMY_01,2026-04-17,15:00-16:00,0,0,0,0,0,0,0,0,0,0,0,virtual_dummy.xlsx,L47_일반약 판매(시간별),2026-10-05T01:15
PH_DUMMY_01,2026-04-17,16:00-17:00,1,1,2,2,6200,0,0,0,0,2,0,virtual_dummy.xlsx,L47_일반약 판매(시간별),2026-10-05T01:15
PH_DUMMY_01,2026-04-17,17:00-18:00,0,1,1,2,6186,0,1,1,0,0,0,virtual_dummy.xlsx,L47_일반약 판매(시간별),2026-10-05T01:15
PH_DUMMY_01,2026-04-17,18:00-19:00,3,0,3,5,60117,0,1,1,1,2,0,virtual_dummy.xlsx,L47_일반약 판매(시간별),2026-10-05T01:15
PH_DUMMY_01,2026-04-18,09:00-10:00,0,2,2,3,35686,0,1,0,1,1,0,virtual_dummy.xlsx,L47_일반약 판매(시간별),2026-10-05T01:15
PH_DUMMY_01,2026-04-18,10:00-11:00,3,0,3,4,48500,1,1,0,1,1,0,virtual_dummy.xlsx,L47_일반약 판매(시간별),2026-10-05T01:15
PH_DUMMY_01,2026-04-18,11:00-12:00,3,4,7,13,47710,2,3,2,0,6,0,virtual_dummy.xlsx,L47_일반약 판매(시간별),2026-10-05T01:15
PH_DUMMY_01,2026-04-18,12:00-13:00,2,2,4,5,23679,1,1,1,0,2,0,virtual_dummy.xlsx,L47_일반약 판매(시간별),2026-10-05T01:15
PH_DUMMY_01,2026-04-18,13:00-14:00,1,1,2,4,28700,0,0,0,1,3,0,virtual_dummy.xlsx,L47_일반약 판매(시간별),2026-10-05T01:15
PH_DUMMY_01,2026-04-20,09:00-10:00,2,1,3,6,48117,0,1,1,1,3,0,virtual_dummy.xlsx,L47_일반약 판매(시간별),2026-10-05T01:15
PH_DUMMY_01,2026-04-20,10:00-11:00,3,2,5,6,107110,1,1,0,3,1,0,virtual_dummy.xlsx,L47_일반약 판매(시간별),2026-10-05T01:15
PH_DUMMY_01,2026-04-20,11:00-12:00,0,2,2,2,34500,1,0,0,1,0,0,virtual_dummy.xlsx,L47_일반약 판매(시간별),2026-10-05T01:15
PH_DUMMY_01,2026-04-20,12:00-13:00,0,2,2,2,33000,0,0,1,1,0,0,virtual_dummy.xlsx,L47_일반약 판매(시간별),2026-10-05T01:15
PH_DUMMY_01,2026-04-20,13:00-14:00,3,0,3,3,12500,0,1,1,0,1,0,virtual_dummy.xlsx,L47_일반약 판매(시간별),2026-10-05T01:15
PH_DUMMY_01,2026-04-20,14:00-15:00,0,1,1,1,3000,0,0,1,0,0,0,virtual_dummy.xlsx,L47_일반약 판매(시간별),2026-10-05T01:15
PH_DUMMY_01,2026-04-20,15:00-16:00,2,1,3,5,58213,0,1,1,0,3,0,virtual_dummy.xlsx,L47_일반약 판매(시간별),2026-10-05T01:15
PH_DUMMY_01,2026-04-20,16:00-17:00,0,0,0,0,0,0,0,0,0,0,0,virtual_dummy.xlsx,L47_일반약 판매(시간별),2026-10-05T01:15
PH_DUMMY_01,2026-04-20,17:00-18:00,2,2,4,5,16700,0,1,1,0,3,0,virtual_dummy.xlsx,L47_일반약 판매(시간별),2026-10-05T01:15
PH_DUMMY_01,2026-04-20,18:00-19:00,2,1,3,3,14500,0,0,2,0,1,0,virtual_dummy.xlsx,L47_일반약 판매(시간별),2026-10-05T01:15
PH_DUMMY_01,2026-04-21,09:00-10:00,1,1,2,4,44803,0,2,1,1,0,0,virtual_dummy.xlsx,L47_일반약 판매(시간별),2026-10-05T01:15
PH_DUMMY_01,2026-04-21,10:00-11:00,4,1,5,8,49693,1,2,1,1,3,0,virtual_dummy.xlsx,L47_일반약 판매(시간별),2026-10-05T01:15
PH_DUMMY_01,2026-04-21,11:00-12:00,1,1,2,4,15700,0,1,1,0,2,0,virtual_dummy.xlsx,L47_일반약 판매(시간별),2026-10-05T01:15
PH_DUMMY_01,2026-04-21,12:00-13:00,2,4,6,9,95686,1,1,1,2,4,0,virtual_dummy.xlsx,L47_일반약 판매(시간별),2026-10-05T01:15
PH_DUMMY_01,2026-04-21,13:00-14:00,2,0,2,5,18993,2,0,2,0,1,0,virtual_dummy.xlsx,L47_일반약 판매(시간별),2026-10-05T01:15
PH_DUMMY_01,2026-04-21,14:00-15:00,2,1,3,7,53203,0,2,1,1,3,0,virtual_dummy.xlsx,L47_일반약 판매(시간별),2026-10-05T01:15
PH_DUMMY_01,2026-04-21,15:00-16:00,0,3,3,6,37610,1,1,1,1,2,0,virtual_dummy.xlsx,L47_일반약 판매(시간별),2026-10-05T01:15
PH_DUMMY_01,2026-04-21,16:00-17:00,1,2,3,4,52617,0,1,0,1,2,0,virtual_dummy.xlsx,L47_일반약 판매(시간별),2026-10-05T01:15
PH_DUMMY_01,2026-04-21,17:00-18:00,1,0,1,2,35186,0,1,0,1,0,0,virtual_dummy.xlsx,L47_일반약 판매(시간별),2026-10-05T01:15
PH_DUMMY_01,2026-04-21,18:00-19:00,1,1,2,2,12617,0,1,0,0,1,0,virtual_dummy.xlsx,L47_일반약 판매(시간별),2026-10-05T01:15
PH_DUMMY_01,2026-04-22,09:00-10:00,0,0,0,0,0,0,0,0,0,0,0,virtual_dummy.xlsx,L47_일반약 판매(시간별),2026-10-05T01:15
PH_DUMMY_01,2026-04-22,10:00-11:00,0,2,2,2,50000,0,0,0,2,0,0,virtual_dummy.xlsx,L47_일반약 판매(시간별),2026-10-05T01:15
PH_DUMMY_01,2026-04-22,11:00-12:00,1,0,1,1,9000,0,0,0,0,1,0,virtual_dummy.xlsx,L47_일반약 판매(시간별),2026-10-05T01:15
PH_DUMMY_01,2026-04-22,12:00-13:00,2,0,2,2,6179,1,1,0,0,0,0,virtual_dummy.xlsx,L47_일반약 판매(시간별),2026-10-05T01:15
PH_DUMMY_01,2026-04-22,13:00-14:00,1,0,1,1,3000,0,0,0,0,1,0,virtual_dummy.xlsx,L47_일반약 판매(시간별),2026-10-05T01:15
PH_DUMMY_01,2026-04-22,14:00-15:00,0,0,0,0,0,0,0,0,0,0,0,virtual_dummy.xlsx,L47_일반약 판매(시간별),2026-10-05T01:15
PH_DUMMY_01,2026-04-22,15:00-16:00,0,1,1,2,39000,0,0,1,1,0,0,virtual_dummy.xlsx,L47_일반약 판매(시간별),2026-10-05T01:15
PH_DUMMY_01,2026-04-22,16:00-17:00,1,2,3,6,79227,0,0,1,1,4,0,virtual_dummy.xlsx,L47_일반약 판매(시간별),2026-10-05T01:15
PH_DUMMY_01,2026-04-22,17:00-18:00,2,0,2,2,12617,0,1,0,0,1,0,virtual_dummy.xlsx,L47_일반약 판매(시간별),2026-10-05T01:15
PH_DUMMY_01,2026-04-22,18:00-19:00,2,0,2,5,40117,1,1,0,1,2,0,virtual_dummy.xlsx,L47_일반약 판매(시간별),2026-10-05T01:15
PH_DUMMY_01,2026-04-23,09:00-10:00,0,1,1,2,5200,0,0,1,0,1,0,virtual_dummy.xlsx,L47_일반약 판매(시간별),2026-10-05T01:15
PH_DUMMY_01,2026-04-23,10:00-11:00,0,0,0,0,0,0,0,0,0,0,0,virtual_dummy.xlsx,L47_일반약 판매(시간별),2026-10-05T01:15
PH_DUMMY_01,2026-04-23,11:00-12:00,0,0,0,0,0,0,0,0,0,0,0,virtual_dummy.xlsx,L47_일반약 판매(시간별),2026-10-05T01:15
PH_DUMMY_01,2026-04-23,12:00-13:00,0,1,1,1,3617,0,1,0,0,0,0,virtual_dummy.xlsx,L47_일반약 판매(시간별),2026-10-05T01:15
PH_DUMMY_01,2026-04-23,13:00-14:00,0,1,1,2,6117,0,1,0,0,1,0,virtual_dummy.xlsx,L47_일반약 판매(시간별),2026-10-05T01:15
PH_DUMMY_01,2026-04-23,14:00-15:00,0,1,1,2,6500,0,0,1,0,1,0,virtual_dummy.xlsx,L47_일반약 판매(시간별),2026-10-05T01:15
PH_DUMMY_01,2026-04-23,15:00-16:00,1,0,1,1,3000,0,0,1,0,0,0,virtual_dummy.xlsx,L47_일반약 판매(시간별),2026-10-05T01:15
PH_DUMMY_01,2026-04-23,16:00-17:00,2,2,4,8,127500,2,0,2,4,0,0,virtual_dummy.xlsx,L47_일반약 판매(시간별),2026-10-05T01:15
PH_DUMMY_01,2026-04-23,17:00-18:00,1,0,1,1,4000,1,0,0,0,0,0,virtual_dummy.xlsx,L47_일반약 판매(시간별),2026-10-05T01:15
PH_DUMMY_01,2026-04-23,18:00-19:00,0,1,1,1,4000,0,0,1,0,0,0,virtual_dummy.xlsx,L47_일반약 판매(시간별),2026-10-05T01:15
PH_DUMMY_01,2026-04-24,09:00-10:00,0,1,1,1,3617,0,1,0,0,0,0,virtual_dummy.xlsx,L47_일반약 판매(시간별),2026-10-05T01:15
PH_DUMMY_01,2026-04-24,10:00-11:00,1,1,2,2,7993,1,0,0,0,1,0,virtual_dummy.xlsx,L47_일반약 판매(시간별),2026-10-05T01:15
PH_DUMMY_01,2026-04-24,11:00-12:00,0,1,1,1,1200,0,0,0,0,1,0,virtual_dummy.xlsx,L47_일반약 판매(시간별),2026-10-05T01:15
PH_DUMMY_01,2026-04-24,12:00-13:00,1,0,1,1,9000,0,0,0,0,1,0,virtual_dummy.xlsx,L47_일반약 판매(시간별),2026-10-05T01:15
PH_DUMMY_01,2026-04-24,13:00-14:00,0,0,0,0,0,0,0,0,0,0,0,virtual_dummy.xlsx,L47_일반약 판매(시간별),2026-10-05T01:15
PH_DUMMY_01,2026-04-24,14:00-15:00,1,2,3,5,46386,0,2,1,1,1,0,virtual_dummy.xlsx,L47_일반약 판매(시간별),2026-10-05T01:15
PH_DUMMY_01,2026-04-24,15:00-16:00,2,2,4,8,46393,1,0,1,1,5,0,virtual_dummy.xlsx,L47_일반약 판매(시간별),2026-10-05T01:15
PH_DUMMY_01,2026-04-24,16:00-17:00,3,1,4,12,89517,3,1,1,2,5,0,virtual_dummy.xlsx,L47_일반약 판매(시간별),2026-10-05T01:15
PH_DUMMY_01,2026-04-24,17:00-18:00,4,1,5,10,78017,2,1,2,2,3,0,virtual_dummy.xlsx,L47_일반약 판매(시간별),2026-10-05T01:15
PH_DUMMY_01,2026-04-24,18:00-19:00,1,1,2,2,14993,1,0,0,0,1,0,virtual_dummy.xlsx,L47_일반약 판매(시간별),2026-10-05T01:15
PH_DUMMY_01,2026-04-25,09:00-10:00,3,3,6,8,65393,2,2,0,1,3,0,virtual_dummy.xlsx,L47_일반약 판매(시간별),2026-10-05T01:15
PH_DUMMY_01,2026-04-25,10:00-11:00,3,2,5,8,88844,1,2,0,1,4,0,virtual_dummy.xlsx,L47_일반약 판매(시간별),2026-10-05T01:15
PH_DUMMY_01,2026-04-25,11:00-12:00,1,2,3,3,10700,1,0,0,0,2,0,virtual_dummy.xlsx,L47_일반약 판매(시간별),2026-10-05T01:15
PH_DUMMY_01,2026-04-25,12:00-13:00,0,3,3,4,41186,0,1,2,1,0,0,virtual_dummy.xlsx,L47_일반약 판매(시간별),2026-10-05T01:15
PH_DUMMY_01,2026-04-25,13:00-14:00,2,1,3,5,21700,0,0,2,0,3,0,virtual_dummy.xlsx,L47_일반약 판매(시간별),2026-10-05T01:15
PH_DUMMY_01,2026-04-27,09:00-10:00,0,1,1,1,15000,0,0,0,1,0,0,virtual_dummy.xlsx,L47_일반약 판매(시간별),2026-10-05T01:15
PH_DUMMY_01,2026-04-27,10:00-11:00,1,1,2,4,18500,0,0,1,0,3,0,virtual_dummy.xlsx,L47_일반약 판매(시간별),2026-10-05T01:15
PH_DUMMY_01,2026-04-27,11:00-12:00,1,0,1,1,3000,0,0,1,0,0,0,virtual_dummy.xlsx,L47_일반약 판매(시간별),2026-10-05T01:15
PH_DUMMY_01,2026-04-27,12:00-13:00,1,1,2,2,12000,0,2,0,0,0,0,virtual_dummy.xlsx,L47_일반약 판매(시간별),2026-10-05T01:15
PH_DUMMY_01,2026-04-27,13:00-14:00,0,2,2,3,24000,0,1,1,0,1,0,virtual_dummy.xlsx,L47_일반약 판매(시간별),2026-10-05T01:15
PH_DUMMY_01,2026-04-27,14:00-15:00,0,1,1,1,1200,0,0,0,0,1,0,virtual_dummy.xlsx,L47_일반약 판매(시간별),2026-10-05T01:15
PH_DUMMY_01,2026-04-27,15:00-16:00,1,1,2,3,21186,0,1,0,0,2,0,virtual_dummy.xlsx,L47_일반약 판매(시간별),2026-10-05T01:15
PH_DUMMY_01,2026-04-27,16:00-17:00,2,1,3,3,11700,1,1,0,0,1,0,virtual_dummy.xlsx,L47_일반약 판매(시간별),2026-10-05T01:15
PH_DUMMY_01,2026-04-27,17:00-18:00,0,2,2,3,53000,0,1,0,2,0,0,virtual_dummy.xlsx,L47_일반약 판매(시간별),2026-10-05T01:15
PH_DUMMY_01,2026-04-27,18:00-19:00,0,0,0,0,0,0,0,0,0,0,0,virtual_dummy.xlsx,L47_일반약 판매(시간별),2026-10-05T01:15
PH_DUMMY_01,2026-04-28,09:00-10:00,0,0,0,0,0,0,0,0,0,0,0,virtual_dummy.xlsx,L47_일반약 판매(시간별),2026-10-05T01:15
PH_DUMMY_01,2026-04-28,10:00-11:00,2,4,6,12,120385,4,2,1,3,2,0,virtual_dummy.xlsx,L47_일반약 판매(시간별),2026-10-05T01:15
PH_DUMMY_01,2026-04-28,11:00-12:00,0,0,0,0,0,0,0,0,0,0,0,virtual_dummy.xlsx,L47_일반약 판매(시간별),2026-10-05T01:15
PH_DUMMY_01,2026-04-28,12:00-13:00,2,2,4,5,14517,0,2,0,0,3,0,virtual_dummy.xlsx,L47_일반약 판매(시간별),2026-10-05T01:15
PH_DUMMY_01,2026-04-28,13:00-14:00,0,0,0,0,0,0,0,0,0,0,0,virtual_dummy.xlsx,L47_일반약 판매(시간별),2026-10-05T01:15
PH_DUMMY_01,2026-04-28,14:00-15:00,1,2,3,3,22000,0,0,2,1,0,0,virtual_dummy.xlsx,L47_일반약 판매(시간별),2026-10-05T01:15
PH_DUMMY_01,2026-04-28,15:00-16:00,0,0,0,0,0,0,0,0,0,0,0,virtual_dummy.xlsx,L47_일반약 판매(시간별),2026-10-05T01:15
PH_DUMMY_01,2026-04-28,16:00-17:00,2,1,3,3,21803,0,2,0,1,0,0,virtual_dummy.xlsx,L47_일반약 판매(시간별),2026-10-05T01:15
PH_DUMMY_01,2026-04-28,17:00-18:00,5,2,7,14,117203,1,3,2,2,6,0,virtual_dummy.xlsx,L47_일반약 판매(시간별),2026-10-05T01:15
PH_DUMMY_01,2026-04-28,18:00-19:00,1,1,2,4,30186,0,1,1,1,1,0,virtual_dummy.xlsx,L47_일반약 판매(시간별),2026-10-05T01:15
PH_DUMMY_01,2026-04-29,09:00-10:00,1,0,1,1,2500,0,0,0,0,1,0,virtual_dummy.xlsx,L47_일반약 판매(시간별),2026-10-05T01:15
PH_DUMMY_01,2026-04-29,10:00-11:00,1,2,3,3,40493,1,0,0,1,1,0,virtual_dummy.xlsx,L47_일반약 판매(시간별),2026-10-05T01:15
PH_DUMMY_01,2026-04-29,11:00-12:00,4,1,5,10,100189,0,7,0,2,1,0,virtual_dummy.xlsx,L47_일반약 판매(시간별),2026-10-05T01:15
PH_DUMMY_01,2026-04-29,12:00-13:00,3,0,3,6,32886,1,1,1,1,2,0,virtual_dummy.xlsx,L47_일반약 판매(시간별),2026-10-05T01:15
PH_DUMMY_01,2026-04-29,13:00-14:00,4,0,4,7,23127,1,2,0,0,4,0,virtual_dummy.xlsx,L47_일반약 판매(시간별),2026-10-05T01:15
PH_DUMMY_01,2026-04-29,14:00-15:00,0,0,0,0,0,0,0,0,0,0,0,virtual_dummy.xlsx,L47_일반약 판매(시간별),2026-10-05T01:15
PH_DUMMY_01,2026-04-29,15:00-16:00,0,3,3,8,74186,1,4,1,2,0,0,virtual_dummy.xlsx,L47_일반약 판매(시간별),2026-10-05T01:15
PH_DUMMY_01,2026-04-29,16:00-17:00,4,1,5,11,72823,1,3,3,0,4,0,virtual_dummy.xlsx,L47_일반약 판매(시간별),2026-10-05T01:15
PH_DUMMY_01,2026-04-29,17:00-18:00,0,0,0,0,0,0,0,0,0,0,0,virtual_dummy.xlsx,L47_일반약 판매(시간별),2026-10-05T01:15
PH_DUMMY_01,2026-04-29,18:00-19:00,0,1,1,2,8000,0,0,2,0,0,0,virtual_dummy.xlsx,L47_일반약 판매(시간별),2026-10-05T01:15
PH_DUMMY_01,2026-04-30,09:00-10:00,0,0,0,0,0,0,0,0,0,0,0,virtual_dummy.xlsx,L47_일반약 판매(시간별),2026-10-05T01:15
PH_DUMMY_01,2026-04-30,10:00-11:00,0,1,1,2,7000,0,0,1,0,1,0,virtual_dummy.xlsx,L47_일반약 판매(시간별),2026-10-05T01:15
PH_DUMMY_01,2026-04-30,11:00-12:00,0,1,1,2,10000,0,1,1,0,0,0,virtual_dummy.xlsx,L47_일반약 판매(시간별),2026-10-05T01:15
PH_DUMMY_01,2026-04-30,12:00-13:00,1,1,2,4,15617,1,1,1,0,1,0,virtual_dummy.xlsx,L47_일반약 판매(시간별),2026-10-05T01:15
PH_DUMMY_01,2026-04-30,13:00-14:00,3,0,3,9,49482,2,3,1,0,3,0,virtual_dummy.xlsx,L47_일반약 판매(시간별),2026-10-05T01:15
PH_DUMMY_01,2026-04-30,14:00-15:00,1,0,1,2,33186,0,1,0,1,0,0,virtual_dummy.xlsx,L47_일반약 판매(시간별),2026-10-05T01:15
PH_DUMMY_01,2026-04-30,15:00-16:00,2,0,2,2,70000,0,0,0,2,0,0,virtual_dummy.xlsx,L47_일반약 판매(시간별),2026-10-05T01:15
PH_DUMMY_01,2026-04-30,16:00-17:00,0,0,0,0,0,0,0,0,0,0,0,virtual_dummy.xlsx,L47_일반약 판매(시간별),2026-10-05T01:15
PH_DUMMY_01,2026-04-30,17:00-18:00,2,0,2,4,48500,1,0,0,1,2,0,virtual_dummy.xlsx,L47_일반약 판매(시간별),2026-10-05T01:15
PH_DUMMY_01,2026-04-30,18:00-19:00,2,0,2,4,26000,0,0,1,0,3,0,virtual_dummy.xlsx,L47_일반약 판매(시간별),2026-10-05T01:15
PH_DUMMY_01,2026-05-02,09:00-10:00,3,2,5,12,65686,2,1,1,1,7,0,virtual_dummy.xlsx,L47_일반약 판매(시간별),2026-10-05T01:15
PH_DUMMY_01,2026-05-02,10:00-11:00,3,2,5,11,47503,2,2,3,0,4,0,virtual_dummy.xlsx,L47_일반약 판매(시간별),2026-10-05T01:15
PH_DUMMY_01,2026-05-02,11:00-12:00,6,7,13,22,114382,3,5,5,1,8,0,virtual_dummy.xlsx,L47_일반약 판매(시간별),2026-10-05T01:15
PH_DUMMY_01,2026-05-02,12:00-13:00,3,3,6,9,40886,1,1,1,0,6,0,virtual_dummy.xlsx,L47_일반약 판매(시간별),2026-10-05T01:15
PH_DUMMY_01,2026-05-02,13:00-14:00,3,2,5,8,28286,0,2,1,0,5,0,virtual_dummy.xlsx,L47_일반약 판매(시간별),2026-10-05T01:15
PH_DUMMY_01,2026-05-04,09:00-10:00,0,0,0,0,0,0,0,0,0,0,0,virtual_dummy.xlsx,L47_일반약 판매(시간별),2026-10-05T01:15
PH_DUMMY_01,2026-05-04,10:00-11:00,1,0,1,3,15200,0,1,0,0,2,0,virtual_dummy.xlsx,L47_일반약 판매(시간별),2026-10-05T01:15
PH_DUMMY_01,2026-05-04,11:00-12:00,0,1,1,2,8500,0,0,1,0,1,0,virtual_dummy.xlsx,L47_일반약 판매(시간별),2026-10-05T01:15
PH_DUMMY_01,2026-05-04,12:00-13:00,1,1,2,2,37993,1,0,0,1,0,0,virtual_dummy.xlsx,L47_일반약 판매(시간별),2026-10-05T01:15
PH_DUMMY_01,2026-05-04,13:00-14:00,0,3,3,5,44400,1,0,0,1,3,0,virtual_dummy.xlsx,L47_일반약 판매(시간별),2026-10-05T01:15
PH_DUMMY_01,2026-05-04,14:00-15:00,0,2,2,2,36200,0,0,0,1,1,0,virtual_dummy.xlsx,L47_일반약 판매(시간별),2026-10-05T01:15
PH_DUMMY_01,2026-05-04,15:00-16:00,0,1,1,1,5000,0,0,0,0,1,0,virtual_dummy.xlsx,L47_일반약 판매(시간별),2026-10-05T01:15
PH_DUMMY_01,2026-05-04,16:00-17:00,0,1,1,2,10000,0,1,1,0,0,0,virtual_dummy.xlsx,L47_일반약 판매(시간별),2026-10-05T01:15
PH_DUMMY_01,2026-05-04,17:00-18:00,0,0,0,0,0,0,0,0,0,0,0,virtual_dummy.xlsx,L47_일반약 판매(시간별),2026-10-05T01:15
PH_DUMMY_01,2026-05-04,18:00-19:00,2,0,2,3,15186,0,1,1,0,1,0,virtual_dummy.xlsx,L47_일반약 판매(시간별),2026-10-05T01:15
PH_DUMMY_01,2026-05-06,09:00-10:00,1,1,2,4,18186,0,1,0,0,3,0,virtual_dummy.xlsx,L47_일반약 판매(시간별),2026-10-05T01:15
PH_DUMMY_01,2026-05-06,10:00-11:00,0,0,0,0,0,0,0,0,0,0,0,virtual_dummy.xlsx,L47_일반약 판매(시간별),2026-10-05T01:15
PH_DUMMY_01,2026-05-06,11:00-12:00,0,2,2,4,28500,1,0,2,1,0,0,virtual_dummy.xlsx,L47_일반약 판매(시간별),2026-10-05T01:15
PH_DUMMY_01,2026-05-06,12:00-13:00,0,5,5,7,120493,1,0,1,4,1,0,virtual_dummy.xlsx,L47_일반약 판매(시간별),2026-10-05T01:15
PH_DUMMY_01,2026-05-06,13:00-14:00,0,0,0,0,0,0,0,0,0,0,0,virtual_dummy.xlsx,L47_일반약 판매(시간별),2026-10-05T01:15
PH_DUMMY_01,2026-05-06,14:00-15:00,3,0,3,4,54500,1,0,0,1,2,0,virtual_dummy.xlsx,L47_일반약 판매(시간별),2026-10-05T01:15
PH_DUMMY_01,2026-05-06,15:00-16:00,1,2,3,5,22493,2,1,1,0,1,0,virtual_dummy.xlsx,L47_일반약 판매(시간별),2026-10-05T01:15
PH_DUMMY_01,2026-05-06,16:00-17:00,3,1,4,7,71844,0,2,0,1,4,0,virtual_dummy.xlsx,L47_일반약 판매(시간별),2026-10-05T01:15
PH_DUMMY_01,2026-05-06,17:00-18:00,1,1,2,2,4700,0,0,1,0,1,0,virtual_dummy.xlsx,L47_일반약 판매(시간별),2026-10-05T01:15
PH_DUMMY_01,2026-05-06,18:00-19:00,2,2,4,6,25796,2,3,0,0,1,0,virtual_dummy.xlsx,L47_일반약 판매(시간별),2026-10-05T01:15
PH_DUMMY_01,2026-05-07,09:00-10:00,1,0,1,1,3617,0,1,0,0,0,0,virtual_dummy.xlsx,L47_일반약 판매(시간별),2026-10-05T01:15
PH_DUMMY_01,2026-05-07,10:00-11:00,2,2,4,9,72017,0,2,1,2,4,0,virtual_dummy.xlsx,L47_일반약 판매(시간별),2026-10-05T01:15
PH_DUMMY_01,2026-05-07,11:00-12:00,2,1,3,4,44200,0,1,0,1,2,0,virtual_dummy.xlsx,L47_일반약 판매(시간별),2026-10-05T01:15
PH_DUMMY_01,2026-05-07,12:00-13:00,1,3,4,6,98993,1,1,0,2,2,0,virtual_dummy.xlsx,L47_일반약 판매(시간별),2026-10-05T01:15
PH_DUMMY_01,2026-05-07,13:00-14:00,4,1,5,7,29175,1,5,1,0,0,0,virtual_dummy.xlsx,L47_일반약 판매(시간별),2026-10-05T01:15
PH_DUMMY_01,2026-05-07,14:00-15:00,0,0,0,0,0,0,0,0,0,0,0,virtual_dummy.xlsx,L47_일반약 판매(시간별),2026-10-05T01:15
PH_DUMMY_01,2026-05-07,15:00-16:00,2,0,2,3,18500,0,1,0,0,2,0,virtual_dummy.xlsx,L47_일반약 판매(시간별),2026-10-05T01:15
PH_DUMMY_01,2026-05-07,16:00-17:00,0,1,1,2,31200,0,0,0,1,1,0,virtual_dummy.xlsx,L47_일반약 판매(시간별),2026-10-05T01:15
PH_DUMMY_01,2026-05-07,17:00-18:00,1,1,2,2,21000,0,0,1,1,0,0,virtual_dummy.xlsx,L47_일반약 판매(시간별),2026-10-05T01:15
PH_DUMMY_01,2026-05-07,18:00-19:00,1,0,1,3,34193,1,0,0,1,1,0,virtual_dummy.xlsx,L47_일반약 판매(시간별),2026-10-05T01:15
PH_DUMMY_01,2026-05-08,09:00-10:00,1,1,2,6,43500,0,0,2,0,4,0,virtual_dummy.xlsx,L47_일반약 판매(시간별),2026-10-05T01:15
PH_DUMMY_01,2026-05-08,10:00-11:00,1,0,1,1,2500,0,0,0,0,1,0,virtual_dummy.xlsx,L47_일반약 판매(시간별),2026-10-05T01:15
PH_DUMMY_01,2026-05-08,11:00-12:00,0,0,0,0,0,0,0,0,0,0,0,virtual_dummy.xlsx,L47_일반약 판매(시간별),2026-10-05T01:15
PH_DUMMY_01,2026-05-08,12:00-13:00,2,1,3,5,20686,0,2,1,0,2,0,virtual_dummy.xlsx,L47_일반약 판매(시간별),2026-10-05T01:15
PH_DUMMY_01,2026-05-08,13:00-14:00,0,0,0,0,0,0,0,0,0,0,0,virtual_dummy.xlsx,L47_일반약 판매(시간별),2026-10-05T01:15
PH_DUMMY_01,2026-05-08,14:00-15:00,1,0,1,1,2500,0,0,0,0,1,0,virtual_dummy.xlsx,L47_일반약 판매(시간별),2026-10-05T01:15
PH_DUMMY_01,2026-05-08,15:00-16:00,3,2,5,8,89365,1,3,1,2,1,0,virtual_dummy.xlsx,L47_일반약 판매(시간별),2026-10-05T01:15
PH_DUMMY_01,2026-05-08,16:00-17:00,0,0,0,0,0,0,0,0,0,0,0,virtual_dummy.xlsx,L47_일반약 판매(시간별),2026-10-05T01:15
PH_DUMMY_01,2026-05-08,17:00-18:00,0,1,1,1,6000,0,0,1,0,0,0,virtual_dummy.xlsx,L47_일반약 판매(시간별),2026-10-05T01:15
PH_DUMMY_01,2026-05-08,18:00-19:00,3,0,3,4,17803,0,2,1,0,1,0,virtual_dummy.xlsx,L47_일반약 판매(시간별),2026-10-05T01:15
PH_DUMMY_01,2026-05-09,09:00-10:00,2,3,5,8,22196,1,2,3,0,2,0,virtual_dummy.xlsx,L47_일반약 판매(시간별),2026-10-05T01:15
PH_DUMMY_01,2026-05-09,10:00-11:00,6,1,7,11,49382,2,3,1,1,4,0,virtual_dummy.xlsx,L47_일반약 판매(시간별),2026-10-05T01:15
PH_DUMMY_01,2026-05-09,11:00-12:00,5,2,7,8,59413,0,2,2,0,4,0,virtual_dummy.xlsx,L47_일반약 판매(시간별),2026-10-05T01:15
PH_DUMMY_01,2026-05-09,12:00-13:00,2,1,3,4,14058,1,3,0,0,0,0,virtual_dummy.xlsx,L47_일반약 판매(시간별),2026-10-05T01:15
PH_DUMMY_01,2026-05-09,13:00-14:00,2,0,2,3,39200,0,0,1,1,1,0,virtual_dummy.xlsx,L47_일반약 판매(시간별),2026-10-05T01:15
PH_DUMMY_01,2026-05-11,09:00-10:00,1,1,2,3,11493,1,0,1,0,1,0,virtual_dummy.xlsx,L47_일반약 판매(시간별),2026-10-05T01:15
PH_DUMMY_01,2026-05-11,10:00-11:00,0,1,1,1,3500,0,0,0,0,1,0,virtual_dummy.xlsx,L47_일반약 판매(시간별),2026-10-05T01:15
PH_DUMMY_01,2026-05-11,11:00-12:00,0,1,1,1,1200,0,0,0,0,1,0,virtual_dummy.xlsx,L47_일반약 판매(시간별),2026-10-05T01:15
PH_DUMMY_01,2026-05-11,12:00-13:00,3,1,4,6,108186,0,1,0,3,2,0,virtual_dummy.xlsx,L47_일반약 판매(시간별),2026-10-05T01:15
PH_DUMMY_01,2026-05-11,13:00-14:00,0,0,0,0,0,0,0,0,0,0,0,virtual_dummy.xlsx,L47_일반약 판매(시간별),2026-10-05T01:15
PH_DUMMY_01,2026-05-11,14:00-15:00,0,1,1,1,15000,0,0,0,1,0,0,virtual_dummy.xlsx,L47_일반약 판매(시간별),2026-10-05T01:15
PH_DUMMY_01,2026-05-11,15:00-16:00,0,1,1,2,7000,0,0,2,0,0,0,virtual_dummy.xlsx,L47_일반약 판매(시간별),2026-10-05T01:15
PH_DUMMY_01,2026-05-11,16:00-17:00,2,1,3,6,77386,0,1,2,2,1,0,virtual_dummy.xlsx,L47_일반약 판매(시간별),2026-10-05T01:15
PH_DUMMY_01,2026-05-11,17:00-18:00,1,0,1,1,4000,0,0,1,0,0,0,virtual_dummy.xlsx,L47_일반약 판매(시간별),2026-10-05T01:15
PH_DUMMY_01,2026-05-11,18:00-19:00,0,0,0,0,0,0,0,0,0,0,0,virtual_dummy.xlsx,L47_일반약 판매(시간별),2026-10-05T01:15
PH_DUMMY_01,2026-05-12,09:00-10:00,0,0,0,0,0,0,0,0,0,0,0,virtual_dummy.xlsx,L47_일반약 판매(시간별),2026-10-05T01:15
PH_DUMMY_01,2026-05-12,10:00-11:00,0,2,2,2,21000,0,1,0,1,0,0,virtual_dummy.xlsx,L47_일반약 판매(시간별),2026-10-05T01:15
PH_DUMMY_01,2026-05-12,11:00-12:00,1,1,2,2,20000,0,0,0,1,1,0,virtual_dummy.xlsx,L47_일반약 판매(시간별),2026-10-05T01:15
PH_DUMMY_01,2026-05-12,12:00-13:00,1,4,5,6,82303,0,2,0,2,2,0,virtual_dummy.xlsx,L47_일반약 판매(시간별),2026-10-05T01:15
PH_DUMMY_01,2026-05-12,13:00-14:00,1,1,2,3,10493,2,0,1,0,0,0,virtual_dummy.xlsx,L47_일반약 판매(시간별),2026-10-05T01:15
PH_DUMMY_01,2026-05-12,14:00-15:00,0,1,1,1,8000,0,0,0,0,1,0,virtual_dummy.xlsx,L47_일반약 판매(시간별),2026-10-05T01:15
PH_DUMMY_01,2026-05-12,15:00-16:00,0,1,1,1,2993,1,0,0,0,0,0,virtual_dummy.xlsx,L47_일반약 판매(시간별),2026-10-05T01:15
PH_DUMMY_01,2026-05-12,16:00-17:00,0,2,2,3,10500,1,0,1,0,1,0,virtual_dummy.xlsx,L47_일반약 판매(시간별),2026-10-05T01:15
PH_DUMMY_01,2026-05-12,17:00-18:00,3,0,3,4,38500,0,0,1,1,2,0,virtual_dummy.xlsx,L47_일반약 판매(시간별),2026-10-05T01:15
PH_DUMMY_01,2026-05-12,18:00-19:00,1,0,1,2,19000,1,0,0,1,0,0,virtual_dummy.xlsx,L47_일반약 판매(시간별),2026-10-05T01:15
PH_DUMMY_01,2026-05-13,09:00-10:00,2,0,2,3,10303,0,2,1,0,0,0,virtual_dummy.xlsx,L47_일반약 판매(시간별),2026-10-05T01:15
PH_DUMMY_01,2026-05-13,10:00-11:00,2,2,4,8,60400,1,0,1,1,5,0,virtual_dummy.xlsx,L47_일반약 판매(시간별),2026-10-05T01:15
PH_DUMMY_01,2026-05-13,11:00-12:00,0,0,0,0,0,0,0,0,0,0,0,virtual_dummy.xlsx,L47_일반약 판매(시간별),2026-10-05T01:15
PH_DUMMY_01,2026-05-13,12:00-13:00,0,0,0,0,0,0,0,0,0,0,0,virtual_dummy.xlsx,L47_일반약 판매(시간별),2026-10-05T01:15
PH_DUMMY_01,2026-05-13,13:00-14:00,5,0,5,6,22200,0,1,3,0,2,0,virtual_dummy.xlsx,L47_일반약 판매(시간별),2026-10-05T01:15
PH_DUMMY_01,2026-05-13,14:00-15:00,0,3,3,5,27186,0,1,2,0,2,0,virtual_dummy.xlsx,L47_일반약 판매(시간별),2026-10-05T01:15
PH_DUMMY_01,2026-05-13,15:00-16:00,2,3,5,7,77117,0,1,1,2,3,0,virtual_dummy.xlsx,L47_일반약 판매(시간별),2026-10-05T01:15
PH_DUMMY_01,2026-05-13,16:00-17:00,2,1,3,7,34117,1,1,1,0,4,0,virtual_dummy.xlsx,L47_일반약 판매(시간별),2026-10-05T01:15
PH_DUMMY_01,2026-05-13,17:00-18:00,2,0,2,3,9700,0,0,1,0,2,0,virtual_dummy.xlsx,L47_일반약 판매(시간별),2026-10-05T01:15
PH_DUMMY_01,2026-05-13,18:00-19:00,3,1,4,9,37386,0,2,4,0,3,0,virtual_dummy.xlsx,L47_일반약 판매(시간별),2026-10-05T01:15
PH_DUMMY_01,2026-05-14,09:00-10:00,0,0,0,0,0,0,0,0,0,0,0,virtual_dummy.xlsx,L47_일반약 판매(시간별),2026-10-05T01:15
PH_DUMMY_01,2026-05-14,10:00-11:00,1,1,2,3,12000,0,0,2,0,1,0,virtual_dummy.xlsx,L47_일반약 판매(시간별),2026-10-05T01:15
PH_DUMMY_01,2026-05-14,11:00-12:00,1,2,3,7,21403,0,2,1,0,4,0,virtual_dummy.xlsx,L47_일반약 판매(시간별),2026-10-05T01:15
PH_DUMMY_01,2026-05-14,12:00-13:00,2,1,3,4,45617,0,2,1,1,0,0,virtual_dummy.xlsx,L47_일반약 판매(시간별),2026-10-05T01:15
PH_DUMMY_01,2026-05-14,13:00-14:00,0,0,0,0,0,0,0,0,0,0,0,virtual_dummy.xlsx,L47_일반약 판매(시간별),2026-10-05T01:15
PH_DUMMY_01,2026-05-14,14:00-15:00,0,0,0,0,0,0,0,0,0,0,0,virtual_dummy.xlsx,L47_일반약 판매(시간별),2026-10-05T01:15
PH_DUMMY_01,2026-05-14,15:00-16:00,0,0,0,0,0,0,0,0,0,0,0,virtual_dummy.xlsx,L47_일반약 판매(시간별),2026-10-05T01:15
PH_DUMMY_01,2026-05-14,16:00-17:00,1,2,3,8,30796,1,3,1,0,3,0,virtual_dummy.xlsx,L47_일반약 판매(시간별),2026-10-05T01:15
PH_DUMMY_01,2026-05-14,17:00-18:00,1,1,2,5,75617,1,2,0,2,0,0,virtual_dummy.xlsx,L47_일반약 판매(시간별),2026-10-05T01:15
PH_DUMMY_01,2026-05-14,18:00-19:00,3,0,3,6,20517,2,2,0,0,2,0,virtual_dummy.xlsx,L47_일반약 판매(시간별),2026-10-05T01:15
PH_DUMMY_01,2026-05-15,09:00-10:00,3,2,5,7,35420,0,4,2,0,1,0,virtual_dummy.xlsx,L47_일반약 판매(시간별),2026-10-05T01:15
PH_DUMMY_01,2026-05-15,10:00-11:00,0,3,3,5,25517,1,1,0,1,2,0,virtual_dummy.xlsx,L47_일반약 판매(시간별),2026-10-05T01:15
PH_DUMMY_01,2026-05-15,11:00-12:00,2,1,3,5,60200,0,1,1,2,1,0,virtual_dummy.xlsx,L47_일반약 판매(시간별),2026-10-05T01:15
PH_DUMMY_01,2026-05-15,12:00-13:00,1,1,2,3,7317,0,1,0,0,2,0,virtual_dummy.xlsx,L47_일반약 판매(시간별),2026-10-05T01:15
PH_DUMMY_01,2026-05-15,13:00-14:00,3,0,3,5,57027,0,1,1,0,3,0,virtual_dummy.xlsx,L47_일반약 판매(시간별),2026-10-05T01:15
PH_DUMMY_01,2026-05-15,14:00-15:00,4,1,5,9,35172,2,2,2,0,3,0,virtual_dummy.xlsx,L47_일반약 판매(시간별),2026-10-05T01:15
PH_DUMMY_01,2026-05-15,15:00-16:00,2,1,3,6,57993,1,0,3,1,1,0,virtual_dummy.xlsx,L47_일반약 판매(시간별),2026-10-05T01:15
PH_DUMMY_01,2026-05-15,16:00-17:00,2,0,2,4,57644,0,2,0,1,1,0,virtual_dummy.xlsx,L47_일반약 판매(시간별),2026-10-05T01:15
PH_DUMMY_01,2026-05-15,17:00-18:00,1,5,6,12,75013,1,4,1,1,5,0,virtual_dummy.xlsx,L47_일반약 판매(시간별),2026-10-05T01:15
PH_DUMMY_01,2026-05-15,18:00-19:00,3,1,4,7,60303,1,4,0,1,1,0,virtual_dummy.xlsx,L47_일반약 판매(시간별),2026-10-05T01:15
PH_DUMMY_01,2026-05-16,09:00-10:00,2,4,6,8,145572,0,3,0,4,1,0,virtual_dummy.xlsx,L47_일반약 판매(시간별),2026-10-05T01:15
PH_DUMMY_01,2026-05-16,10:00-11:00,0,1,1,1,6000,0,0,1,0,0,0,virtual_dummy.xlsx,L47_일반약 판매(시간별),2026-10-05T01:15
PH_DUMMY_01,2026-05-16,11:00-12:00,0,4,4,6,49700,0,0,2,1,3,0,virtual_dummy.xlsx,L47_일반약 판매(시간별),2026-10-05T01:15
PH_DUMMY_01,2026-05-16,12:00-13:00,1,2,3,4,48000,0,0,3,1,0,0,virtual_dummy.xlsx,L47_일반약 판매(시간별),2026-10-05T01:15
PH_DUMMY_01,2026-05-16,13:00-14:00,1,0,1,1,3000,0,0,1,0,0,0,virtual_dummy.xlsx,L47_일반약 판매(시간별),2026-10-05T01:15
PH_DUMMY_01,2026-05-18,09:00-10:00,0,0,0,0,0,0,0,0,0,0,0,virtual_dummy.xlsx,L47_일반약 판매(시간별),2026-10-05T01:15
PH_DUMMY_01,2026-05-18,10:00-11:00,0,1,1,2,36527,0,0,0,0,2,0,virtual_dummy.xlsx,L47_일반약 판매(시간별),2026-10-05T01:15
PH_DUMMY_01,2026-05-18,11:00-12:00,1,0,1,2,27000,0,0,0,1,1,0,virtual_dummy.xlsx,L47_일반약 판매(시간별),2026-10-05T01:15
PH_DUMMY_01,2026-05-18,12:00-13:00,3,1,4,6,70734,1,2,0,1,2,0,virtual_dummy.xlsx,L47_일반약 판매(시간별),2026-10-05T01:15
PH_DUMMY_01,2026-05-18,13:00-14:00,4,0,4,10,69592,2,3,1,0,4,0,virtual_dummy.xlsx,L47_일반약 판매(시간별),2026-10-05T01:15
PH_DUMMY_01,2026-05-18,14:00-15:00,2,1,3,4,13486,3,0,1,0,0,0,virtual_dummy.xlsx,L47_일반약 판매(시간별),2026-10-05T01:15
PH_DUMMY_01,2026-05-18,15:00-16:00,1,2,3,7,28200,0,1,2,0,4,0,virtual_dummy.xlsx,L47_일반약 판매(시간별),2026-10-05T01:15
PH_DUMMY_01,2026-05-18,16:00-17:00,2,0,2,5,29610,2,1,1,1,0,0,virtual_dummy.xlsx,L47_일반약 판매(시간별),2026-10-05T01:15
PH_DUMMY_01,2026-05-18,17:00-18:00,0,0,0,0,0,0,0,0,0,0,0,virtual_dummy.xlsx,L47_일반약 판매(시간별),2026-10-05T01:15
PH_DUMMY_01,2026-05-18,18:00-19:00,0,0,0,0,0,0,0,0,0,0,0,virtual_dummy.xlsx,L47_일반약 판매(시간별),2026-10-05T01:15
PH_DUMMY_01,2026-05-19,09:00-10:00,0,0,0,0,0,0,0,0,0,0,0,virtual_dummy.xlsx,L47_일반약 판매(시간별),2026-10-05T01:15
PH_DUMMY_01,2026-05-19,10:00-11:00,0,0,0,0,0,0,0,0,0,0,0,virtual_dummy.xlsx,L47_일반약 판매(시간별),2026-10-05T01:15
PH_DUMMY_01,2026-05-19,11:00-12:00,1,2,3,5,43817,1,1,0,1,2,0,virtual_dummy.xlsx,L47_일반약 판매(시간별),2026-10-05T01:15
PH_DUMMY_01,2026-05-19,12:00-13:00,3,0,3,5,16489,0,3,1,0,1,0,virtual_dummy.xlsx,L47_일반약 판매(시간별),2026-10-05T01:15
PH_DUMMY_01,2026-05-19,13:00-14:00,1,1,2,3,40213,0,1,1,0,1,0,virtual_dummy.xlsx,L47_일반약 판매(시간별),2026-10-05T01:15
PH_DUMMY_01,2026-05-19,14:00-15:00,0,0,0,0,0,0,0,0,0,0,0,virtual_dummy.xlsx,L47_일반약 판매(시간별),2026-10-05T01:15
PH_DUMMY_01,2026-05-19,15:00-16:00,2,1,3,6,36186,0,1,2,1,2,0,virtual_dummy.xlsx,L47_일반약 판매(시간별),2026-10-05T01:15
PH_DUMMY_01,2026-05-19,16:00-17:00,0,0,0,0,0,0,0,0,0,0,0,virtual_dummy.xlsx,L47_일반약 판매(시간별),2026-10-05T01:15
PH_DUMMY_01,2026-05-19,17:00-18:00,4,0,4,9,42217,0,3,1,0,5,0,virtual_dummy.xlsx,L47_일반약 판매(시간별),2026-10-05T01:15
PH_DUMMY_01,2026-05-19,18:00-19:00,3,3,6,8,128254,0,0,2,1,5,0,virtual_dummy.xlsx,L47_일반약 판매(시간별),2026-10-05T01:15
PH_DUMMY_01,2026-05-20,09:00-10:00,1,0,1,4,51200,0,0,1,2,1,0,virtual_dummy.xlsx,L47_일반약 판매(시간별),2026-10-05T01:15
PH_DUMMY_01,2026-05-20,10:00-11:00,1,0,1,2,8993,1,0,1,0,0,0,virtual_dummy.xlsx,L47_일반약 판매(시간별),2026-10-05T01:15
PH_DUMMY_01,2026-05-20,11:00-12:00,1,0,1,2,34227,0,0,0,0,2,0,virtual_dummy.xlsx,L47_일반약 판매(시간별),2026-10-05T01:15
PH_DUMMY_01,2026-05-20,12:00-13:00,2,0,2,3,14500,0,1,1,0,1,0,virtual_dummy.xlsx,L47_일반약 판매(시간별),2026-10-05T01:15
PH_DUMMY_01,2026-05-20,13:00-14:00,1,0,1,3,8700,0,0,1,0,2,0,virtual_dummy.xlsx,L47_일반약 판매(시간별),2026-10-05T01:15
PH_DUMMY_01,2026-05-20,14:00-15:00,0,1,1,1,3186,0,1,0,0,0,0,virtual_dummy.xlsx,L47_일반약 판매(시간별),2026-10-05T01:15
PH_DUMMY_01,2026-05-20,15:00-16:00,0,4,4,8,40679,1,1,1,1,4,0,virtual_dummy.xlsx,L47_일반약 판매(시간별),2026-10-05T01:15
PH_DUMMY_01,2026-05-20,16:00-17:00,1,0,1,1,3617,0,1,0,0,0,0,virtual_dummy.xlsx,L47_일반약 판매(시간별),2026-10-05T01:15
PH_DUMMY_01,2026-05-20,17:00-18:00,0,0,0,0,0,0,0,0,0,0,0,virtual_dummy.xlsx,L47_일반약 판매(시간별),2026-10-05T01:15
PH_DUMMY_01,2026-05-20,18:00-19:00,2,0,2,2,10000,0,0,0,0,2,0,virtual_dummy.xlsx,L47_일반약 판매(시간별),2026-10-05T01:15
PH_DUMMY_01,2026-05-21,09:00-10:00,0,0,0,0,0,0,0,0,0,0,0,virtual_dummy.xlsx,L47_일반약 판매(시간별),2026-10-05T01:15
PH_DUMMY_01,2026-05-21,10:00-11:00,0,4,4,6,61844,0,1,1,0,4,0,virtual_dummy.xlsx,L47_일반약 판매(시간별),2026-10-05T01:15
PH_DUMMY_01,2026-05-21,11:00-12:00,1,0,1,1,1200,0,0,0,0,1,0,virtual_dummy.xlsx,L47_일반약 판매(시간별),2026-10-05T01:15
PH_DUMMY_01,2026-05-21,12:00-13:00,2,1,3,6,61303,0,2,2,2,0,0,virtual_dummy.xlsx,L47_일반약 판매(시간별),2026-10-05T01:15
PH_DUMMY_01,2026-05-21,13:00-14:00,0,0,0,0,0,0,0,0,0,0,0,virtual_dummy.xlsx,L47_일반약 판매(시간별),2026-10-05T01:15
PH_DUMMY_01,2026-05-21,14:00-15:00,1,3,4,7,145027,0,0,2,3,2,0,virtual_dummy.xlsx,L47_일반약 판매(시간별),2026-10-05T01:15
PH_DUMMY_01,2026-05-21,15:00-16:00,1,0,1,2,5993,1,0,1,0,0,0,virtual_dummy.xlsx,L47_일반약 판매(시간별),2026-10-05T01:15
PH_DUMMY_01,2026-05-21,16:00-17:00,0,1,1,1,5000,0,0,0,0,1,0,virtual_dummy.xlsx,L47_일반약 판매(시간별),2026-10-05T01:15
PH_DUMMY_01,2026-05-21,17:00-18:00,5,3,8,11,71489,0,5,1,1,4,0,virtual_dummy.xlsx,L47_일반약 판매(시간별),2026-10-05T01:15
PH_DUMMY_01,2026-05-21,18:00-19:00,1,2,3,6,18365,1,2,2,0,1,0,virtual_dummy.xlsx,L47_일반약 판매(시간별),2026-10-05T01:15
PH_DUMMY_01,2026-05-22,09:00-10:00,0,4,4,5,69000,1,1,0,2,1,0,virtual_dummy.xlsx,L47_일반약 판매(시간별),2026-10-05T01:15
PH_DUMMY_01,2026-05-22,10:00-11:00,3,1,4,5,41817,0,1,1,1,2,0,virtual_dummy.xlsx,L47_일반약 판매(시간별),2026-10-05T01:15
PH_DUMMY_01,2026-05-22,11:00-12:00,1,4,5,7,64386,0,1,2,2,2,0,virtual_dummy.xlsx,L47_일반약 판매(시간별),2026-10-05T01:15
PH_DUMMY_01,2026-05-22,12:00-13:00,0,2,2,2,7117,0,1,0,0,1,0,virtual_dummy.xlsx,L47_일반약 판매(시간별),2026-10-05T01:15
PH_DUMMY_01,2026-05-22,13:00-14:00,0,0,0,0,0,0,0,0,0,0,0,virtual_dummy.xlsx,L47_일반약 판매(시간별),2026-10-05T01:15
PH_DUMMY_01,2026-05-22,14:00-15:00,2,0,2,3,11117,0,1,2,0,0,0,virtual_dummy.xlsx,L47_일반약 판매(시간별),2026-10-05T01:15
PH_DUMMY_01,2026-05-22,15:00-16:00,2,2,4,6,50796,1,2,1,1,1,0,virtual_dummy.xlsx,L47_일반약 판매(시간별),2026-10-05T01:15
PH_DUMMY_01,2026-05-22,16:00-17:00,1,2,3,3,42500,0,0,0,1,2,0,virtual_dummy.xlsx,L47_일반약 판매(시간별),2026-10-05T01:15
PH_DUMMY_01,2026-05-22,17:00-18:00,3,1,4,6,34317,0,1,2,1,2,0,virtual_dummy.xlsx,L47_일반약 판매(시간별),2026-10-05T01:15
PH_DUMMY_01,2026-05-22,18:00-19:00,1,0,1,1,2993,1,0,0,0,0,0,virtual_dummy.xlsx,L47_일반약 판매(시간별),2026-10-05T01:15
PH_DUMMY_01,2026-05-23,09:00-10:00,1,3,4,8,67200,1,2,2,1,2,0,virtual_dummy.xlsx,L47_일반약 판매(시간별),2026-10-05T01:15
PH_DUMMY_01,2026-05-23,10:00-11:00,3,1,4,6,71000,1,0,2,2,1,0,virtual_dummy.xlsx,L47_일반약 판매(시간별),2026-10-05T01:15
PH_DUMMY_01,2026-05-23,11:00-12:00,3,1,4,9,65686,2,0,4,1,2,0,virtual_dummy.xlsx,L47_일반약 판매(시간별),2026-10-05T01:15
PH_DUMMY_01,2026-05-23,12:00-13:00,3,3,6,10,78500,0,1,4,1,4,0,virtual_dummy.xlsx,L47_일반약 판매(시간별),2026-10-05T01:15
PH_DUMMY_01,2026-05-23,13:00-14:00,3,1,4,4,69200,0,0,1,2,1,0,virtual_dummy.xlsx,L47_일반약 판매(시간별),2026-10-05T01:15
PH_DUMMY_01,2026-05-26,09:00-10:00,1,0,1,1,35000,0,0,0,1,0,0,virtual_dummy.xlsx,L47_일반약 판매(시간별),2026-10-05T01:15
PH_DUMMY_01,2026-05-26,10:00-11:00,1,4,5,9,36565,1,3,1,0,4,0,virtual_dummy.xlsx,L47_일반약 판매(시간별),2026-10-05T01:15
PH_DUMMY_01,2026-05-26,11:00-12:00,4,4,8,11,116679,1,2,1,2,5,0,virtual_dummy.xlsx,L47_일반약 판매(시간별),2026-10-05T01:15
PH_DUMMY_01,2026-05-26,12:00-13:00,2,1,3,4,24000,2,1,0,0,1,0,virtual_dummy.xlsx,L47_일반약 판매(시간별),2026-10-05T01:15
PH_DUMMY_01,2026-05-26,13:00-14:00,0,0,0,0,0,0,0,0,0,0,0,virtual_dummy.xlsx,L47_일반약 판매(시간별),2026-10-05T01:15
PH_DUMMY_01,2026-05-26,14:00-15:00,2,1,3,4,16000,0,1,1,0,2,0,virtual_dummy.xlsx,L47_일반약 판매(시간별),2026-10-05T01:15
PH_DUMMY_01,2026-05-26,15:00-16:00,1,2,3,4,27500,0,0,1,0,3,0,virtual_dummy.xlsx,L47_일반약 판매(시간별),2026-10-05T01:15
PH_DUMMY_01,2026-05-26,16:00-17:00,2,3,5,10,45700,1,0,2,0,7,0,virtual_dummy.xlsx,L47_일반약 판매(시간별),2026-10-05T01:15
PH_DUMMY_01,2026-05-26,17:00-18:00,2,1,3,4,47117,1,1,0,1,1,0,virtual_dummy.xlsx,L47_일반약 판매(시간별),2026-10-05T01:15
PH_DUMMY_01,2026-05-26,18:00-19:00,2,2,4,8,47920,1,3,1,1,2,0,virtual_dummy.xlsx,L47_일반약 판매(시간별),2026-10-05T01:15
PH_DUMMY_01,2026-05-27,09:00-10:00,2,0,2,5,26186,0,2,2,0,1,0,virtual_dummy.xlsx,L47_일반약 판매(시간별),2026-10-05T01:15
PH_DUMMY_01,2026-05-27,10:00-11:00,0,2,2,3,41617,0,1,0,1,1,0,virtual_dummy.xlsx,L47_일반약 판매(시간별),2026-10-05T01:15
PH_DUMMY_01,2026-05-27,11:00-12:00,1,1,2,3,9872,0,2,1,0,0,0,virtual_dummy.xlsx,L47_일반약 판매(시간별),2026-10-05T01:15
PH_DUMMY_01,2026-05-27,12:00-13:00,1,0,1,2,10200,0,0,0,0,2,0,virtual_dummy.xlsx,L47_일반약 판매(시간별),2026-10-05T01:15
PH_DUMMY_01,2026-05-27,13:00-14:00,0,0,0,0,0,0,0,0,0,0,0,virtual_dummy.xlsx,L47_일반약 판매(시간별),2026-10-05T01:15
PH_DUMMY_01,2026-05-27,14:00-15:00,0,0,0,0,0,0,0,0,0,0,0,virtual_dummy.xlsx,L47_일반약 판매(시간별),2026-10-05T01:15
PH_DUMMY_01,2026-05-27,15:00-16:00,1,0,1,4,17803,0,3,0,0,1,0,virtual_dummy.xlsx,L47_일반약 판매(시간별),2026-10-05T01:15
PH_DUMMY_01,2026-05-27,16:00-17:00,1,1,2,5,75027,0,0,1,1,3,0,virtual_dummy.xlsx,L47_일반약 판매(시간별),2026-10-05T01:15
PH_DUMMY_01,2026-05-27,17:00-18:00,2,1,3,4,16400,0,0,0,0,4,0,virtual_dummy.xlsx,L47_일반약 판매(시간별),2026-10-05T01:15
PH_DUMMY_01,2026-05-27,18:00-19:00,1,0,1,1,8000,0,0,0,0,1,0,virtual_dummy.xlsx,L47_일반약 판매(시간별),2026-10-05T01:15
PH_DUMMY_01,2026-05-28,09:00-10:00,2,0,2,3,11803,0,2,0,0,1,0,virtual_dummy.xlsx,L47_일반약 판매(시간별),2026-10-05T01:15
PH_DUMMY_01,2026-05-28,10:00-11:00,2,0,2,2,27000,0,0,0,1,1,0,virtual_dummy.xlsx,L47_일반약 판매(시간별),2026-10-05T01:15
PH_DUMMY_01,2026-05-28,11:00-12:00,0,0,0,0,0,0,0,0,0,0,0,virtual_dummy.xlsx,L47_일반약 판매(시간별),2026-10-05T01:15
PH_DUMMY_01,2026-05-28,12:00-13:00,0,0,0,0,0,0,0,0,0,0,0,virtual_dummy.xlsx,L47_일반약 판매(시간별),2026-10-05T01:15
PH_DUMMY_01,2026-05-28,13:00-14:00,0,2,2,2,11617,0,1,0,0,1,0,virtual_dummy.xlsx,L47_일반약 판매(시간별),2026-10-05T01:15
PH_DUMMY_01,2026-05-28,14:00-15:00,0,1,1,1,35000,0,0,0,1,0,0,virtual_dummy.xlsx,L47_일반약 판매(시간별),2026-10-05T01:15
PH_DUMMY_01,2026-05-28,15:00-16:00,0,0,0,0,0,0,0,0,0,0,0,virtual_dummy.xlsx,L47_일반약 판매(시간별),2026-10-05T01:15
PH_DUMMY_01,2026-05-28,16:00-17:00,0,0,0,0,0,0,0,0,0,0,0,virtual_dummy.xlsx,L47_일반약 판매(시간별),2026-10-05T01:15
PH_DUMMY_01,2026-05-28,17:00-18:00,4,3,7,9,39086,0,2,1,0,6,0,virtual_dummy.xlsx,L47_일반약 판매(시간별),2026-10-05T01:15
PH_DUMMY_01,2026-05-28,18:00-19:00,1,0,1,1,5000,0,0,0,0,1,0,virtual_dummy.xlsx,L47_일반약 판매(시간별),2026-10-05T01:15
PH_DUMMY_01,2026-05-29,09:00-10:00,2,0,2,4,17000,1,0,2,0,1,0,virtual_dummy.xlsx,L47_일반약 판매(시간별),2026-10-05T01:15
PH_DUMMY_01,2026-05-29,10:00-11:00,1,0,1,1,3000,0,0,1,0,0,0,virtual_dummy.xlsx,L47_일반약 판매(시간별),2026-10-05T01:15
PH_DUMMY_01,2026-05-29,11:00-12:00,3,4,7,11,49196,1,4,1,1,4,0,virtual_dummy.xlsx,L47_일반약 판매(시간별),2026-10-05T01:15
PH_DUMMY_01,2026-05-29,12:00-13:00,2,2,4,4,44686,0,1,2,1,0,0,virtual_dummy.xlsx,L47_일반약 판매(시간별),2026-10-05T01:15
PH_DUMMY_01,2026-05-29,13:00-14:00,0,0,0,0,0,0,0,0,0,0,0,virtual_dummy.xlsx,L47_일반약 판매(시간별),2026-10-05T01:15
PH_DUMMY_01,2026-05-29,14:00-15:00,1,1,2,2,41027,0,0,0,0,2,0,virtual_dummy.xlsx,L47_일반약 판매(시간별),2026-10-05T01:15
PH_DUMMY_01,2026-05-29,15:00-16:00,0,0,0,0,0,0,0,0,0,0,0,virtual_dummy.xlsx,L47_일반약 판매(시간별),2026-10-05T01:15
PH_DUMMY_01,2026-05-29,16:00-17:00,1,0,1,3,40117,1,1,0,1,0,0,virtual_dummy.xlsx,L47_일반약 판매(시간별),2026-10-05T01:15
PH_DUMMY_01,2026-05-29,17:00-18:00,2,1,3,5,76000,1,0,0,2,2,0,virtual_dummy.xlsx,L47_일반약 판매(시간별),2026-10-05T01:15
PH_DUMMY_01,2026-05-29,18:00-19:00,2,0,2,4,15400,0,0,1,0,3,0,virtual_dummy.xlsx,L47_일반약 판매(시간별),2026-10-05T01:15
PH_DUMMY_01,2026-05-30,09:00-10:00,1,2,3,7,23072,1,2,2,0,2,0,virtual_dummy.xlsx,L47_일반약 판매(시간별),2026-10-05T01:15
PH_DUMMY_01,2026-05-30,10:00-11:00,1,0,1,1,3186,0,1,0,0,0,0,virtual_dummy.xlsx,L47_일반약 판매(시간별),2026-10-05T01:15
PH_DUMMY_01,2026-05-30,11:00-12:00,1,5,6,13,58875,3,5,2,0,3,0,virtual_dummy.xlsx,L47_일반약 판매(시간별),2026-10-05T01:15
PH_DUMMY_01,2026-05-30,12:00-13:00,1,0,1,3,38500,1,0,1,1,0,0,virtual_dummy.xlsx,L47_일반약 판매(시간별),2026-10-05T01:15
PH_DUMMY_01,2026-05-30,13:00-14:00,0,0,0,0,0,0,0,0,0,0,0,virtual_dummy.xlsx,L47_일반약 판매(시간별),2026-10-05T01:15
PH_DUMMY_01,2026-06-01,09:00-10:00,0,1,1,1,3186,0,1,0,0,0,0,virtual_dummy.xlsx,L47_일반약 판매(시간별),2026-10-05T01:15
PH_DUMMY_01,2026-06-01,10:00-11:00,1,1,2,3,10817,0,2,0,0,1,0,virtual_dummy.xlsx,L47_일반약 판매(시간별),2026-10-05T01:15
PH_DUMMY_01,2026-06-01,11:00-12:00,3,1,4,6,28700,0,0,2,0,4,0,virtual_dummy.xlsx,L47_일반약 판매(시간별),2026-10-05T01:15
PH_DUMMY_01,2026-06-01,12:00-13:00,0,1,1,1,3617,0,1,0,0,0,0,virtual_dummy.xlsx,L47_일반약 판매(시간별),2026-10-05T01:15
PH_DUMMY_01,2026-06-01,13:00-14:00,1,0,1,1,3617,0,1,0,0,0,0,virtual_dummy.xlsx,L47_일반약 판매(시간별),2026-10-05T01:15
PH_DUMMY_01,2026-06-01,14:00-15:00,0,0,0,0,0,0,0,0,0,0,0,virtual_dummy.xlsx,L47_일반약 판매(시간별),2026-10-05T01:15
PH_DUMMY_01,2026-06-01,15:00-16:00,0,0,0,0,0,0,0,0,0,0,0,virtual_dummy.xlsx,L47_일반약 판매(시간별),2026-10-05T01:15
PH_DUMMY_01,2026-06-01,16:00-17:00,1,1,2,2,5200,0,0,1,0,1,0,virtual_dummy.xlsx,L47_일반약 판매(시간별),2026-10-05T01:15
PH_DUMMY_01,2026-06-01,17:00-18:00,0,0,0,0,0,0,0,0,0,0,0,virtual_dummy.xlsx,L47_일반약 판매(시간별),2026-10-05T01:15
PH_DUMMY_01,2026-06-01,18:00-19:00,0,2,2,2,8186,0,1,0,0,1,0,virtual_dummy.xlsx,L47_일반약 판매(시간별),2026-10-05T01:15
PH_DUMMY_01,2026-06-02,09:00-10:00,2,1,3,5,43317,0,1,1,1,2,0,virtual_dummy.xlsx,L47_일반약 판매(시간별),2026-10-05T01:15
PH_DUMMY_01,2026-06-02,10:00-11:00,1,4,5,7,59817,0,2,1,1,3,0,virtual_dummy.xlsx,L47_일반약 판매(시간별),2026-10-05T01:15
PH_DUMMY_01,2026-06-02,11:00-12:00,2,1,3,5,54713,1,1,0,0,3,0,virtual_dummy.xlsx,L47_일반약 판매(시간별),2026-10-05T01:15
PH_DUMMY_01,2026-06-02,12:00-13:00,1,2,3,4,18017,0,1,0,0,3,0,virtual_dummy.xlsx,L47_일반약 판매(시간별),2026-10-05T01:15
PH_DUMMY_01,2026-06-02,13:00-14:00,2,0,2,2,8617,0,1,0,0,1,0,virtual_dummy.xlsx,L47_일반약 판매(시간별),2026-10-05T01:15
PH_DUMMY_01,2026-06-02,14:00-15:00,1,5,6,9,31086,1,3,1,0,4,0,virtual_dummy.xlsx,L47_일반약 판매(시간별),2026-10-05T01:15
PH_DUMMY_01,2026-06-02,15:00-16:00,1,1,2,4,48617,0,2,0,1,1,0,virtual_dummy.xlsx,L47_일반약 판매(시간별),2026-10-05T01:15
PH_DUMMY_01,2026-06-02,16:00-17:00,0,1,1,1,33027,0,0,0,0,1,0,virtual_dummy.xlsx,L47_일반약 판매(시간별),2026-10-05T01:15
PH_DUMMY_01,2026-06-02,17:00-18:00,0,0,0,0,0,0,0,0,0,0,0,virtual_dummy.xlsx,L47_일반약 판매(시간별),2026-10-05T01:15
PH_DUMMY_01,2026-06-02,18:00-19:00,4,0,4,8,28503,0,3,2,0,3,0,virtual_dummy.xlsx,L47_일반약 판매(시간별),2026-10-05T01:15
PH_DUMMY_01,2026-06-04,09:00-10:00,1,1,2,4,42617,0,2,1,1,0,0,virtual_dummy.xlsx,L47_일반약 판매(시간별),2026-10-05T01:15
PH_DUMMY_01,2026-06-04,10:00-11:00,0,2,2,2,6179,1,1,0,0,0,0,virtual_dummy.xlsx,L47_일반약 판매(시간별),2026-10-05T01:15
PH_DUMMY_01,2026-06-04,11:00-12:00,1,1,2,3,33700,0,0,0,1,2,0,virtual_dummy.xlsx,L47_일반약 판매(시간별),2026-10-05T01:15
PH_DUMMY_01,2026-06-04,12:00-13:00,2,4,6,13,101186,1,4,2,1,5,0,virtual_dummy.xlsx,L47_일반약 판매(시간별),2026-10-05T01:15
PH_DUMMY_01,2026-06-04,13:00-14:00,1,0,1,1,3617,0,1,0,0,0,0,virtual_dummy.xlsx,L47_일반약 판매(시간별),2026-10-05T01:15
PH_DUMMY_01,2026-06-04,14:00-15:00,0,0,0,0,0,0,0,0,0,0,0,virtual_dummy.xlsx,L47_일반약 판매(시간별),2026-10-05T01:15
PH_DUMMY_01,2026-06-04,15:00-16:00,3,0,3,6,81686,2,1,1,2,0,0,virtual_dummy.xlsx,L47_일반약 판매(시간별),2026-10-05T01:15
PH_DUMMY_01,2026-06-04,16:00-17:00,1,3,4,6,76644,1,1,1,1,2,0,virtual_dummy.xlsx,L47_일반약 판매(시간별),2026-10-05T01:15
PH_DUMMY_01,2026-06-04,17:00-18:00,2,4,6,6,23000,0,0,3,0,3,0,virtual_dummy.xlsx,L47_일반약 판매(시간별),2026-10-05T01:15
PH_DUMMY_01,2026-06-04,18:00-19:00,1,2,3,6,58617,0,1,2,1,2,0,virtual_dummy.xlsx,L47_일반약 판매(시간별),2026-10-05T01:15
PH_DUMMY_01,2026-06-05,09:00-10:00,0,1,1,2,2400,0,0,0,0,2,0,virtual_dummy.xlsx,L47_일반약 판매(시간별),2026-10-05T01:15
PH_DUMMY_01,2026-06-05,10:00-11:00,0,1,1,2,18500,0,0,1,1,0,0,virtual_dummy.xlsx,L47_일반약 판매(시간별),2026-10-05T01:15
PH_DUMMY_01,2026-06-05,11:00-12:00,0,3,3,6,53110,2,1,2,1,0,0,virtual_dummy.xlsx,L47_일반약 판매(시간별),2026-10-05T01:15
PH_DUMMY_01,2026-06-05,12:00-13:00,1,1,2,5,23386,0,2,0,0,3,0,virtual_dummy.xlsx,L47_일반약 판매(시간별),2026-10-05T01:15
PH_DUMMY_01,2026-06-05,13:00-14:00,1,2,3,6,80686,1,1,1,2,1,0,virtual_dummy.xlsx,L47_일반약 판매(시간별),2026-10-05T01:15
PH_DUMMY_01,2026-06-05,14:00-15:00,3,0,3,5,40379,1,1,1,1,1,0,virtual_dummy.xlsx,L47_일반약 판매(시간별),2026-10-05T01:15
PH_DUMMY_01,2026-06-05,15:00-16:00,0,2,2,3,7700,0,0,1,0,2,0,virtual_dummy.xlsx,L47_일반약 판매(시간별),2026-10-05T01:15
PH_DUMMY_01,2026-06-05,16:00-17:00,2,0,2,2,4386,0,1,0,0,1,0,virtual_dummy.xlsx,L47_일반약 판매(시간별),2026-10-05T01:15
PH_DUMMY_01,2026-06-05,17:00-18:00,2,0,2,2,3700,0,0,0,0,2,0,virtual_dummy.xlsx,L47_일반약 판매(시간별),2026-10-05T01:15
PH_DUMMY_01,2026-06-05,18:00-19:00,0,0,0,0,0,0,0,0,0,0,0,virtual_dummy.xlsx,L47_일반약 판매(시간별),2026-10-05T01:15
PH_DUMMY_01,2026-06-08,09:00-10:00,2,0,2,3,8200,0,0,2,0,1,0,virtual_dummy.xlsx,L47_일반약 판매(시간별),2026-10-05T01:15
PH_DUMMY_01,2026-06-08,10:00-11:00,0,3,3,4,54000,1,0,0,2,1,0,virtual_dummy.xlsx,L47_일반약 판매(시간별),2026-10-05T01:15
PH_DUMMY_01,2026-06-08,11:00-12:00,1,1,2,4,11379,1,1,1,0,1,0,virtual_dummy.xlsx,L47_일반약 판매(시간별),2026-10-05T01:15
PH_DUMMY_01,2026-06-08,12:00-13:00,1,1,2,3,46000,0,0,1,1,1,0,virtual_dummy.xlsx,L47_일반약 판매(시간별),2026-10-05T01:15
PH_DUMMY_01,2026-06-08,13:00-14:00,1,1,2,2,7686,1,1,0,0,0,0,virtual_dummy.xlsx,L47_일반약 판매(시간별),2026-10-05T01:15
PH_DUMMY_01,2026-06-08,14:00-15:00,0,1,1,2,9200,0,0,0,0,2,0,virtual_dummy.xlsx,L47_일반약 판매(시간별),2026-10-05T01:15
PH_DUMMY_01,2026-06-08,15:00-16:00,7,0,7,9,51393,1,0,3,1,4,0,virtual_dummy.xlsx,L47_일반약 판매(시간별),2026-10-05T01:15
PH_DUMMY_01,2026-06-08,16:00-17:00,2,0,2,3,11200,0,0,1,0,2,0,virtual_dummy.xlsx,L47_일반약 판매(시간별),2026-10-05T01:15
PH_DUMMY_01,2026-06-08,17:00-18:00,2,3,5,10,101434,0,3,2,2,3,0,virtual_dummy.xlsx,L47_일반약 판매(시간별),2026-10-05T01:15
PH_DUMMY_01,2026-06-08,18:00-19:00,4,1,5,11,32786,2,1,2,0,6,0,virtual_dummy.xlsx,L47_일반약 판매(시간별),2026-10-05T01:15
PH_DUMMY_01,2026-06-09,09:00-10:00,0,3,3,5,25193,1,0,0,1,3,0,virtual_dummy.xlsx,L47_일반약 판매(시간별),2026-10-05T01:15
PH_DUMMY_01,2026-06-09,10:00-11:00,0,0,0,0,0,0,0,0,0,0,0,virtual_dummy.xlsx,L47_일반약 판매(시간별),2026-10-05T01:15
PH_DUMMY_01,2026-06-09,11:00-12:00,2,1,3,3,44000,0,1,1,1,0,0,virtual_dummy.xlsx,L47_일반약 판매(시간별),2026-10-05T01:15
PH_DUMMY_01,2026-06-09,12:00-13:00,1,3,4,9,60586,1,1,1,1,5,0,virtual_dummy.xlsx,L47_일반약 판매(시간별),2026-10-05T01:15
PH_DUMMY_01,2026-06-09,13:00-14:00,0,1,1,1,3186,0,1,0,0,0,0,virtual_dummy.xlsx,L47_일반약 판매(시간별),2026-10-05T01:15
PH_DUMMY_01,2026-06-09,14:00-15:00,1,0,1,2,9000,0,0,1,0,1,0,virtual_dummy.xlsx,L47_일반약 판매(시간별),2026-10-05T01:15
PH_DUMMY_01,2026-06-09,15:00-16:00,1,0,1,1,3000,0,0,1,0,0,0,virtual_dummy.xlsx,L47_일반약 판매(시간별),2026-10-05T01:15
PH_DUMMY_01,2026-06-09,16:00-17:00,4,0,4,6,57586,0,1,0,1,4,0,virtual_dummy.xlsx,L47_일반약 판매(시간별),2026-10-05T01:15
PH_DUMMY_01,2026-06-09,17:00-18:00,1,1,2,3,8386,0,1,1,0,1,0,virtual_dummy.xlsx,L47_일반약 판매(시간별),2026-10-05T01:15
PH_DUMMY_01,2026-06-09,18:00-19:00,2,1,3,6,51227,1,0,2,0,3,0,virtual_dummy.xlsx,L47_일반약 판매(시간별),2026-10-05T01:15
PH_DUMMY_01,2026-06-10,09:00-10:00,0,0,0,0,0,0,0,0,0,0,0,virtual_dummy.xlsx,L47_일반약 판매(시간별),2026-10-05T01:15
PH_DUMMY_01,2026-06-10,10:00-11:00,2,0,2,2,18000,0,0,1,1,0,0,virtual_dummy.xlsx,L47_일반약 판매(시간별),2026-10-05T01:15
PH_DUMMY_01,2026-06-10,11:00-12:00,0,1,1,1,30000,0,0,0,1,0,0,virtual_dummy.xlsx,L47_일반약 판매(시간별),2026-10-05T01:15
PH_DUMMY_01,2026-06-10,12:00-13:00,0,1,1,1,30000,0,0,0,1,0,0,virtual_dummy.xlsx,L47_일반약 판매(시간별),2026-10-05T01:15
PH_DUMMY_01,2026-06-10,13:00-14:00,3,0,3,6,29893,1,1,0,1,3,0,virtual_dummy.xlsx,L47_일반약 판매(시간별),2026-10-05T01:15
PH_DUMMY_01,2026-06-10,14:00-15:00,0,0,0,0,0,0,0,0,0,0,0,virtual_dummy.xlsx,L47_일반약 판매(시간별),2026-10-05T01:15
PH_DUMMY_01,2026-06-10,15:00-16:00,0,0,0,0,0,0,0,0,0,0,0,virtual_dummy.xlsx,L47_일반약 판매(시간별),2026-10-05T01:15
PH_DUMMY_01,2026-06-10,16:00-17:00,3,2,5,13,73903,0,2,1,1,9,0,virtual_dummy.xlsx,L47_일반약 판매(시간별),2026-10-05T01:15
PH_DUMMY_01,2026-06-10,17:00-18:00,1,0,1,2,9617,0,1,1,0,0,0,virtual_dummy.xlsx,L47_일반약 판매(시간별),2026-10-05T01:15
PH_DUMMY_01,2026-06-10,18:00-19:00,0,0,0,0,0,0,0,0,0,0,0,virtual_dummy.xlsx,L47_일반약 판매(시간별),2026-10-05T01:15
PH_DUMMY_01,2026-06-11,09:00-10:00,1,0,1,2,4200,0,0,1,0,1,0,virtual_dummy.xlsx,L47_일반약 판매(시간별),2026-10-05T01:15
PH_DUMMY_01,2026-06-11,10:00-11:00,0,1,1,1,8000,0,0,0,0,1,0,virtual_dummy.xlsx,L47_일반약 판매(시간별),2026-10-05T01:15
PH_DUMMY_01,2026-06-11,11:00-12:00,1,1,2,4,23500,0,0,1,0,3,0,virtual_dummy.xlsx,L47_일반약 판매(시간별),2026-10-05T01:15
PH_DUMMY_01,2026-06-11,12:00-13:00,0,2,2,4,21700,0,0,1,0,3,0,virtual_dummy.xlsx,L47_일반약 판매(시간별),2026-10-05T01:15
PH_DUMMY_01,2026-06-11,13:00-14:00,1,0,1,1,5000,0,0,0,0,1,0,virtual_dummy.xlsx,L47_일반약 판매(시간별),2026-10-05T01:15
PH_DUMMY_01,2026-06-11,14:00-15:00,0,2,2,2,6686,0,1,0,0,1,0,virtual_dummy.xlsx,L47_일반약 판매(시간별),2026-10-05T01:15
PH_DUMMY_01,2026-06-11,15:00-16:00,1,1,2,2,10000,0,0,2,0,0,0,virtual_dummy.xlsx,L47_일반약 판매(시간별),2026-10-05T01:15
PH_DUMMY_01,2026-06-11,16:00-17:00,1,0,1,1,4500,1,0,0,0,0,0,virtual_dummy.xlsx,L47_일반약 판매(시간별),2026-10-05T01:15
PH_DUMMY_01,2026-06-11,17:00-18:00,0,0,0,0,0,0,0,0,0,0,0,virtual_dummy.xlsx,L47_일반약 판매(시간별),2026-10-05T01:15
PH_DUMMY_01,2026-06-11,18:00-19:00,3,0,3,3,16500,0,1,0,0,2,0,virtual_dummy.xlsx,L47_일반약 판매(시간별),2026-10-05T01:15
PH_DUMMY_01,2026-06-12,09:00-10:00,0,0,0,0,0,0,0,0,0,0,0,virtual_dummy.xlsx,L47_일반약 판매(시간별),2026-10-05T01:15
PH_DUMMY_01,2026-06-12,10:00-11:00,1,0,1,4,29617,0,2,0,1,1,0,virtual_dummy.xlsx,L47_일반약 판매(시간별),2026-10-05T01:15
PH_DUMMY_01,2026-06-12,11:00-12:00,1,2,3,4,50700,1,0,0,2,1,0,virtual_dummy.xlsx,L47_일반약 판매(시간별),2026-10-05T01:15
PH_DUMMY_01,2026-06-12,12:00-13:00,1,0,1,1,4000,1,0,0,0,0,0,virtual_dummy.xlsx,L47_일반약 판매(시간별),2026-10-05T01:15
PH_DUMMY_01,2026-06-12,13:00-14:00,1,0,1,1,1200,0,0,0,0,1,0,virtual_dummy.xlsx,L47_일반약 판매(시간별),2026-10-05T01:15
PH_DUMMY_01,2026-06-12,14:00-15:00,0,1,1,3,40200,0,0,1,1,1,0,virtual_dummy.xlsx,L47_일반약 판매(시간별),2026-10-05T01:15
PH_DUMMY_01,2026-06-12,15:00-16:00,0,0,0,0,0,0,0,0,0,0,0,virtual_dummy.xlsx,L47_일반약 판매(시간별),2026-10-05T01:15
PH_DUMMY_01,2026-06-12,16:00-17:00,1,1,2,6,60617,0,1,2,1,2,0,virtual_dummy.xlsx,L47_일반약 판매(시간별),2026-10-05T01:15
PH_DUMMY_01,2026-06-12,17:00-18:00,1,1,2,4,52413,0,1,0,1,2,0,virtual_dummy.xlsx,L47_일반약 판매(시간별),2026-10-05T01:15
PH_DUMMY_01,2026-06-12,18:00-19:00,1,1,2,2,5200,0,0,1,0,1,0,virtual_dummy.xlsx,L47_일반약 판매(시간별),2026-10-05T01:15
PH_DUMMY_01,2026-06-13,09:00-10:00,2,4,6,11,100117,0,1,5,2,3,0,virtual_dummy.xlsx,L47_일반약 판매(시간별),2026-10-05T01:15
PH_DUMMY_01,2026-06-13,10:00-11:00,2,3,5,8,116227,1,1,2,2,2,0,virtual_dummy.xlsx,L47_일반약 판매(시간별),2026-10-05T01:15
PH_DUMMY_01,2026-06-13,11:00-12:00,1,0,1,2,13500,1,0,0,0,1,0,virtual_dummy.xlsx,L47_일반약 판매(시간별),2026-10-05T01:15
PH_DUMMY_01,2026-06-13,12:00-13:00,3,2,5,9,96193,1,2,1,2,3,0,virtual_dummy.xlsx,L47_일반약 판매(시간별),2026-10-05T01:15
PH_DUMMY_01,2026-06-13,13:00-14:00,0,0,0,0,0,0,0,0,0,0,0,virtual_dummy.xlsx,L47_일반약 판매(시간별),2026-10-05T01:15
PH_DUMMY_01,2026-06-15,09:00-10:00,0,0,0,0,0,0,0,0,0,0,0,virtual_dummy.xlsx,L47_일반약 판매(시간별),2026-10-05T01:15
PH_DUMMY_01,2026-06-15,10:00-11:00,0,4,4,6,59027,2,0,1,0,3,0,virtual_dummy.xlsx,L47_일반약 판매(시간별),2026-10-05T01:15
PH_DUMMY_01,2026-06-15,11:00-12:00,2,1,3,5,16886,0,1,2,0,2,0,virtual_dummy.xlsx,L47_일반약 판매(시간별),2026-10-05T01:15
PH_DUMMY_01,2026-06-15,12:00-13:00,1,1,2,4,7893,1,0,0,0,3,0,virtual_dummy.xlsx,L47_일반약 판매(시간별),2026-10-05T01:15
PH_DUMMY_01,2026-06-15,13:00-14:00,1,2,3,4,22572,0,2,0,1,1,0,virtual_dummy.xlsx,L47_일반약 판매(시간별),2026-10-05T01:15
PH_DUMMY_01,2026-06-15,14:00-15:00,1,1,2,5,78617,0,2,1,2,0,0,virtual_dummy.xlsx,L47_일반약 판매(시간별),2026-10-05T01:15
PH_DUMMY_01,2026-06-15,15:00-16:00,0,0,0,0,0,0,0,0,0,0,0,virtual_dummy.xlsx,L47_일반약 판매(시간별),2026-10-05T01:15
PH_DUMMY_01,2026-06-15,16:00-17:00,1,0,1,1,33027,0,0,0,0,1,0,virtual_dummy.xlsx,L47_일반약 판매(시간별),2026-10-05T01:15
PH_DUMMY_01,2026-06-15,17:00-18:00,0,0,0,0,0,0,0,0,0,0,0,virtual_dummy.xlsx,L47_일반약 판매(시간별),2026-10-05T01:15
PH_DUMMY_01,2026-06-15,18:00-19:00,1,0,1,1,3000,0,0,1,0,0,0,virtual_dummy.xlsx,L47_일반약 판매(시간별),2026-10-05T01:15
PH_DUMMY_01,2026-06-16,09:00-10:00,1,0,1,2,4817,0,1,0,0,1,0,virtual_dummy.xlsx,L47_일반약 판매(시간별),2026-10-05T01:15
PH_DUMMY_01,2026-06-16,10:00-11:00,1,2,3,3,24617,0,2,0,1,0,0,virtual_dummy.xlsx,L47_일반약 판매(시간별),2026-10-05T01:15
PH_DUMMY_01,2026-06-16,11:00-12:00,3,1,4,5,29234,0,2,1,1,1,0,virtual_dummy.xlsx,L47_일반약 판매(시간별),2026-10-05T01:15
PH_DUMMY_01,2026-06-16,12:00-13:00,4,0,4,7,80503,1,2,1,2,1,0,virtual_dummy.xlsx,L47_일반약 판매(시간별),2026-10-05T01:15
PH_DUMMY_01,2026-06-16,13:00-14:00,1,0,1,1,15000,0,0,0,1,0,0,virtual_dummy.xlsx,L47_일반약 판매(시간별),2026-10-05T01:15
PH_DUMMY_01,2026-06-16,14:00-15:00,2,1,3,4,24372,0,2,1,1,0,0,virtual_dummy.xlsx,L47_일반약 판매(시간별),2026-10-05T01:15
PH_DUMMY_01,2026-06-16,15:00-16:00,1,4,5,6,85186,0,2,1,2,1,0,virtual_dummy.xlsx,L47_일반약 판매(시간별),2026-10-05T01:15
PH_DUMMY_01,2026-06-16,16:00-17:00,2,1,3,5,44003,0,2,1,1,1,0,virtual_dummy.xlsx,L47_일반약 판매(시간별),2026-10-05T01:15
PH_DUMMY_01,2026-06-16,17:00-18:00,1,1,2,3,13500,0,0,1,0,2,0,virtual_dummy.xlsx,L47_일반약 판매(시간별),2026-10-05T01:15
PH_DUMMY_01,2026-06-16,18:00-19:00,1,0,1,3,10993,1,0,2,0,0,0,virtual_dummy.xlsx,L47_일반약 판매(시간별),2026-10-05T01:15
PH_DUMMY_01,2026-06-17,09:00-10:00,1,0,1,4,22186,2,0,0,1,1,0,virtual_dummy.xlsx,L47_일반약 판매(시간별),2026-10-05T01:15
PH_DUMMY_01,2026-06-17,10:00-11:00,0,0,0,0,0,0,0,0,0,0,0,virtual_dummy.xlsx,L47_일반약 판매(시간별),2026-10-05T01:15
PH_DUMMY_01,2026-06-17,11:00-12:00,2,1,3,4,15493,1,1,1,0,1,0,virtual_dummy.xlsx,L47_일반약 판매(시간별),2026-10-05T01:15
PH_DUMMY_01,2026-06-17,12:00-13:00,2,1,3,4,10758,0,3,0,0,1,0,virtual_dummy.xlsx,L47_일반약 판매(시간별),2026-10-05T01:15
PH_DUMMY_01,2026-06-17,13:00-14:00,0,2,2,2,7200,0,1,0,0,1,0,virtual_dummy.xlsx,L47_일반약 판매(시간별),2026-10-05T01:15
PH_DUMMY_01,2026-06-17,14:00-15:00,2,1,3,5,15200,1,0,3,0,1,0,virtual_dummy.xlsx,L47_일반약 판매(시간별),2026-10-05T01:15
PH_DUMMY_01,2026-06-17,15:00-16:00,0,0,0,0,0,0,0,0,0,0,0,virtual_dummy.xlsx,L47_일반약 판매(시간별),2026-10-05T01:15
PH_DUMMY_01,2026-06-17,16:00-17:00,0,0,0,0,0,0,0,0,0,0,0,virtual_dummy.xlsx,L47_일반약 판매(시간별),2026-10-05T01:15
PH_DUMMY_01,2026-06-17,17:00-18:00,2,0,2,3,98027,0,0,0,2,1,0,virtual_dummy.xlsx,L47_일반약 판매(시간별),2026-10-05T01:15
PH_DUMMY_01,2026-06-17,18:00-19:00,4,0,4,8,30796,1,2,1,0,4,0,virtual_dummy.xlsx,L47_일반약 판매(시간별),2026-10-05T01:15
PH_DUMMY_01,2026-06-18,09:00-10:00,1,1,2,2,5993,1,0,1,0,0,0,virtual_dummy.xlsx,L47_일반약 판매(시간별),2026-10-05T01:15
PH_DUMMY_01,2026-06-18,10:00-11:00,0,0,0,0,0,0,0,0,0,0,0,virtual_dummy.xlsx,L47_일반약 판매(시간별),2026-10-05T01:15
PH_DUMMY_01,2026-06-18,11:00-12:00,1,1,2,3,15000,0,0,1,0,2,0,virtual_dummy.xlsx,L47_일반약 판매(시간별),2026-10-05T01:15
PH_DUMMY_01,2026-06-18,12:00-13:00,1,3,4,5,50610,1,1,0,1,2,0,virtual_dummy.xlsx,L47_일반약 판매(시간별),2026-10-05T01:15
PH_DUMMY_01,2026-06-18,13:00-14:00,0,0,0,0,0,0,0,0,0,0,0,virtual_dummy.xlsx,L47_일반약 판매(시간별),2026-10-05T01:15
PH_DUMMY_01,2026-06-18,14:00-15:00,1,0,1,2,12000,0,1,1,0,0,0,virtual_dummy.xlsx,L47_일반약 판매(시간별),2026-10-05T01:15
PH_DUMMY_01,2026-06-18,15:00-16:00,0,1,1,1,3186,0,1,0,0,0,0,virtual_dummy.xlsx,L47_일반약 판매(시간별),2026-10-05T01:15
PH_DUMMY_01,2026-06-18,16:00-17:00,2,0,2,3,11000,1,0,1,0,1,0,virtual_dummy.xlsx,L47_일반약 판매(시간별),2026-10-05T01:15
PH_DUMMY_01,2026-06-18,17:00-18:00,0,0,0,0,0,0,0,0,0,0,0,virtual_dummy.xlsx,L47_일반약 판매(시간별),2026-10-05T01:15
PH_DUMMY_01,2026-06-18,18:00-19:00,0,0,0,0,0,0,0,0,0,0,0,virtual_dummy.xlsx,L47_일반약 판매(시간별),2026-10-05T01:15
PH_DUMMY_01,2026-06-19,09:00-10:00,0,0,0,0,0,0,0,0,0,0,0,virtual_dummy.xlsx,L47_일반약 판매(시간별),2026-10-05T01:15
PH_DUMMY_01,2026-06-19,10:00-11:00,1,2,3,6,23003,0,2,2,0,2,0,virtual_dummy.xlsx,L47_일반약 판매(시간별),2026-10-05T01:15
PH_DUMMY_01,2026-06-19,11:00-12:00,1,0,1,1,3617,0,1,0,0,0,0,virtual_dummy.xlsx,L47_일반약 판매(시간별),2026-10-05T01:15
PH_DUMMY_01,2026-06-19,12:00-13:00,1,2,3,6,31200,2,0,2,1,1,0,virtual_dummy.xlsx,L47_일반약 판매(시간별),2026-10-05T01:15
PH_DUMMY_01,2026-06-19,13:00-14:00,1,0,1,1,2500,0,0,0,0,1,0,virtual_dummy.xlsx,L47_일반약 판매(시간별),2026-10-05T01:15
PH_DUMMY_01,2026-06-19,14:00-15:00,0,0,0,0,0,0,0,0,0,0,0,virtual_dummy.xlsx,L47_일반약 판매(시간별),2026-10-05T01:15
PH_DUMMY_01,2026-06-19,15:00-16:00,0,0,0,0,0,0,0,0,0,0,0,virtual_dummy.xlsx,L47_일반약 판매(시간별),2026-10-05T01:15
PH_DUMMY_01,2026-06-19,16:00-17:00,1,0,1,1,1200,0,0,0,0,1,0,virtual_dummy.xlsx,L47_일반약 판매(시간별),2026-10-05T01:15
PH_DUMMY_01,2026-06-19,17:00-18:00,0,1,1,1,2993,1,0,0,0,0,0,virtual_dummy.xlsx,L47_일반약 판매(시간별),2026-10-05T01:15
PH_DUMMY_01,2026-06-19,18:00-19:00,2,0,2,2,15000,0,0,0,0,2,0,virtual_dummy.xlsx,L47_일반약 판매(시간별),2026-10-05T01:15
PH_DUMMY_01,2026-06-20,09:00-10:00,0,0,0,0,0,0,0,0,0,0,0,virtual_dummy.xlsx,L47_일반약 판매(시간별),2026-10-05T01:15
PH_DUMMY_01,2026-06-20,10:00-11:00,3,1,4,6,36679,1,2,0,0,3,0,virtual_dummy.xlsx,L47_일반약 판매(시간별),2026-10-05T01:15
PH_DUMMY_01,2026-06-20,11:00-12:00,1,0,1,1,5000,0,0,0,0,1,0,virtual_dummy.xlsx,L47_일반약 판매(시간별),2026-10-05T01:15
PH_DUMMY_01,2026-06-20,12:00-13:00,4,0,4,6,19168,1,4,1,0,0,0,virtual_dummy.xlsx,L47_일반약 판매(시간별),2026-10-05T01:15
PH_DUMMY_01,2026-06-20,13:00-14:00,1,1,2,2,3700,0,0,0,0,2,0,virtual_dummy.xlsx,L47_일반약 판매(시간별),2026-10-05T01:15
PH_DUMMY_01,2026-06-22,09:00-10:00,1,2,3,6,22379,1,3,1,0,1,0,virtual_dummy.xlsx,L47_일반약 판매(시간별),2026-10-05T01:15
PH_DUMMY_01,2026-06-22,10:00-11:00,2,1,3,5,17186,0,2,1,0,2,0,virtual_dummy.xlsx,L47_일반약 판매(시간별),2026-10-05T01:15
PH_DUMMY_01,2026-06-22,11:00-12:00,2,1,3,4,15679,1,2,0,0,1,0,virtual_dummy.xlsx,L47_일반약 판매(시간별),2026-10-05T01:15
PH_DUMMY_01,2026-06-22,12:00-13:00,1,0,1,2,5700,1,0,0,0,1,0,virtual_dummy.xlsx,L47_일반약 판매(시간별),2026-10-05T01:15
PH_DUMMY_01,2026-06-22,13:00-14:00,2,0,2,6,62179,1,1,0,1,3,0,virtual_dummy.xlsx,L47_일반약 판매(시간별),2026-10-05T01:15
PH_DUMMY_01,2026-06-22,14:00-15:00,3,0,3,6,71500,0,0,2,2,2,0,virtual_dummy.xlsx,L47_일반약 판매(시간별),2026-10-05T01:15
PH_DUMMY_01,2026-06-22,15:00-16:00,1,2,3,4,16200,0,0,3,0,1,0,virtual_dummy.xlsx,L47_일반약 판매(시간별),2026-10-05T01:15
PH_DUMMY_01,2026-06-22,16:00-17:00,0,3,3,4,40817,0,1,1,1,1,0,virtual_dummy.xlsx,L47_일반약 판매(시간별),2026-10-05T01:15
PH_DUMMY_01,2026-06-22,17:00-18:00,1,2,3,3,13500,0,1,2,0,0,0,virtual_dummy.xlsx,L47_일반약 판매(시간별),2026-10-05T01:15
PH_DUMMY_01,2026-06-22,18:00-19:00,1,2,3,4,41527,0,0,2,0,2,0,virtual_dummy.xlsx,L47_일반약 판매(시간별),2026-10-05T01:15
PH_DUMMY_01,2026-06-23,09:00-10:00,1,0,1,1,32000,0,0,0,1,0,0,virtual_dummy.xlsx,L47_일반약 판매(시간별),2026-10-05T01:15
PH_DUMMY_01,2026-06-23,10:00-11:00,0,2,2,2,34500,1,0,0,1,0,0,virtual_dummy.xlsx,L47_일반약 판매(시간별),2026-10-05T01:15
PH_DUMMY_01,2026-06-23,11:00-12:00,0,1,1,1,9000,0,0,0,0,1,0,virtual_dummy.xlsx,L47_일반약 판매(시간별),2026-10-05T01:15
PH_DUMMY_01,2026-06-23,12:00-13:00,1,0,1,2,6803,0,2,0,0,0,0,virtual_dummy.xlsx,L47_일반약 판매(시간별),2026-10-05T01:15
PH_DUMMY_01,2026-06-23,13:00-14:00,2,0,2,2,8500,1,0,1,0,0,0,virtual_dummy.xlsx,L47_일반약 판매(시간별),2026-10-05T01:15
PH_DUMMY_01,2026-06-23,14:00-15:00,0,1,1,2,6493,1,0,1,0,0,0,virtual_dummy.xlsx,L47_일반약 판매(시간별),2026-10-05T01:15
PH_DUMMY_01,2026-06-23,15:00-16:00,4,0,4,7,115400,0,0,1,3,3,0,virtual_dummy.xlsx,L47_일반약 판매(시간별),2026-10-05T01:15
PH_DUMMY_01,2026-06-23,16:00-17:00,1,0,1,2,9617,0,1,1,0,0,0,virtual_dummy.xlsx,L47_일반약 판매(시간별),2026-10-05T01:15
PH_DUMMY_01,2026-06-23,17:00-18:00,2,0,2,2,5993,1,0,1,0,0,0,virtual_dummy.xlsx,L47_일반약 판매(시간별),2026-10-05T01:15
PH_DUMMY_01,2026-06-23,18:00-19:00,0,0,0,0,0,0,0,0,0,0,0,virtual_dummy.xlsx,L47_일반약 판매(시간별),2026-10-05T01:15
PH_DUMMY_01,2026-06-24,09:00-10:00,1,0,1,3,12000,0,0,1,0,2,0,virtual_dummy.xlsx,L47_일반약 판매(시간별),2026-10-05T01:15
PH_DUMMY_01,2026-06-24,10:00-11:00,0,0,0,0,0,0,0,0,0,0,0,virtual_dummy.xlsx,L47_일반약 판매(시간별),2026-10-05T01:15
PH_DUMMY_01,2026-06-24,11:00-12:00,2,1,3,4,97993,1,0,0,3,0,0,virtual_dummy.xlsx,L47_일반약 판매(시간별),2026-10-05T01:15
PH_DUMMY_01,2026-06-24,12:00-13:00,1,0,1,2,36200,0,0,0,1,1,0,virtual_dummy.xlsx,L47_일반약 판매(시간별),2026-10-05T01:15
PH_DUMMY_01,2026-06-24,13:00-14:00,0,0,0,0,0,0,0,0,0,0,0,virtual_dummy.xlsx,L47_일반약 판매(시간별),2026-10-05T01:15
PH_DUMMY_01,2026-06-24,14:00-15:00,0,1,1,1,1200,0,0,0,0,1,0,virtual_dummy.xlsx,L47_일반약 판매(시간별),2026-10-05T01:15
PH_DUMMY_01,2026-06-24,15:00-16:00,2,0,2,5,17934,0,3,0,0,2,0,virtual_dummy.xlsx,L47_일반약 판매(시간별),2026-10-05T01:15
PH_DUMMY_01,2026-06-24,16:00-17:00,1,1,2,2,18000,0,0,1,0,1,0,virtual_dummy.xlsx,L47_일반약 판매(시간별),2026-10-05T01:15
PH_DUMMY_01,2026-06-24,17:00-18:00,2,1,3,4,24186,0,1,1,0,2,0,virtual_dummy.xlsx,L47_일반약 판매(시간별),2026-10-05T01:15
PH_DUMMY_01,2026-06-24,18:00-19:00,2,1,3,4,32617,0,2,0,1,1,0,virtual_dummy.xlsx,L47_일반약 판매(시간별),2026-10-05T01:15
PH_DUMMY_01,2026-06-25,09:00-10:00,1,2,3,6,55000,1,1,1,1,2,0,virtual_dummy.xlsx,L47_일반약 판매(시간별),2026-10-05T01:15
PH_DUMMY_01,2026-06-25,10:00-11:00,0,0,0,0,0,0,0,0,0,0,0,virtual_dummy.xlsx,L47_일반약 판매(시간별),2026-10-05T01:15
PH_DUMMY_01,2026-06-25,11:00-12:00,0,2,2,3,11500,1,0,2,0,0,0,virtual_dummy.xlsx,L47_일반약 판매(시간별),2026-10-05T01:15
PH_DUMMY_01,2026-06-25,12:00-13:00,1,2,3,3,40000,1,0,1,1,0,0,virtual_dummy.xlsx,L47_일반약 판매(시간별),2026-10-05T01:15
PH_DUMMY_01,2026-06-25,13:00-14:00,5,0,5,6,45065,1,2,0,1,2,0,virtual_dummy.xlsx,L47_일반약 판매(시간별),2026-10-05T01:15
PH_DUMMY_01,2026-06-25,14:00-15:00,1,2,3,5,20920,1,4,0,0,0,0,virtual_dummy.xlsx,L47_일반약 판매(시간별),2026-10-05T01:15
PH_DUMMY_01,2026-06-25,15:00-16:00,0,2,2,2,4700,0,0,0,0,2,0,virtual_dummy.xlsx,L47_일반약 판매(시간별),2026-10-05T01:15
PH_DUMMY_01,2026-06-25,16:00-17:00,1,2,3,5,42017,0,1,1,1,2,0,virtual_dummy.xlsx,L47_일반약 판매(시간별),2026-10-05T01:15
PH_DUMMY_01,2026-06-25,17:00-18:00,1,1,2,3,42117,0,1,1,1,0,0,virtual_dummy.xlsx,L47_일반약 판매(시간별),2026-10-05T01:15
PH_DUMMY_01,2026-06-25,18:00-19:00,4,1,5,8,48500,1,1,1,1,4,0,virtual_dummy.xlsx,L47_일반약 판매(시간별),2026-10-05T01:15
PH_DUMMY_01,2026-06-26,09:00-10:00,2,1,3,5,48993,1,1,2,1,0,0,virtual_dummy.xlsx,L47_일반약 판매(시간별),2026-10-05T01:15
PH_DUMMY_01,2026-06-26,10:00-11:00,0,0,0,0,0,0,0,0,0,0,0,virtual_dummy.xlsx,L47_일반약 판매(시간별),2026-10-05T01:15
PH_DUMMY_01,2026-06-26,11:00-12:00,2,1,3,7,20634,0,2,3,0,2,0,virtual_dummy.xlsx,L47_일반약 판매(시간별),2026-10-05T01:15
PH_DUMMY_01,2026-06-26,12:00-13:00,3,1,4,5,55220,1,1,0,0,3,0,virtual_dummy.xlsx,L47_일반약 판매(시간별),2026-10-05T01:15
PH_DUMMY_01,2026-06-26,13:00-14:00,0,0,0,0,0,0,0,0,0,0,0,virtual_dummy.xlsx,L47_일반약 판매(시간별),2026-10-05T01:15
PH_DUMMY_01,2026-06-26,14:00-15:00,4,1,5,5,46686,0,1,1,1,2,0,virtual_dummy.xlsx,L47_일반약 판매(시간별),2026-10-05T01:15
PH_DUMMY_01,2026-06-26,15:00-16:00,0,1,1,1,3617,0,1,0,0,0,0,virtual_dummy.xlsx,L47_일반약 판매(시간별),2026-10-05T01:15
PH_DUMMY_01,2026-06-26,16:00-17:00,2,1,3,3,10117,0,1,1,0,1,0,virtual_dummy.xlsx,L47_일반약 판매(시간별),2026-10-05T01:15
PH_DUMMY_01,2026-06-26,17:00-18:00,1,0,1,1,3617,0,1,0,0,0,0,virtual_dummy.xlsx,L47_일반약 판매(시간별),2026-10-05T01:15
PH_DUMMY_01,2026-06-26,18:00-19:00,1,0,1,2,6617,0,1,1,0,0,0,virtual_dummy.xlsx,L47_일반약 판매(시간별),2026-10-05T01:15
PH_DUMMY_01,2026-06-27,09:00-10:00,1,2,3,4,18234,0,2,1,0,1,0,virtual_dummy.xlsx,L47_일반약 판매(시간별),2026-10-05T01:15
PH_DUMMY_01,2026-06-27,10:00-11:00,2,0,2,6,50817,0,1,3,1,1,0,virtual_dummy.xlsx,L47_일반약 판매(시간별),2026-10-05T01:15
PH_DUMMY_01,2026-06-27,11:00-12:00,2,1,3,3,40527,0,0,0,0,3,0,virtual_dummy.xlsx,L47_일반약 판매(시간별),2026-10-05T01:15
PH_DUMMY_01,2026-06-27,12:00-13:00,3,1,4,6,24200,0,1,4,0,1,0,virtual_dummy.xlsx,L47_일반약 판매(시간별),2026-10-05T01:15
PH_DUMMY_01,2026-06-27,13:00-14:00,2,0,2,3,7572,0,2,0,0,1,0,virtual_dummy.xlsx,L47_일반약 판매(시간별),2026-10-05T01:15
PH_DUMMY_01,2026-06-29,09:00-10:00,1,0,1,3,12610,1,2,0,0,0,0,virtual_dummy.xlsx,L47_일반약 판매(시간별),2026-10-05T01:15
PH_DUMMY_01,2026-06-29,10:00-11:00,0,2,2,4,49000,1,1,1,1,0,0,virtual_dummy.xlsx,L47_일반약 판매(시간별),2026-10-05T01:15
PH_DUMMY_01,2026-06-29,11:00-12:00,1,4,5,10,105137,1,1,3,1,4,0,virtual_dummy.xlsx,L47_일반약 판매(시간별),2026-10-05T01:15
PH_DUMMY_01,2026-06-29,12:00-13:00,0,1,1,1,5000,0,0,0,0,1,0,virtual_dummy.xlsx,L47_일반약 판매(시간별),2026-10-05T01:15
PH_DUMMY_01,2026-06-29,13:00-14:00,1,2,3,5,18400,0,2,1,0,2,0,virtual_dummy.xlsx,L47_일반약 판매(시간별),2026-10-05T01:15
PH_DUMMY_01,2026-06-29,14:00-15:00,2,1,3,4,51700,0,0,1,2,1,0,virtual_dummy.xlsx,L47_일반약 판매(시간별),2026-10-05T01:15
PH_DUMMY_01,2026-06-29,15:00-16:00,1,2,3,5,12900,1,0,2,0,2,0,virtual_dummy.xlsx,L47_일반약 판매(시간별),2026-10-05T01:15
PH_DUMMY_01,2026-06-29,16:00-17:00,0,0,0,0,0,0,0,0,0,0,0,virtual_dummy.xlsx,L47_일반약 판매(시간별),2026-10-05T01:15
PH_DUMMY_01,2026-06-29,17:00-18:00,1,4,5,6,47003,0,3,1,1,1,0,virtual_dummy.xlsx,L47_일반약 판매(시간별),2026-10-05T01:15
PH_DUMMY_01,2026-06-29,18:00-19:00,4,0,4,7,36700,0,1,3,1,2,0,virtual_dummy.xlsx,L47_일반약 판매(시간별),2026-10-05T01:15
PH_DUMMY_01,2026-06-30,09:00-10:00,2,0,2,5,41086,0,1,1,1,2,0,virtual_dummy.xlsx,L47_일반약 판매(시간별),2026-10-05T01:15
PH_DUMMY_01,2026-06-30,10:00-11:00,1,2,3,7,48299,1,2,0,0,4,0,virtual_dummy.xlsx,L47_일반약 판매(시간별),2026-10-05T01:15
PH_DUMMY_01,2026-06-30,11:00-12:00,2,1,3,9,65351,1,5,1,1,1,0,virtual_dummy.xlsx,L47_일반약 판매(시간별),2026-10-05T01:15
PH_DUMMY_01,2026-06-30,12:00-13:00,2,1,3,3,15610,1,1,0,0,1,0,virtual_dummy.xlsx,L47_일반약 판매(시간별),2026-10-05T01:15
PH_DUMMY_01,2026-06-30,13:00-14:00,3,0,3,5,21303,0,2,1,0,2,0,virtual_dummy.xlsx,L47_일반약 판매(시간별),2026-10-05T01:15
PH_DUMMY_01,2026-06-30,14:00-15:00,2,1,3,5,27000,0,0,3,0,2,0,virtual_dummy.xlsx,L47_일반약 판매(시간별),2026-10-05T01:15
PH_DUMMY_01,2026-06-30,15:00-16:00,2,0,2,3,15686,1,1,0,0,1,0,virtual_dummy.xlsx,L47_일반약 판매(시간별),2026-10-05T01:15
PH_DUMMY_01,2026-06-30,16:00-17:00,2,0,2,4,23000,0,0,2,0,2,0,virtual_dummy.xlsx,L47_일반약 판매(시간별),2026-10-05T01:15
PH_DUMMY_01,2026-06-30,17:00-18:00,1,2,3,6,26500,1,1,4,0,0,0,virtual_dummy.xlsx,L47_일반약 판매(시간별),2026-10-05T01:15
PH_DUMMY_01,2026-06-30,18:00-19:00,4,0,4,5,28734,0,2,1,1,1,0,virtual_dummy.xlsx,L47_일반약 판매(시간별),2026-10-05T01:15
PH_DUMMY_01,2026-07-01,09:00-10:00,0,1,1,1,6000,0,1,0,0,0,0,virtual_dummy.xlsx,L47_일반약 판매(시간별),2026-10-05T01:15
PH_DUMMY_01,2026-07-01,10:00-11:00,4,0,4,11,69086,1,3,3,1,3,0,virtual_dummy.xlsx,L47_일반약 판매(시간별),2026-10-05T01:15
PH_DUMMY_01,2026-07-01,11:00-12:00,1,0,1,2,36527,0,0,1,0,1,0,virtual_dummy.xlsx,L47_일반약 판매(시간별),2026-10-05T01:15
PH_DUMMY_01,2026-07-01,12:00-13:00,2,3,5,8,22772,1,2,3,0,2,0,virtual_dummy.xlsx,L47_일반약 판매(시간별),2026-10-05T01:15
PH_DUMMY_01,2026-07-01,13:00-14:00,2,0,2,4,14200,0,0,3,0,1,0,virtual_dummy.xlsx,L47_일반약 판매(시간별),2026-10-05T01:15
PH_DUMMY_01,2026-07-01,14:00-15:00,1,1,2,4,24186,0,1,1,0,2,0,virtual_dummy.xlsx,L47_일반약 판매(시간별),2026-10-05T01:15
PH_DUMMY_01,2026-07-01,15:00-16:00,1,0,1,1,3000,0,0,1,0,0,0,virtual_dummy.xlsx,L47_일반약 판매(시간별),2026-10-05T01:15
PH_DUMMY_01,2026-07-01,16:00-17:00,2,1,3,7,21503,0,2,4,0,1,0,virtual_dummy.xlsx,L47_일반약 판매(시간별),2026-10-05T01:15
PH_DUMMY_01,2026-07-01,17:00-18:00,3,1,4,6,56686,0,1,2,1,2,0,virtual_dummy.xlsx,L47_일반약 판매(시간별),2026-10-05T01:15
PH_DUMMY_01,2026-07-01,18:00-19:00,3,1,4,5,14900,0,0,2,0,3,0,virtual_dummy.xlsx,L47_일반약 판매(시간별),2026-10-05T01:15
PH_DUMMY_01,2026-07-02,09:00-10:00,2,0,2,5,45610,1,1,1,1,1,0,virtual_dummy.xlsx,L47_일반약 판매(시간별),2026-10-05T01:15
PH_DUMMY_01,2026-07-02,10:00-11:00,0,0,0,0,0,0,0,0,0,0,0,virtual_dummy.xlsx,L47_일반약 판매(시간별),2026-10-05T01:15
PH_DUMMY_01,2026-07-02,11:00-12:00,0,0,0,0,0,0,0,0,0,0,0,virtual_dummy.xlsx,L47_일반약 판매(시간별),2026-10-05T01:15
PH_DUMMY_01,2026-07-02,12:00-13:00,2,1,3,5,74117,0,2,0,2,1,0,virtual_dummy.xlsx,L47_일반약 판매(시간별),2026-10-05T01:15
PH_DUMMY_01,2026-07-02,13:00-14:00,0,1,1,3,9200,0,0,2,0,1,0,virtual_dummy.xlsx,L47_일반약 판매(시간별),2026-10-05T01:15
PH_DUMMY_01,2026-07-02,14:00-15:00,2,1,3,5,41993,1,0,2,1,1,0,virtual_dummy.xlsx,L47_일반약 판매(시간별),2026-10-05T01:15
PH_DUMMY_01,2026-07-02,15:00-16:00,0,0,0,0,0,0,0,0,0,0,0,virtual_dummy.xlsx,L47_일반약 판매(시간별),2026-10-05T01:15
PH_DUMMY_01,2026-07-02,16:00-17:00,1,0,1,1,3000,0,0,1,0,0,0,virtual_dummy.xlsx,L47_일반약 판매(시간별),2026-10-05T01:15
PH_DUMMY_01,2026-07-02,17:00-18:00,3,2,5,7,46079,1,1,0,1,4,0,virtual_dummy.xlsx,L47_일반약 판매(시간별),2026-10-05T01:15
PH_DUMMY_01,2026-07-02,18:00-19:00,0,0,0,0,0,0,0,0,0,0,0,virtual_dummy.xlsx,L47_일반약 판매(시간별),2026-10-05T01:15
PH_DUMMY_01,2026-07-03,09:00-10:00,0,4,4,5,47872,0,3,0,1,1,0,virtual_dummy.xlsx,L47_일반약 판매(시간별),2026-10-05T01:15
PH_DUMMY_01,2026-07-03,10:00-11:00,1,0,1,1,3500,0,0,0,0,1,0,virtual_dummy.xlsx,L47_일반약 판매(시간별),2026-10-05T01:15
PH_DUMMY_01,2026-07-03,11:00-12:00,0,2,2,6,20003,1,2,2,0,1,0,virtual_dummy.xlsx,L47_일반약 판매(시간별),2026-10-05T01:15
PH_DUMMY_01,2026-07-03,12:00-13:00,2,2,4,6,17196,1,2,0,0,3,0,virtual_dummy.xlsx,L47_일반약 판매(시간별),2026-10-05T01:15
PH_DUMMY_01,2026-07-03,13:00-14:00,2,0,2,4,14186,0,1,1,0,2,0,virtual_dummy.xlsx,L47_일반약 판매(시간별),2026-10-05T01:15
PH_DUMMY_01,2026-07-03,14:00-15:00,1,0,1,1,1200,0,0,0,0,1,0,virtual_dummy.xlsx,L47_일반약 판매(시간별),2026-10-05T01:15
PH_DUMMY_01,2026-07-03,15:00-16:00,2,0,2,2,5200,0,0,1,0,1,0,virtual_dummy.xlsx,L47_일반약 판매(시간별),2026-10-05T01:15
PH_DUMMY_01,2026-07-03,16:00-17:00,0,1,1,2,4700,0,0,1,0,1,0,virtual_dummy.xlsx,L47_일반약 판매(시간별),2026-10-05T01:15
PH_DUMMY_01,2026-07-03,17:00-18:00,2,1,3,5,15317,1,1,1,0,2,0,virtual_dummy.xlsx,L47_일반약 판매(시간별),2026-10-05T01:15
PH_DUMMY_01,2026-07-03,18:00-19:00,1,0,1,1,3186,0,1,0,0,0,0,virtual_dummy.xlsx,L47_일반약 판매(시간별),2026-10-05T01:15
PH_DUMMY_01,2026-07-04,09:00-10:00,1,1,2,3,41500,0,0,2,1,0,0,virtual_dummy.xlsx,L47_일반약 판매(시간별),2026-10-05T01:15
PH_DUMMY_01,2026-07-04,10:00-11:00,0,6,6,9,42799,1,5,1,1,1,0,virtual_dummy.xlsx,L47_일반약 판매(시간별),2026-10-05T01:15
PH_DUMMY_01,2026-07-04,11:00-12:00,2,0,2,4,38386,0,1,1,1,1,0,virtual_dummy.xlsx,L47_일반약 판매(시간별),2026-10-05T01:15
PH_DUMMY_01,2026-07-04,12:00-13:00,1,1,2,3,40000,0,0,1,1,1,0,virtual_dummy.xlsx,L47_일반약 판매(시간별),2026-10-05T01:15
PH_DUMMY_01,2026-07-04,13:00-14:00,0,1,1,1,3186,0,1,0,0,0,0,virtual_dummy.xlsx,L47_일반약 판매(시간별),2026-10-05T01:15
PH_DUMMY_01,2026-07-06,09:00-10:00,1,0,1,5,28586,0,1,0,1,3,0,virtual_dummy.xlsx,L47_일반약 판매(시간별),2026-10-05T01:15
PH_DUMMY_01,2026-07-06,10:00-11:00,2,4,6,8,60113,0,1,3,0,4,0,virtual_dummy.xlsx,L47_일반약 판매(시간별),2026-10-05T01:15
PH_DUMMY_01,2026-07-06,11:00-12:00,1,1,2,4,15500,0,0,4,0,0,0,virtual_dummy.xlsx,L47_일반약 판매(시간별),2026-10-05T01:15
PH_DUMMY_01,2026-07-06,12:00-13:00,2,1,3,3,10117,0,1,1,0,1,0,virtual_dummy.xlsx,L47_일반약 판매(시간별),2026-10-05T01:15
PH_DUMMY_01,2026-07-06,13:00-14:00,1,0,1,2,13000,0,0,1,0,1,0,virtual_dummy.xlsx,L47_일반약 판매(시간별),2026-10-05T01:15
PH_DUMMY_01,2026-07-06,14:00-15:00,0,1,1,1,2993,1,0,0,0,0,0,virtual_dummy.xlsx,L47_일반약 판매(시간별),2026-10-05T01:15
PH_DUMMY_01,2026-07-06,15:00-16:00,0,1,1,1,3000,0,0,1,0,0,0,virtual_dummy.xlsx,L47_일반약 판매(시간별),2026-10-05T01:15
PH_DUMMY_01,2026-07-06,16:00-17:00,1,0,1,1,1200,0,0,0,0,1,0,virtual_dummy.xlsx,L47_일반약 판매(시간별),2026-10-05T01:15
PH_DUMMY_01,2026-07-06,17:00-18:00,1,1,2,2,5993,1,0,1,0,0,0,virtual_dummy.xlsx,L47_일반약 판매(시간별),2026-10-05T01:15
PH_DUMMY_01,2026-07-06,18:00-19:00,1,2,3,4,14817,0,1,0,0,3,0,virtual_dummy.xlsx,L47_일반약 판매(시간별),2026-10-05T01:15
PH_DUMMY_01,2026-07-07,09:00-10:00,1,0,1,1,30000,0,0,0,1,0,0,virtual_dummy.xlsx,L47_일반약 판매(시간별),2026-10-05T01:15
PH_DUMMY_01,2026-07-07,10:00-11:00,0,1,1,1,9000,0,0,0,0,1,0,virtual_dummy.xlsx,L47_일반약 판매(시간별),2026-10-05T01:15
PH_DUMMY_01,2026-07-07,11:00-12:00,1,2,3,4,16303,0,3,0,0,1,0,virtual_dummy.xlsx,L47_일반약 판매(시간별),2026-10-05T01:15
PH_DUMMY_01,2026-07-07,12:00-13:00,0,0,0,0,0,0,0,0,0,0,0,virtual_dummy.xlsx,L47_일반약 판매(시간별),2026-10-05T01:15
PH_DUMMY_01,2026-07-07,13:00-14:00,2,0,2,3,42000,0,0,1,1,1,0,virtual_dummy.xlsx,L47_일반약 판매(시간별),2026-10-05T01:15
PH_DUMMY_01,2026-07-07,14:00-15:00,1,0,1,2,4200,0,0,1,0,1,0,virtual_dummy.xlsx,L47_일반약 판매(시간별),2026-10-05T01:15
PH_DUMMY_01,2026-07-07,15:00-16:00,0,1,1,2,10000,0,0,2,0,0,0,virtual_dummy.xlsx,L47_일반약 판매(시간별),2026-10-05T01:15
PH_DUMMY_01,2026-07-07,16:00-17:00,0,0,0,0,0,0,0,0,0,0,0,virtual_dummy.xlsx,L47_일반약 판매(시간별),2026-10-05T01:15
PH_DUMMY_01,2026-07-07,17:00-18:00,1,1,2,4,16186,0,1,3,0,0,0,virtual_dummy.xlsx,L47_일반약 판매(시간별),2026-10-05T01:15
PH_DUMMY_01,2026-07-07,18:00-19:00,2,2,4,7,76900,0,0,1,2,4,0,virtual_dummy.xlsx,L47_일반약 판매(시간별),2026-10-05T01:15
PH_DUMMY_01,2026-07-08,09:00-10:00,1,0,1,2,37000,0,0,0,1,1,0,virtual_dummy.xlsx,L47_일반약 판매(시간별),2026-10-05T01:15
PH_DUMMY_01,2026-07-08,10:00-11:00,2,1,3,4,10900,0,0,1,0,3,0,virtual_dummy.xlsx,L47_일반약 판매(시간별),2026-10-05T01:15
PH_DUMMY_01,2026-07-08,11:00-12:00,1,0,1,3,7886,0,1,0,0,2,0,virtual_dummy.xlsx,L47_일반약 판매(시간별),2026-10-05T01:15
PH_DUMMY_01,2026-07-08,12:00-13:00,5,1,6,8,90493,1,1,3,2,1,0,virtual_dummy.xlsx,L47_일반약 판매(시간별),2026-10-05T01:15
PH_DUMMY_01,2026-07-08,13:00-14:00,1,0,1,2,11993,1,0,0,0,1,0,virtual_dummy.xlsx,L47_일반약 판매(시간별),2026-10-05T01:15
PH_DUMMY_01,2026-07-08,14:00-15:00,0,2,2,2,5993,1,0,1,0,0,0,virtual_dummy.xlsx,L47_일반약 판매(시간별),2026-10-05T01:15
PH_DUMMY_01,2026-07-08,15:00-16:00,0,1,1,3,38617,0,1,0,1,1,0,virtual_dummy.xlsx,L47_일반약 판매(시간별),2026-10-05T01:15
PH_DUMMY_01,2026-07-08,16:00-17:00,1,2,3,4,44303,0,2,0,1,1,0,virtual_dummy.xlsx,L47_일반약 판매(시간별),2026-10-05T01:15
PH_DUMMY_01,2026-07-08,17:00-18:00,1,1,2,5,34000,0,2,1,0,2,0,virtual_dummy.xlsx,L47_일반약 판매(시간별),2026-10-05T01:15
PH_DUMMY_01,2026-07-08,18:00-19:00,3,2,5,8,53700,1,0,5,1,1,0,virtual_dummy.xlsx,L47_일반약 판매(시간별),2026-10-05T01:15
PH_DUMMY_01,2026-07-09,09:00-10:00,1,1,2,3,23500,1,0,1,1,0,0,virtual_dummy.xlsx,L47_일반약 판매(시간별),2026-10-05T01:15
PH_DUMMY_01,2026-07-09,10:00-11:00,1,0,1,2,7200,0,0,1,0,1,0,virtual_dummy.xlsx,L47_일반약 판매(시간별),2026-10-05T01:15
PH_DUMMY_01,2026-07-09,11:00-12:00,0,1,1,2,7686,1,1,0,0,0,0,virtual_dummy.xlsx,L47_일반약 판매(시간별),2026-10-05T01:15
PH_DUMMY_01,2026-07-09,12:00-13:00,4,1,5,8,61872,0,4,3,1,0,0,virtual_dummy.xlsx,L47_일반약 판매(시간별),2026-10-05T01:15
PH_DUMMY_01,2026-07-09,13:00-14:00,2,1,3,4,10503,0,2,0,0,2,0,virtual_dummy.xlsx,L47_일반약 판매(시간별),2026-10-05T01:15
PH_DUMMY_01,2026-07-09,14:00-15:00,0,1,1,2,8500,0,1,0,0,1,0,virtual_dummy.xlsx,L47_일반약 판매(시간별),2026-10-05T01:15
PH_DUMMY_01,2026-07-09,15:00-16:00,1,0,1,2,31200,0,0,0,1,1,0,virtual_dummy.xlsx,L47_일반약 판매(시간별),2026-10-05T01:15
PH_DUMMY_01,2026-07-09,16:00-17:00,1,1,2,3,12993,1,1,1,0,0,0,virtual_dummy.xlsx,L47_일반약 판매(시간별),2026-10-05T01:15
PH_DUMMY_01,2026-07-09,17:00-18:00,1,0,1,1,6000,0,1,0,0,0,0,virtual_dummy.xlsx,L47_일반약 판매(시간별),2026-10-05T01:15
PH_DUMMY_01,2026-07-09,18:00-19:00,2,0,2,3,39000,0,0,1,1,1,0,virtual_dummy.xlsx,L47_일반약 판매(시간별),2026-10-05T01:15
PH_DUMMY_01,2026-07-10,09:00-10:00,1,0,1,1,30000,0,0,0,1,0,0,virtual_dummy.xlsx,L47_일반약 판매(시간별),2026-10-05T01:15
PH_DUMMY_01,2026-07-10,10:00-11:00,0,1,1,2,9186,0,1,1,0,0,0,virtual_dummy.xlsx,L47_일반약 판매(시간별),2026-10-05T01:15
PH_DUMMY_01,2026-07-10,11:00-12:00,1,2,3,4,14193,1,1,1,0,1,0,virtual_dummy.xlsx,L47_일반약 판매(시간별),2026-10-05T01:15
PH_DUMMY_01,2026-07-10,12:00-13:00,2,0,2,4,39693,1,0,1,1,1,0,virtual_dummy.xlsx,L47_일반약 판매(시간별),2026-10-05T01:15
PH_DUMMY_01,2026-07-10,13:00-14:00,1,1,2,3,14617,0,2,0,0,1,0,virtual_dummy.xlsx,L47_일반약 판매(시간별),2026-10-05T01:15
PH_DUMMY_01,2026-07-10,14:00-15:00,3,0,3,4,23186,0,1,1,0,2,0,virtual_dummy.xlsx,L47_일반약 판매(시간별),2026-10-05T01:15
PH_DUMMY_01,2026-07-10,15:00-16:00,1,0,1,1,4500,1,0,0,0,0,0,virtual_dummy.xlsx,L47_일반약 판매(시간별),2026-10-05T01:15
PH_DUMMY_01,2026-07-10,16:00-17:00,2,2,4,7,56572,0,3,1,1,2,0,virtual_dummy.xlsx,L47_일반약 판매(시간별),2026-10-05T01:15
PH_DUMMY_01,2026-07-10,17:00-18:00,0,1,1,1,4000,0,0,1,0,0,0,virtual_dummy.xlsx,L47_일반약 판매(시간별),2026-10-05T01:15
PH_DUMMY_01,2026-07-10,18:00-19:00,2,1,3,4,12110,1,1,1,0,1,0,virtual_dummy.xlsx,L47_일반약 판매(시간별),2026-10-05T01:15
PH_DUMMY_01,2026-07-11,09:00-10:00,0,0,0,0,0,0,0,0,0,0,0,virtual_dummy.xlsx,L47_일반약 판매(시간별),2026-10-05T01:15
PH_DUMMY_01,2026-07-11,10:00-11:00,3,0,3,4,20117,1,1,1,0,1,0,virtual_dummy.xlsx,L47_일반약 판매(시간별),2026-10-05T01:15
PH_DUMMY_01,2026-07-11,11:00-12:00,0,1,1,2,7500,1,0,0,0,1,0,virtual_dummy.xlsx,L47_일반약 판매(시간별),2026-10-05T01:15
PH_DUMMY_01,2026-07-11,12:00-13:00,2,4,6,12,63693,2,2,2,1,5,0,virtual_dummy.xlsx,L47_일반약 판매(시간별),2026-10-05T01:15
PH_DUMMY_01,2026-07-11,13:00-14:00,2,1,3,4,10517,1,1,0,0,2,0,virtual_dummy.xlsx,L47_일반약 판매(시간별),2026-10-05T01:15
PH_DUMMY_01,2026-07-13,09:00-10:00,0,0,0,0,0,0,0,0,0,0,0,virtual_dummy.xlsx,L47_일반약 판매(시간별),2026-10-05T01:15
PH_DUMMY_01,2026-07-13,10:00-11:00,0,1,1,1,4000,1,0,0,0,0,0,virtual_dummy.xlsx,L47_일반약 판매(시간별),2026-10-05T01:15
PH_DUMMY_01,2026-07-13,11:00-12:00,1,2,3,3,36186,0,1,1,1,0,0,virtual_dummy.xlsx,L47_일반약 판매(시간별),2026-10-05T01:15
PH_DUMMY_01,2026-07-13,12:00-13:00,0,1,1,1,4000,0,0,1,0,0,0,virtual_dummy.xlsx,L47_일반약 판매(시간별),2026-10-05T01:15
PH_DUMMY_01,2026-07-13,13:00-14:00,1,2,3,4,42817,0,2,0,1,1,0,virtual_dummy.xlsx,L47_일반약 판매(시간별),2026-10-05T01:15
PH_DUMMY_01,2026-07-13,14:00-15:00,0,3,3,7,27803,1,3,2,0,1,0,virtual_dummy.xlsx,L47_일반약 판매(시간별),2026-10-05T01:15
PH_DUMMY_01,2026-07-13,15:00-16:00,1,0,1,1,4000,0,0,1,0,0,0,virtual_dummy.xlsx,L47_일반약 판매(시간별),2026-10-05T01:15
PH_DUMMY_01,2026-07-13,16:00-17:00,2,0,2,3,16500,0,0,1,0,2,0,virtual_dummy.xlsx,L47_일반약 판매(시간별),2026-10-05T01:15
PH_DUMMY_01,2026-07-13,17:00-18:00,2,4,6,11,121110,1,2,2,3,3,0,virtual_dummy.xlsx,L47_일반약 판매(시간별),2026-10-05T01:15
PH_DUMMY_01,2026-07-13,18:00-19:00,2,1,3,5,44613,0,1,1,0,3,0,virtual_dummy.xlsx,L47_일반약 판매(시간별),2026-10-05T01:15
PH_DUMMY_01,2026-07-14,09:00-10:00,0,4,4,4,13886,0,1,1,0,2,0,virtual_dummy.xlsx,L47_일반약 판매(시간별),2026-10-05T01:15
PH_DUMMY_01,2026-07-14,10:00-11:00,0,2,2,4,45200,0,0,1,1,2,0,virtual_dummy.xlsx,L47_일반약 판매(시간별),2026-10-05T01:15
PH_DUMMY_01,2026-07-14,11:00-12:00,2,0,2,2,7000,1,0,0,0,1,0,virtual_dummy.xlsx,L47_일반약 판매(시간별),2026-10-05T01:15
PH_DUMMY_01,2026-07-14,12:00-13:00,2,0,2,4,11400,0,1,1,0,2,0,virtual_dummy.xlsx,L47_일반약 판매(시간별),2026-10-05T01:15
PH_DUMMY_01,2026-07-14,13:00-14:00,1,0,1,1,3000,0,0,1,0,0,0,virtual_dummy.xlsx,L47_일반약 판매(시간별),2026-10-05T01:15
PH_DUMMY_01,2026-07-14,14:00-15:00,2,1,3,4,43200,0,0,1,1,2,0,virtual_dummy.xlsx,L47_일반약 판매(시간별),2026-10-05T01:15
PH_DUMMY_01,2026-07-14,15:00-16:00,5,0,5,7,25503,2,3,0,0,2,0,virtual_dummy.xlsx,L47_일반약 판매(시간별),2026-10-05T01:15
PH_DUMMY_01,2026-07-14,16:00-17:00,2,0,2,3,37400,0,0,0,1,2,0,virtual_dummy.xlsx,L47_일반약 판매(시간별),2026-10-05T01:15
PH_DUMMY_01,2026-07-14,17:00-18:00,0,1,1,1,3000,0,0,1,0,0,0,virtual_dummy.xlsx,L47_일반약 판매(시간별),2026-10-05T01:15
PH_DUMMY_01,2026-07-14,18:00-19:00,2,1,3,5,26317,0,1,1,1,2,0,virtual_dummy.xlsx,L47_일반약 판매(시간별),2026-10-05T01:15
PH_DUMMY_01,2026-07-15,09:00-10:00,0,0,0,0,0,0,0,0,0,0,0,virtual_dummy.xlsx,L47_일반약 판매(시간별),2026-10-05T01:15
PH_DUMMY_01,2026-07-15,10:00-11:00,0,0,0,0,0,0,0,0,0,0,0,virtual_dummy.xlsx,L47_일반약 판매(시간별),2026-10-05T01:15
PH_DUMMY_01,2026-07-15,11:00-12:00,3,1,4,5,44386,1,1,1,1,1,0,virtual_dummy.xlsx,L47_일반약 판매(시간별),2026-10-05T01:15
PH_DUMMY_01,2026-07-15,12:00-13:00,2,0,2,3,9817,0,1,0,0,2,0,virtual_dummy.xlsx,L47_일반약 판매(시간별),2026-10-05T01:15
PH_DUMMY_01,2026-07-15,13:00-14:00,0,0,0,0,0,0,0,0,0,0,0,virtual_dummy.xlsx,L47_일반약 판매(시간별),2026-10-05T01:15
PH_DUMMY_01,2026-07-15,14:00-15:00,0,1,1,2,10200,0,0,0,0,2,0,virtual_dummy.xlsx,L47_일반약 판매(시간별),2026-10-05T01:15
PH_DUMMY_01,2026-07-15,15:00-16:00,0,1,1,1,6000,0,0,1,0,0,0,virtual_dummy.xlsx,L47_일반약 판매(시간별),2026-10-05T01:15
PH_DUMMY_01,2026-07-15,16:00-17:00,2,0,2,3,10493,1,0,1,0,1,0,virtual_dummy.xlsx,L47_일반약 판매(시간별),2026-10-05T01:15
PH_DUMMY_01,2026-07-15,17:00-18:00,1,1,2,4,54193,1,0,0,2,1,0,virtual_dummy.xlsx,L47_일반약 판매(시간별),2026-10-05T01:15
PH_DUMMY_01,2026-07-15,18:00-19:00,1,1,2,2,36020,1,0,0,0,1,0,virtual_dummy.xlsx,L47_일반약 판매(시간별),2026-10-05T01:15
PH_DUMMY_01,2026-07-16,09:00-10:00,1,0,1,2,7000,1,0,0,0,1,0,virtual_dummy.xlsx,L47_일반약 판매(시간별),2026-10-05T01:15
PH_DUMMY_01,2026-07-16,10:00-11:00,2,1,3,3,10493,1,0,2,0,0,0,virtual_dummy.xlsx,L47_일반약 판매(시간별),2026-10-05T01:15
PH_DUMMY_01,2026-07-16,11:00-12:00,1,1,2,2,14500,0,0,0,0,2,0,virtual_dummy.xlsx,L47_일반약 판매(시간별),2026-10-05T01:15
PH_DUMMY_01,2026-07-16,12:00-13:00,0,1,1,2,33200,0,0,0,1,1,0,virtual_dummy.xlsx,L47_일반약 판매(시간별),2026-10-05T01:15
PH_DUMMY_01,2026-07-16,13:00-14:00,0,1,1,1,6000,0,1,0,0,0,0,virtual_dummy.xlsx,L47_일반약 판매(시간별),2026-10-05T01:15
PH_DUMMY_01,2026-07-16,14:00-15:00,1,3,4,7,27920,1,3,2,0,1,0,virtual_dummy.xlsx,L47_일반약 판매(시간별),2026-10-05T01:15
PH_DUMMY_01,2026-07-16,15:00-16:00,2,0,2,3,39617,0,2,0,1,0,0,virtual_dummy.xlsx,L47_일반약 판매(시간별),2026-10-05T01:15
PH_DUMMY_01,2026-07-16,16:00-17:00,0,0,0,0,0,0,0,0,0,0,0,virtual_dummy.xlsx,L47_일반약 판매(시간별),2026-10-05T01:15
PH_DUMMY_01,2026-07-16,17:00-18:00,1,2,3,6,19317,2,1,1,0,2,0,virtual_dummy.xlsx,L47_일반약 판매(시간별),2026-10-05T01:15
PH_DUMMY_01,2026-07-16,18:00-19:00,3,2,5,8,38600,0,0,0,1,7,0,virtual_dummy.xlsx,L47_일반약 판매(시간별),2026-10-05T01:15
PH_DUMMY_01,2026-07-18,09:00-10:00,2,2,4,8,104000,1,0,2,3,2,0,virtual_dummy.xlsx,L47_일반약 판매(시간별),2026-10-05T01:15
PH_DUMMY_01,2026-07-18,10:00-11:00,1,3,4,7,54503,0,2,2,1,2,0,virtual_dummy.xlsx,L47_일반약 판매(시간별),2026-10-05T01:15
PH_DUMMY_01,2026-07-18,11:00-12:00,2,2,4,4,15700,1,0,2,0,1,0,virtual_dummy.xlsx,L47_일반약 판매(시간별),2026-10-05T01:15
PH_DUMMY_01,2026-07-18,12:00-13:00,2,4,6,9,128117,0,3,2,3,1,0,virtual_dummy.xlsx,L47_일반약 판매(시간별),2026-10-05T01:15
PH_DUMMY_01,2026-07-18,13:00-14:00,1,1,2,2,5200,0,0,1,0,1,0,virtual_dummy.xlsx,L47_일반약 판매(시간별),2026-10-05T01:15
PH_DUMMY_01,2026-07-20,09:00-10:00,1,3,4,5,75420,0,3,0,2,0,0,virtual_dummy.xlsx,L47_일반약 판매(시간별),2026-10-05T01:15
PH_DUMMY_01,2026-07-20,10:00-11:00,0,2,2,3,21372,0,2,0,1,0,0,virtual_dummy.xlsx,L47_일반약 판매(시간별),2026-10-05T01:15
PH_DUMMY_01,2026-07-20,11:00-12:00,1,4,5,7,59686,0,2,2,1,2,0,virtual_dummy.xlsx,L47_일반약 판매(시간별),2026-10-05T01:15
PH_DUMMY_01,2026-07-20,12:00-13:00,0,2,2,3,35686,0,1,0,1,1,0,virtual_dummy.xlsx,L47_일반약 판매(시간별),2026-10-05T01:15
PH_DUMMY_01,2026-07-20,13:00-14:00,4,0,4,6,57886,0,1,0,1,4,0,virtual_dummy.xlsx,L47_일반약 판매(시간별),2026-10-05T01:15
PH_DUMMY_01,2026-07-20,14:00-15:00,2,0,2,2,4193,1,0,0,0,1,0,virtual_dummy.xlsx,L47_일반약 판매(시간별),2026-10-05T01:15
PH_DUMMY_01,2026-07-20,15:00-16:00,1,0,1,2,39000,0,0,0,1,1,0,virtual_dummy.xlsx,L47_일반약 판매(시간별),2026-10-05T01:15
PH_DUMMY_01,2026-07-20,16:00-17:00,0,2,2,4,58000,0,1,0,1,2,0,virtual_dummy.xlsx,L47_일반약 판매(시간별),2026-10-05T01:15
PH_DUMMY_01,2026-07-20,17:00-18:00,2,0,2,2,33500,0,0,0,1,1,0,virtual_dummy.xlsx,L47_일반약 판매(시간별),2026-10-05T01:15
PH_DUMMY_01,2026-07-20,18:00-19:00,2,0,2,5,17700,0,1,2,0,2,0,virtual_dummy.xlsx,L47_일반약 판매(시간별),2026-10-05T01:15
PH_DUMMY_01,2026-07-21,09:00-10:00,1,0,1,1,3000,0,0,1,0,0,0,virtual_dummy.xlsx,L47_일반약 판매(시간별),2026-10-05T01:15
PH_DUMMY_01,2026-07-21,10:00-11:00,1,0,1,2,36000,0,0,1,1,0,0,virtual_dummy.xlsx,L47_일반약 판매(시간별),2026-10-05T01:15
PH_DUMMY_01,2026-07-21,11:00-12:00,1,0,1,1,1200,0,0,0,0,1,0,virtual_dummy.xlsx,L47_일반약 판매(시간별),2026-10-05T01:15
PH_DUMMY_01,2026-07-21,12:00-13:00,1,0,1,1,3617,0,1,0,0,0,0,virtual_dummy.xlsx,L47_일반약 판매(시간별),2026-10-05T01:15
PH_DUMMY_01,2026-07-21,13:00-14:00,0,2,2,3,5900,0,0,0,0,3,0,virtual_dummy.xlsx,L47_일반약 판매(시간별),2026-10-05T01:15
PH_DUMMY_01,2026-07-21,14:00-15:00,1,1,2,4,15872,0,3,1,0,0,0,virtual_dummy.xlsx,L47_일반약 판매(시간별),2026-10-05T01:15
PH_DUMMY_01,2026-07-21,15:00-16:00,0,1,1,1,3186,0,1,0,0,0,0,virtual_dummy.xlsx,L47_일반약 판매(시간별),2026-10-05T01:15
PH_DUMMY_01,2026-07-21,16:00-17:00,2,1,3,6,56993,1,2,2,1,0,0,virtual_dummy.xlsx,L47_일반약 판매(시간별),2026-10-05T01:15
PH_DUMMY_01,2026-07-21,17:00-18:00,1,2,3,9,69727,1,3,0,1,4,0,virtual_dummy.xlsx,L47_일반약 판매(시간별),2026-10-05T01:15
PH_DUMMY_01,2026-07-21,18:00-19:00,2,1,3,4,21500,1,0,0,0,3,0,virtual_dummy.xlsx,L47_일반약 판매(시간별),2026-10-05T01:15
PH_DUMMY_01,2026-07-22,09:00-10:00,0,1,1,3,12500,0,0,2,0,1,0,virtual_dummy.xlsx,L47_일반약 판매(시간별),2026-10-05T01:15
PH_DUMMY_01,2026-07-22,10:00-11:00,0,0,0,0,0,0,0,0,0,0,0,virtual_dummy.xlsx,L47_일반약 판매(시간별),2026-10-05T01:15
PH_DUMMY_01,2026-07-22,11:00-12:00,0,0,0,0,0,0,0,0,0,0,0,virtual_dummy.xlsx,L47_일반약 판매(시간별),2026-10-05T01:15
PH_DUMMY_01,2026-07-22,12:00-13:00,2,0,2,2,11000,0,0,1,0,1,0,virtual_dummy.xlsx,L47_일반약 판매(시간별),2026-10-05T01:15
PH_DUMMY_01,2026-07-22,13:00-14:00,1,0,1,1,3186,0,1,0,0,0,0,virtual_dummy.xlsx,L47_일반약 판매(시간별),2026-10-05T01:15
PH_DUMMY_01,2026-07-22,14:00-15:00,0,4,4,9,140393,1,0,1,4,3,0,virtual_dummy.xlsx,L47_일반약 판매(시간별),2026-10-05T01:15
PH_DUMMY_01,2026-07-22,15:00-16:00,0,1,1,1,3500,0,0,0,0,1,0,virtual_dummy.xlsx,L47_일반약 판매(시간별),2026-10-05T01:15
PH_DUMMY_01,2026-07-22,16:00-17:00,0,0,0,0,0,0,0,0,0,0,0,virtual_dummy.xlsx,L47_일반약 판매(시간별),2026-10-05T01:15
PH_DUMMY_01,2026-07-22,17:00-18:00,0,1,1,2,8500,0,1,0,0,1,0,virtual_dummy.xlsx,L47_일반약 판매(시간별),2026-10-05T01:15
PH_DUMMY_01,2026-07-22,18:00-19:00,0,0,0,0,0,0,0,0,0,0,0,virtual_dummy.xlsx,L47_일반약 판매(시간별),2026-10-05T01:15
PH_DUMMY_01,2026-07-23,09:00-10:00,0,1,1,3,15617,0,3,0,0,0,0,virtual_dummy.xlsx,L47_일반약 판매(시간별),2026-10-05T01:15
PH_DUMMY_01,2026-07-23,10:00-11:00,1,2,3,4,22000,0,1,1,0,2,0,virtual_dummy.xlsx,L47_일반약 판매(시간별),2026-10-05T01:15
PH_DUMMY_01,2026-07-23,11:00-12:00,2,0,2,2,12000,0,0,1,0,1,0,virtual_dummy.xlsx,L47_일반약 판매(시간별),2026-10-05T01:15
PH_DUMMY_01,2026-07-23,12:00-13:00,0,0,0,0,0,0,0,0,0,0,0,virtual_dummy.xlsx,L47_일반약 판매(시간별),2026-10-05T01:15
PH_DUMMY_01,2026-07-23,13:00-14:00,3,0,3,4,13693,1,1,0,0,2,0,virtual_dummy.xlsx,L47_일반약 판매(시간별),2026-10-05T01:15
PH_DUMMY_01,2026-07-23,14:00-15:00,2,1,3,4,38993,1,0,0,1,2,0,virtual_dummy.xlsx,L47_일반약 판매(시간별),2026-10-05T01:15
PH_DUMMY_01,2026-07-23,15:00-16:00,2,0,2,3,16117,0,1,0,0,2,0,virtual_dummy.xlsx,L47_일반약 판매(시간별),2026-10-05T01:15
PH_DUMMY_01,2026-07-23,16:00-17:00,1,0,1,2,64000,0,0,0,2,0,0,virtual_dummy.xlsx,L47_일반약 판매(시간별),2026-10-05T01:15
PH_DUMMY_01,2026-07-23,17:00-18:00,3,2,5,9,51900,0,0,2,1,6,0,virtual_dummy.xlsx,L47_일반약 판매(시간별),2026-10-05T01:15
PH_DUMMY_01,2026-07-23,18:00-19:00,6,0,6,10,94900,0,0,3,2,5,0,virtual_dummy.xlsx,L47_일반약 판매(시간별),2026-10-05T01:15
PH_DUMMY_01,2026-07-24,09:00-10:00,1,0,1,1,3500,0,0,0,0,1,0,virtual_dummy.xlsx,L47_일반약 판매(시간별),2026-10-05T01:15
PH_DUMMY_01,2026-07-24,10:00-11:00,1,1,2,4,13117,1,1,0,0,2,0,virtual_dummy.xlsx,L47_일반약 판매(시간별),2026-10-05T01:15
PH_DUMMY_01,2026-07-24,11:00-12:00,3,0,3,4,50000,0,1,1,1,1,0,virtual_dummy.xlsx,L47_일반약 판매(시간별),2026-10-05T01:15
PH_DUMMY_01,2026-07-24,12:00-13:00,3,0,3,5,46200,0,0,2,1,2,0,virtual_dummy.xlsx,L47_일반약 판매(시간별),2026-10-05T01:15
PH_DUMMY_01,2026-07-24,13:00-14:00,1,0,1,1,3000,0,0,1,0,0,0,virtual_dummy.xlsx,L47_일반약 판매(시간별),2026-10-05T01:15
PH_DUMMY_01,2026-07-24,14:00-15:00,2,0,2,3,11500,1,0,2,0,0,0,virtual_dummy.xlsx,L47_일반약 판매(시간별),2026-10-05T01:15
PH_DUMMY_01,2026-07-24,15:00-16:00,3,0,3,4,75200,0,0,0,2,2,0,virtual_dummy.xlsx,L47_일반약 판매(시간별),2026-10-05T01:15
PH_DUMMY_01,2026-07-24,16:00-17:00,1,2,3,5,19186,1,2,0,0,2,0,virtual_dummy.xlsx,L47_일반약 판매(시간별),2026-10-05T01:15
PH_DUMMY_01,2026-07-24,17:00-18:00,0,0,0,0,0,0,0,0,0,0,0,virtual_dummy.xlsx,L47_일반약 판매(시간별),2026-10-05T01:15
PH_DUMMY_01,2026-07-24,18:00-19:00,0,1,1,1,15000,0,0,0,1,0,0,virtual_dummy.xlsx,L47_일반약 판매(시간별),2026-10-05T01:15
PH_DUMMY_01,2026-07-25,09:00-10:00,0,1,1,2,7200,0,1,0,0,1,0,virtual_dummy.xlsx,L47_일반약 판매(시간별),2026-10-05T01:15
PH_DUMMY_01,2026-07-25,10:00-11:00,3,2,5,7,101986,2,0,1,3,1,0,virtual_dummy.xlsx,L47_일반약 판매(시간별),2026-10-05T01:15
PH_DUMMY_01,2026-07-25,11:00-12:00,2,2,4,5,15617,0,1,2,0,2,0,virtual_dummy.xlsx,L47_일반약 판매(시간별),2026-10-05T01:15
PH_DUMMY_01,2026-07-25,12:00-13:00,1,1,2,3,42200,0,1,0,1,1,0,virtual_dummy.xlsx,L47_일반약 판매(시간별),2026-10-05T01:15
PH_DUMMY_01,2026-07-25,13:00-14:00,1,1,2,2,36213,0,1,0,0,1,0,virtual_dummy.xlsx,L47_일반약 판매(시간별),2026-10-05T01:15
PH_DUMMY_01,2026-07-27,09:00-10:00,0,0,0,0,0,0,0,0,0,0,0,virtual_dummy.xlsx,L47_일반약 판매(시간별),2026-10-05T01:15
PH_DUMMY_01,2026-07-27,10:00-11:00,1,1,2,3,51527,0,0,1,1,1,0,virtual_dummy.xlsx,L47_일반약 판매(시간별),2026-10-05T01:15
PH_DUMMY_01,2026-07-27,11:00-12:00,3,3,6,7,84500,0,0,4,2,1,0,virtual_dummy.xlsx,L47_일반약 판매(시간별),2026-10-05T01:15
PH_DUMMY_01,2026-07-27,12:00-13:00,0,2,2,3,14686,0,1,1,0,1,0,virtual_dummy.xlsx,L47_일반약 판매(시간별),2026-10-05T01:15
PH_DUMMY_01,2026-07-27,13:00-14:00,0,0,0,0,0,0,0,0,0,0,0,virtual_dummy.xlsx,L47_일반약 판매(시간별),2026-10-05T01:15
PH_DUMMY_01,2026-07-27,14:00-15:00,0,0,0,0,0,0,0,0,0,0,0,virtual_dummy.xlsx,L47_일반약 판매(시간별),2026-10-05T01:15
PH_DUMMY_01,2026-07-27,15:00-16:00,1,0,1,1,30000,0,0,0,1,0,0,virtual_dummy.xlsx,L47_일반약 판매(시간별),2026-10-05T01:15
PH_DUMMY_01,2026-07-27,16:00-17:00,0,1,1,3,10500,0,0,0,0,3,0,virtual_dummy.xlsx,L47_일반약 판매(시간별),2026-10-05T01:15
PH_DUMMY_01,2026-07-27,17:00-18:00,1,1,2,4,46200,0,1,1,1,1,0,virtual_dummy.xlsx,L47_일반약 판매(시간별),2026-10-05T01:15
PH_DUMMY_01,2026-07-27,18:00-19:00,2,0,2,4,15500,0,0,3,0,1,0,virtual_dummy.xlsx,L47_일반약 판매(시간별),2026-10-05T01:15
PH_DUMMY_01,2026-07-28,09:00-10:00,0,0,0,0,0,0,0,0,0,0,0,virtual_dummy.xlsx,L47_일반약 판매(시간별),2026-10-05T01:15
PH_DUMMY_01,2026-07-28,10:00-11:00,0,1,1,1,2993,1,0,0,0,0,0,virtual_dummy.xlsx,L47_일반약 판매(시간별),2026-10-05T01:15
PH_DUMMY_01,2026-07-28,11:00-12:00,1,1,2,5,41420,1,0,1,0,3,0,virtual_dummy.xlsx,L47_일반약 판매(시간별),2026-10-05T01:15
PH_DUMMY_01,2026-07-28,12:00-13:00,1,2,3,4,52500,0,1,0,1,2,0,virtual_dummy.xlsx,L47_일반약 판매(시간별),2026-10-05T01:15
PH_DUMMY_01,2026-07-28,13:00-14:00,3,0,3,5,47186,1,2,1,1,0,0,virtual_dummy.xlsx,L47_일반약 판매(시간별),2026-10-05T01:15
PH_DUMMY_01,2026-07-28,14:00-15:00,0,2,2,2,18000,0,0,1,1,0,0,virtual_dummy.xlsx,L47_일반약 판매(시간별),2026-10-05T01:15
PH_DUMMY_01,2026-07-28,15:00-16:00,2,0,2,4,14872,0,2,1,0,1,0,virtual_dummy.xlsx,L47_일반약 판매(시간별),2026-10-05T01:15
PH_DUMMY_01,2026-07-28,16:00-17:00,1,3,4,5,52686,0,1,1,1,2,0,virtual_dummy.xlsx,L47_일반약 판매(시간별),2026-10-05T01:15
PH_DUMMY_01,2026-07-28,17:00-18:00,0,0,0,0,0,0,0,0,0,0,0,virtual_dummy.xlsx,L47_일반약 판매(시간별),2026-10-05T01:15
PH_DUMMY_01,2026-07-28,18:00-19:00,5,2,7,12,95989,2,2,2,2,4,0,virtual_dummy.xlsx,L47_일반약 판매(시간별),2026-10-05T01:15
PH_DUMMY_01,2026-07-29,09:00-10:00,0,0,0,0,0,0,0,0,0,0,0,virtual_dummy.xlsx,L47_일반약 판매(시간별),2026-10-05T01:15
PH_DUMMY_01,2026-07-29,10:00-11:00,4,2,6,8,39796,1,2,4,1,0,0,virtual_dummy.xlsx,L47_일반약 판매(시간별),2026-10-05T01:15
PH_DUMMY_01,2026-07-29,11:00-12:00,0,1,1,3,50000,0,0,0,2,1,0,virtual_dummy.xlsx,L47_일반약 판매(시간별),2026-10-05T01:15
PH_DUMMY_01,2026-07-29,12:00-13:00,1,1,2,3,11400,0,0,0,0,3,0,virtual_dummy.xlsx,L47_일반약 판매(시간별),2026-10-05T01:15
PH_DUMMY_01,2026-07-29,13:00-14:00,1,0,1,2,7500,1,0,1,0,0,0,virtual_dummy.xlsx,L47_일반약 판매(시간별),2026-10-05T01:15
PH_DUMMY_01,2026-07-29,14:00-15:00,1,1,2,4,40493,1,0,1,1,1,0,virtual_dummy.xlsx,L47_일반약 판매(시간별),2026-10-05T01:15
PH_DUMMY_01,2026-07-29,15:00-16:00,0,2,2,2,70000,0,0,0,2,0,0,virtual_dummy.xlsx,L47_일반약 판매(시간별),2026-10-05T01:15
PH_DUMMY_01,2026-07-29,16:00-17:00,1,0,1,3,8386,0,1,1,0,1,0,virtual_dummy.xlsx,L47_일반약 판매(시간별),2026-10-05T01:15
PH_DUMMY_01,2026-07-29,17:00-18:00,0,0,0,0,0,0,0,0,0,0,0,virtual_dummy.xlsx,L47_일반약 판매(시간별),2026-10-05T01:15
PH_DUMMY_01,2026-07-29,18:00-19:00,1,0,1,3,15200,0,1,0,0,2,0,virtual_dummy.xlsx,L47_일반약 판매(시간별),2026-10-05T01:15
PH_DUMMY_01,2026-07-30,09:00-10:00,0,1,1,1,8000,0,0,0,0,1,0,virtual_dummy.xlsx,L47_일반약 판매(시간별),2026-10-05T01:15
PH_DUMMY_01,2026-07-30,10:00-11:00,1,2,3,6,19972,5,0,1,0,0,0,virtual_dummy.xlsx,L47_일반약 판매(시간별),2026-10-05T01:15
PH_DUMMY_01,2026-07-30,11:00-12:00,0,0,0,0,0,0,0,0,0,0,0,virtual_dummy.xlsx,L47_일반약 판매(시간별),2026-10-05T01:15
PH_DUMMY_01,2026-07-30,12:00-13:00,0,1,1,2,8000,0,0,2,0,0,0,virtual_dummy.xlsx,L47_일반약 판매(시간별),2026-10-05T01:15
PH_DUMMY_01,2026-07-30,13:00-14:00,0,0,0,0,0,0,0,0,0,0,0,virtual_dummy.xlsx,L47_일반약 판매(시간별),2026-10-05T01:15
PH_DUMMY_01,2026-07-30,14:00-15:00,1,0,1,2,35000,0,0,0,1,1,0,virtual_dummy.xlsx,L47_일반약 판매(시간별),2026-10-05T01:15
PH_DUMMY_01,2026-07-30,15:00-16:00,0,1,1,2,62000,0,0,0,2,0,0,virtual_dummy.xlsx,L47_일반약 판매(시간별),2026-10-05T01:15
PH_DUMMY_01,2026-07-30,16:00-17:00,2,1,3,4,15000,0,0,3,0,1,0,virtual_dummy.xlsx,L47_일반약 판매(시간별),2026-10-05T01:15
PH_DUMMY_01,2026-07-30,17:00-18:00,1,0,1,1,3000,0,0,1,0,0,0,virtual_dummy.xlsx,L47_일반약 판매(시간별),2026-10-05T01:15
PH_DUMMY_01,2026-07-30,18:00-19:00,3,0,3,6,20886,0,2,1,0,3,0,virtual_dummy.xlsx,L47_일반약 판매(시간별),2026-10-05T01:15
PH_DUMMY_01,2026-07-31,09:00-10:00,4,0,4,5,73527,0,0,2,1,2,0,virtual_dummy.xlsx,L47_일반약 판매(시간별),2026-10-05T01:15
PH_DUMMY_01,2026-07-31,10:00-11:00,3,1,4,4,12003,0,2,1,0,1,0,virtual_dummy.xlsx,L47_일반약 판매(시간별),2026-10-05T01:15
PH_DUMMY_01,2026-07-31,11:00-12:00,1,3,4,6,46113,0,1,2,0,3,0,virtual_dummy.xlsx,L47_일반약 판매(시간별),2026-10-05T01:15
PH_DUMMY_01,2026-07-31,12:00-13:00,2,2,4,6,55186,2,0,1,1,2,0,virtual_dummy.xlsx,L47_일반약 판매(시간별),2026-10-05T01:15
PH_DUMMY_01,2026-07-31,13:00-14:00,1,0,1,1,1200,0,0,0,0,1,0,virtual_dummy.xlsx,L47_일반약 판매(시간별),2026-10-05T01:15
PH_DUMMY_01,2026-07-31,14:00-15:00,1,0,1,1,4000,0,0,1,0,0,0,virtual_dummy.xlsx,L47_일반약 판매(시간별),2026-10-05T01:15
PH_DUMMY_01,2026-07-31,15:00-16:00,4,1,5,8,55517,0,1,2,1,4,0,virtual_dummy.xlsx,L47_일반약 판매(시간별),2026-10-05T01:15
PH_DUMMY_01,2026-07-31,16:00-17:00,4,2,6,13,94200,0,2,4,1,6,0,virtual_dummy.xlsx,L47_일반약 판매(시간별),2026-10-05T01:15
PH_DUMMY_01,2026-07-31,17:00-18:00,3,0,3,4,43200,0,0,1,1,2,0,virtual_dummy.xlsx,L47_일반약 판매(시간별),2026-10-05T01:15
PH_DUMMY_01,2026-07-31,18:00-19:00,1,2,3,4,14200,0,1,2,0,1,0,virtual_dummy.xlsx,L47_일반약 판매(시간별),2026-10-05T01:15
PH_DUMMY_01,2026-08-01,09:00-10:00,2,0,2,6,55706,1,1,1,0,3,0,virtual_dummy.xlsx,L47_일반약 판매(시간별),2026-10-05T01:15
PH_DUMMY_01,2026-08-01,10:00-11:00,2,3,5,8,66044,0,1,2,1,4,0,virtual_dummy.xlsx,L47_일반약 판매(시간별),2026-10-05T01:15
PH_DUMMY_01,2026-08-01,11:00-12:00,3,1,4,6,86617,0,2,2,2,0,0,virtual_dummy.xlsx,L47_일반약 판매(시간별),2026-10-05T01:15
PH_DUMMY_01,2026-08-01,12:00-13:00,4,1,5,10,94344,0,2,3,1,4,0,virtual_dummy.xlsx,L47_일반약 판매(시간별),2026-10-05T01:15
PH_DUMMY_01,2026-08-01,13:00-14:00,2,0,2,2,12500,0,0,0,0,2,0,virtual_dummy.xlsx,L47_일반약 판매(시간별),2026-10-05T01:15
PH_DUMMY_01,2026-08-03,09:00-10:00,0,0,0,0,0,0,0,0,0,0,0,virtual_dummy.xlsx,L47_일반약 판매(시간별),2026-10-05T01:15
PH_DUMMY_01,2026-08-03,10:00-11:00,0,1,1,2,7617,0,1,1,0,0,0,virtual_dummy.xlsx,L47_일반약 판매(시간별),2026-10-05T01:15
PH_DUMMY_01,2026-08-03,11:00-12:00,4,3,7,14,49958,2,2,3,0,7,0,virtual_dummy.xlsx,L47_일반약 판매(시간별),2026-10-05T01:15
PH_DUMMY_01,2026-08-03,12:00-13:00,0,0,0,0,0,0,0,0,0,0,0,virtual_dummy.xlsx,L47_일반약 판매(시간별),2026-10-05T01:15
PH_DUMMY_01,2026-08-03,13:00-14:00,2,1,3,5,24200,0,0,2,0,3,0,virtual_dummy.xlsx,L47_일반약 판매(시간별),2026-10-05T01:15
PH_DUMMY_01,2026-08-03,14:00-15:00,0,0,0,0,0,0,0,0,0,0,0,virtual_dummy.xlsx,L47_일반약 판매(시간별),2026-10-05T01:15
PH_DUMMY_01,2026-08-03,15:00-16:00,1,4,5,8,60461,0,3,2,0,3,0,virtual_dummy.xlsx,L47_일반약 판매(시간별),2026-10-05T01:15
PH_DUMMY_01,2026-08-03,16:00-17:00,1,0,1,1,8000,0,0,0,0,1,0,virtual_dummy.xlsx,L47_일반약 판매(시간별),2026-10-05T01:15
PH_DUMMY_01,2026-08-03,17:00-18:00,0,2,2,2,6610,1,1,0,0,0,0,virtual_dummy.xlsx,L47_일반약 판매(시간별),2026-10-05T01:15
PH_DUMMY_01,2026-08-03,18:00-19:00,0,0,0,0,0,0,0,0,0,0,0,virtual_dummy.xlsx,L47_일반약 판매(시간별),2026-10-05T01:15
PH_DUMMY_01,2026-08-04,09:00-10:00,1,1,2,2,6617,0,1,1,0,0,0,virtual_dummy.xlsx,L47_일반약 판매(시간별),2026-10-05T01:15
PH_DUMMY_01,2026-08-04,10:00-11:00,1,1,2,3,36386,0,1,0,1,1,0,virtual_dummy.xlsx,L47_일반약 판매(시간별),2026-10-05T01:15
PH_DUMMY_01,2026-08-04,11:00-12:00,0,0,0,0,0,0,0,0,0,0,0,virtual_dummy.xlsx,L47_일반약 판매(시간별),2026-10-05T01:15
PH_DUMMY_01,2026-08-04,12:00-13:00,1,0,1,1,6000,0,1,0,0,0,0,virtual_dummy.xlsx,L47_일반약 판매(시간별),2026-10-05T01:15
PH_DUMMY_01,2026-08-04,13:00-14:00,1,1,2,4,25186,0,1,2,1,0,0,virtual_dummy.xlsx,L47_일반약 판매(시간별),2026-10-05T01:15
PH_DUMMY_01,2026-08-04,14:00-15:00,1,2,3,7,71000,1,0,1,2,3,0,virtual_dummy.xlsx,L47_일반약 판매(시간별),2026-10-05T01:15
PH_DUMMY_01,2026-08-04,15:00-16:00,3,1,4,6,17496,1,2,1,0,2,0,virtual_dummy.xlsx,L47_일반약 판매(시간별),2026-10-05T01:15
PH_DUMMY_01,2026-08-04,16:00-17:00,3,0,3,3,19000,0,0,1,0,2,0,virtual_dummy.xlsx,L47_일반약 판매(시간별),2026-10-05T01:15
PH_DUMMY_01,2026-08-04,17:00-18:00,1,0,1,2,36027,0,0,1,0,1,0,virtual_dummy.xlsx,L47_일반약 판매(시간별),2026-10-05T01:15
PH_DUMMY_01,2026-08-04,18:00-19:00,0,0,0,0,0,0,0,0,0,0,0,virtual_dummy.xlsx,L47_일반약 판매(시간별),2026-10-05T01:15
PH_DUMMY_01,2026-08-05,09:00-10:00,2,0,2,3,13500,0,1,0,0,2,0,virtual_dummy.xlsx,L47_일반약 판매(시간별),2026-10-05T01:15
PH_DUMMY_01,2026-08-05,10:00-11:00,0,0,0,0,0,0,0,0,0,0,0,virtual_dummy.xlsx,L47_일반약 판매(시간별),2026-10-05T01:15
PH_DUMMY_01,2026-08-05,11:00-12:00,2,0,2,3,10200,0,0,1,0,2,0,virtual_dummy.xlsx,L47_일반약 판매(시간별),2026-10-05T01:15
PH_DUMMY_01,2026-08-05,12:00-13:00,1,0,1,1,6000,0,0,1,0,0,0,virtual_dummy.xlsx,L47_일반약 판매(시간별),2026-10-05T01:15
PH_DUMMY_01,2026-08-05,13:00-14:00,2,2,4,7,58500,0,0,4,1,2,0,virtual_dummy.xlsx,L47_일반약 판매(시간별),2026-10-05T01:15
PH_DUMMY_01,2026-08-05,14:00-15:00,0,0,0,0,0,0,0,0,0,0,0,virtual_dummy.xlsx,L47_일반약 판매(시간별),2026-10-05T01:15
PH_DUMMY_01,2026-08-05,15:00-16:00,1,1,2,2,12617,0,1,0,0,1,0,virtual_dummy.xlsx,L47_일반약 판매(시간별),2026-10-05T01:15
PH_DUMMY_01,2026-08-05,16:00-17:00,0,0,0,0,0,0,0,0,0,0,0,virtual_dummy.xlsx,L47_일반약 판매(시간별),2026-10-05T01:15
PH_DUMMY_01,2026-08-05,17:00-18:00,0,1,1,1,4000,0,0,1,0,0,0,virtual_dummy.xlsx,L47_일반약 판매(시간별),2026-10-05T01:15
PH_DUMMY_01,2026-08-05,18:00-19:00,1,0,1,1,6000,0,1,0,0,0,0,virtual_dummy.xlsx,L47_일반약 판매(시간별),2026-10-05T01:15
PH_DUMMY_01,2026-08-06,09:00-10:00,0,2,2,2,4700,0,0,0,0,2,0,virtual_dummy.xlsx,L47_일반약 판매(시간별),2026-10-05T01:15
PH_DUMMY_01,2026-08-06,10:00-11:00,1,1,2,2,8617,0,1,0,0,1,0,virtual_dummy.xlsx,L47_일반약 판매(시간별),2026-10-05T01:15
PH_DUMMY_01,2026-08-06,11:00-12:00,0,2,2,5,14886,0,1,2,0,2,0,virtual_dummy.xlsx,L47_일반약 판매(시간별),2026-10-05T01:15
PH_DUMMY_01,2026-08-06,12:00-13:00,0,0,0,0,0,0,0,0,0,0,0,virtual_dummy.xlsx,L47_일반약 판매(시간별),2026-10-05T01:15
PH_DUMMY_01,2026-08-06,13:00-14:00,1,0,1,3,11686,0,1,0,0,2,0,virtual_dummy.xlsx,L47_일반약 판매(시간별),2026-10-05T01:15
PH_DUMMY_01,2026-08-06,14:00-15:00,0,1,1,1,3617,0,1,0,0,0,0,virtual_dummy.xlsx,L47_일반약 판매(시간별),2026-10-05T01:15
PH_DUMMY_01,2026-08-06,15:00-16:00,2,0,2,3,23000,0,0,1,0,2,0,virtual_dummy.xlsx,L47_일반약 판매(시간별),2026-10-05T01:15
PH_DUMMY_01,2026-08-06,16:00-17:00,0,4,4,8,90503,0,2,2,2,2,0,virtual_dummy.xlsx,L47_일반약 판매(시간별),2026-10-05T01:15
PH_DUMMY_01,2026-08-06,17:00-18:00,1,0,1,2,6493,1,0,0,0,1,0,virtual_dummy.xlsx,L47_일반약 판매(시간별),2026-10-05T01:15
PH_DUMMY_01,2026-08-06,18:00-19:00,1,1,2,2,8500,2,0,0,0,0,0,virtual_dummy.xlsx,L47_일반약 판매(시간별),2026-10-05T01:15
PH_DUMMY_01,2026-08-07,09:00-10:00,0,0,0,0,0,0,0,0,0,0,0,virtual_dummy.xlsx,L47_일반약 판매(시간별),2026-10-05T01:15
PH_DUMMY_01,2026-08-07,10:00-11:00,2,2,4,9,107110,1,2,1,3,2,0,virtual_dummy.xlsx,L47_일반약 판매(시간별),2026-10-05T01:15
PH_DUMMY_01,2026-08-07,11:00-12:00,2,1,3,5,41686,0,1,0,1,3,0,virtual_dummy.xlsx,L47_일반약 판매(시간별),2026-10-05T01:15
PH_DUMMY_01,2026-08-07,12:00-13:00,1,1,2,3,10700,1,0,0,0,2,0,virtual_dummy.xlsx,L47_일반약 판매(시간별),2026-10-05T01:15
PH_DUMMY_01,2026-08-07,13:00-14:00,0,0,0,0,0,0,0,0,0,0,0,virtual_dummy.xlsx,L47_일반약 판매(시간별),2026-10-05T01:15
PH_DUMMY_01,2026-08-07,14:00-15:00,1,4,5,8,63193,1,0,2,1,4,0,virtual_dummy.xlsx,L47_일반약 판매(시간별),2026-10-05T01:15
PH_DUMMY_01,2026-08-07,15:00-16:00,3,0,3,6,81700,1,1,0,2,2,0,virtual_dummy.xlsx,L47_일반약 판매(시간별),2026-10-05T01:15
PH_DUMMY_01,2026-08-07,16:00-17:00,0,0,0,0,0,0,0,0,0,0,0,virtual_dummy.xlsx,L47_일반약 판매(시간별),2026-10-05T01:15
PH_DUMMY_01,2026-08-07,17:00-18:00,0,0,0,0,0,0,0,0,0,0,0,virtual_dummy.xlsx,L47_일반약 판매(시간별),2026-10-05T01:15
PH_DUMMY_01,2026-08-07,18:00-19:00,0,1,1,1,3186,0,1,0,0,0,0,virtual_dummy.xlsx,L47_일반약 판매(시간별),2026-10-05T01:15
PH_DUMMY_01,2026-08-08,09:00-10:00,4,2,6,10,60751,1,3,4,1,1,0,virtual_dummy.xlsx,L47_일반약 판매(시간별),2026-10-05T01:15
PH_DUMMY_01,2026-08-08,10:00-11:00,2,1,3,4,76372,0,2,0,2,0,0,virtual_dummy.xlsx,L47_일반약 판매(시간별),2026-10-05T01:15
PH_DUMMY_01,2026-08-08,11:00-12:00,3,1,4,7,24686,1,1,2,0,3,0,virtual_dummy.xlsx,L47_일반약 판매(시간별),2026-10-05T01:15
PH_DUMMY_01,2026-08-08,12:00-13:00,1,1,2,3,49500,0,0,0,2,1,0,virtual_dummy.xlsx,L47_일반약 판매(시간별),2026-10-05T01:15
PH_DUMMY_01,2026-08-08,13:00-14:00,2,0,2,5,17989,0,3,2,0,0,0,virtual_dummy.xlsx,L47_일반약 판매(시간별),2026-10-05T01:15
PH_DUMMY_01,2026-08-10,09:00-10:00,1,1,2,4,11003,0,2,1,0,1,0,virtual_dummy.xlsx,L47_일반약 판매(시간별),2026-10-05T01:15
PH_DUMMY_01,2026-08-10,10:00-11:00,2,0,2,3,14000,1,0,1,0,1,0,virtual_dummy.xlsx,L47_일반약 판매(시간별),2026-10-05T01:15
PH_DUMMY_01,2026-08-10,11:00-12:00,1,0,1,2,30000,0,0,0,2,0,0,virtual_dummy.xlsx,L47_일반약 판매(시간별),2026-10-05T01:15
PH_DUMMY_01,2026-08-10,12:00-13:00,0,2,2,5,19700,1,0,2,0,2,0,virtual_dummy.xlsx,L47_일반약 판매(시간별),2026-10-05T01:15
PH_DUMMY_01,2026-08-10,13:00-14:00,1,2,3,3,12617,0,1,1,0,1,0,virtual_dummy.xlsx,L47_일반약 판매(시간별),2026-10-05T01:15
PH_DUMMY_01,2026-08-10,14:00-15:00,1,0,1,2,9000,0,0,1,0,1,0,virtual_dummy.xlsx,L47_일반약 판매(시간별),2026-10-05T01:15
PH_DUMMY_01,2026-08-10,15:00-16:00,1,1,2,3,47617,0,1,0,1,1,0,virtual_dummy.xlsx,L47_일반약 판매(시간별),2026-10-05T01:15
PH_DUMMY_01,2026-08-10,16:00-17:00,1,1,2,5,22117,1,1,1,0,2,0,virtual_dummy.xlsx,L47_일반약 판매(시간별),2026-10-05T01:15
PH_DUMMY_01,2026-08-10,17:00-18:00,2,0,2,3,13117,0,2,1,0,0,0,virtual_dummy.xlsx,L47_일반약 판매(시간별),2026-10-05T01:15
PH_DUMMY_01,2026-08-10,18:00-19:00,2,0,2,3,12617,0,1,1,0,1,0,virtual_dummy.xlsx,L47_일반약 판매(시간별),2026-10-05T01:15
PH_DUMMY_01,2026-08-11,09:00-10:00,0,0,0,0,0,0,0,0,0,0,0,virtual_dummy.xlsx,L47_일반약 판매(시간별),2026-10-05T01:15
PH_DUMMY_01,2026-08-11,10:00-11:00,0,3,3,6,22003,0,3,2,0,1,0,virtual_dummy.xlsx,L47_일반약 판매(시간별),2026-10-05T01:15
PH_DUMMY_01,2026-08-11,11:00-12:00,1,0,1,1,15000,0,0,0,1,0,0,virtual_dummy.xlsx,L47_일반약 판매(시간별),2026-10-05T01:15
PH_DUMMY_01,2026-08-11,12:00-13:00,4,0,4,4,13700,0,0,2,0,2,0,virtual_dummy.xlsx,L47_일반약 판매(시간별),2026-10-05T01:15
PH_DUMMY_01,2026-08-11,13:00-14:00,0,0,0,0,0,0,0,0,0,0,0,virtual_dummy.xlsx,L47_일반약 판매(시간별),2026-10-05T01:15
PH_DUMMY_01,2026-08-11,14:00-15:00,0,2,2,3,75000,0,0,0,2,1,0,virtual_dummy.xlsx,L47_일반약 판매(시간별),2026-10-05T01:15
PH_DUMMY_01,2026-08-11,15:00-16:00,0,0,0,0,0,0,0,0,0,0,0,virtual_dummy.xlsx,L47_일반약 판매(시간별),2026-10-05T01:15
PH_DUMMY_01,2026-08-11,16:00-17:00,0,1,1,1,30000,0,0,0,1,0,0,virtual_dummy.xlsx,L47_일반약 판매(시간별),2026-10-05T01:15
PH_DUMMY_01,2026-08-11,17:00-18:00,3,1,4,7,25110,1,2,3,0,1,0,virtual_dummy.xlsx,L47_일반약 판매(시간별),2026-10-05T01:15
PH_DUMMY_01,2026-08-11,18:00-19:00,0,1,1,1,3186,0,1,0,0,0,0,virtual_dummy.xlsx,L47_일반약 판매(시간별),2026-10-05T01:15
PH_DUMMY_01,2026-08-12,09:00-10:00,0,0,0,0,0,0,0,0,0,0,0,virtual_dummy.xlsx,L47_일반약 판매(시간별),2026-10-05T01:15
PH_DUMMY_01,2026-08-12,10:00-11:00,0,2,2,2,4200,0,0,1,0,1,0,virtual_dummy.xlsx,L47_일반약 판매(시간별),2026-10-05T01:15
PH_DUMMY_01,2026-08-12,11:00-12:00,1,0,1,2,4200,0,0,1,0,1,0,virtual_dummy.xlsx,L47_일반약 판매(시간별),2026-10-05T01:15
PH_DUMMY_01,2026-08-12,12:00-13:00,3,0,3,4,13993,2,0,2,0,0,0,virtual_dummy.xlsx,L47_일반약 판매(시간별),2026-10-05T01:15
PH_DUMMY_01,2026-08-12,13:00-14:00,0,0,0,0,0,0,0,0,0,0,0,virtual_dummy.xlsx,L47_일반약 판매(시간별),2026-10-05T01:15
PH_DUMMY_01,2026-08-12,14:00-15:00,1,2,3,4,43027,0,0,2,0,2,0,virtual_dummy.xlsx,L47_일반약 판매(시간별),2026-10-05T01:15
PH_DUMMY_01,2026-08-12,15:00-16:00,2,1,3,5,22500,0,1,3,0,1,0,virtual_dummy.xlsx,L47_일반약 판매(시간별),2026-10-05T01:15
PH_DUMMY_01,2026-08-12,16:00-17:00,3,2,5,6,51296,1,2,2,1,0,0,virtual_dummy.xlsx,L47_일반약 판매(시간별),2026-10-05T01:15
PH_DUMMY_01,2026-08-12,17:00-18:00,4,0,4,7,60323,1,3,0,0,3,0,virtual_dummy.xlsx,L47_일반약 판매(시간별),2026-10-05T01:15
PH_DUMMY_01,2026-08-12,18:00-19:00,2,1,3,4,12186,0,1,1,0,2,0,virtual_dummy.xlsx,L47_일반약 판매(시간별),2026-10-05T01:15
PH_DUMMY_01,2026-08-13,09:00-10:00,0,1,1,1,6000,0,1,0,0,0,0,virtual_dummy.xlsx,L47_일반약 판매(시간별),2026-10-05T01:15
PH_DUMMY_01,2026-08-13,10:00-11:00,0,1,1,2,4200,0,0,1,0,1,0,virtual_dummy.xlsx,L47_일반약 판매(시간별),2026-10-05T01:15
PH_DUMMY_01,2026-08-13,11:00-12:00,0,0,0,0,0,0,0,0,0,0,0,virtual_dummy.xlsx,L47_일반약 판매(시간별),2026-10-05T01:15
PH_DUMMY_01,2026-08-13,12:00-13:00,1,0,1,1,3617,0,1,0,0,0,0,virtual_dummy.xlsx,L47_일반약 판매(시간별),2026-10-05T01:15
PH_DUMMY_01,2026-08-13,13:00-14:00,0,1,1,1,3000,0,0,1,0,0,0,virtual_dummy.xlsx,L47_일반약 판매(시간별),2026-10-05T01:15
PH_DUMMY_01,2026-08-13,14:00-15:00,0,0,0,0,0,0,0,0,0,0,0,virtual_dummy.xlsx,L47_일반약 판매(시간별),2026-10-05T01:15
PH_DUMMY_01,2026-08-13,15:00-16:00,1,0,1,1,6000,0,1,0,0,0,0,virtual_dummy.xlsx,L47_일반약 판매(시간별),2026-10-05T01:15
PH_DUMMY_01,2026-08-13,16:00-17:00,0,0,0,0,0,0,0,0,0,0,0,virtual_dummy.xlsx,L47_일반약 판매(시간별),2026-10-05T01:15
PH_DUMMY_01,2026-08-13,17:00-18:00,0,0,0,0,0,0,0,0,0,0,0,virtual_dummy.xlsx,L47_일반약 판매(시간별),2026-10-05T01:15
PH_DUMMY_01,2026-08-13,18:00-19:00,0,0,0,0,0,0,0,0,0,0,0,virtual_dummy.xlsx,L47_일반약 판매(시간별),2026-10-05T01:15
PH_DUMMY_01,2026-08-14,09:00-10:00,0,0,0,0,0,0,0,0,0,0,0,virtual_dummy.xlsx,L47_일반약 판매(시간별),2026-10-05T01:15
PH_DUMMY_01,2026-08-14,10:00-11:00,0,1,1,2,36000,0,1,0,1,0,0,virtual_dummy.xlsx,L47_일반약 판매(시간별),2026-10-05T01:15
PH_DUMMY_01,2026-08-14,11:00-12:00,1,0,1,2,2400,0,0,0,0,2,0,virtual_dummy.xlsx,L47_일반약 판매(시간별),2026-10-05T01:15
PH_DUMMY_01,2026-08-14,12:00-13:00,2,0,2,2,36000,0,0,1,1,0,0,virtual_dummy.xlsx,L47_일반약 판매(시간별),2026-10-05T01:15
PH_DUMMY_01,2026-08-14,13:00-14:00,0,1,1,4,10700,0,0,2,0,2,0,virtual_dummy.xlsx,L47_일반약 판매(시간별),2026-10-05T01:15
PH_DUMMY_01,2026-08-14,14:00-15:00,3,2,5,7,68200,0,1,1,2,3,0,virtual_dummy.xlsx,L47_일반약 판매(시간별),2026-10-05T01:15
PH_DUMMY_01,2026-08-14,15:00-16:00,1,0,1,2,18617,0,1,0,1,0,0,virtual_dummy.xlsx,L47_일반약 판매(시간별),2026-10-05T01:15
PH_DUMMY_01,2026-08-14,16:00-17:00,0,0,0,0,0,0,0,0,0,0,0,virtual_dummy.xlsx,L47_일반약 판매(시간별),2026-10-05T01:15
PH_DUMMY_01,2026-08-14,17:00-18:00,3,2,5,11,62672,1,3,1,1,5,0,virtual_dummy.xlsx,L47_일반약 판매(시간별),2026-10-05T01:15
PH_DUMMY_01,2026-08-14,18:00-19:00,0,0,0,0,0,0,0,0,0,0,0,virtual_dummy.xlsx,L47_일반약 판매(시간별),2026-10-05T01:15
PH_DUMMY_01,2026-08-18,09:00-10:00,0,2,2,2,18186,0,1,0,1,0,0,virtual_dummy.xlsx,L47_일반약 판매(시간별),2026-10-05T01:15
PH_DUMMY_01,2026-08-18,10:00-11:00,0,3,3,4,45644,0,2,1,0,1,0,virtual_dummy.xlsx,L47_일반약 판매(시간별),2026-10-05T01:15
PH_DUMMY_01,2026-08-18,11:00-12:00,1,4,5,10,48203,1,3,1,1,4,0,virtual_dummy.xlsx,L47_일반약 판매(시간별),2026-10-05T01:15
PH_DUMMY_01,2026-08-18,12:00-13:00,0,1,1,1,4000,0,0,1,0,0,0,virtual_dummy.xlsx,L47_일반약 판매(시간별),2026-10-05T01:15
PH_DUMMY_01,2026-08-18,13:00-14:00,3,0,3,3,13000,0,0,1,0,2,0,virtual_dummy.xlsx,L47_일반약 판매(시간별),2026-10-05T01:15
PH_DUMMY_01,2026-08-18,14:00-15:00,0,1,1,1,4000,0,0,1,0,0,0,virtual_dummy.xlsx,L47_일반약 판매(시간별),2026-10-05T01:15
PH_DUMMY_01,2026-08-18,15:00-16:00,1,3,4,8,24203,1,2,1,0,4,0,virtual_dummy.xlsx,L47_일반약 판매(시간별),2026-10-05T01:15
PH_DUMMY_01,2026-08-18,16:00-17:00,3,3,6,8,104120,1,0,0,2,5,0,virtual_dummy.xlsx,L47_일반약 판매(시간별),2026-10-05T01:15
PH_DUMMY_01,2026-08-18,17:00-18:00,1,2,3,3,23500,0,1,0,1,1,0,virtual_dummy.xlsx,L47_일반약 판매(시간별),2026-10-05T01:15
PH_DUMMY_01,2026-08-18,18:00-19:00,3,0,3,4,14700,0,1,0,0,3,0,virtual_dummy.xlsx,L47_일반약 판매(시간별),2026-10-05T01:15
PH_DUMMY_01,2026-08-19,09:00-10:00,1,0,1,1,1200,0,0,0,0,1,0,virtual_dummy.xlsx,L47_일반약 판매(시간별),2026-10-05T01:15
PH_DUMMY_01,2026-08-19,10:00-11:00,2,0,2,3,39713,0,1,0,0,2,0,virtual_dummy.xlsx,L47_일반약 판매(시간별),2026-10-05T01:15
PH_DUMMY_01,2026-08-19,11:00-12:00,0,1,1,2,4193,1,0,0,0,1,0,virtual_dummy.xlsx,L47_일반약 판매(시간별),2026-10-05T01:15
PH_DUMMY_01,2026-08-19,12:00-13:00,0,0,0,0,0,0,0,0,0,0,0,virtual_dummy.xlsx,L47_일반약 판매(시간별),2026-10-05T01:15
PH_DUMMY_01,2026-08-19,13:00-14:00,1,0,1,1,1200,0,0,0,0,1,0,virtual_dummy.xlsx,L47_일반약 판매(시간별),2026-10-05T01:15
PH_DUMMY_01,2026-08-19,14:00-15:00,0,0,0,0,0,0,0,0,0,0,0,virtual_dummy.xlsx,L47_일반약 판매(시간별),2026-10-05T01:15
PH_DUMMY_01,2026-08-19,15:00-16:00,0,3,3,4,20372,0,2,0,0,2,0,virtual_dummy.xlsx,L47_일반약 판매(시간별),2026-10-05T01:15
PH_DUMMY_01,2026-08-19,16:00-17:00,0,1,1,3,8317,0,1,0,0,2,0,virtual_dummy.xlsx,L47_일반약 판매(시간별),2026-10-05T01:15
PH_DUMMY_01,2026-08-19,17:00-18:00,1,2,3,5,20296,2,3,0,0,0,0,virtual_dummy.xlsx,L47_일반약 판매(시간별),2026-10-05T01:15
PH_DUMMY_01,2026-08-19,18:00-19:00,2,2,4,4,13379,1,2,0,0,1,0,virtual_dummy.xlsx,L47_일반약 판매(시간별),2026-10-05T01:15
PH_DUMMY_01,2026-08-20,09:00-10:00,0,2,2,3,10993,2,0,1,0,0,0,virtual_dummy.xlsx,L47_일반약 판매(시간별),2026-10-05T01:15
PH_DUMMY_01,2026-08-20,10:00-11:00,1,1,2,3,9200,0,0,1,0,2,0,virtual_dummy.xlsx,L47_일반약 판매(시간별),2026-10-05T01:15
PH_DUMMY_01,2026-08-20,11:00-12:00,2,3,5,10,67893,2,0,3,1,4,0,virtual_dummy.xlsx,L47_일반약 판매(시간별),2026-10-05T01:15
PH_DUMMY_01,2026-08-20,12:00-13:00,2,1,3,8,38003,0,2,3,1,2,0,virtual_dummy.xlsx,L47_일반약 판매(시간별),2026-10-05T01:15
PH_DUMMY_01,2026-08-20,13:00-14:00,1,1,2,4,51372,0,2,0,2,0,0,virtual_dummy.xlsx,L47_일반약 판매(시간별),2026-10-05T01:15
PH_DUMMY_01,2026-08-20,14:00-15:00,1,1,2,5,83993,1,0,1,2,1,0,virtual_dummy.xlsx,L47_일반약 판매(시간별),2026-10-05T01:15
PH_DUMMY_01,2026-08-20,15:00-16:00,0,2,2,3,41186,0,1,1,1,0,0,virtual_dummy.xlsx,L47_일반약 판매(시간별),2026-10-05T01:15
PH_DUMMY_01,2026-08-20,16:00-17:00,0,0,0,0,0,0,0,0,0,0,0,virtual_dummy.xlsx,L47_일반약 판매(시간별),2026-10-05T01:15
PH_DUMMY_01,2026-08-20,17:00-18:00,1,2,3,6,25000,0,0,4,0,2,0,virtual_dummy.xlsx,L47_일반약 판매(시간별),2026-10-05T01:15
PH_DUMMY_01,2026-08-20,18:00-19:00,1,0,1,2,6500,0,0,1,0,1,0,virtual_dummy.xlsx,L47_일반약 판매(시간별),2026-10-05T01:15
PH_DUMMY_01,2026-08-21,09:00-10:00,2,1,3,5,21558,0,3,1,0,1,0,virtual_dummy.xlsx,L47_일반약 판매(시간별),2026-10-05T01:15
PH_DUMMY_01,2026-08-21,10:00-11:00,1,0,1,1,33027,0,0,0,0,1,0,virtual_dummy.xlsx,L47_일반약 판매(시간별),2026-10-05T01:15
PH_DUMMY_01,2026-08-21,11:00-12:00,1,0,1,1,1200,0,0,0,0,1,0,virtual_dummy.xlsx,L47_일반약 판매(시간별),2026-10-05T01:15
PH_DUMMY_01,2026-08-21,12:00-13:00,0,2,2,4,40303,0,2,1,1,0,0,virtual_dummy.xlsx,L47_일반약 판매(시간별),2026-10-05T01:15
PH_DUMMY_01,2026-08-21,13:00-14:00,1,2,3,4,16186,0,2,2,0,0,0,virtual_dummy.xlsx,L47_일반약 판매(시간별),2026-10-05T01:15
PH_DUMMY_01,2026-08-21,14:00-15:00,2,2,4,8,91989,0,3,2,2,1,0,virtual_dummy.xlsx,L47_일반약 판매(시간별),2026-10-05T01:15
PH_DUMMY_01,2026-08-21,15:00-16:00,2,1,3,5,27200,0,0,1,1,3,0,virtual_dummy.xlsx,L47_일반약 판매(시간별),2026-10-05T01:15
PH_DUMMY_01,2026-08-21,16:00-17:00,2,0,2,3,24186,0,2,0,1,0,0,virtual_dummy.xlsx,L47_일반약 판매(시간별),2026-10-05T01:15
PH_DUMMY_01,2026-08-21,17:00-18:00,0,0,0,0,0,0,0,0,0,0,0,virtual_dummy.xlsx,L47_일반약 판매(시간별),2026-10-05T01:15
PH_DUMMY_01,2026-08-21,18:00-19:00,0,0,0,0,0,0,0,0,0,0,0,virtual_dummy.xlsx,L47_일반약 판매(시간별),2026-10-05T01:15
PH_DUMMY_01,2026-08-22,09:00-10:00,1,4,5,13,103182,2,6,1,2,2,0,virtual_dummy.xlsx,L47_일반약 판매(시간별),2026-10-05T01:15
PH_DUMMY_01,2026-08-22,10:00-11:00,1,0,1,3,24617,0,1,1,1,0,0,virtual_dummy.xlsx,L47_일반약 판매(시간별),2026-10-05T01:15
PH_DUMMY_01,2026-08-22,11:00-12:00,2,3,5,11,60979,2,3,0,1,5,0,virtual_dummy.xlsx,L47_일반약 판매(시간별),2026-10-05T01:15
PH_DUMMY_01,2026-08-22,12:00-13:00,1,2,3,4,18000,0,0,2,0,2,0,virtual_dummy.xlsx,L47_일반약 판매(시간별),2026-10-05T01:15
PH_DUMMY_01,2026-08-22,13:00-14:00,1,1,2,4,14193,1,1,1,0,1,0,virtual_dummy.xlsx,L47_일반약 판매(시간별),2026-10-05T01:15
PH_DUMMY_01,2026-08-24,09:00-10:00,0,2,2,2,33186,0,1,0,1,0,0,virtual_dummy.xlsx,L47_일반약 판매(시간별),2026-10-05T01:15
PH_DUMMY_01,2026-08-24,10:00-11:00,1,0,1,1,6000,0,1,0,0,0,0,virtual_dummy.xlsx,L47_일반약 판매(시간별),2026-10-05T01:15
PH_DUMMY_01,2026-08-24,11:00-12:00,2,1,3,4,42193,1,0,0,1,2,0,virtual_dummy.xlsx,L47_일반약 판매(시간별),2026-10-05T01:15
PH_DUMMY_01,2026-08-24,12:00-13:00,0,1,1,1,6000,0,0,1,0,0,0,virtual_dummy.xlsx,L47_일반약 판매(시간별),2026-10-05T01:15
PH_DUMMY_01,2026-08-24,13:00-14:00,1,1,2,3,80000,0,0,0,3,0,0,virtual_dummy.xlsx,L47_일반약 판매(시간별),2026-10-05T01:15
PH_DUMMY_01,2026-08-24,14:00-15:00,0,2,2,3,17993,1,0,1,0,1,0,virtual_dummy.xlsx,L47_일반약 판매(시간별),2026-10-05T01:15
PH_DUMMY_01,2026-08-24,15:00-16:00,1,1,2,2,33200,0,0,0,1,1,0,virtual_dummy.xlsx,L47_일반약 판매(시간별),2026-10-05T01:15
PH_DUMMY_01,2026-08-24,16:00-17:00,3,1,4,7,55686,0,2,3,1,1,0,virtual_dummy.xlsx,L47_일반약 판매(시간별),2026-10-05T01:15
PH_DUMMY_01,2026-08-24,17:00-18:00,0,0,0,0,0,0,0,0,0,0,0,virtual_dummy.xlsx,L47_일반약 판매(시간별),2026-10-05T01:15
PH_DUMMY_01,2026-08-24,18:00-19:00,0,5,5,9,98303,1,3,2,2,1,0,virtual_dummy.xlsx,L47_일반약 판매(시간별),2026-10-05T01:15
PH_DUMMY_01,2026-08-25,09:00-10:00,1,1,2,4,13500,0,0,1,0,3,0,virtual_dummy.xlsx,L47_일반약 판매(시간별),2026-10-05T01:15
PH_DUMMY_01,2026-08-25,10:00-11:00,1,1,2,5,44900,1,0,1,1,2,0,virtual_dummy.xlsx,L47_일반약 판매(시간별),2026-10-05T01:15
PH_DUMMY_01,2026-08-25,11:00-12:00,1,2,3,4,8100,1,0,0,0,3,0,virtual_dummy.xlsx,L47_일반약 판매(시간별),2026-10-05T01:15
PH_DUMMY_01,2026-08-25,12:00-13:00,2,3,5,10,35889,1,3,4,0,2,0,virtual_dummy.xlsx,L47_일반약 판매(시간별),2026-10-05T01:15
PH_DUMMY_01,2026-08-25,13:00-14:00,0,0,0,0,0,0,0,0,0,0,0,virtual_dummy.xlsx,L47_일반약 판매(시간별),2026-10-05T01:15
PH_DUMMY_01,2026-08-25,14:00-15:00,0,2,2,3,12000,0,1,1,0,1,0,virtual_dummy.xlsx,L47_일반약 판매(시간별),2026-10-05T01:15
PH_DUMMY_01,2026-08-25,15:00-16:00,1,0,1,1,4000,0,0,1,0,0,0,virtual_dummy.xlsx,L47_일반약 판매(시간별),2026-10-05T01:15
PH_DUMMY_01,2026-08-25,16:00-17:00,0,1,1,1,30000,0,0,0,1,0,0,virtual_dummy.xlsx,L47_일반약 판매(시간별),2026-10-05T01:15
PH_DUMMY_01,2026-08-25,17:00-18:00,1,0,1,1,5000,0,0,0,0,1,0,virtual_dummy.xlsx,L47_일반약 판매(시간별),2026-10-05T01:15
PH_DUMMY_01,2026-08-25,18:00-19:00,0,0,0,0,0,0,0,0,0,0,0,virtual_dummy.xlsx,L47_일반약 판매(시간별),2026-10-05T01:15
PH_DUMMY_01,2026-08-26,09:00-10:00,1,0,1,5,49303,1,2,0,1,1,0,virtual_dummy.xlsx,L47_일반약 판매(시간별),2026-10-05T01:15
PH_DUMMY_01,2026-08-26,10:00-11:00,2,2,4,6,78186,0,1,3,2,0,0,virtual_dummy.xlsx,L47_일반약 판매(시간별),2026-10-05T01:15
PH_DUMMY_01,2026-08-26,11:00-12:00,1,3,4,8,45900,1,2,1,0,4,0,virtual_dummy.xlsx,L47_일반약 판매(시간별),2026-10-05T01:15
PH_DUMMY_01,2026-08-26,12:00-13:00,0,1,1,3,12186,0,1,1,0,1,0,virtual_dummy.xlsx,L47_일반약 판매(시간별),2026-10-05T01:15
PH_DUMMY_01,2026-08-26,13:00-14:00,0,0,0,0,0,0,0,0,0,0,0,virtual_dummy.xlsx,L47_일반약 판매(시간별),2026-10-05T01:15
PH_DUMMY_01,2026-08-26,14:00-15:00,0,2,2,3,18500,1,0,0,0,2,0,virtual_dummy.xlsx,L47_일반약 판매(시간별),2026-10-05T01:15
PH_DUMMY_01,2026-08-26,15:00-16:00,4,1,5,8,31386,0,2,3,0,3,0,virtual_dummy.xlsx,L47_일반약 판매(시간별),2026-10-05T01:15
PH_DUMMY_01,2026-08-26,16:00-17:00,1,1,2,2,2400,0,0,0,0,2,0,virtual_dummy.xlsx,L47_일반약 판매(시간별),2026-10-05T01:15
PH_DUMMY_01,2026-08-26,17:00-18:00,1,2,3,5,57686,1,2,0,1,1,1,virtual_dummy.xlsx,L47_일반약 판매(시간별),2026-10-05T01:15
PH_DUMMY_01,2026-08-26,18:00-19:00,1,0,1,1,33027,0,0,0,0,1,0,virtual_dummy.xlsx,L47_일반약 판매(시간별),2026-10-05T01:15
PH_DUMMY_01,2026-08-27,09:00-10:00,1,1,2,5,18179,1,2,0,0,2,0,virtual_dummy.xlsx,L47_일반약 판매(시간별),2026-10-05T01:15
PH_DUMMY_01,2026-08-27,10:00-11:00,2,1,3,4,52617,0,2,0,1,1,0,virtual_dummy.xlsx,L47_일반약 판매(시간별),2026-10-05T01:15
PH_DUMMY_01,2026-08-27,11:00-12:00,0,1,1,3,43993,1,0,1,1,0,0,virtual_dummy.xlsx,L47_일반약 판매(시간별),2026-10-05T01:15
PH_DUMMY_01,2026-08-27,12:00-13:00,3,3,6,10,32744,3,4,1,0,2,0,virtual_dummy.xlsx,L47_일반약 판매(시간별),2026-10-05T01:15
PH_DUMMY_01,2026-08-27,13:00-14:00,2,1,3,5,84193,1,0,0,3,1,0,virtual_dummy.xlsx,L47_일반약 판매(시간별),2026-10-05T01:15
PH_DUMMY_01,2026-08-27,14:00-15:00,0,3,3,4,47179,1,1,0,1,1,0,virtual_dummy.xlsx,L47_일반약 판매(시간별),2026-10-05T01:15
PH_DUMMY_01,2026-08-27,15:00-16:00,0,1,1,1,3186,0,1,0,0,0,0,virtual_dummy.xlsx,L47_일반약 판매(시간별),2026-10-05T01:15
PH_DUMMY_01,2026-08-27,16:00-17:00,0,1,1,1,6000,0,1,0,0,0,0,virtual_dummy.xlsx,L47_일반약 판매(시간별),2026-10-05T01:15
PH_DUMMY_01,2026-08-27,17:00-18:00,1,2,3,6,50837,2,2,0,0,2,0,virtual_dummy.xlsx,L47_일반약 판매(시간별),2026-10-05T01:15
PH_DUMMY_01,2026-08-27,18:00-19:00,0,0,0,0,0,0,0,0,0,0,0,virtual_dummy.xlsx,L47_일반약 판매(시간별),2026-10-05T01:15
PH_DUMMY_01,2026-08-28,09:00-10:00,2,0,2,4,19117,0,2,2,0,0,0,virtual_dummy.xlsx,L47_일반약 판매(시간별),2026-10-05T01:15
PH_DUMMY_01,2026-08-28,10:00-11:00,3,1,4,7,56610,1,1,1,1,3,0,virtual_dummy.xlsx,L47_일반약 판매(시간별),2026-10-05T01:15
PH_DUMMY_01,2026-08-28,11:00-12:00,1,0,1,1,1200,0,0,0,0,1,0,virtual_dummy.xlsx,L47_일반약 판매(시간별),2026-10-05T01:15
PH_DUMMY_01,2026-08-28,12:00-13:00,2,1,3,4,40110,1,1,1,1,0,0,virtual_dummy.xlsx,L47_일반약 판매(시간별),2026-10-05T01:15
PH_DUMMY_01,2026-08-28,13:00-14:00,2,0,2,2,38000,0,0,1,1,0,0,virtual_dummy.xlsx,L47_일반약 판매(시간별),2026-10-05T01:15
PH_DUMMY_01,2026-08-28,14:00-15:00,2,1,3,4,54200,0,1,0,1,2,0,virtual_dummy.xlsx,L47_일반약 판매(시간별),2026-10-05T01:15
PH_DUMMY_01,2026-08-28,15:00-16:00,1,0,1,1,9000,0,0,0,0,1,0,virtual_dummy.xlsx,L47_일반약 판매(시간별),2026-10-05T01:15
PH_DUMMY_01,2026-08-28,16:00-17:00,3,0,3,6,81420,0,4,0,2,0,0,virtual_dummy.xlsx,L47_일반약 판매(시간별),2026-10-05T01:15
PH_DUMMY_01,2026-08-28,17:00-18:00,0,1,1,1,2993,1,0,0,0,0,0,virtual_dummy.xlsx,L47_일반약 판매(시간별),2026-10-05T01:15
PH_DUMMY_01,2026-08-28,18:00-19:00,3,1,4,6,17393,2,0,2,0,2,0,virtual_dummy.xlsx,L47_일반약 판매(시간별),2026-10-05T01:15
PH_DUMMY_01,2026-08-29,09:00-10:00,5,1,6,10,86965,1,2,1,2,4,0,virtual_dummy.xlsx,L47_일반약 판매(시간별),2026-10-05T01:15
PH_DUMMY_01,2026-08-29,10:00-11:00,0,1,1,1,4000,0,0,1,0,0,0,virtual_dummy.xlsx,L47_일반약 판매(시간별),2026-10-05T01:15
PH_DUMMY_01,2026-08-29,11:00-12:00,2,1,3,5,51817,0,1,2,1,1,0,virtual_dummy.xlsx,L47_일반약 판매(시간별),2026-10-05T01:15
PH_DUMMY_01,2026-08-29,12:00-13:00,1,0,1,1,6000,0,0,1,0,0,0,virtual_dummy.xlsx,L47_일반약 판매(시간별),2026-10-05T01:15
PH_DUMMY_01,2026-08-29,13:00-14:00,2,0,2,3,25500,0,0,0,1,2,0,virtual_dummy.xlsx,L47_일반약 판매(시간별),2026-10-05T01:15
PH_DUMMY_01,2026-08-31,09:00-10:00,0,0,0,0,0,0,0,0,0,0,0,virtual_dummy.xlsx,L47_일반약 판매(시간별),2026-10-05T01:15
PH_DUMMY_01,2026-08-31,10:00-11:00,1,0,1,2,14000,0,0,0,0,2,0,virtual_dummy.xlsx,L47_일반약 판매(시간별),2026-10-05T01:15
PH_DUMMY_01,2026-08-31,11:00-12:00,1,0,1,2,5686,0,1,0,0,1,0,virtual_dummy.xlsx,L47_일반약 판매(시간별),2026-10-05T01:15
PH_DUMMY_01,2026-08-31,12:00-13:00,1,0,1,3,12186,0,1,2,0,0,0,virtual_dummy.xlsx,L47_일반약 판매(시간별),2026-10-05T01:15
PH_DUMMY_01,2026-08-31,13:00-14:00,3,4,7,12,66634,1,3,2,1,5,0,virtual_dummy.xlsx,L47_일반약 판매(시간별),2026-10-05T01:15
PH_DUMMY_01,2026-08-31,14:00-15:00,1,1,2,2,8000,0,0,1,0,1,0,virtual_dummy.xlsx,L47_일반약 판매(시간별),2026-10-05T01:15
PH_DUMMY_01,2026-08-31,15:00-16:00,4,1,5,9,65700,1,0,4,1,3,0,virtual_dummy.xlsx,L47_일반약 판매(시간별),2026-10-05T01:15
PH_DUMMY_01,2026-08-31,16:00-17:00,0,2,2,5,31186,0,1,3,1,0,0,virtual_dummy.xlsx,L47_일반약 판매(시간별),2026-10-05T01:15
PH_DUMMY_01,2026-08-31,17:00-18:00,1,1,2,2,19000,0,0,1,1,0,0,virtual_dummy.xlsx,L47_일반약 판매(시간별),2026-10-05T01:15
PH_DUMMY_01,2026-08-31,18:00-19:00,1,3,4,5,117000,0,0,1,3,1,0,virtual_dummy.xlsx,L47_일반약 판매(시간별),2026-10-05T01:15
PH_DUMMY_01,2026-09-01,09:00-10:00,1,0,1,2,6617,0,1,0,0,1,0,virtual_dummy.xlsx,L47_일반약 판매(시간별),2026-10-05T01:15
PH_DUMMY_01,2026-09-01,10:00-11:00,1,3,4,7,54803,2,1,1,1,2,0,virtual_dummy.xlsx,L47_일반약 판매(시간별),2026-10-05T01:15
PH_DUMMY_01,2026-09-01,11:00-12:00,1,1,2,5,52213,0,1,1,0,3,0,virtual_dummy.xlsx,L47_일반약 판매(시간별),2026-10-05T01:15
PH_DUMMY_01,2026-09-01,12:00-13:00,2,2,4,6,54179,2,2,0,1,1,0,virtual_dummy.xlsx,L47_일반약 판매(시간별),2026-10-05T01:15
PH_DUMMY_01,2026-09-01,13:00-14:00,1,2,3,5,78137,1,1,0,1,2,0,virtual_dummy.xlsx,L47_일반약 판매(시간별),2026-10-05T01:15
PH_DUMMY_01,2026-09-01,14:00-15:00,2,3,5,7,29372,0,2,2,0,3,0,virtual_dummy.xlsx,L47_일반약 판매(시간별),2026-10-05T01:15
PH_DUMMY_01,2026-09-01,15:00-16:00,1,1,2,2,19000,1,0,0,1,0,0,virtual_dummy.xlsx,L47_일반약 판매(시간별),2026-10-05T01:15
PH_DUMMY_01,2026-09-01,16:00-17:00,2,0,2,3,38500,0,0,0,1,2,0,virtual_dummy.xlsx,L47_일반약 판매(시간별),2026-10-05T01:15
PH_DUMMY_01,2026-09-01,17:00-18:00,2,3,5,10,116979,3,0,1,4,2,0,virtual_dummy.xlsx,L47_일반약 판매(시간별),2026-10-05T01:15
PH_DUMMY_01,2026-09-01,18:00-19:00,0,1,1,2,3700,0,0,0,0,2,0,virtual_dummy.xlsx,L47_일반약 판매(시간별),2026-10-05T01:15
PH_DUMMY_01,2026-09-02,09:00-10:00,1,1,2,5,16700,0,1,2,0,2,0,virtual_dummy.xlsx,L47_일반약 판매(시간별),2026-10-05T01:15
PH_DUMMY_01,2026-09-02,10:00-11:00,0,2,2,2,6493,1,0,0,0,1,0,virtual_dummy.xlsx,L47_일반약 판매(시간별),2026-10-05T01:15
PH_DUMMY_01,2026-09-02,11:00-12:00,0,0,0,0,0,0,0,0,0,0,0,virtual_dummy.xlsx,L47_일반약 판매(시간별),2026-10-05T01:15
PH_DUMMY_01,2026-09-02,12:00-13:00,0,1,1,2,4817,0,1,0,0,1,0,virtual_dummy.xlsx,L47_일반약 판매(시간별),2026-10-05T01:15
PH_DUMMY_01,2026-09-02,13:00-14:00,1,1,2,5,76500,0,0,3,2,0,0,virtual_dummy.xlsx,L47_일반약 판매(시간별),2026-10-05T01:15
PH_DUMMY_01,2026-09-02,14:00-15:00,0,1,1,1,3000,0,0,1,0,0,0,virtual_dummy.xlsx,L47_일반약 판매(시간별),2026-10-05T01:15
PH_DUMMY_01,2026-09-02,15:00-16:00,1,2,3,4,16872,0,2,0,0,2,0,virtual_dummy.xlsx,L47_일반약 판매(시간별),2026-10-05T01:15
PH_DUMMY_01,2026-09-02,16:00-17:00,1,0,1,2,44000,0,0,0,1,1,0,virtual_dummy.xlsx,L47_일반약 판매(시간별),2026-10-05T01:15
PH_DUMMY_01,2026-09-02,17:00-18:00,0,0,0,0,0,0,0,0,0,0,0,virtual_dummy.xlsx,L47_일반약 판매(시간별),2026-10-05T01:15
PH_DUMMY_01,2026-09-02,18:00-19:00,3,0,3,5,54700,1,0,0,1,3,0,virtual_dummy.xlsx,L47_일반약 판매(시간별),2026-10-05T01:15
PH_DUMMY_01,2026-09-03,09:00-10:00,1,2,3,4,11886,1,1,0,0,2,0,virtual_dummy.xlsx,L47_일반약 판매(시간별),2026-10-05T01:15
PH_DUMMY_01,2026-09-03,10:00-11:00,1,4,5,8,37982,2,3,1,0,2,0,virtual_dummy.xlsx,L47_일반약 판매(시간별),2026-10-05T01:15
PH_DUMMY_01,2026-09-03,11:00-12:00,1,2,3,5,23686,1,2,0,0,2,0,virtual_dummy.xlsx,L47_일반약 판매(시간별),2026-10-05T01:15
PH_DUMMY_01,2026-09-03,12:00-13:00,1,0,1,1,2500,0,0,0,0,1,0,virtual_dummy.xlsx,L47_일반약 판매(시간별),2026-10-05T01:15
PH_DUMMY_01,2026-09-03,13:00-14:00,2,0,2,4,40186,0,1,0,1,2,0,virtual_dummy.xlsx,L47_일반약 판매(시간별),2026-10-05T01:15
PH_DUMMY_01,2026-09-03,14:00-15:00,2,0,2,3,7193,1,0,1,0,1,0,virtual_dummy.xlsx,L47_일반약 판매(시간별),2026-10-05T01:15
PH_DUMMY_01,2026-09-03,15:00-16:00,2,0,2,4,14872,0,2,0,0,2,0,virtual_dummy.xlsx,L47_일반약 판매(시간별),2026-10-05T01:15
PH_DUMMY_01,2026-09-03,16:00-17:00,2,2,4,5,27558,0,3,1,1,0,0,virtual_dummy.xlsx,L47_일반약 판매(시간별),2026-10-05T01:15
PH_DUMMY_01,2026-09-03,17:00-18:00,2,0,2,5,25500,0,0,3,0,2,0,virtual_dummy.xlsx,L47_일반약 판매(시간별),2026-10-05T01:15
PH_DUMMY_01,2026-09-03,18:00-19:00,1,0,1,2,5993,1,0,1,0,0,0,virtual_dummy.xlsx,L47_일반약 판매(시간별),2026-10-05T01:15
PH_DUMMY_01,2026-09-04,09:00-10:00,1,1,2,3,7700,0,0,1,0,2,0,virtual_dummy.xlsx,L47_일반약 판매(시간별),2026-10-05T01:15
PH_DUMMY_01,2026-09-04,10:00-11:00,1,0,1,2,36000,0,1,0,1,0,0,virtual_dummy.xlsx,L47_일반약 판매(시간별),2026-10-05T01:15
PH_DUMMY_01,2026-09-04,11:00-12:00,0,1,1,2,6372,0,2,0,0,0,0,virtual_dummy.xlsx,L47_일반약 판매(시간별),2026-10-05T01:15
PH_DUMMY_01,2026-09-04,12:00-13:00,1,2,3,5,50117,1,1,2,1,0,0,virtual_dummy.xlsx,L47_일반약 판매(시간별),2026-10-05T01:15
PH_DUMMY_01,2026-09-04,13:00-14:00,2,0,2,2,6500,0,0,1,0,1,0,virtual_dummy.xlsx,L47_일반약 판매(시간별),2026-10-05T01:15
PH_DUMMY_01,2026-09-04,14:00-15:00,1,0,1,1,15000,0,0,0,1,0,0,virtual_dummy.xlsx,L47_일반약 판매(시간별),2026-10-05T01:15
PH_DUMMY_01,2026-09-04,15:00-16:00,1,1,2,2,10000,0,0,2,0,0,0,virtual_dummy.xlsx,L47_일반약 판매(시간별),2026-10-05T01:15
PH_DUMMY_01,2026-09-04,16:00-17:00,1,1,2,4,13386,1,1,0,0,2,0,virtual_dummy.xlsx,L47_일반약 판매(시간별),2026-10-05T01:15
PH_DUMMY_01,2026-09-04,17:00-18:00,6,3,9,17,107706,7,3,3,2,2,0,virtual_dummy.xlsx,L47_일반약 판매(시간별),2026-10-05T01:15
PH_DUMMY_01,2026-09-04,18:00-19:00,0,1,1,1,32000,0,0,0,1,0,0,virtual_dummy.xlsx,L47_일반약 판매(시간별),2026-10-05T01:15
PH_DUMMY_01,2026-09-05,09:00-10:00,1,1,2,4,17500,0,1,1,0,2,0,virtual_dummy.xlsx,L47_일반약 판매(시간별),2026-10-05T01:15
PH_DUMMY_01,2026-09-05,10:00-11:00,3,2,5,7,53565,1,2,1,1,2,0,virtual_dummy.xlsx,L47_일반약 판매(시간별),2026-10-05T01:15
PH_DUMMY_01,2026-09-05,11:00-12:00,8,2,10,18,133386,4,1,4,3,6,0,virtual_dummy.xlsx,L47_일반약 판매(시간별),2026-10-05T01:15
PH_DUMMY_01,2026-09-05,12:00-13:00,1,1,2,2,4200,0,0,1,0,1,0,virtual_dummy.xlsx,L47_일반약 판매(시간별),2026-10-05T01:15
PH_DUMMY_01,2026-09-05,13:00-14:00,3,3,6,11,46289,4,2,2,0,3,0,virtual_dummy.xlsx,L47_일반약 판매(시간별),2026-10-05T01:15
PH_DUMMY_01,2026-09-07,09:00-10:00,0,0,0,0,0,0,0,0,0,0,0,virtual_dummy.xlsx,L47_일반약 판매(시간별),2026-10-05T01:15
PH_DUMMY_01,2026-09-07,10:00-11:00,2,2,4,4,15186,0,1,1,0,2,0,virtual_dummy.xlsx,L47_일반약 판매(시간별),2026-10-05T01:15
PH_DUMMY_01,2026-09-07,11:00-12:00,0,0,0,0,0,0,0,0,0,0,0,virtual_dummy.xlsx,L47_일반약 판매(시간별),2026-10-05T01:15
PH_DUMMY_01,2026-09-07,12:00-13:00,3,0,3,5,28186,0,1,3,1,0,0,virtual_dummy.xlsx,L47_일반약 판매(시간별),2026-10-05T01:15
PH_DUMMY_01,2026-09-07,13:00-14:00,3,0,3,7,49934,1,2,0,1,3,0,virtual_dummy.xlsx,L47_일반약 판매(시간별),2026-10-05T01:15
PH_DUMMY_01,2026-09-07,14:00-15:00,1,2,3,6,86993,2,0,1,2,1,0,virtual_dummy.xlsx,L47_일반약 판매(시간별),2026-10-05T01:15
PH_DUMMY_01,2026-09-07,15:00-16:00,0,2,2,6,54117,0,1,0,2,3,0,virtual_dummy.xlsx,L47_일반약 판매(시간별),2026-10-05T01:15
PH_DUMMY_01,2026-09-07,16:00-17:00,1,4,5,11,51703,1,3,1,1,5,0,virtual_dummy.xlsx,L47_일반약 판매(시간별),2026-10-05T01:15
PH_DUMMY_01,2026-09-07,17:00-18:00,1,0,1,1,4000,0,0,1,0,0,0,virtual_dummy.xlsx,L47_일반약 판매(시간별),2026-10-05T01:15
PH_DUMMY_01,2026-09-07,18:00-19:00,1,1,2,2,7493,2,0,0,0,0,0,virtual_dummy.xlsx,L47_일반약 판매(시간별),2026-10-05T01:15
PH_DUMMY_01,2026-09-08,09:00-10:00,1,1,2,4,16500,2,0,1,0,1,0,virtual_dummy.xlsx,L47_일반약 판매(시간별),2026-10-05T01:15
PH_DUMMY_01,2026-09-08,10:00-11:00,0,0,0,0,0,0,0,0,0,0,0,virtual_dummy.xlsx,L47_일반약 판매(시간별),2026-10-05T01:15
PH_DUMMY_01,2026-09-08,11:00-12:00,2,1,3,6,26372,2,2,0,0,2,0,virtual_dummy.xlsx,L47_일반약 판매(시간별),2026-10-05T01:15
PH_DUMMY_01,2026-09-08,12:00-13:00,1,3,4,6,19893,3,0,1,0,2,0,virtual_dummy.xlsx,L47_일반약 판매(시간별),2026-10-05T01:15
PH_DUMMY_01,2026-09-08,13:00-14:00,0,0,0,0,0,0,0,0,0,0,0,virtual_dummy.xlsx,L47_일반약 판매(시간별),2026-10-05T01:15
PH_DUMMY_01,2026-09-08,14:00-15:00,2,2,4,6,18879,2,1,0,0,3,0,virtual_dummy.xlsx,L47_일반약 판매(시간별),2026-10-05T01:15
PH_DUMMY_01,2026-09-08,15:00-16:00,1,2,3,3,37000,1,0,1,1,0,0,virtual_dummy.xlsx,L47_일반약 판매(시간별),2026-10-05T01:15
PH_DUMMY_01,2026-09-08,16:00-17:00,1,3,4,6,55193,1,0,1,1,3,0,virtual_dummy.xlsx,L47_일반약 판매(시간별),2026-10-05T01:15
PH_DUMMY_01,2026-09-08,17:00-18:00,2,1,3,6,20003,0,2,2,0,2,0,virtual_dummy.xlsx,L47_일반약 판매(시간별),2026-10-05T01:15
PH_DUMMY_01,2026-09-08,18:00-19:00,2,0,2,3,23000,1,0,1,1,0,0,virtual_dummy.xlsx,L47_일반약 판매(시간별),2026-10-05T01:15
PH_DUMMY_01,2026-09-09,09:00-10:00,0,0,0,0,0,0,0,0,0,0,0,virtual_dummy.xlsx,L47_일반약 판매(시간별),2026-10-05T01:15
PH_DUMMY_01,2026-09-09,10:00-11:00,0,2,2,3,40000,0,0,0,1,2,0,virtual_dummy.xlsx,L47_일반약 판매(시간별),2026-10-05T01:15
PH_DUMMY_01,2026-09-09,11:00-12:00,0,0,0,0,0,0,0,0,0,0,0,virtual_dummy.xlsx,L47_일반약 판매(시간별),2026-10-05T01:15
PH_DUMMY_01,2026-09-09,12:00-13:00,1,0,1,1,2993,1,0,0,0,0,0,virtual_dummy.xlsx,L47_일반약 판매(시간별),2026-10-05T01:15
PH_DUMMY_01,2026-09-09,13:00-14:00,2,1,3,5,21686,1,1,1,0,2,0,virtual_dummy.xlsx,L47_일반약 판매(시간별),2026-10-05T01:15
PH_DUMMY_01,2026-09-09,14:00-15:00,1,1,2,3,12500,2,0,1,0,0,0,virtual_dummy.xlsx,L47_일반약 판매(시간별),2026-10-05T01:15
PH_DUMMY_01,2026-09-09,15:00-16:00,0,0,0,0,0,0,0,0,0,0,0,virtual_dummy.xlsx,L47_일반약 판매(시간별),2026-10-05T01:15
PH_DUMMY_01,2026-09-09,16:00-17:00,2,0,2,4,45686,1,2,0,1,0,0,virtual_dummy.xlsx,L47_일반약 판매(시간별),2026-10-05T01:15
PH_DUMMY_01,2026-09-09,17:00-18:00,1,0,1,1,5000,0,0,0,0,1,0,virtual_dummy.xlsx,L47_일반약 판매(시간별),2026-10-05T01:15
PH_DUMMY_01,2026-09-09,18:00-19:00,2,0,2,3,11700,1,0,1,0,1,0,virtual_dummy.xlsx,L47_일반약 판매(시간별),2026-10-05T01:15
PH_DUMMY_01,2026-09-10,09:00-10:00,2,1,3,4,21117,0,2,0,0,2,0,virtual_dummy.xlsx,L47_일반약 판매(시간별),2026-10-05T01:15
PH_DUMMY_01,2026-09-10,10:00-11:00,0,0,0,0,0,0,0,0,0,0,0,virtual_dummy.xlsx,L47_일반약 판매(시간별),2026-10-05T01:15
PH_DUMMY_01,2026-09-10,11:00-12:00,1,2,3,3,8872,0,2,0,0,1,0,virtual_dummy.xlsx,L47_일반약 판매(시간별),2026-10-05T01:15
PH_DUMMY_01,2026-09-10,12:00-13:00,0,2,2,4,42000,0,0,3,1,0,0,virtual_dummy.xlsx,L47_일반약 판매(시간별),2026-10-05T01:15
PH_DUMMY_01,2026-09-10,13:00-14:00,0,0,0,0,0,0,0,0,0,0,0,virtual_dummy.xlsx,L47_일반약 판매(시간별),2026-10-05T01:15
PH_DUMMY_01,2026-09-10,14:00-15:00,3,5,8,15,144447,6,2,2,2,3,0,virtual_dummy.xlsx,L47_일반약 판매(시간별),2026-10-05T01:15
PH_DUMMY_01,2026-09-10,15:00-16:00,0,1,1,2,17993,1,0,0,1,0,0,virtual_dummy.xlsx,L47_일반약 판매(시간별),2026-10-05T01:15
PH_DUMMY_01,2026-09-10,16:00-17:00,0,1,1,1,8000,0,0,0,0,1,0,virtual_dummy.xlsx,L47_일반약 판매(시간별),2026-10-05T01:15
PH_DUMMY_01,2026-09-10,17:00-18:00,0,2,2,2,8500,0,0,0,0,2,0,virtual_dummy.xlsx,L47_일반약 판매(시간별),2026-10-05T01:15
PH_DUMMY_01,2026-09-10,18:00-19:00,3,2,5,9,60679,1,1,2,1,4,0,virtual_dummy.xlsx,L47_일반약 판매(시간별),2026-10-05T01:15
PH_DUMMY_01,2026-09-11,09:00-10:00,2,1,3,5,54044,0,1,0,1,3,0,virtual_dummy.xlsx,L47_일반약 판매(시간별),2026-10-05T01:15
PH_DUMMY_01,2026-09-11,10:00-11:00,1,5,6,11,67944,2,4,2,1,2,0,virtual_dummy.xlsx,L47_일반약 판매(시간별),2026-10-05T01:15
PH_DUMMY_01,2026-09-11,11:00-12:00,2,2,4,6,49610,2,2,1,1,0,0,virtual_dummy.xlsx,L47_일반약 판매(시간별),2026-10-05T01:15
PH_DUMMY_01,2026-09-11,12:00-13:00,0,2,2,2,8000,1,0,0,0,1,0,virtual_dummy.xlsx,L47_일반약 판매(시간별),2026-10-05T01:15
PH_DUMMY_01,2026-09-11,13:00-14:00,1,2,3,5,52886,0,1,1,2,1,0,virtual_dummy.xlsx,L47_일반약 판매(시간별),2026-10-05T01:15
PH_DUMMY_01,2026-09-11,14:00-15:00,1,1,2,4,14817,0,1,0,0,3,0,virtual_dummy.xlsx,L47_일반약 판매(시간별),2026-10-05T01:15
PH_DUMMY_01,2026-09-11,15:00-16:00,2,0,2,5,45220,2,0,1,0,2,0,virtual_dummy.xlsx,L47_일반약 판매(시간별),2026-10-05T01:15
PH_DUMMY_01,2026-09-11,16:00-17:00,0,0,0,0,0,0,0,0,0,0,0,virtual_dummy.xlsx,L47_일반약 판매(시간별),2026-10-05T01:15
PH_DUMMY_01,2026-09-11,17:00-18:00,1,0,1,2,8000,1,0,0,0,1,0,virtual_dummy.xlsx,L47_일반약 판매(시간별),2026-10-05T01:15
PH_DUMMY_01,2026-09-11,18:00-19:00,5,0,5,7,64734,1,2,1,2,1,0,virtual_dummy.xlsx,L47_일반약 판매(시간별),2026-10-05T01:15
PH_DUMMY_01,2026-09-12,09:00-10:00,1,1,2,3,16000,1,0,0,0,2,0,virtual_dummy.xlsx,L47_일반약 판매(시간별),2026-10-05T01:15
PH_DUMMY_01,2026-09-12,10:00-11:00,1,0,1,2,47000,0,0,0,2,0,0,virtual_dummy.xlsx,L47_일반약 판매(시간별),2026-10-05T01:15
PH_DUMMY_01,2026-09-12,11:00-12:00,2,2,4,4,25179,2,1,0,1,0,0,virtual_dummy.xlsx,L47_일반약 판매(시간별),2026-10-05T01:15
PH_DUMMY_01,2026-09-12,12:00-13:00,3,0,3,3,12000,1,0,0,0,2,0,virtual_dummy.xlsx,L47_일반약 판매(시간별),2026-10-05T01:15
PH_DUMMY_01,2026-09-12,13:00-14:00,0,2,2,4,29500,0,0,0,1,3,0,virtual_dummy.xlsx,L47_일반약 판매(시간별),2026-10-05T01:15
PH_DUMMY_01,2026-09-14,09:00-10:00,0,2,2,3,12179,1,2,0,0,0,0,virtual_dummy.xlsx,L47_일반약 판매(시간별),2026-10-05T01:15
PH_DUMMY_01,2026-09-14,10:00-11:00,1,3,4,7,29179,1,2,2,0,2,0,virtual_dummy.xlsx,L47_일반약 판매(시간별),2026-10-05T01:15
PH_DUMMY_01,2026-09-14,11:00-12:00,2,1,3,6,29000,0,0,2,0,4,0,virtual_dummy.xlsx,L47_일반약 판매(시간별),2026-10-05T01:15
PH_DUMMY_01,2026-09-14,12:00-13:00,2,1,3,6,27000,1,0,4,0,1,0,virtual_dummy.xlsx,L47_일반약 판매(시간별),2026-10-05T01:15
PH_DUMMY_01,2026-09-14,13:00-14:00,1,2,3,7,22386,1,1,3,0,2,0,virtual_dummy.xlsx,L47_일반약 판매(시간별),2026-10-05T01:15
PH_DUMMY_01,2026-09-14,14:00-15:00,2,0,2,4,71200,0,0,1,2,1,0,virtual_dummy.xlsx,L47_일반약 판매(시간별),2026-10-05T01:15
PH_DUMMY_01,2026-09-14,15:00-16:00,0,2,2,3,16200,0,1,0,0,2,0,virtual_dummy.xlsx,L47_일반약 판매(시간별),2026-10-05T01:15
PH_DUMMY_01,2026-09-14,16:00-17:00,0,1,1,1,3186,0,1,0,0,0,0,virtual_dummy.xlsx,L47_일반약 판매(시간별),2026-10-05T01:15
PH_DUMMY_01,2026-09-14,17:00-18:00,2,3,5,10,54100,3,0,0,2,5,0,virtual_dummy.xlsx,L47_일반약 판매(시간별),2026-10-05T01:15
PH_DUMMY_01,2026-09-14,18:00-19:00,1,2,3,6,82686,0,1,2,2,1,0,virtual_dummy.xlsx,L47_일반약 판매(시간별),2026-10-05T01:15
PH_DUMMY_01,2026-09-15,09:00-10:00,1,0,1,1,32000,0,0,0,1,0,0,virtual_dummy.xlsx,L47_일반약 판매(시간별),2026-10-05T01:15
PH_DUMMY_01,2026-09-15,10:00-11:00,0,1,1,1,4500,1,0,0,0,0,0,virtual_dummy.xlsx,L47_일반약 판매(시간별),2026-10-05T01:15
PH_DUMMY_01,2026-09-15,11:00-12:00,2,2,4,7,22803,2,2,0,0,3,0,virtual_dummy.xlsx,L47_일반약 판매(시간별),2026-10-05T01:15
PH_DUMMY_01,2026-09-15,12:00-13:00,1,1,2,4,50000,0,1,1,1,1,0,virtual_dummy.xlsx,L47_일반약 판매(시간별),2026-10-05T01:15
PH_DUMMY_01,2026-09-15,13:00-14:00,1,5,6,7,92344,1,1,0,1,4,0,virtual_dummy.xlsx,L47_일반약 판매(시간별),2026-10-05T01:15
PH_DUMMY_01,2026-09-15,14:00-15:00,0,1,1,2,7493,2,0,0,0,0,0,virtual_dummy.xlsx,L47_일반약 판매(시간별),2026-10-05T01:15
PH_DUMMY_01,2026-09-15,15:00-16:00,0,1,1,2,37500,0,0,0,1,1,0,virtual_dummy.xlsx,L47_일반약 판매(시간별),2026-10-05T01:15
PH_DUMMY_01,2026-09-15,16:00-17:00,1,0,1,1,6000,0,1,0,0,0,0,virtual_dummy.xlsx,L47_일반약 판매(시간별),2026-10-05T01:15
PH_DUMMY_01,2026-09-15,17:00-18:00,1,1,2,3,16617,1,1,0,0,1,0,virtual_dummy.xlsx,L47_일반약 판매(시간별),2026-10-05T01:15
PH_DUMMY_01,2026-09-15,18:00-19:00,2,1,3,4,19000,1,0,1,0,2,0,virtual_dummy.xlsx,L47_일반약 판매(시간별),2026-10-05T01:15
PH_DUMMY_01,2026-09-16,09:00-10:00,1,0,1,1,3617,0,1,0,0,0,0,virtual_dummy.xlsx,L47_일반약 판매(시간별),2026-10-05T01:15
PH_DUMMY_01,2026-09-16,10:00-11:00,0,1,1,2,6186,0,1,0,0,1,0,virtual_dummy.xlsx,L47_일반약 판매(시간별),2026-10-05T01:15
PH_DUMMY_01,2026-09-16,11:00-12:00,0,0,0,0,0,0,0,0,0,0,0,virtual_dummy.xlsx,L47_일반약 판매(시간별),2026-10-05T01:15
PH_DUMMY_01,2026-09-16,12:00-13:00,1,0,1,2,9186,0,1,1,0,0,0,virtual_dummy.xlsx,L47_일반약 판매(시간별),2026-10-05T01:15
PH_DUMMY_01,2026-09-16,13:00-14:00,1,0,1,2,65000,0,0,0,2,0,0,virtual_dummy.xlsx,L47_일반약 판매(시간별),2026-10-05T01:15
PH_DUMMY_01,2026-09-16,14:00-15:00,1,0,1,1,3000,0,0,1,0,0,0,virtual_dummy.xlsx,L47_일반약 판매(시간별),2026-10-05T01:15
PH_DUMMY_01,2026-09-16,15:00-16:00,3,4,7,8,50551,1,3,2,2,0,0,virtual_dummy.xlsx,L47_일반약 판매(시간별),2026-10-05T01:15
PH_DUMMY_01,2026-09-16,16:00-17:00,0,0,0,0,0,0,0,0,0,0,0,virtual_dummy.xlsx,L47_일반약 판매(시간별),2026-10-05T01:15
PH_DUMMY_01,2026-09-16,17:00-18:00,1,1,2,3,8679,1,1,0,0,1,0,virtual_dummy.xlsx,L47_일반약 판매(시간별),2026-10-05T01:15
PH_DUMMY_01,2026-09-16,18:00-19:00,2,1,3,5,82500,1,0,0,2,2,0,virtual_dummy.xlsx,L47_일반약 판매(시간별),2026-10-05T01:15
PH_DUMMY_01,2026-09-17,09:00-10:00,0,1,1,1,6000,0,0,0,0,1,0,virtual_dummy.xlsx,L47_일반약 판매(시간별),2026-10-05T01:15
PH_DUMMY_01,2026-09-17,10:00-11:00,1,0,1,3,47000,0,1,1,1,0,0,virtual_dummy.xlsx,L47_일반약 판매(시간별),2026-10-05T01:15
PH_DUMMY_01,2026-09-17,11:00-12:00,1,1,2,4,47500,0,0,1,1,2,0,virtual_dummy.xlsx,L47_일반약 판매(시간별),2026-10-05T01:15
PH_DUMMY_01,2026-09-17,12:00-13:00,3,1,4,6,50486,3,0,1,1,1,0,virtual_dummy.xlsx,L47_일반약 판매(시간별),2026-10-05T01:15
PH_DUMMY_01,2026-09-17,13:00-14:00,2,0,2,2,7000,0,0,2,0,0,0,virtual_dummy.xlsx,L47_일반약 판매(시간별),2026-10-05T01:15
PH_DUMMY_01,2026-09-17,14:00-15:00,2,0,2,5,47493,3,0,1,1,0,0,virtual_dummy.xlsx,L47_일반약 판매(시간별),2026-10-05T01:15
PH_DUMMY_01,2026-09-17,15:00-16:00,0,0,0,0,0,0,0,0,0,0,0,virtual_dummy.xlsx,L47_일반약 판매(시간별),2026-10-05T01:15
PH_DUMMY_01,2026-09-17,16:00-17:00,3,1,4,6,48200,0,2,0,1,3,0,virtual_dummy.xlsx,L47_일반약 판매(시간별),2026-10-05T01:15
PH_DUMMY_01,2026-09-17,17:00-18:00,1,4,5,10,40072,2,3,3,0,2,0,virtual_dummy.xlsx,L47_일반약 판매(시간별),2026-10-05T01:15
PH_DUMMY_01,2026-09-17,18:00-19:00,5,0,5,5,15817,1,1,0,0,3,0,virtual_dummy.xlsx,L47_일반약 판매(시간별),2026-10-05T01:15
PH_DUMMY_01,2026-09-18,09:00-10:00,0,1,1,2,50000,0,0,0,2,0,0,virtual_dummy.xlsx,L47_일반약 판매(시간별),2026-10-05T01:15
PH_DUMMY_01,2026-09-18,10:00-11:00,3,1,4,5,35686,2,1,0,1,1,0,virtual_dummy.xlsx,L47_일반약 판매(시간별),2026-10-05T01:15
PH_DUMMY_01,2026-09-18,11:00-12:00,2,0,2,2,8993,1,1,0,0,0,0,virtual_dummy.xlsx,L47_일반약 판매(시간별),2026-10-05T01:15
PH_DUMMY_01,2026-09-18,12:00-13:00,0,1,1,2,16200,0,0,0,1,1,0,virtual_dummy.xlsx,L47_일반약 판매(시간별),2026-10-05T01:15
PH_DUMMY_01,2026-09-18,13:00-14:00,0,0,0,0,0,0,0,0,0,0,0,virtual_dummy.xlsx,L47_일반약 판매(시간별),2026-10-05T01:15
PH_DUMMY_01,2026-09-18,14:00-15:00,3,1,4,7,70493,1,2,0,2,2,0,virtual_dummy.xlsx,L47_일반약 판매(시간별),2026-10-05T01:15
PH_DUMMY_01,2026-09-18,15:00-16:00,0,2,2,3,44500,0,0,2,1,0,0,virtual_dummy.xlsx,L47_일반약 판매(시간별),2026-10-05T01:15
PH_DUMMY_01,2026-09-18,16:00-17:00,3,1,4,5,53372,0,2,0,1,2,0,virtual_dummy.xlsx,L47_일반약 판매(시간별),2026-10-05T01:15
PH_DUMMY_01,2026-09-18,17:00-18:00,1,6,7,10,76764,2,4,2,1,1,0,virtual_dummy.xlsx,L47_일반약 판매(시간별),2026-10-05T01:15
PH_DUMMY_01,2026-09-18,18:00-19:00,1,2,3,4,18500,0,1,2,0,1,0,virtual_dummy.xlsx,L47_일반약 판매(시간별),2026-10-05T01:15
PH_DUMMY_01,2026-09-19,09:00-10:00,0,6,6,7,54886,0,2,2,1,2,0,virtual_dummy.xlsx,L47_일반약 판매(시간별),2026-10-05T01:15
PH_DUMMY_01,2026-09-19,10:00-11:00,0,1,1,2,6493,1,0,0,0,1,0,virtual_dummy.xlsx,L47_일반약 판매(시간별),2026-10-05T01:15
PH_DUMMY_01,2026-09-19,11:00-12:00,1,3,4,9,29393,1,0,5,0,3,0,virtual_dummy.xlsx,L47_일반약 판매(시간별),2026-10-05T01:15
PH_DUMMY_01,2026-09-19,12:00-13:00,2,0,2,3,18500,1,0,1,0,1,0,virtual_dummy.xlsx,L47_일반약 판매(시간별),2026-10-05T01:15
PH_DUMMY_01,2026-09-19,13:00-14:00,3,0,3,3,56000,0,0,1,2,0,0,virtual_dummy.xlsx,L47_일반약 판매(시간별),2026-10-05T01:15
PH_DUMMY_01,2026-09-21,09:00-10:00,1,0,1,1,3000,0,0,1,0,0,0,virtual_dummy.xlsx,L47_일반약 판매(시간별),2026-10-05T01:15
PH_DUMMY_01,2026-09-21,10:00-11:00,2,4,6,10,89496,3,2,0,3,2,0,virtual_dummy.xlsx,L47_일반약 판매(시간별),2026-10-05T01:15
PH_DUMMY_01,2026-09-21,11:00-12:00,1,6,7,13,93510,3,2,2,2,4,0,virtual_dummy.xlsx,L47_일반약 판매(시간별),2026-10-05T01:15
PH_DUMMY_01,2026-09-21,12:00-13:00,1,6,7,12,72400,1,1,2,2,6,0,virtual_dummy.xlsx,L47_일반약 판매(시간별),2026-10-05T01:15
PH_DUMMY_01,2026-09-21,13:00-14:00,0,0,0,0,0,0,0,0,0,0,0,virtual_dummy.xlsx,L47_일반약 판매(시간별),2026-10-05T01:15
PH_DUMMY_01,2026-09-21,14:00-15:00,1,1,2,4,41186,0,1,2,1,0,0,virtual_dummy.xlsx,L47_일반약 판매(시간별),2026-10-05T01:15
PH_DUMMY_01,2026-09-21,15:00-16:00,1,1,2,3,41617,0,1,1,1,0,0,virtual_dummy.xlsx,L47_일반약 판매(시간별),2026-10-05T01:15
PH_DUMMY_01,2026-09-21,16:00-17:00,1,2,3,4,42186,0,1,2,1,0,0,virtual_dummy.xlsx,L47_일반약 판매(시간별),2026-10-05T01:15
PH_DUMMY_01,2026-09-21,17:00-18:00,2,0,2,2,6500,0,0,1,0,1,0,virtual_dummy.xlsx,L47_일반약 판매(시간별),2026-10-05T01:15
PH_DUMMY_01,2026-09-21,18:00-19:00,0,2,2,3,9200,1,0,1,0,1,0,virtual_dummy.xlsx,L47_일반약 판매(시간별),2026-10-05T01:15
PH_DUMMY_01,2026-09-22,09:00-10:00,2,1,3,7,27003,0,2,0,0,5,0,virtual_dummy.xlsx,L47_일반약 판매(시간별),2026-10-05T01:15
PH_DUMMY_01,2026-09-22,10:00-11:00,0,0,0,0,0,0,0,0,0,0,0,virtual_dummy.xlsx,L47_일반약 판매(시간별),2026-10-05T01:15
PH_DUMMY_01,2026-09-22,11:00-12:00,0,0,0,0,0,0,0,0,0,0,0,virtual_dummy.xlsx,L47_일반약 판매(시간별),2026-10-05T01:15
PH_DUMMY_01,2026-09-22,12:00-13:00,1,0,1,1,6000,0,0,1,0,0,0,virtual_dummy.xlsx,L47_일반약 판매(시간별),2026-10-05T01:15
PH_DUMMY_01,2026-09-22,13:00-14:00,2,0,2,2,37993,1,0,0,1,0,0,virtual_dummy.xlsx,L47_일반약 판매(시간별),2026-10-05T01:15
PH_DUMMY_01,2026-09-22,14:00-15:00,0,1,1,1,2993,1,0,0,0,0,0,virtual_dummy.xlsx,L47_일반약 판매(시간별),2026-10-05T01:15
PH_DUMMY_01,2026-09-22,15:00-16:00,2,1,3,6,28610,2,2,0,0,2,0,virtual_dummy.xlsx,L47_일반약 판매(시간별),2026-10-05T01:15
PH_DUMMY_01,2026-09-22,16:00-17:00,3,3,6,16,114730,3,3,3,2,5,0,virtual_dummy.xlsx,L47_일반약 판매(시간별),2026-10-05T01:15
PH_DUMMY_01,2026-09-22,17:00-18:00,2,5,7,9,82865,2,2,2,3,0,0,virtual_dummy.xlsx,L47_일반약 판매(시간별),2026-10-05T01:15
PH_DUMMY_01,2026-09-22,18:00-19:00,3,1,4,7,38400,2,0,1,1,3,0,virtual_dummy.xlsx,L47_일반약 판매(시간별),2026-10-05T01:15
PH_DUMMY_01,2026-09-23,09:00-10:00,1,0,1,3,12117,1,1,1,0,0,0,virtual_dummy.xlsx,L47_일반약 판매(시간별),2026-10-05T01:15
PH_DUMMY_01,2026-09-23,10:00-11:00,1,1,2,3,11686,1,1,1,0,0,0,virtual_dummy.xlsx,L47_일반약 판매(시간별),2026-10-05T01:15
PH_DUMMY_01,2026-09-23,11:00-12:00,0,0,0,0,0,0,0,0,0,0,0,virtual_dummy.xlsx,L47_일반약 판매(시간별),2026-10-05T01:15
PH_DUMMY_01,2026-09-23,12:00-13:00,3,0,3,4,42000,0,1,0,1,2,0,virtual_dummy.xlsx,L47_일반약 판매(시간별),2026-10-05T01:15
PH_DUMMY_01,2026-09-23,13:00-14:00,1,2,3,5,16700,2,0,2,0,1,0,virtual_dummy.xlsx,L47_일반약 판매(시간별),2026-10-05T01:15
PH_DUMMY_01,2026-09-23,14:00-15:00,0,2,2,4,41000,0,0,3,1,0,0,virtual_dummy.xlsx,L47_일반약 판매(시간별),2026-10-05T01:15
PH_DUMMY_01,2026-09-23,15:00-16:00,1,1,2,3,38500,0,0,1,1,1,0,virtual_dummy.xlsx,L47_일반약 판매(시간별),2026-10-05T01:15
PH_DUMMY_01,2026-09-23,16:00-17:00,2,5,7,12,72472,4,1,5,1,1,0,virtual_dummy.xlsx,L47_일반약 판매(시간별),2026-10-05T01:15
PH_DUMMY_01,2026-09-23,17:00-18:00,1,1,2,2,8000,1,0,1,0,0,0,virtual_dummy.xlsx,L47_일반약 판매(시간별),2026-10-05T01:15
PH_DUMMY_01,2026-09-23,18:00-19:00,1,0,1,2,6610,1,1,0,0,0,0,virtual_dummy.xlsx,L47_일반약 판매(시간별),2026-10-05T01:15
PH_DUMMY_01,2026-09-28,09:00-10:00,1,0,1,2,4386,0,1,0,0,1,0,virtual_dummy.xlsx,L47_일반약 판매(시간별),2026-10-05T01:15
PH_DUMMY_01,2026-09-28,10:00-11:00,3,3,6,10,35496,1,2,5,0,2,0,virtual_dummy.xlsx,L47_일반약 판매(시간별),2026-10-05T01:15
PH_DUMMY_01,2026-09-28,11:00-12:00,1,2,3,7,59003,1,2,0,1,3,0,virtual_dummy.xlsx,L47_일반약 판매(시간별),2026-10-05T01:15
PH_DUMMY_01,2026-09-28,12:00-13:00,1,6,7,9,70003,1,3,1,1,3,0,virtual_dummy.xlsx,L47_일반약 판매(시간별),2026-10-05T01:15
PH_DUMMY_01,2026-09-28,13:00-14:00,1,3,4,9,67586,1,1,1,2,4,0,virtual_dummy.xlsx,L47_일반약 판매(시간별),2026-10-05T01:15
PH_DUMMY_01,2026-09-28,14:00-15:00,1,4,5,8,25203,2,2,2,0,2,0,virtual_dummy.xlsx,L47_일반약 판매(시간별),2026-10-05T01:15
PH_DUMMY_01,2026-09-28,15:00-16:00,1,1,2,2,17993,1,0,0,1,0,0,virtual_dummy.xlsx,L47_일반약 판매(시간별),2026-10-05T01:15
PH_DUMMY_01,2026-09-28,16:00-17:00,0,1,1,1,3000,0,0,1,0,0,0,virtual_dummy.xlsx,L47_일반약 판매(시간별),2026-10-05T01:15
PH_DUMMY_01,2026-09-28,17:00-18:00,4,3,7,11,51123,1,5,1,1,3,0,virtual_dummy.xlsx,L47_일반약 판매(시간별),2026-10-05T01:15
PH_DUMMY_01,2026-09-28,18:00-19:00,1,1,2,4,40193,1,1,0,1,1,0,virtual_dummy.xlsx,L47_일반약 판매(시간별),2026-10-05T01:15
PH_DUMMY_01,2026-09-29,09:00-10:00,1,2,3,6,51379,3,1,0,1,1,0,virtual_dummy.xlsx,L47_일반약 판매(시간별),2026-10-05T01:15
PH_DUMMY_01,2026-09-29,10:00-11:00,0,0,0,0,0,0,0,0,0,0,0,virtual_dummy.xlsx,L47_일반약 판매(시간별),2026-10-05T01:15
PH_DUMMY_01,2026-09-29,11:00-12:00,0,2,2,4,44986,3,0,0,1,0,0,virtual_dummy.xlsx,L47_일반약 판매(시간별),2026-10-05T01:15
PH_DUMMY_01,2026-09-29,12:00-13:00,2,0,2,3,8200,1,0,0,0,2,0,virtual_dummy.xlsx,L47_일반약 판매(시간별),2026-10-05T01:15
PH_DUMMY_01,2026-09-29,13:00-14:00,0,0,0,0,0,0,0,0,0,0,0,virtual_dummy.xlsx,L47_일반약 판매(시간별),2026-10-05T01:15
PH_DUMMY_01,2026-09-29,14:00-15:00,2,2,4,5,15086,0,2,1,0,2,0,virtual_dummy.xlsx,L47_일반약 판매(시간별),2026-10-05T01:15
PH_DUMMY_01,2026-09-29,15:00-16:00,0,1,1,1,4500,1,0,0,0,0,0,virtual_dummy.xlsx,L47_일반약 판매(시간별),2026-10-05T01:15
PH_DUMMY_01,2026-09-29,16:00-17:00,0,0,0,0,0,0,0,0,0,0,0,virtual_dummy.xlsx,L47_일반약 판매(시간별),2026-10-05T01:15
PH_DUMMY_01,2026-09-29,17:00-18:00,2,2,4,5,77200,0,0,1,2,2,0,virtual_dummy.xlsx,L47_일반약 판매(시간별),2026-10-05T01:15
PH_DUMMY_01,2026-09-29,18:00-19:00,3,1,4,7,65493,3,0,1,2,1,0,virtual_dummy.xlsx,L47_일반약 판매(시간별),2026-10-05T01:15
PH_DUMMY_01,2026-09-30,09:00-10:00,0,0,0,0,0,0,0,0,0,0,0,virtual_dummy.xlsx,L47_일반약 판매(시간별),2026-10-05T01:15
PH_DUMMY_01,2026-09-30,10:00-11:00,1,2,3,5,86227,0,0,0,1,4,0,virtual_dummy.xlsx,L47_일반약 판매(시간별),2026-10-05T01:15
PH_DUMMY_01,2026-09-30,11:00-12:00,2,0,2,2,33617,0,1,0,1,0,0,virtual_dummy.xlsx,L47_일반약 판매(시간별),2026-10-05T01:15
PH_DUMMY_01,2026-09-30,12:00-13:00,3,2,5,9,61865,2,2,1,1,3,0,virtual_dummy.xlsx,L47_일반약 판매(시간별),2026-10-05T01:15
PH_DUMMY_01,2026-09-30,13:00-14:00,0,0,0,0,0,0,0,0,0,0,0,virtual_dummy.xlsx,L47_일반약 판매(시간별),2026-10-05T01:15
PH_DUMMY_01,2026-09-30,14:00-15:00,0,1,1,1,8000,0,0,0,0,1,0,virtual_dummy.xlsx,L47_일반약 판매(시간별),2026-10-05T01:15
PH_DUMMY_01,2026-09-30,15:00-16:00,1,2,3,5,17693,1,1,1,0,2,0,virtual_dummy.xlsx,L47_일반약 판매(시간별),2026-10-05T01:15
PH_DUMMY_01,2026-09-30,16:00-17:00,0,3,3,6,22803,1,2,1,0,2,0,virtual_dummy.xlsx,L47_일반약 판매(시간별),2026-10-05T01:15
PH_DUMMY_01,2026-09-30,17:00-18:00,2,3,5,7,53172,2,1,2,1,1,0,virtual_dummy.xlsx,L47_일반약 판매(시간별),2026-10-05T01:15
PH_DUMMY_01,2026-09-30,18:00-19:00,1,0,1,1,6000,0,1,0,0,0,0,virtual_dummy.xlsx,L47_일반약 판매(시간별),2026-10-05T01:15
PH_DUMMY_01,2026-10-01,09:00-10:00,1,1,2,3,20993,1,1,0,0,1,0,virtual_dummy.xlsx,L47_일반약 판매(시간별),2026-10-05T01:15
PH_DUMMY_01,2026-10-01,10:00-11:00,1,0,1,2,9186,0,2,0,0,0,0,virtual_dummy.xlsx,L47_일반약 판매(시간별),2026-10-05T01:15
PH_DUMMY_01,2026-10-01,11:00-12:00,0,2,2,3,13386,0,1,0,0,2,0,virtual_dummy.xlsx,L47_일반약 판매(시간별),2026-10-05T01:15
PH_DUMMY_01,2026-10-01,12:00-13:00,3,0,3,5,60610,1,1,1,2,0,0,virtual_dummy.xlsx,L47_일반약 판매(시간별),2026-10-05T01:15
PH_DUMMY_01,2026-10-01,13:00-14:00,3,1,4,10,76723,2,2,1,1,4,0,virtual_dummy.xlsx,L47_일반약 판매(시간별),2026-10-05T01:15
PH_DUMMY_01,2026-10-01,14:00-15:00,1,3,4,8,39879,2,1,2,1,2,0,virtual_dummy.xlsx,L47_일반약 판매(시간별),2026-10-05T01:15
PH_DUMMY_01,2026-10-01,15:00-16:00,2,1,3,3,12500,0,0,2,0,1,0,virtual_dummy.xlsx,L47_일반약 판매(시간별),2026-10-05T01:15
PH_DUMMY_01,2026-10-01,16:00-17:00,3,3,6,11,44186,3,1,2,0,5,0,virtual_dummy.xlsx,L47_일반약 판매(시간별),2026-10-05T01:15
PH_DUMMY_01,2026-10-01,17:00-18:00,4,1,5,7,31700,2,1,2,0,2,0,virtual_dummy.xlsx,L47_일반약 판매(시간별),2026-10-05T01:15
PH_DUMMY_01,2026-10-01,18:00-19:00,1,0,1,2,8000,1,0,1,0,0,0,virtual_dummy.xlsx,L47_일반약 판매(시간별),2026-10-05T01:15
PH_DUMMY_01,2026-10-02,09:00-10:00,2,2,4,8,33227,3,2,2,0,1,0,virtual_dummy.xlsx,L47_일반약 판매(시간별),2026-10-05T01:15
PH_DUMMY_01,2026-10-02,10:00-11:00,1,2,3,5,18186,0,2,1,0,2,0,virtual_dummy.xlsx,L47_일반약 판매(시간별),2026-10-05T01:15
PH_DUMMY_01,2026-10-02,11:00-12:00,2,1,3,6,22789,2,3,1,0,0,0,virtual_dummy.xlsx,L47_일반약 판매(시간별),2026-10-05T01:15
PH_DUMMY_01,2026-10-02,12:00-13:00,3,3,6,9,33458,0,4,1,0,4,0,virtual_dummy.xlsx,L47_일반약 판매(시간별),2026-10-05T01:15
PH_DUMMY_01,2026-10-02,13:00-14:00,3,2,5,13,56447,1,7,1,1,3,0,virtual_dummy.xlsx,L47_일반약 판매(시간별),2026-10-05T01:15
PH_DUMMY_01,2026-10-02,14:00-15:00,1,0,1,1,4500,1,0,0,0,0,0,virtual_dummy.xlsx,L47_일반약 판매(시간별),2026-10-05T01:15
PH_DUMMY_01,2026-10-02,15:00-16:00,2,1,3,3,9500,0,0,1,0,2,0,virtual_dummy.xlsx,L47_일반약 판매(시간별),2026-10-05T01:15
PH_DUMMY_01,2026-10-02,16:00-17:00,0,1,1,2,12000,0,0,1,0,1,0,virtual_dummy.xlsx,L47_일반약 판매(시간별),2026-10-05T01:15
PH_DUMMY_01,2026-10-02,17:00-18:00,2,1,3,8,95886,0,1,2,3,2,0,virtual_dummy.xlsx,L47_일반약 판매(시간별),2026-10-05T01:15
PH_DUMMY_01,2026-10-02,18:00-19:00,2,1,3,4,75000,0,0,0,2,2,0,virtual_dummy.xlsx,L47_일반약 판매(시간별),2026-10-05T01:15
PH_DUMMY_01,2026-10-06,09:00-10:00,2,0,2,2,5493,1,0,0,0,1,0,virtual_dummy.xlsx,L47_일반약 판매(시간별),2026-10-05T01:15
PH_DUMMY_01,2026-10-06,10:00-11:00,2,2,4,8,32365,1,2,4,0,1,0,virtual_dummy.xlsx,L47_일반약 판매(시간별),2026-10-05T01:15
PH_DUMMY_01,2026-10-06,11:00-12:00,0,1,1,3,9200,1,0,0,0,2,0,virtual_dummy.xlsx,L47_일반약 판매(시간별),2026-10-05T01:15
PH_DUMMY_01,2026-10-06,12:00-13:00,2,0,2,2,4386,0,1,0,0,1,0,virtual_dummy.xlsx,L47_일반약 판매(시간별),2026-10-05T01:15
PH_DUMMY_01,2026-10-06,13:00-14:00,2,0,2,2,4386,0,1,0,0,1,0,virtual_dummy.xlsx,L47_일반약 판매(시간별),2026-10-05T01:15
PH_DUMMY_01,2026-10-06,14:00-15:00,2,1,3,6,20693,2,1,1,0,2,0,virtual_dummy.xlsx,L47_일반약 판매(시간별),2026-10-05T01:15
PH_DUMMY_01,2026-10-06,15:00-16:00,0,1,1,1,2993,1,0,0,0,0,0,virtual_dummy.xlsx,L47_일반약 판매(시간별),2026-10-05T01:15
PH_DUMMY_01,2026-10-06,16:00-17:00,1,0,1,2,9000,0,1,1,0,0,0,virtual_dummy.xlsx,L47_일반약 판매(시간별),2026-10-05T01:15
PH_DUMMY_01,2026-10-06,17:00-18:00,2,1,3,4,49493,1,0,0,1,2,0,virtual_dummy.xlsx,L47_일반약 판매(시간별),2026-10-05T01:15
PH_DUMMY_01,2026-10-06,18:00-19:00,2,2,4,6,29227,1,3,0,0,2,0,virtual_dummy.xlsx,L47_일반약 판매(시간별),2026-10-05T01:15
PH_DUMMY_01,2026-10-07,09:00-10:00,0,0,0,0,0,0,0,0,0,0,0,virtual_dummy.xlsx,L47_일반약 판매(시간별),2026-10-05T01:15
PH_DUMMY_01,2026-10-07,10:00-11:00,2,1,3,3,10617,0,1,2,0,0,0,virtual_dummy.xlsx,L47_일반약 판매(시간별),2026-10-05T01:15
PH_DUMMY_01,2026-10-07,11:00-12:00,4,0,4,5,18617,1,1,2,0,1,0,virtual_dummy.xlsx,L47_일반약 판매(시간별),2026-10-05T01:15
PH_DUMMY_01,2026-10-07,12:00-13:00,3,1,4,6,98500,1,0,1,3,1,0,virtual_dummy.xlsx,L47_일반약 판매(시간별),2026-10-05T01:15
PH_DUMMY_01,2026-10-07,13:00-14:00,2,0,2,5,25365,1,2,1,0,1,0,virtual_dummy.xlsx,L47_일반약 판매(시간별),2026-10-05T01:15
PH_DUMMY_01,2026-10-07,14:00-15:00,2,1,3,4,54186,0,2,0,2,0,0,virtual_dummy.xlsx,L47_일반약 판매(시간별),2026-10-05T01:15
PH_DUMMY_01,2026-10-07,15:00-16:00,2,1,3,4,50993,1,0,1,1,1,0,virtual_dummy.xlsx,L47_일반약 판매(시간별),2026-10-05T01:15
PH_DUMMY_01,2026-10-07,16:00-17:00,1,2,3,6,23679,2,2,2,0,0,0,virtual_dummy.xlsx,L47_일반약 판매(시간별),2026-10-05T01:15
PH_DUMMY_01,2026-10-07,17:00-18:00,4,4,8,14,80003,3,1,4,1,5,0,virtual_dummy.xlsx,L47_일반약 판매(시간별),2026-10-05T01:15
PH_DUMMY_01,2026-10-07,18:00-19:00,3,0,3,6,52186,1,2,0,1,2,0,virtual_dummy.xlsx,L47_일반약 판매(시간별),2026-10-05T01:15
PH_DUMMY_01,2026-10-08,09:00-10:00,0,1,1,2,12000,0,0,1,0,1,0,virtual_dummy.xlsx,L47_일반약 판매(시간별),2026-10-05T01:15
PH_DUMMY_01,2026-10-08,10:00-11:00,2,0,2,5,20872,2,2,1,0,0,0,virtual_dummy.xlsx,L47_일반약 판매(시간별),2026-10-05T01:15
PH_DUMMY_01,2026-10-08,11:00-12:00,1,1,2,3,39399,0,2,0,0,1,0,virtual_dummy.xlsx,L47_일반약 판매(시간별),2026-10-05T01:15
PH_DUMMY_01,2026-10-08,12:00-13:00,1,2,3,3,11493,2,0,1,0,0,0,virtual_dummy.xlsx,L47_일반약 판매(시간별),2026-10-05T01:15
PH_DUMMY_01,2026-10-08,13:00-14:00,0,0,0,0,0,0,0,0,0,0,0,virtual_dummy.xlsx,L47_일반약 판매(시간별),2026-10-05T01:15
PH_DUMMY_01,2026-10-08,14:00-15:00,2,1,3,5,75200,0,0,0,2,3,0,virtual_dummy.xlsx,L47_일반약 판매(시간별),2026-10-05T01:15
PH_DUMMY_01,2026-10-08,15:00-16:00,0,0,0,0,0,0,0,0,0,0,0,virtual_dummy.xlsx,L47_일반약 판매(시간별),2026-10-05T01:15
PH_DUMMY_01,2026-10-08,16:00-17:00,0,1,1,1,3000,0,0,1,0,0,0,virtual_dummy.xlsx,L47_일반약 판매(시간별),2026-10-05T01:15
PH_DUMMY_01,2026-10-08,17:00-18:00,0,2,2,2,18000,0,0,1,1,0,0,virtual_dummy.xlsx,L47_일반약 판매(시간별),2026-10-05T01:15
PH_DUMMY_01,2026-10-08,18:00-19:00,1,0,1,1,5000,0,0,0,0,1,0,virtual_dummy.xlsx,L47_일반약 판매(시간별),2026-10-05T01:15
PH_DUMMY_01,2026-10-10,09:00-10:00,3,3,6,10,44668,4,4,1,0,1,0,virtual_dummy.xlsx,L47_일반약 판매(시간별),2026-10-05T01:15
PH_DUMMY_01,2026-10-10,10:00-11:00,0,2,2,3,38500,1,0,1,1,0,0,virtual_dummy.xlsx,L47_일반약 판매(시간별),2026-10-05T01:15
PH_DUMMY_01,2026-10-10,11:00-12:00,2,2,4,5,37372,0,2,1,1,1,0,virtual_dummy.xlsx,L47_일반약 판매(시간별),2026-10-05T01:15
PH_DUMMY_01,2026-10-10,12:00-13:00,5,5,10,18,103361,3,5,3,1,6,0,virtual_dummy.xlsx,L47_일반약 판매(시간별),2026-10-05T01:15
PH_DUMMY_01,2026-10-10,13:00-14:00,2,2,4,5,27686,0,2,2,0,1,0,virtual_dummy.xlsx,L47_일반약 판매(시간별),2026-10-05T01:15
PH_DUMMY_01,2026-10-12,09:00-10:00,0,2,2,7,52879,2,1,0,1,3,0,virtual_dummy.xlsx,L47_일반약 판매(시간별),2026-10-05T01:15
PH_DUMMY_01,2026-10-12,10:00-11:00,0,5,5,8,76227,1,1,1,1,4,0,virtual_dummy.xlsx,L47_일반약 판매(시간별),2026-10-05T01:15
PH_DUMMY_01,2026-10-12,11:00-12:00,3,3,6,11,84058,1,4,3,2,1,0,virtual_dummy.xlsx,L47_일반약 판매(시간별),2026-10-05T01:15
PH_DUMMY_01,2026-10-12,12:00-13:00,0,3,3,6,99803,0,2,0,3,1,0,virtual_dummy.xlsx,L47_일반약 판매(시간별),2026-10-05T01:15
PH_DUMMY_01,2026-10-12,13:00-14:00,0,2,2,3,21179,1,1,0,1,0,0,virtual_dummy.xlsx,L47_일반약 판매(시간별),2026-10-05T01:15
PH_DUMMY_01,2026-10-12,14:00-15:00,1,2,3,5,28200,0,3,0,0,2,0,virtual_dummy.xlsx,L47_일반약 판매(시간별),2026-10-05T01:15
PH_DUMMY_01,2026-10-12,15:00-16:00,2,0,2,3,22686,1,1,0,1,0,0,virtual_dummy.xlsx,L47_일반약 판매(시간별),2026-10-05T01:15
PH_DUMMY_01,2026-10-12,16:00-17:00,0,0,0,0,0,0,0,0,0,0,0,virtual_dummy.xlsx,L47_일반약 판매(시간별),2026-10-05T01:15
PH_DUMMY_01,2026-10-12,17:00-18:00,1,0,1,1,8000,0,0,0,0,1,0,virtual_dummy.xlsx,L47_일반약 판매(시간별),2026-10-05T01:15
PH_DUMMY_01,2026-10-12,18:00-19:00,3,2,5,6,28386,2,2,0,0,2,0,virtual_dummy.xlsx,L47_일반약 판매(시간별),2026-10-05T01:15
PH_DUMMY_01,2026-10-13,09:00-10:00,1,0,1,1,15000,0,0,0,1,0,0,virtual_dummy.xlsx,L47_일반약 판매(시간별),2026-10-05T01:15
PH_DUMMY_01,2026-10-13,10:00-11:00,2,6,8,14,84110,5,2,1,1,5,0,virtual_dummy.xlsx,L47_일반약 판매(시간별),2026-10-05T01:15
PH_DUMMY_01,2026-10-13,11:00-12:00,1,2,3,5,15503,1,2,1,0,1,0,virtual_dummy.xlsx,L47_일반약 판매(시간별),2026-10-05T01:15
PH_DUMMY_01,2026-10-13,12:00-13:00,1,3,4,6,78500,1,0,3,2,0,0,virtual_dummy.xlsx,L47_일반약 판매(시간별),2026-10-05T01:15
PH_DUMMY_01,2026-10-13,13:00-14:00,0,0,0,0,0,0,0,0,0,0,0,virtual_dummy.xlsx,L47_일반약 판매(시간별),2026-10-05T01:15
PH_DUMMY_01,2026-10-13,14:00-15:00,4,1,5,8,36386,3,2,0,0,3,0,virtual_dummy.xlsx,L47_일반약 판매(시간별),2026-10-05T01:15
PH_DUMMY_01,2026-10-13,15:00-16:00,1,0,1,2,12000,0,0,1,0,1,0,virtual_dummy.xlsx,L47_일반약 판매(시간별),2026-10-05T01:15
PH_DUMMY_01,2026-10-13,16:00-17:00,0,1,1,2,6179,1,1,0,0,0,0,virtual_dummy.xlsx,L47_일반약 판매(시간별),2026-10-05T01:15
PH_DUMMY_01,2026-10-13,17:00-18:00,2,0,2,5,20700,0,0,3,0,2,0,virtual_dummy.xlsx,L47_일반약 판매(시간별),2026-10-05T01:15
PH_DUMMY_01,2026-10-13,18:00-19:00,2,2,4,8,37686,2,2,1,0,3,0,virtual_dummy.xlsx,L47_일반약 판매(시간별),2026-10-05T01:15
PH_DUMMY_01,2026-10-14,09:00-10:00,2,1,3,4,10886,0,1,1,0,2,0,virtual_dummy.xlsx,L47_일반약 판매(시간별),2026-10-05T01:15
PH_DUMMY_01,2026-10-14,10:00-11:00,0,5,5,9,108137,1,3,1,2,2,0,virtual_dummy.xlsx,L47_일반약 판매(시간별),2026-10-05T01:15
PH_DUMMY_01,2026-10-14,11:00-12:00,2,0,2,4,38193,2,0,0,1,1,0,virtual_dummy.xlsx,L47_일반약 판매(시간별),2026-10-05T01:15
PH_DUMMY_01,2026-10-14,12:00-13:00,3,1,4,6,26000,3,0,2,0,1,0,virtual_dummy.xlsx,L47_일반약 판매(시간별),2026-10-05T01:15
PH_DUMMY_01,2026-10-14,13:00-14:00,3,0,3,3,10686,0,1,0,0,2,0,virtual_dummy.xlsx,L47_일반약 판매(시간별),2026-10-05T01:15
PH_DUMMY_01,2026-10-14,14:00-15:00,0,1,1,2,4386,0,1,0,0,1,0,virtual_dummy.xlsx,L47_일반약 판매(시간별),2026-10-05T01:15
PH_DUMMY_01,2026-10-14,15:00-16:00,1,1,2,5,20000,1,1,1,0,2,0,virtual_dummy.xlsx,L47_일반약 판매(시간별),2026-10-05T01:15
PH_DUMMY_01,2026-10-14,16:00-17:00,2,0,2,5,18610,1,1,1,0,2,0,virtual_dummy.xlsx,L47_일반약 판매(시간별),2026-10-05T01:15
PH_DUMMY_01,2026-10-14,17:00-18:00,0,2,2,5,46179,2,1,1,1,0,0,virtual_dummy.xlsx,L47_일반약 판매(시간별),2026-10-05T01:15
PH_DUMMY_01,2026-10-14,18:00-19:00,2,0,2,2,7993,1,0,0,0,1,0,virtual_dummy.xlsx,L47_일반약 판매(시간별),2026-10-05T01:15
PH_DUMMY_01,2026-10-15,09:00-10:00,1,2,3,5,111000,0,1,0,3,1,0,virtual_dummy.xlsx,L47_일반약 판매(시간별),2026-10-05T01:15
PH_DUMMY_01,2026-10-15,10:00-11:00,0,4,4,4,12865,1,2,0,0,1,0,virtual_dummy.xlsx,L47_일반약 판매(시간별),2026-10-05T01:15
PH_DUMMY_01,2026-10-15,11:00-12:00,2,0,2,3,6700,0,0,1,0,2,0,virtual_dummy.xlsx,L47_일반약 판매(시간별),2026-10-05T01:15
PH_DUMMY_01,2026-10-15,12:00-13:00,0,2,2,3,36493,1,0,1,1,0,0,virtual_dummy.xlsx,L47_일반약 판매(시간별),2026-10-05T01:15
PH_DUMMY_01,2026-10-15,13:00-14:00,1,0,1,1,1200,0,0,0,0,1,0,virtual_dummy.xlsx,L47_일반약 판매(시간별),2026-10-05T01:15
PH_DUMMY_01,2026-10-15,14:00-15:00,0,2,2,2,12186,0,1,0,0,1,0,virtual_dummy.xlsx,L47_일반약 판매(시간별),2026-10-05T01:15
PH_DUMMY_01,2026-10-15,15:00-16:00,1,1,2,3,80000,0,0,0,3,0,0,virtual_dummy.xlsx,L47_일반약 판매(시간별),2026-10-05T01:15
PH_DUMMY_01,2026-10-15,16:00-17:00,0,0,0,0,0,0,0,0,0,0,0,virtual_dummy.xlsx,L47_일반약 판매(시간별),2026-10-05T01:15
PH_DUMMY_01,2026-10-15,17:00-18:00,1,2,3,6,27686,1,2,1,0,2,0,virtual_dummy.xlsx,L47_일반약 판매(시간별),2026-10-05T01:15
PH_DUMMY_01,2026-10-15,18:00-19:00,1,1,2,5,22993,2,0,1,0,2,0,virtual_dummy.xlsx,L47_일반약 판매(시간별),2026-10-05T01:15
PH_DUMMY_01,2026-10-16,09:00-10:00,2,0,2,2,5500,0,0,1,0,1,0,virtual_dummy.xlsx,L47_일반약 판매(시간별),2026-10-05T01:15
PH_DUMMY_01,2026-10-16,10:00-11:00,2,2,4,7,23379,1,2,3,0,1,0,virtual_dummy.xlsx,L47_일반약 판매(시간별),2026-10-05T01:15
PH_DUMMY_01,2026-10-16,11:00-12:00,0,6,6,6,54213,2,1,1,0,2,0,virtual_dummy.xlsx,L47_일반약 판매(시간별),2026-10-05T01:15
PH_DUMMY_01,2026-10-16,12:00-13:00,1,3,4,5,33179,1,1,1,1,1,0,virtual_dummy.xlsx,L47_일반약 판매(시간별),2026-10-05T01:15
PH_DUMMY_01,2026-10-16,13:00-14:00,3,2,5,8,63610,1,2,1,1,3,0,virtual_dummy.xlsx,L47_일반약 판매(시간별),2026-10-05T01:15
PH_DUMMY_01,2026-10-16,14:00-15:00,1,0,1,1,1200,0,0,0,0,1,0,virtual_dummy.xlsx,L47_일반약 판매(시간별),2026-10-05T01:15
PH_DUMMY_01,2026-10-16,15:00-16:00,1,0,1,1,2993,1,0,0,0,0,0,virtual_dummy.xlsx,L47_일반약 판매(시간별),2026-10-05T01:15
PH_DUMMY_01,2026-10-16,16:00-17:00,3,1,4,6,57686,1,3,1,1,0,0,virtual_dummy.xlsx,L47_일반약 판매(시간별),2026-10-05T01:15
PH_DUMMY_01,2026-10-16,17:00-18:00,2,3,5,10,37913,1,3,2,0,4,0,virtual_dummy.xlsx,L47_일반약 판매(시간별),2026-10-05T01:15
PH_DUMMY_01,2026-10-16,18:00-19:00,1,0,1,2,7000,0,0,2,0,0,0,virtual_dummy.xlsx,L47_일반약 판매(시간별),2026-10-05T01:15
PH_DUMMY_01,2026-10-17,09:00-10:00,2,1,3,4,45610,1,1,0,1,1,0,virtual_dummy.xlsx,L47_일반약 판매(시간별),2026-10-05T01:15
PH_DUMMY_01,2026-10-17,10:00-11:00,0,3,3,7,31500,3,0,2,0,2,0,virtual_dummy.xlsx,L47_일반약 판매(시간별),2026-10-05T01:15
PH_DUMMY_01,2026-10-17,11:00-12:00,4,2,6,12,85317,1,1,4,2,4,0,virtual_dummy.xlsx,L47_일반약 판매(시간별),2026-10-05T01:15
PH_DUMMY_01,2026-10-17,12:00-13:00,4,7,11,15,179572,1,2,3,4,5,0,virtual_dummy.xlsx,L47_일반약 판매(시간별),2026-10-05T01:15
PH_DUMMY_01,2026-10-17,13:00-14:00,2,1,3,4,23886,1,1,0,1,1,0,virtual_dummy.xlsx,L47_일반약 판매(시간별),2026-10-05T01:15
PH_DUMMY_01,2026-10-19,09:00-10:00,2,2,4,8,30193,2,1,3,0,2,0,virtual_dummy.xlsx,L47_일반약 판매(시간별),2026-10-05T01:15
PH_DUMMY_01,2026-10-19,10:00-11:00,0,2,2,6,30993,1,0,2,1,2,0,virtual_dummy.xlsx,L47_일반약 판매(시간별),2026-10-05T01:15
PH_DUMMY_01,2026-10-19,11:00-12:00,0,3,3,5,17986,2,0,2,0,1,0,virtual_dummy.xlsx,L47_일반약 판매(시간별),2026-10-05T01:15
PH_DUMMY_01,2026-10-19,12:00-13:00,1,3,4,9,88386,0,1,2,2,4,0,virtual_dummy.xlsx,L47_일반약 판매(시간별),2026-10-05T01:15
PH_DUMMY_01,2026-10-19,13:00-14:00,0,1,1,2,4817,0,1,0,0,1,0,virtual_dummy.xlsx,L47_일반약 판매(시간별),2026-10-05T01:15
PH_DUMMY_01,2026-10-19,14:00-15:00,1,2,3,4,35000,0,1,0,1,2,0,virtual_dummy.xlsx,L47_일반약 판매(시간별),2026-10-05T01:15
PH_DUMMY_01,2026-10-19,15:00-16:00,3,2,5,8,42986,3,1,1,1,2,0,virtual_dummy.xlsx,L47_일반약 판매(시간별),2026-10-05T01:15
PH_DUMMY_01,2026-10-19,16:00-17:00,4,0,4,6,27493,4,0,1,0,1,0,virtual_dummy.xlsx,L47_일반약 판매(시간별),2026-10-05T01:15
PH_DUMMY_01,2026-10-19,17:00-18:00,0,2,2,5,48993,2,0,1,1,1,0,virtual_dummy.xlsx,L47_일반약 판매(시간별),2026-10-05T01:15
PH_DUMMY_01,2026-10-19,18:00-19:00,3,1,4,9,62310,3,2,2,1,1,0,virtual_dummy.xlsx,L47_일반약 판매(시간별),2026-10-05T01:15
PH_DUMMY_01,2026-10-20,09:00-10:00,1,1,2,2,35527,0,0,0,0,2,0,virtual_dummy.xlsx,L47_일반약 판매(시간별),2026-10-05T01:15
PH_DUMMY_01,2026-10-20,10:00-11:00,1,3,4,4,18493,2,0,0,0,2,0,virtual_dummy.xlsx,L47_일반약 판매(시간별),2026-10-05T01:15
PH_DUMMY_01,2026-10-20,11:00-12:00,2,3,5,11,48420,3,4,1,0,3,0,virtual_dummy.xlsx,L47_일반약 판매(시간별),2026-10-05T01:15
PH_DUMMY_01,2026-10-20,12:00-13:00,1,4,5,9,40051,3,2,1,1,2,0,virtual_dummy.xlsx,L47_일반약 판매(시간별),2026-10-05T01:15
PH_DUMMY_01,2026-10-20,13:00-14:00,2,1,3,6,33372,0,2,2,0,2,0,virtual_dummy.xlsx,L47_일반약 판매(시간별),2026-10-05T01:15
PH_DUMMY_01,2026-10-20,14:00-15:00,2,1,3,4,26186,0,1,0,1,2,0,virtual_dummy.xlsx,L47_일반약 판매(시간별),2026-10-05T01:15
PH_DUMMY_01,2026-10-20,15:00-16:00,3,1,4,7,26296,4,2,1,0,0,0,virtual_dummy.xlsx,L47_일반약 판매(시간별),2026-10-05T01:15
PH_DUMMY_01,2026-10-20,16:00-17:00,2,1,3,6,16810,1,1,1,0,3,0,virtual_dummy.xlsx,L47_일반약 판매(시간별),2026-10-05T01:15
PH_DUMMY_01,2026-10-20,17:00-18:00,1,0,1,1,3186,0,1,0,0,0,0,virtual_dummy.xlsx,L47_일반약 판매(시간별),2026-10-05T01:15
PH_DUMMY_01,2026-10-20,18:00-19:00,2,1,3,3,10679,2,1,0,0,0,0,virtual_dummy.xlsx,L47_일반약 판매(시간별),2026-10-05T01:15
PH_DUMMY_01,2026-10-21,09:00-10:00,1,1,2,3,10617,1,1,0,0,1,0,virtual_dummy.xlsx,L47_일반약 판매(시간별),2026-10-05T01:15
PH_DUMMY_01,2026-10-21,10:00-11:00,1,0,1,1,6000,0,1,0,0,0,0,virtual_dummy.xlsx,L47_일반약 판매(시간별),2026-10-05T01:15
PH_DUMMY_01,2026-10-21,11:00-12:00,3,2,5,6,26700,2,0,2,0,2,0,virtual_dummy.xlsx,L47_일반약 판매(시간별),2026-10-05T01:15
PH_DUMMY_01,2026-10-21,12:00-13:00,3,0,3,4,11572,0,2,1,0,1,0,virtual_dummy.xlsx,L47_일반약 판매(시간별),2026-10-05T01:15
PH_DUMMY_01,2026-10-21,13:00-14:00,1,0,1,1,2993,1,0,0,0,0,0,virtual_dummy.xlsx,L47_일반약 판매(시간별),2026-10-05T01:15
PH_DUMMY_01,2026-10-21,14:00-15:00,1,2,3,5,15617,1,1,0,0,3,0,virtual_dummy.xlsx,L47_일반약 판매(시간별),2026-10-05T01:15
PH_DUMMY_01,2026-10-21,15:00-16:00,2,2,4,7,58296,1,2,1,1,2,0,virtual_dummy.xlsx,L47_일반약 판매(시간별),2026-10-05T01:15
PH_DUMMY_01,2026-10-21,16:00-17:00,0,0,0,0,0,0,0,0,0,0,0,virtual_dummy.xlsx,L47_일반약 판매(시간별),2026-10-05T01:15
PH_DUMMY_01,2026-10-21,17:00-18:00,2,0,2,4,18179,1,1,1,0,1,0,virtual_dummy.xlsx,L47_일반약 판매(시간별),2026-10-05T01:15
PH_DUMMY_01,2026-10-21,18:00-19:00,3,0,3,4,41365,1,2,0,1,0,0,virtual_dummy.xlsx,L47_일반약 판매(시간별),2026-10-05T01:15
PH_DUMMY_01,2026-10-22,09:00-10:00,0,0,0,0,0,0,0,0,0,0,0,virtual_dummy.xlsx,L47_일반약 판매(시간별),2026-10-05T01:15
PH_DUMMY_01,2026-10-22,10:00-11:00,4,1,5,7,68734,0,2,1,2,2,0,virtual_dummy.xlsx,L47_일반약 판매(시간별),2026-10-05T01:15
PH_DUMMY_01,2026-10-22,11:00-12:00,1,3,4,4,18000,1,0,1,0,2,0,virtual_dummy.xlsx,L47_일반약 판매(시간별),2026-10-05T01:15
PH_DUMMY_01,2026-10-22,12:00-13:00,1,0,1,1,6000,0,0,1,0,0,0,virtual_dummy.xlsx,L47_일반약 판매(시간별),2026-10-05T01:15
PH_DUMMY_01,2026-10-22,13:00-14:00,0,1,1,1,15000,0,0,0,1,0,0,virtual_dummy.xlsx,L47_일반약 판매(시간별),2026-10-05T01:15
PH_DUMMY_01,2026-10-22,14:00-15:00,1,3,4,6,22989,1,4,0,0,1,0,virtual_dummy.xlsx,L47_일반약 판매(시간별),2026-10-05T01:15
PH_DUMMY_01,2026-10-22,15:00-16:00,1,2,3,5,24186,2,1,0,0,2,0,virtual_dummy.xlsx,L47_일반약 판매(시간별),2026-10-05T01:15
PH_DUMMY_01,2026-10-22,16:00-17:00,0,1,1,2,16200,0,0,0,1,1,0,virtual_dummy.xlsx,L47_일반약 판매(시간별),2026-10-05T01:15
PH_DUMMY_01,2026-10-22,17:00-18:00,2,1,3,5,20617,1,1,1,0,2,0,virtual_dummy.xlsx,L47_일반약 판매(시간별),2026-10-05T01:15
PH_DUMMY_01,2026-10-22,18:00-19:00,3,3,6,9,81986,4,0,1,2,2,0,virtual_dummy.xlsx,L47_일반약 판매(시간별),2026-10-05T01:15
PH_DUMMY_01,2026-10-23,09:00-10:00,2,0,2,2,18000,0,0,1,1,0,0,virtual_dummy.xlsx,L47_일반약 판매(시간별),2026-10-05T01:15
PH_DUMMY_01,2026-10-23,10:00-11:00,5,1,6,7,25865,4,2,1,0,0,0,virtual_dummy.xlsx,L47_일반약 판매(시간별),2026-10-05T01:15
PH_DUMMY_01,2026-10-23,11:00-12:00,3,3,6,8,53565,1,3,0,1,3,0,virtual_dummy.xlsx,L47_일반약 판매(시간별),2026-10-05T01:15
PH_DUMMY_01,2026-10-23,12:00-13:00,1,4,5,8,62989,0,3,1,1,3,0,virtual_dummy.xlsx,L47_일반약 판매(시간별),2026-10-05T01:15
PH_DUMMY_01,2026-10-23,13:00-14:00,0,1,1,1,3617,0,1,0,0,0,0,virtual_dummy.xlsx,L47_일반약 판매(시간별),2026-10-05T01:15
PH_DUMMY_01,2026-10-23,14:00-15:00,1,0,1,1,1200,0,0,0,0,1,0,virtual_dummy.xlsx,L47_일반약 판매(시간별),2026-10-05T01:15
PH_DUMMY_01,2026-10-23,15:00-16:00,2,1,3,7,57865,1,2,1,1,2,0,virtual_dummy.xlsx,L47_일반약 판매(시간별),2026-10-05T01:15
PH_DUMMY_01,2026-10-23,16:00-17:00,1,2,3,6,53679,3,1,1,1,0,0,virtual_dummy.xlsx,L47_일반약 판매(시간별),2026-10-05T01:15
PH_DUMMY_01,2026-10-23,17:00-18:00,1,2,3,6,19803,4,1,0,0,1,0,virtual_dummy.xlsx,L47_일반약 판매(시간별),2026-10-05T01:15
PH_DUMMY_01,2026-10-23,18:00-19:00,5,1,6,9,66886,1,2,3,1,2,0,virtual_dummy.xlsx,L47_일반약 판매(시간별),2026-10-05T01:15
PH_DUMMY_01,2026-10-24,09:00-10:00,0,5,5,9,85879,2,2,0,2,3,0,virtual_dummy.xlsx,L47_일반약 판매(시간별),2026-10-05T01:15
PH_DUMMY_01,2026-10-24,10:00-11:00,2,3,5,9,32189,3,3,1,0,2,0,virtual_dummy.xlsx,L47_일반약 판매(시간별),2026-10-05T01:15
PH_DUMMY_01,2026-10-24,11:00-12:00,5,1,6,14,65500,2,1,7,1,3,0,virtual_dummy.xlsx,L47_일반약 판매(시간별),2026-10-05T01:15
PH_DUMMY_01,2026-10-24,12:00-13:00,2,4,6,10,67886,0,2,2,1,5,0,virtual_dummy.xlsx,L47_일반약 판매(시간별),2026-10-05T01:15
PH_DUMMY_01,2026-10-24,13:00-14:00,2,0,2,3,37500,1,0,0,1,1,0,virtual_dummy.xlsx,L47_일반약 판매(시간별),2026-10-05T01:15
PH_DUMMY_01,2026-10-26,09:00-10:00,2,0,2,2,6000,0,0,1,0,1,0,virtual_dummy.xlsx,L47_일반약 판매(시간별),2026-10-05T01:15
PH_DUMMY_01,2026-10-26,10:00-11:00,0,1,1,2,6179,1,1,0,0,0,0,virtual_dummy.xlsx,L47_일반약 판매(시간별),2026-10-05T01:15
PH_DUMMY_01,2026-10-26,11:00-12:00,0,1,1,2,11186,0,1,0,0,1,0,virtual_dummy.xlsx,L47_일반약 판매(시간별),2026-10-05T01:15
PH_DUMMY_01,2026-10-26,12:00-13:00,0,3,3,4,14686,1,1,2,0,0,0,virtual_dummy.xlsx,L47_일반약 판매(시간별),2026-10-05T01:15
PH_DUMMY_01,2026-10-26,13:00-14:00,0,2,2,4,42486,3,0,0,1,0,0,virtual_dummy.xlsx,L47_일반약 판매(시간별),2026-10-05T01:15
PH_DUMMY_01,2026-10-26,14:00-15:00,1,0,1,3,15000,0,1,1,0,1,0,virtual_dummy.xlsx,L47_일반약 판매(시간별),2026-10-05T01:15
PH_DUMMY_01,2026-10-26,15:00-16:00,2,2,4,7,60551,1,3,1,2,0,0,virtual_dummy.xlsx,L47_일반약 판매(시간별),2026-10-05T01:15
PH_DUMMY_01,2026-10-26,16:00-17:00,2,0,2,3,8193,2,0,0,0,1,0,virtual_dummy.xlsx,L47_일반약 판매(시간별),2026-10-05T01:15
PH_DUMMY_01,2026-10-26,17:00-18:00,1,1,2,2,7993,1,0,0,0,1,0,virtual_dummy.xlsx,L47_일반약 판매(시간별),2026-10-05T01:15
PH_DUMMY_01,2026-10-26,18:00-19:00,4,1,5,8,29817,0,3,2,0,3,0,virtual_dummy.xlsx,L47_일반약 판매(시간별),2026-10-05T01:15
PH_DUMMY_01,2026-10-27,09:00-10:00,1,1,2,4,11379,1,1,1,0,1,0,virtual_dummy.xlsx,L47_일반약 판매(시간별),2026-10-05T01:15
PH_DUMMY_01,2026-10-27,10:00-11:00,2,1,3,4,14727,2,2,0,0,0,0,virtual_dummy.xlsx,L47_일반약 판매(시간별),2026-10-05T01:15
PH_DUMMY_01,2026-10-27,11:00-12:00,0,1,1,1,8000,0,0,0,0,1,0,virtual_dummy.xlsx,L47_일반약 판매(시간별),2026-10-05T01:15
PH_DUMMY_01,2026-10-27,12:00-13:00,1,1,2,4,53500,1,1,0,1,1,0,virtual_dummy.xlsx,L47_일반약 판매(시간별),2026-10-05T01:15
PH_DUMMY_01,2026-10-27,13:00-14:00,0,2,2,2,7617,1,1,0,0,0,0,virtual_dummy.xlsx,L47_일반약 판매(시간별),2026-10-05T01:15
PH_DUMMY_01,2026-10-27,14:00-15:00,0,1,1,4,11886,0,1,1,0,2,0,virtual_dummy.xlsx,L47_일반약 판매(시간별),2026-10-05T01:15
PH_DUMMY_01,2026-10-27,15:00-16:00,0,0,0,0,0,0,0,0,0,0,0,virtual_dummy.xlsx,L47_일반약 판매(시간별),2026-10-05T01:15
PH_DUMMY_01,2026-10-27,16:00-17:00,1,2,3,4,22000,0,1,0,0,3,0,virtual_dummy.xlsx,L47_일반약 판매(시간별),2026-10-05T01:15
PH_DUMMY_01,2026-10-27,17:00-18:00,1,0,1,2,7234,0,2,0,0,0,0,virtual_dummy.xlsx,L47_일반약 판매(시간별),2026-10-05T01:15
PH_DUMMY_01,2026-10-27,18:00-19:00,0,1,1,1,3617,0,1,0,0,0,0,virtual_dummy.xlsx,L47_일반약 판매(시간별),2026-10-05T01:15
PH_DUMMY_01,2026-10-28,09:00-10:00,0,0,0,0,0,0,0,0,0,0,0,virtual_dummy.xlsx,L47_일반약 판매(시간별),2026-10-05T01:15
PH_DUMMY_01,2026-10-28,10:00-11:00,0,1,1,2,10993,1,0,0,0,1,0,virtual_dummy.xlsx,L47_일반약 판매(시간별),2026-10-05T01:15
PH_DUMMY_01,2026-10-28,11:00-12:00,2,2,4,9,31189,2,3,2,0,2,0,virtual_dummy.xlsx,L47_일반약 판매(시간별),2026-10-05T01:15
PH_DUMMY_01,2026-10-28,12:00-13:00,1,0,1,2,7500,1,0,1,0,0,0,virtual_dummy.xlsx,L47_일반약 판매(시간별),2026-10-05T01:15
PH_DUMMY_01,2026-10-28,13:00-14:00,1,0,1,1,3500,0,0,1,0,0,0,virtual_dummy.xlsx,L47_일반약 판매(시간별),2026-10-05T01:15
PH_DUMMY_01,2026-10-28,14:00-15:00,0,1,1,3,11493,1,1,0,0,1,0,virtual_dummy.xlsx,L47_일반약 판매(시간별),2026-10-05T01:15
PH_DUMMY_01,2026-10-28,15:00-16:00,0,1,1,2,6179,1,1,0,0,0,0,virtual_dummy.xlsx,L47_일반약 판매(시간별),2026-10-05T01:15
PH_DUMMY_01,2026-10-28,16:00-17:00,1,0,1,1,2993,1,0,0,0,0,0,virtual_dummy.xlsx,L47_일반약 판매(시간별),2026-10-05T01:15
PH_DUMMY_01,2026-10-28,17:00-18:00,2,1,3,7,27817,2,1,1,0,3,0,virtual_dummy.xlsx,L47_일반약 판매(시간별),2026-10-05T01:15
PH_DUMMY_01,2026-10-28,18:00-19:00,1,0,1,1,3617,0,1,0,0,0,0,virtual_dummy.xlsx,L47_일반약 판매(시간별),2026-10-05T01:15
PH_DUMMY_01,2026-10-29,09:00-10:00,0,4,4,7,66672,2,1,1,2,1,0,virtual_dummy.xlsx,L47_일반약 판매(시간별),2026-10-05T01:15
PH_DUMMY_01,2026-10-29,10:00-11:00,1,0,1,1,3500,0,0,0,0,1,0,virtual_dummy.xlsx,L47_일반약 판매(시간별),2026-10-05T01:15
PH_DUMMY_01,2026-10-29,11:00-12:00,1,8,9,13,107392,4,1,1,3,4,0,virtual_dummy.xlsx,L47_일반약 판매(시간별),2026-10-05T01:15
PH_DUMMY_01,2026-10-29,12:00-13:00,0,3,3,4,47617,0,2,0,1,1,0,virtual_dummy.xlsx,L47_일반약 판매(시간별),2026-10-05T01:15
PH_DUMMY_01,2026-10-29,13:00-14:00,0,1,1,1,2993,1,0,0,0,0,0,virtual_dummy.xlsx,L47_일반약 판매(시간별),2026-10-05T01:15
PH_DUMMY_01,2026-10-29,14:00-15:00,0,3,3,6,19379,2,1,2,0,1,0,virtual_dummy.xlsx,L47_일반약 판매(시간별),2026-10-05T01:15
PH_DUMMY_01,2026-10-29,15:00-16:00,0,3,3,7,69817,0,2,1,2,2,0,virtual_dummy.xlsx,L47_일반약 판매(시간별),2026-10-05T01:15
PH_DUMMY_01,2026-10-29,16:00-17:00,0,3,3,5,56000,0,0,1,1,3,0,virtual_dummy.xlsx,L47_일반약 판매(시간별),2026-10-05T01:15
PH_DUMMY_01,2026-10-29,17:00-18:00,1,3,4,4,13227,1,2,1,0,0,0,virtual_dummy.xlsx,L47_일반약 판매(시간별),2026-10-05T01:15
PH_DUMMY_01,2026-10-29,18:00-19:00,1,0,1,2,11617,0,1,0,0,1,0,virtual_dummy.xlsx,L47_일반약 판매(시간별),2026-10-05T01:15
PH_DUMMY_01,2026-10-30,09:00-10:00,0,1,1,3,23993,1,0,1,1,0,0,virtual_dummy.xlsx,L47_일반약 판매(시간별),2026-10-05T01:15
PH_DUMMY_01,2026-10-30,10:00-11:00,1,4,5,8,30558,2,2,1,0,3,0,virtual_dummy.xlsx,L47_일반약 판매(시간별),2026-10-05T01:15
PH_DUMMY_01,2026-10-30,11:00-12:00,0,2,2,5,68700,1,0,1,2,1,0,virtual_dummy.xlsx,L47_일반약 판매(시간별),2026-10-05T01:15
PH_DUMMY_01,2026-10-30,12:00-13:00,2,0,2,5,79193,1,0,0,2,2,0,virtual_dummy.xlsx,L47_일반약 판매(시간별),2026-10-05T01:15
PH_DUMMY_01,2026-10-30,13:00-14:00,1,0,1,1,4500,1,0,0,0,0,0,virtual_dummy.xlsx,L47_일반약 판매(시간별),2026-10-05T01:15
PH_DUMMY_01,2026-10-30,14:00-15:00,0,2,2,2,8000,0,0,1,0,1,0,virtual_dummy.xlsx,L47_일반약 판매(시간별),2026-10-05T01:15
PH_DUMMY_01,2026-10-30,15:00-16:00,1,0,1,1,1200,0,0,0,0,1,0,virtual_dummy.xlsx,L47_일반약 판매(시간별),2026-10-05T01:15
PH_DUMMY_01,2026-10-30,16:00-17:00,0,2,2,3,10872,1,2,0,0,0,0,virtual_dummy.xlsx,L47_일반약 판매(시간별),2026-10-05T01:15
PH_DUMMY_01,2026-10-30,17:00-18:00,0,1,1,2,32993,1,0,0,1,0,0,virtual_dummy.xlsx,L47_일반약 판매(시간별),2026-10-05T01:15
PH_DUMMY_01,2026-10-30,18:00-19:00,4,0,4,6,47317,1,1,0,1,3,0,virtual_dummy.xlsx,L47_일반약 판매(시간별),2026-10-05T01:15
PH_DUMMY_01,2026-10-31,09:00-10:00,1,2,3,5,50110,1,1,0,1,2,0,virtual_dummy.xlsx,L47_일반약 판매(시간별),2026-10-05T01:15
PH_DUMMY_01,2026-10-31,10:00-11:00,3,6,9,13,54072,2,3,4,0,4,0,virtual_dummy.xlsx,L47_일반약 판매(시간별),2026-10-05T01:15
PH_DUMMY_01,2026-10-31,11:00-12:00,2,5,7,10,37889,1,4,2,0,3,0,virtual_dummy.xlsx,L47_일반약 판매(시간별),2026-10-05T01:15
PH_DUMMY_01,2026-10-31,12:00-13:00,7,0,7,11,76551,2,4,2,1,2,0,virtual_dummy.xlsx,L47_일반약 판매(시간별),2026-10-05T01:15
PH_DUMMY_01,2026-10-31,13:00-14:00,4,2,6,9,40668,2,5,0,0,2,0,virtual_dummy.xlsx,L47_일반약 판매(시간별),2026-10-05T01:15
PH_DUMMY_01,2026-11-02,09:00-10:00,0,1,1,2,6179,1,1,0,0,0,0,virtual_dummy.xlsx,L47_일반약 판매(시간별),2026-10-05T01:15
PH_DUMMY_01,2026-11-02,10:00-11:00,1,5,6,11,81065,3,3,0,2,3,0,virtual_dummy.xlsx,L47_일반약 판매(시간별),2026-10-05T01:15
PH_DUMMY_01,2026-11-02,11:00-12:00,2,0,2,4,26500,1,0,1,1,1,0,virtual_dummy.xlsx,L47_일반약 판매(시간별),2026-10-05T01:15
PH_DUMMY_01,2026-11-02,12:00-13:00,3,1,4,7,38803,1,2,1,0,3,0,virtual_dummy.xlsx,L47_일반약 판매(시간별),2026-10-05T01:15
PH_DUMMY_01,2026-11-02,13:00-14:00,4,2,6,12,110886,0,2,2,3,5,0,virtual_dummy.xlsx,L47_일반약 판매(시간별),2026-10-05T01:15
PH_DUMMY_01,2026-11-02,14:00-15:00,1,3,4,6,34420,0,4,0,0,2,0,virtual_dummy.xlsx,L47_일반약 판매(시간별),2026-10-05T01:15
PH_DUMMY_01,2026-11-02,15:00-16:00,0,0,0,0,0,0,0,0,0,0,0,virtual_dummy.xlsx,L47_일반약 판매(시간별),2026-10-05T01:15
PH_DUMMY_01,2026-11-02,16:00-17:00,1,0,1,1,4500,1,0,0,0,0,0,virtual_dummy.xlsx,L47_일반약 판매(시간별),2026-10-05T01:15
PH_DUMMY_01,2026-11-02,17:00-18:00,2,4,6,8,87172,3,1,0,2,2,0,virtual_dummy.xlsx,L47_일반약 판매(시간별),2026-10-05T01:15
PH_DUMMY_01,2026-11-02,18:00-19:00,0,0,0,0,0,0,0,0,0,0,0,virtual_dummy.xlsx,L47_일반약 판매(시간별),2026-10-05T01:15
PH_DUMMY_01,2026-11-03,09:00-10:00,1,1,2,5,34686,1,2,0,0,2,0,virtual_dummy.xlsx,L47_일반약 판매(시간별),2026-10-05T01:15
PH_DUMMY_01,2026-11-03,10:00-11:00,0,3,3,4,16700,1,0,1,0,2,0,virtual_dummy.xlsx,L47_일반약 판매(시간별),2026-10-05T01:15
PH_DUMMY_01,2026-11-03,11:00-12:00,2,6,8,13,134737,2,1,3,3,4,0,virtual_dummy.xlsx,L47_일반약 판매(시간별),2026-10-05T01:15
PH_DUMMY_01,2026-11-03,12:00-13:00,0,1,1,1,6000,0,1,0,0,0,0,virtual_dummy.xlsx,L47_일반약 판매(시간별),2026-10-05T01:15
PH_DUMMY_01,2026-11-03,13:00-14:00,2,1,3,4,13572,0,3,0,0,1,0,virtual_dummy.xlsx,L47_일반약 판매(시간별),2026-10-05T01:15
PH_DUMMY_01,2026-11-03,14:00-15:00,1,1,2,3,36000,0,1,0,2,0,0,virtual_dummy.xlsx,L47_일반약 판매(시간별),2026-10-05T01:15
PH_DUMMY_01,2026-11-03,15:00-16:00,1,0,1,2,13000,0,0,1,0,1,0,virtual_dummy.xlsx,L47_일반약 판매(시간별),2026-10-05T01:15
PH_DUMMY_01,2026-11-03,16:00-17:00,1,0,1,4,43000,1,0,1,1,1,0,virtual_dummy.xlsx,L47_일반약 판매(시간별),2026-10-05T01:15
PH_DUMMY_01,2026-11-03,17:00-18:00,3,3,6,13,67316,1,6,0,1,5,0,virtual_dummy.xlsx,L47_일반약 판매(시간별),2026-10-05T01:15
PH_DUMMY_01,2026-11-03,18:00-19:00,3,2,5,8,24744,3,3,1,0,1,0,virtual_dummy.xlsx,L47_일반약 판매(시간별),2026-10-05T01:15
PH_DUMMY_01,2026-11-04,09:00-10:00,0,0,0,0,0,0,0,0,0,0,0,virtual_dummy.xlsx,L47_일반약 판매(시간별),2026-10-05T01:15
PH_DUMMY_01,2026-11-04,10:00-11:00,0,0,0,0,0,0,0,0,0,0,0,virtual_dummy.xlsx,L47_일반약 판매(시간별),2026-10-05T01:15
PH_DUMMY_01,2026-11-04,11:00-12:00,1,1,2,4,18617,2,2,0,0,0,0,virtual_dummy.xlsx,L47_일반약 판매(시간별),2026-10-05T01:15
PH_DUMMY_01,2026-11-04,12:00-13:00,1,1,2,3,10493,2,0,1,0,0,0,virtual_dummy.xlsx,L47_일반약 판매(시간별),2026-10-05T01:15
PH_DUMMY_01,2026-11-04,13:00-14:00,1,0,1,3,42186,0,1,1,1,0,0,virtual_dummy.xlsx,L47_일반약 판매(시간별),2026-10-05T01:15
PH_DUMMY_01,2026-11-04,14:00-15:00,2,0,2,4,9900,1,0,0,0,3,0,virtual_dummy.xlsx,L47_일반약 판매(시간별),2026-10-05T01:15
PH_DUMMY_01,2026-11-04,15:00-16:00,0,1,1,1,4500,1,0,0,0,0,0,virtual_dummy.xlsx,L47_일반약 판매(시간별),2026-10-05T01:15
PH_DUMMY_01,2026-11-04,16:00-17:00,2,6,8,14,106630,4,2,1,1,6,0,virtual_dummy.xlsx,L47_일반약 판매(시간별),2026-10-05T01:15
PH_DUMMY_01,2026-11-04,17:00-18:00,2,2,4,6,62493,1,0,1,1,3,0,virtual_dummy.xlsx,L47_일반약 판매(시간별),2026-10-05T01:15
PH_DUMMY_01,2026-11-04,18:00-19:00,0,1,1,1,4500,1,0,0,0,0,0,virtual_dummy.xlsx,L47_일반약 판매(시간별),2026-10-05T01:15
PH_DUMMY_01,2026-11-05,09:00-10:00,0,3,3,6,87617,0,2,0,2,2,0,virtual_dummy.xlsx,L47_일반약 판매(시간별),2026-10-05T01:15
PH_DUMMY_01,2026-11-05,10:00-11:00,1,1,2,4,16186,2,0,0,0,2,0,virtual_dummy.xlsx,L47_일반약 판매(시간별),2026-10-05T01:15
PH_DUMMY_01,2026-11-05,11:00-12:00,3,3,6,10,79017,0,1,1,1,7,0,virtual_dummy.xlsx,L47_일반약 판매(시간별),2026-10-05T01:15
PH_DUMMY_01,2026-11-05,12:00-13:00,3,2,5,6,48865,2,2,1,1,0,0,virtual_dummy.xlsx,L47_일반약 판매(시간별),2026-10-05T01:15
PH_DUMMY_01,2026-11-05,13:00-14:00,2,0,2,4,8893,1,0,1,0,2,0,virtual_dummy.xlsx,L47_일반약 판매(시간별),2026-10-05T01:15
PH_DUMMY_01,2026-11-05,14:00-15:00,0,1,1,3,8679,1,1,0,0,1,0,virtual_dummy.xlsx,L47_일반약 판매(시간별),2026-10-05T01:15
PH_DUMMY_01,2026-11-05,15:00-16:00,0,1,1,2,20000,0,0,0,1,1,0,virtual_dummy.xlsx,L47_일반약 판매(시간별),2026-10-05T01:15
PH_DUMMY_01,2026-11-05,16:00-17:00,2,0,2,2,4386,0,1,0,0,1,0,virtual_dummy.xlsx,L47_일반약 판매(시간별),2026-10-05T01:15
PH_DUMMY_01,2026-11-05,17:00-18:00,2,0,2,2,20000,0,0,0,1,1,0,virtual_dummy.xlsx,L47_일반약 판매(시간별),2026-10-05T01:15
PH_DUMMY_01,2026-11-05,18:00-19:00,3,2,5,7,85193,2,0,1,2,2,0,virtual_dummy.xlsx,L47_일반약 판매(시간별),2026-10-05T01:15
PH_DUMMY_01,2026-11-06,09:00-10:00,0,3,3,4,13186,1,1,1,0,1,0,virtual_dummy.xlsx,L47_일반약 판매(시간별),2026-10-05T01:15
PH_DUMMY_01,2026-11-06,10:00-11:00,3,2,5,9,43317,3,1,1,1,3,0,virtual_dummy.xlsx,L47_일반약 판매(시간별),2026-10-05T01:15
PH_DUMMY_01,2026-11-06,11:00-12:00,0,2,2,3,37400,0,0,0,1,2,0,virtual_dummy.xlsx,L47_일반약 판매(시간별),2026-10-05T01:15
PH_DUMMY_01,2026-11-06,12:00-13:00,1,4,5,11,42927,2,3,4,0,2,0,virtual_dummy.xlsx,L47_일반약 판매(시간별),2026-10-05T01:15
PH_DUMMY_01,2026-11-06,13:00-14:00,1,0,1,2,8000,0,0,2,0,0,0,virtual_dummy.xlsx,L47_일반약 판매(시간별),2026-10-05T01:15
PH_DUMMY_01,2026-11-06,14:00-15:00,1,0,1,1,3000,0,0,1,0,0,0,virtual_dummy.xlsx,L47_일반약 판매(시간별),2026-10-05T01:15
PH_DUMMY_01,2026-11-06,15:00-16:00,2,0,2,3,36803,0,2,0,1,0,0,virtual_dummy.xlsx,L47_일반약 판매(시간별),2026-10-05T01:15
PH_DUMMY_01,2026-11-06,16:00-17:00,2,2,4,7,42479,3,1,0,1,2,0,virtual_dummy.xlsx,L47_일반약 판매(시간별),2026-10-05T01:15
PH_DUMMY_01,2026-11-06,17:00-18:00,2,1,3,4,17993,1,0,1,0,2,0,virtual_dummy.xlsx,L47_일반약 판매(시간별),2026-10-05T01:15
PH_DUMMY_01,2026-11-06,18:00-19:00,2,0,2,3,14186,0,2,0,0,1,0,virtual_dummy.xlsx,L47_일반약 판매(시간별),2026-10-05T01:15
PH_DUMMY_01,2026-11-07,09:00-10:00,2,3,5,5,16979,3,0,1,0,1,0,virtual_dummy.xlsx,L47_일반약 판매(시간별),2026-10-05T01:15
PH_DUMMY_01,2026-11-07,10:00-11:00,3,3,6,7,24679,2,1,1,0,3,0,virtual_dummy.xlsx,L47_일반약 판매(시간별),2026-10-05T01:15
PH_DUMMY_01,2026-11-07,11:00-12:00,5,1,6,13,43072,3,1,6,0,3,0,virtual_dummy.xlsx,L47_일반약 판매(시간별),2026-10-05T01:15
PH_DUMMY_01,2026-11-07,12:00-13:00,2,0,2,5,33117,0,1,2,1,1,0,virtual_dummy.xlsx,L47_일반약 판매(시간별),2026-10-05T01:15
PH_DUMMY_01,2026-11-07,13:00-14:00,5,0,5,8,93137,2,2,1,1,2,0,virtual_dummy.xlsx,L47_일반약 판매(시간별),2026-10-05T01:15
PH_DUMMY_01,2026-11-09,09:00-10:00,1,0,1,3,15186,0,2,0,0,1,0,virtual_dummy.xlsx,L47_일반약 판매(시간별),2026-10-05T01:15
PH_DUMMY_01,2026-11-09,10:00-11:00,1,3,4,6,37200,0,2,1,0,3,0,virtual_dummy.xlsx,L47_일반약 판매(시간별),2026-10-05T01:15
PH_DUMMY_01,2026-11-09,11:00-12:00,4,3,7,10,41110,1,2,1,0,6,0,virtual_dummy.xlsx,L47_일반약 판매(시간별),2026-10-05T01:15
PH_DUMMY_01,2026-11-09,12:00-13:00,8,0,8,14,116696,3,3,0,3,5,0,virtual_dummy.xlsx,L47_일반약 판매(시간별),2026-10-05T01:15
PH_DUMMY_01,2026-11-09,13:00-14:00,1,1,2,3,11500,2,0,1,0,0,0,virtual_dummy.xlsx,L47_일반약 판매(시간별),2026-10-05T01:15
PH_DUMMY_01,2026-11-09,14:00-15:00,1,1,2,3,9200,1,0,1,0,1,0,virtual_dummy.xlsx,L47_일반약 판매(시간별),2026-10-05T01:15
PH_DUMMY_01,2026-11-09,15:00-16:00,3,2,5,10,37572,2,4,1,0,3,0,virtual_dummy.xlsx,L47_일반약 판매(시간별),2026-10-05T01:15
PH_DUMMY_01,2026-11-09,16:00-17:00,1,5,6,9,37003,3,2,2,0,2,0,virtual_dummy.xlsx,L47_일반약 판매(시간별),2026-10-05T01:15
PH_DUMMY_01,2026-11-09,17:00-18:00,0,0,0,0,0,0,0,0,0,0,0,virtual_dummy.xlsx,L47_일반약 판매(시간별),2026-10-05T01:15
PH_DUMMY_01,2026-11-09,18:00-19:00,3,0,3,8,20586,2,0,1,0,5,0,virtual_dummy.xlsx,L47_일반약 판매(시간별),2026-10-05T01:15
PH_DUMMY_01,2026-11-10,09:00-10:00,1,1,2,3,11803,0,2,0,0,1,0,virtual_dummy.xlsx,L47_일반약 판매(시간별),2026-10-05T01:15
PH_DUMMY_01,2026-11-10,10:00-11:00,0,5,5,7,28303,3,3,0,0,1,0,virtual_dummy.xlsx,L47_일반약 판매(시간별),2026-10-05T01:15
PH_DUMMY_01,2026-11-10,11:00-12:00,3,0,3,4,41365,1,2,0,1,0,0,virtual_dummy.xlsx,L47_일반약 판매(시간별),2026-10-05T01:15
PH_DUMMY_01,2026-11-10,12:00-13:00,3,0,3,6,47979,4,0,0,1,1,0,virtual_dummy.xlsx,L47_일반약 판매(시간별),2026-10-05T01:15
PH_DUMMY_01,2026-11-10,13:00-14:00,2,1,3,6,49686,1,1,1,1,2,0,virtual_dummy.xlsx,L47_일반약 판매(시간별),2026-10-05T01:15
PH_DUMMY_01,2026-11-10,14:00-15:00,0,0,0,0,0,0,0,0,0,0,0,virtual_dummy.xlsx,L47_일반약 판매(시간별),2026-10-05T01:15
PH_DUMMY_01,2026-11-10,15:00-16:00,1,0,1,1,2993,1,0,0,0,0,0,virtual_dummy.xlsx,L47_일반약 판매(시간별),2026-10-05T01:15
PH_DUMMY_01,2026-11-10,16:00-17:00,0,2,2,2,7200,0,1,0,0,1,0,virtual_dummy.xlsx,L47_일반약 판매(시간별),2026-10-05T01:15
PH_DUMMY_01,2026-11-10,17:00-18:00,0,0,0,0,0,0,0,0,0,0,0,virtual_dummy.xlsx,L47_일반약 판매(시간별),2026-10-05T01:15
PH_DUMMY_01,2026-11-10,18:00-19:00,3,0,3,7,21503,2,2,0,0,3,0,virtual_dummy.xlsx,L47_일반약 판매(시간별),2026-10-05T01:15
PH_DUMMY_01,2026-11-11,09:00-10:00,3,0,3,4,40913,0,1,0,0,3,0,virtual_dummy.xlsx,L47_일반약 판매(시간별),2026-10-05T01:15
PH_DUMMY_01,2026-11-11,10:00-11:00,1,0,1,2,6186,0,1,1,0,0,0,virtual_dummy.xlsx,L47_일반약 판매(시간별),2026-10-05T01:15
PH_DUMMY_01,2026-11-11,11:00-12:00,1,0,1,4,41993,1,0,1,1,1,0,virtual_dummy.xlsx,L47_일반약 판매(시간별),2026-10-05T01:15
PH_DUMMY_01,2026-11-11,12:00-13:00,4,0,4,7,27996,1,2,1,0,3,0,virtual_dummy.xlsx,L47_일반약 판매(시간별),2026-10-05T01:15
PH_DUMMY_01,2026-11-11,13:00-14:00,3,0,3,6,38400,0,0,0,2,4,0,virtual_dummy.xlsx,L47_일반약 판매(시간별),2026-10-05T01:15
PH_DUMMY_01,2026-11-11,14:00-15:00,1,2,3,5,16672,3,1,0,0,1,0,virtual_dummy.xlsx,L47_일반약 판매(시간별),2026-10-05T01:15
PH_DUMMY_01,2026-11-11,15:00-16:00,1,0,1,2,7617,1,1,0,0,0,0,virtual_dummy.xlsx,L47_일반약 판매(시간별),2026-10-05T01:15
PH_DUMMY_01,2026-11-11,16:00-17:00,2,2,4,6,27686,1,1,1,0,3,0,virtual_dummy.xlsx,L47_일반약 판매(시간별),2026-10-05T01:15
PH_DUMMY_01,2026-11-11,17:00-18:00,2,1,3,5,57617,0,1,2,2,0,0,virtual_dummy.xlsx,L47_일반약 판매(시간별),2026-10-05T01:15
PH_DUMMY_01,2026-11-11,18:00-19:00,2,0,2,3,12500,0,1,0,0,2,0,virtual_dummy.xlsx,L47_일반약 판매(시간별),2026-10-05T01:15
PH_DUMMY_01,2026-11-12,09:00-10:00,1,0,1,1,2993,1,0,0,0,0,0,virtual_dummy.xlsx,L47_일반약 판매(시간별),2026-10-05T01:15
PH_DUMMY_01,2026-11-12,10:00-11:00,0,2,2,2,9186,0,2,0,0,0,0,virtual_dummy.xlsx,L47_일반약 판매(시간별),2026-10-05T01:15
PH_DUMMY_01,2026-11-12,11:00-12:00,0,2,2,4,14117,0,1,3,0,0,0,virtual_dummy.xlsx,L47_일반약 판매(시간별),2026-10-05T01:15
PH_DUMMY_01,2026-11-12,12:00-13:00,2,0,2,2,7117,0,1,0,0,1,0,virtual_dummy.xlsx,L47_일반약 판매(시간별),2026-10-05T01:15
PH_DUMMY_01,2026-11-12,13:00-14:00,0,0,0,0,0,0,0,0,0,0,0,virtual_dummy.xlsx,L47_일반약 판매(시간별),2026-10-05T01:15
PH_DUMMY_01,2026-11-12,14:00-15:00,1,0,1,2,7493,2,0,0,0,0,0,virtual_dummy.xlsx,L47_일반약 판매(시간별),2026-10-05T01:15
PH_DUMMY_01,2026-11-12,15:00-16:00,0,1,1,1,1200,0,0,0,0,1,0,virtual_dummy.xlsx,L47_일반약 판매(시간별),2026-10-05T01:15
PH_DUMMY_01,2026-11-12,16:00-17:00,1,2,3,6,56186,1,1,0,1,3,0,virtual_dummy.xlsx,L47_일반약 판매(시간별),2026-10-05T01:15
PH_DUMMY_01,2026-11-12,17:00-18:00,1,4,5,10,62665,4,1,2,1,2,0,virtual_dummy.xlsx,L47_일반약 판매(시간별),2026-10-05T01:15
PH_DUMMY_01,2026-11-12,18:00-19:00,1,1,2,2,7617,0,1,1,0,0,0,virtual_dummy.xlsx,L47_일반약 판매(시간별),2026-10-05T01:15
PH_DUMMY_01,2026-11-13,09:00-10:00,0,2,2,3,8003,0,2,0,0,1,0,virtual_dummy.xlsx,L47_일반약 판매(시간별),2026-10-05T01:15
PH_DUMMY_01,2026-11-13,10:00-11:00,0,5,5,8,26317,1,1,2,0,4,0,virtual_dummy.xlsx,L47_일반약 판매(시간별),2026-10-05T01:15
PH_DUMMY_01,2026-11-13,11:00-12:00,0,2,2,5,57220,1,0,0,1,3,0,virtual_dummy.xlsx,L47_일반약 판매(시간별),2026-10-05T01:15
PH_DUMMY_01,2026-11-13,12:00-13:00,0,1,1,1,2993,1,0,0,0,0,0,virtual_dummy.xlsx,L47_일반약 판매(시간별),2026-10-05T01:15
PH_DUMMY_01,2026-11-13,13:00-14:00,0,3,3,6,26686,0,2,2,0,2,0,virtual_dummy.xlsx,L47_일반약 판매(시간별),2026-10-05T01:15
PH_DUMMY_01,2026-11-13,14:00-15:00,3,3,6,10,34503,3,2,2,0,3,0,virtual_dummy.xlsx,L47_일반약 판매(시간별),2026-10-05T01:15
PH_DUMMY_01,2026-11-13,15:00-16:00,2,1,3,7,80000,0,0,5,2,0,0,virtual_dummy.xlsx,L47_일반약 판매(시간별),2026-10-05T01:15
PH_DUMMY_01,2026-11-13,16:00-17:00,2,1,3,4,13993,2,0,1,0,1,0,virtual_dummy.xlsx,L47_일반약 판매(시간별),2026-10-05T01:15
PH_DUMMY_01,2026-11-13,17:00-18:00,4,2,6,16,85730,5,4,2,1,4,0,virtual_dummy.xlsx,L47_일반약 판매(시간별),2026-10-05T01:15
PH_DUMMY_01,2026-11-13,18:00-19:00,7,2,9,16,131372,3,2,3,2,6,0,virtual_dummy.xlsx,L47_일반약 판매(시간별),2026-10-05T01:15
PH_DUMMY_01,2026-11-14,09:00-10:00,0,3,3,3,41000,0,0,1,1,1,0,virtual_dummy.xlsx,L47_일반약 판매(시간별),2026-10-05T01:15
PH_DUMMY_01,2026-11-14,10:00-11:00,1,4,5,7,22189,0,3,2,0,2,0,virtual_dummy.xlsx,L47_일반약 판매(시간별),2026-10-05T01:15
PH_DUMMY_01,2026-11-14,11:00-12:00,1,4,5,9,72817,2,1,2,2,2,0,virtual_dummy.xlsx,L47_일반약 판매(시간별),2026-10-05T01:15
PH_DUMMY_01,2026-11-14,12:00-13:00,3,1,4,6,53479,4,0,0,1,1,0,virtual_dummy.xlsx,L47_일반약 판매(시간별),2026-10-05T01:15
PH_DUMMY_01,2026-11-14,13:00-14:00,2,0,2,5,50700,1,0,1,1,2,0,virtual_dummy.xlsx,L47_일반약 판매(시간별),2026-10-05T01:15
PH_DUMMY_01,2026-11-16,09:00-10:00,1,1,2,2,7617,1,1,0,0,0,0,virtual_dummy.xlsx,L47_일반약 판매(시간별),2026-10-05T01:15
PH_DUMMY_01,2026-11-16,10:00-11:00,2,6,8,18,85109,5,7,1,1,4,0,virtual_dummy.xlsx,L47_일반약 판매(시간별),2026-10-05T01:15
PH_DUMMY_01,2026-11-16,11:00-12:00,2,2,4,5,20989,0,4,0,0,1,0,virtual_dummy.xlsx,L47_일반약 판매(시간별),2026-10-05T01:15
PH_DUMMY_01,2026-11-16,12:00-13:00,0,2,2,4,15317,1,1,1,0,1,0,virtual_dummy.xlsx,L47_일반약 판매(시간별),2026-10-05T01:15
PH_DUMMY_01,2026-11-16,13:00-14:00,0,2,2,3,12386,0,1,0,0,2,0,virtual_dummy.xlsx,L47_일반약 판매(시간별),2026-10-05T01:15
PH_DUMMY_01,2026-11-16,14:00-15:00,0,2,2,3,9172,2,1,0,0,0,0,virtual_dummy.xlsx,L47_일반약 판매(시간별),2026-10-05T01:15
PH_DUMMY_01,2026-11-16,15:00-16:00,0,2,2,3,10679,2,1,0,0,0,0,virtual_dummy.xlsx,L47_일반약 판매(시간별),2026-10-05T01:15
PH_DUMMY_01,2026-11-16,16:00-17:00,1,4,5,6,31610,2,2,1,0,1,0,virtual_dummy.xlsx,L47_일반약 판매(시간별),2026-10-05T01:15
PH_DUMMY_01,2026-11-16,17:00-18:00,1,2,3,6,18200,2,0,2,0,2,0,virtual_dummy.xlsx,L47_일반약 판매(시간별),2026-10-05T01:15
PH_DUMMY_01,2026-11-16,18:00-19:00,0,1,1,2,11186,0,1,0,0,1,0,virtual_dummy.xlsx,L47_일반약 판매(시간별),2026-10-05T01:15
PH_DUMMY_01,2026-11-17,09:00-10:00,1,1,2,4,14993,3,0,0,0,1,0,virtual_dummy.xlsx,L47_일반약 판매(시간별),2026-10-05T01:15
PH_DUMMY_01,2026-11-17,10:00-11:00,1,1,2,5,24679,2,2,0,0,1,0,virtual_dummy.xlsx,L47_일반약 판매(시간별),2026-10-05T01:15
PH_DUMMY_01,2026-11-17,11:00-12:00,2,4,6,11,54603,5,2,2,1,1,0,virtual_dummy.xlsx,L47_일반약 판매(시간별),2026-10-05T01:15
PH_DUMMY_01,2026-11-17,12:00-13:00,1,1,2,2,6803,0,2,0,0,0,0,virtual_dummy.xlsx,L47_일반약 판매(시간별),2026-10-05T01:15
PH_DUMMY_01,2026-11-17,13:00-14:00,1,1,2,2,5700,1,0,0,0,1,0,virtual_dummy.xlsx,L47_일반약 판매(시간별),2026-10-05T01:15
PH_DUMMY_01,2026-11-17,14:00-15:00,4,2,6,9,56993,2,1,2,1,3,0,virtual_dummy.xlsx,L47_일반약 판매(시간별),2026-10-05T01:15
PH_DUMMY_01,2026-11-17,15:00-16:00,0,0,0,0,0,0,0,0,0,0,0,virtual_dummy.xlsx,L47_일반약 판매(시간별),2026-10-05T01:15
PH_DUMMY_01,2026-11-17,16:00-17:00,1,5,6,10,39737,1,4,4,0,1,0,virtual_dummy.xlsx,L47_일반약 판매(시간별),2026-10-05T01:15
PH_DUMMY_01,2026-11-17,17:00-18:00,2,1,3,6,27110,3,1,1,0,1,0,virtual_dummy.xlsx,L47_일반약 판매(시간별),2026-10-05T01:15
PH_DUMMY_01,2026-11-17,18:00-19:00,3,2,5,9,34420,3,3,2,0,1,0,virtual_dummy.xlsx,L47_일반약 판매(시간별),2026-10-05T01:15
PH_DUMMY_01,2026-11-18,09:00-10:00,0,0,0,0,0,0,0,0,0,0,0,virtual_dummy.xlsx,L47_일반약 판매(시간별),2026-10-05T01:15
PH_DUMMY_01,2026-11-18,10:00-11:00,2,2,4,7,22179,5,0,1,0,1,0,virtual_dummy.xlsx,L47_일반약 판매(시간별),2026-10-05T01:15
PH_DUMMY_01,2026-11-18,11:00-12:00,0,0,0,0,0,0,0,0,0,0,0,virtual_dummy.xlsx,L47_일반약 판매(시간별),2026-10-05T01:15
PH_DUMMY_01,2026-11-18,12:00-13:00,2,0,2,4,41193,1,0,0,1,2,0,virtual_dummy.xlsx,L47_일반약 판매(시간별),2026-10-05T01:15
PH_DUMMY_01,2026-11-18,13:00-14:00,1,0,1,1,3617,0,1,0,0,0,0,virtual_dummy.xlsx,L47_일반약 판매(시간별),2026-10-05T01:15
PH_DUMMY_01,2026-11-18,14:00-15:00,3,0,3,5,48406,1,1,0,0,3,0,virtual_dummy.xlsx,L47_일반약 판매(시간별),2026-10-05T01:15
PH_DUMMY_01,2026-11-18,15:00-16:00,1,3,4,6,52489,1,3,1,1,0,0,virtual_dummy.xlsx,L47_일반약 판매(시간별),2026-10-05T01:15
PH_DUMMY_01,2026-11-18,16:00-17:00,1,0,1,2,39000,1,0,0,1,0,0,virtual_dummy.xlsx,L47_일반약 판매(시간별),2026-10-05T01:15
PH_DUMMY_01,2026-11-18,17:00-18:00,1,2,3,4,12817,0,1,1,0,2,0,virtual_dummy.xlsx,L47_일반약 판매(시간별),2026-10-05T01:15
PH_DUMMY_01,2026-11-18,18:00-19:00,1,1,2,3,9200,1,0,0,0,2,0,virtual_dummy.xlsx,L47_일반약 판매(시간별),2026-10-05T01:15
PH_DUMMY_01,2026-11-19,09:00-10:00,3,1,4,6,112227,0,0,0,2,4,0,virtual_dummy.xlsx,L47_일반약 판매(시간별),2026-10-05T01:15
PH_DUMMY_01,2026-11-19,10:00-11:00,2,2,4,5,27186,1,2,0,0,2,0,virtual_dummy.xlsx,L47_일반약 판매(시간별),2026-10-05T01:15
PH_DUMMY_01,2026-11-19,11:00-12:00,0,9,9,11,41775,4,3,2,0,2,0,virtual_dummy.xlsx,L47_일반약 판매(시간별),2026-10-05T01:15
PH_DUMMY_01,2026-11-19,12:00-13:00,3,2,5,8,31489,2,3,1,0,2,0,virtual_dummy.xlsx,L47_일반약 판매(시간별),2026-10-05T01:15
PH_DUMMY_01,2026-11-19,13:00-14:00,2,1,3,4,47200,0,0,1,1,2,0,virtual_dummy.xlsx,L47_일반약 판매(시간별),2026-10-05T01:15
PH_DUMMY_01,2026-11-19,14:00-15:00,0,2,2,4,13193,2,0,0,0,2,0,virtual_dummy.xlsx,L47_일반약 판매(시간별),2026-10-05T01:15
PH_DUMMY_01,2026-11-19,15:00-16:00,1,0,1,2,15000,0,0,1,0,1,0,virtual_dummy.xlsx,L47_일반약 판매(시간별),2026-10-05T01:15
PH_DUMMY_01,2026-11-19,16:00-17:00,1,4,5,9,87386,2,1,0,3,3,0,virtual_dummy.xlsx,L47_일반약 판매(시간별),2026-10-05T01:15
PH_DUMMY_01,2026-11-19,17:00-18:00,0,1,1,3,10179,1,1,1,0,0,0,virtual_dummy.xlsx,L47_일반약 판매(시간별),2026-10-05T01:15
PH_DUMMY_01,2026-11-19,18:00-19:00,1,2,3,5,85027,1,0,0,2,2,0,virtual_dummy.xlsx,L47_일반약 판매(시간별),2026-10-05T01:15
PH_DUMMY_01,2026-11-20,09:00-10:00,2,1,3,6,22120,1,4,0,0,1,0,virtual_dummy.xlsx,L47_일반약 판매(시간별),2026-10-05T01:15
PH_DUMMY_01,2026-11-20,10:00-11:00,0,3,3,5,44803,1,2,1,1,0,0,virtual_dummy.xlsx,L47_일반약 판매(시간별),2026-10-05T01:15
PH_DUMMY_01,2026-11-20,11:00-12:00,5,2,7,9,70096,4,2,1,1,1,0,virtual_dummy.xlsx,L47_일반약 판매(시간별),2026-10-05T01:15
PH_DUMMY_01,2026-11-20,12:00-13:00,4,4,8,13,41265,5,2,3,0,3,0,virtual_dummy.xlsx,L47_일반약 판매(시간별),2026-10-05T01:15
PH_DUMMY_01,2026-11-20,13:00-14:00,2,1,3,4,46179,1,1,0,1,1,0,virtual_dummy.xlsx,L47_일반약 판매(시간별),2026-10-05T01:15
PH_DUMMY_01,2026-11-20,14:00-15:00,1,0,1,2,6686,0,1,1,0,0,0,virtual_dummy.xlsx,L47_일반약 판매(시간별),2026-10-05T01:15
PH_DUMMY_01,2026-11-20,15:00-16:00,4,4,8,14,85440,4,3,2,0,5,0,virtual_dummy.xlsx,L47_일반약 판매(시간별),2026-10-05T01:15
PH_DUMMY_01,2026-11-20,16:00-17:00,0,1,1,1,2993,1,0,0,0,0,0,virtual_dummy.xlsx,L47_일반약 판매(시간별),2026-10-05T01:15
PH_DUMMY_01,2026-11-20,17:00-18:00,3,0,3,3,73500,0,0,0,2,1,0,virtual_dummy.xlsx,L47_일반약 판매(시간별),2026-10-05T01:15
PH_DUMMY_01,2026-11-20,18:00-19:00,2,1,3,3,4900,0,0,0,0,3,0,virtual_dummy.xlsx,L47_일반약 판매(시간별),2026-10-05T01:15
PH_DUMMY_01,2026-11-21,09:00-10:00,1,0,1,2,33000,0,0,0,1,1,0,virtual_dummy.xlsx,L47_일반약 판매(시간별),2026-10-05T01:15
PH_DUMMY_01,2026-11-21,10:00-11:00,3,1,4,5,17610,2,1,2,0,0,0,virtual_dummy.xlsx,L47_일반약 판매(시간별),2026-10-05T01:15
PH_DUMMY_01,2026-11-21,11:00-12:00,1,3,4,7,57686,1,1,2,1,2,0,virtual_dummy.xlsx,L47_일반약 판매(시간별),2026-10-05T01:15
PH_DUMMY_01,2026-11-21,12:00-13:00,0,2,2,3,38000,0,0,0,1,2,0,virtual_dummy.xlsx,L47_일반약 판매(시간별),2026-10-05T01:15
PH_DUMMY_01,2026-11-21,13:00-14:00,1,0,1,2,8000,1,0,1,0,0,0,virtual_dummy.xlsx,L47_일반약 판매(시간별),2026-10-05T01:15
PH_DUMMY_01,2026-11-23,09:00-10:00,0,1,1,5,81610,1,1,0,2,1,0,virtual_dummy.xlsx,L47_일반약 판매(시간별),2026-10-05T01:15
PH_DUMMY_01,2026-11-23,10:00-11:00,0,7,7,11,101065,1,2,3,2,3,0,virtual_dummy.xlsx,L47_일반약 판매(시간별),2026-10-05T01:15
PH_DUMMY_01,2026-11-23,11:00-12:00,1,3,4,5,22679,1,1,0,0,3,0,virtual_dummy.xlsx,L47_일반약 판매(시간별),2026-10-05T01:15
PH_DUMMY_01,2026-11-23,12:00-13:00,0,4,4,5,45110,3,1,0,1,0,0,virtual_dummy.xlsx,L47_일반약 판매(시간별),2026-10-05T01:15
PH_DUMMY_01,2026-11-23,13:00-14:00,1,1,2,2,19500,1,0,0,1,0,0,virtual_dummy.xlsx,L47_일반약 판매(시간별),2026-10-05T01:15
PH_DUMMY_01,2026-11-23,14:00-15:00,2,4,6,7,22975,3,3,0,0,1,0,virtual_dummy.xlsx,L47_일반약 판매(시간별),2026-10-05T01:15
PH_DUMMY_01,2026-11-23,15:00-16:00,2,1,3,4,39796,1,2,0,1,0,0,virtual_dummy.xlsx,L47_일반약 판매(시간별),2026-10-05T01:15
PH_DUMMY_01,2026-11-23,16:00-17:00,4,4,8,15,97282,5,3,1,2,4,0,virtual_dummy.xlsx,L47_일반약 판매(시간별),2026-10-05T01:15
PH_DUMMY_01,2026-11-23,17:00-18:00,2,3,5,6,53003,0,2,2,1,1,0,virtual_dummy.xlsx,L47_일반약 판매(시간별),2026-10-05T01:15
PH_DUMMY_01,2026-11-23,18:00-19:00,3,0,3,4,13193,3,0,0,0,1,0,virtual_dummy.xlsx,L47_일반약 판매(시간별),2026-10-05T01:15
PH_DUMMY_01,2026-11-24,09:00-10:00,1,1,2,3,13234,0,3,0,0,0,0,virtual_dummy.xlsx,L47_일반약 판매(시간별),2026-10-05T01:15
PH_DUMMY_01,2026-11-24,10:00-11:00,1,1,2,3,9372,0,2,0,0,1,0,virtual_dummy.xlsx,L47_일반약 판매(시간별),2026-10-05T01:15
PH_DUMMY_01,2026-11-24,11:00-12:00,3,1,4,9,30803,5,1,2,0,1,0,virtual_dummy.xlsx,L47_일반약 판매(시간별),2026-10-05T01:15
PH_DUMMY_01,2026-11-24,12:00-13:00,4,2,6,12,127865,2,3,2,3,2,0,virtual_dummy.xlsx,L47_일반약 판매(시간별),2026-10-05T01:15
PH_DUMMY_01,2026-11-24,13:00-14:00,2,0,2,3,10193,1,0,0,0,2,0,virtual_dummy.xlsx,L47_일반약 판매(시간별),2026-10-05T01:15
PH_DUMMY_01,2026-11-24,14:00-15:00,1,2,3,7,70486,3,0,0,2,2,0,virtual_dummy.xlsx,L47_일반약 판매(시간별),2026-10-05T01:15
PH_DUMMY_01,2026-11-24,15:00-16:00,1,0,1,2,5993,1,0,1,0,0,0,virtual_dummy.xlsx,L47_일반약 판매(시간별),2026-10-05T01:15
PH_DUMMY_01,2026-11-24,16:00-17:00,2,2,4,5,46493,2,1,0,1,1,0,virtual_dummy.xlsx,L47_일반약 판매(시간별),2026-10-05T01:15
PH_DUMMY_01,2026-11-24,17:00-18:00,2,2,4,8,68586,2,1,1,2,2,0,virtual_dummy.xlsx,L47_일반약 판매(시간별),2026-10-05T01:15
PH_DUMMY_01,2026-11-24,18:00-19:00,6,0,6,12,105389,2,3,1,4,2,0,virtual_dummy.xlsx,L47_일반약 판매(시간별),2026-10-05T01:15
PH_DUMMY_01,2026-11-25,09:00-10:00,1,0,1,3,12117,1,1,1,0,0,0,virtual_dummy.xlsx,L47_일반약 판매(시간별),2026-10-05T01:15
PH_DUMMY_01,2026-11-25,10:00-11:00,2,0,2,3,13500,1,1,0,0,1,0,virtual_dummy.xlsx,L47_일반약 판매(시간별),2026-10-05T01:15
PH_DUMMY_01,2026-11-25,11:00-12:00,0,1,1,1,5000,0,0,0,0,1,0,virtual_dummy.xlsx,L47_일반약 판매(시간별),2026-10-05T01:15
PH_DUMMY_01,2026-11-25,12:00-13:00,1,0,1,3,11186,2,1,0,0,0,0,virtual_dummy.xlsx,L47_일반약 판매(시간별),2026-10-05T01:15
PH_DUMMY_01,2026-11-25,13:00-14:00,1,0,1,1,6000,0,1,0,0,0,0,virtual_dummy.xlsx,L47_일반약 판매(시간별),2026-10-05T01:15
PH_DUMMY_01,2026-11-25,14:00-15:00,1,1,2,2,16200,0,0,0,1,1,0,virtual_dummy.xlsx,L47_일반약 판매(시간별),2026-10-05T01:15
PH_DUMMY_01,2026-11-25,15:00-16:00,0,2,2,2,41000,0,0,0,1,1,0,virtual_dummy.xlsx,L47_일반약 판매(시간별),2026-10-05T01:15
PH_DUMMY_01,2026-11-25,16:00-17:00,1,2,3,5,42503,1,2,0,1,1,0,virtual_dummy.xlsx,L47_일반약 판매(시간별),2026-10-05T01:15
PH_DUMMY_01,2026-11-25,17:00-18:00,2,5,7,13,67030,3,5,2,1,2,0,virtual_dummy.xlsx,L47_일반약 판매(시간별),2026-10-05T01:15
PH_DUMMY_01,2026-11-25,18:00-19:00,3,4,7,12,80672,5,2,1,1,3,0,virtual_dummy.xlsx,L47_일반약 판매(시간별),2026-10-05T01:15
PH_DUMMY_01,2026-11-26,09:00-10:00,2,1,3,3,16500,1,0,1,0,1,0,virtual_dummy.xlsx,L47_일반약 판매(시간별),2026-10-05T01:15
PH_DUMMY_01,2026-11-26,10:00-11:00,0,5,5,9,66379,1,1,3,1,3,0,virtual_dummy.xlsx,L47_일반약 판매(시간별),2026-10-05T01:15
PH_DUMMY_01,2026-11-26,11:00-12:00,1,0,1,1,35000,0,0,0,1,0,0,virtual_dummy.xlsx,L47_일반약 판매(시간별),2026-10-05T01:15
PH_DUMMY_01,2026-11-26,12:00-13:00,3,4,7,14,120596,4,2,1,2,5,0,virtual_dummy.xlsx,L47_일반약 판매(시간별),2026-10-05T01:15
PH_DUMMY_01,2026-11-26,13:00-14:00,3,1,4,8,94572,0,2,1,3,2,0,virtual_dummy.xlsx,L47_일반약 판매(시간별),2026-10-05T01:15
PH_DUMMY_01,2026-11-26,14:00-15:00,1,3,4,6,17672,2,1,0,0,3,0,virtual_dummy.xlsx,L47_일반약 판매(시간별),2026-10-05T01:15
PH_DUMMY_01,2026-11-26,15:00-16:00,1,1,2,2,18186,0,1,0,1,0,0,virtual_dummy.xlsx,L47_일반약 판매(시간별),2026-10-05T01:15
PH_DUMMY_01,2026-11-26,16:00-17:00,2,2,4,8,28400,1,0,1,0,6,0,virtual_dummy.xlsx,L47_일반약 판매(시간별),2026-10-05T01:15
PH_DUMMY_01,2026-11-26,17:00-18:00,2,0,2,3,45213,0,1,0,0,2,0,virtual_dummy.xlsx,L47_일반약 판매(시간별),2026-10-05T01:15
PH_DUMMY_01,2026-11-26,18:00-19:00,2,5,7,12,62772,1,3,1,1,6,0,virtual_dummy.xlsx,L47_일반약 판매(시간별),2026-10-05T01:15
PH_DUMMY_01,2026-11-27,09:00-10:00,1,3,4,6,34500,2,0,1,0,3,0,virtual_dummy.xlsx,L47_일반약 판매(시간별),2026-10-05T01:15
PH_DUMMY_01,2026-11-27,10:00-11:00,2,3,5,14,50661,1,4,3,0,6,0,virtual_dummy.xlsx,L47_일반약 판매(시간별),2026-10-05T01:15
PH_DUMMY_01,2026-11-27,11:00-12:00,0,3,3,3,12500,0,0,1,0,2,0,virtual_dummy.xlsx,L47_일반약 판매(시간별),2026-10-05T01:15
PH_DUMMY_01,2026-11-27,12:00-13:00,1,5,6,7,62803,1,3,1,1,1,0,virtual_dummy.xlsx,L47_일반약 판매(시간별),2026-10-05T01:15
PH_DUMMY_01,2026-11-27,13:00-14:00,0,1,1,2,7186,0,1,1,0,0,0,virtual_dummy.xlsx,L47_일반약 판매(시간별),2026-10-05T01:15
PH_DUMMY_01,2026-11-27,14:00-15:00,1,0,1,1,4500,1,0,0,0,0,0,virtual_dummy.xlsx,L47_일반약 판매(시간별),2026-10-05T01:15
PH_DUMMY_01,2026-11-27,15:00-16:00,1,1,2,4,11386,1,1,1,0,1,0,virtual_dummy.xlsx,L47_일반약 판매(시간별),2026-10-05T01:15
PH_DUMMY_01,2026-11-27,16:00-17:00,1,3,4,6,55392,1,2,0,0,3,0,virtual_dummy.xlsx,L47_일반약 판매(시간별),2026-10-05T01:15
PH_DUMMY_01,2026-11-27,17:00-18:00,1,3,4,5,41310,1,1,0,1,2,0,virtual_dummy.xlsx,L47_일반약 판매(시간별),2026-10-05T01:15
PH_DUMMY_01,2026-11-27,18:00-19:00,1,1,2,2,4386,0,1,0,0,1,0,virtual_dummy.xlsx,L47_일반약 판매(시간별),2026-10-05T01:15
PH_DUMMY_01,2026-11-28,09:00-10:00,1,4,5,7,40679,3,1,1,1,1,0,virtual_dummy.xlsx,L47_일반약 판매(시간별),2026-10-05T01:15
PH_DUMMY_01,2026-11-28,10:00-11:00,1,3,4,9,126260,1,1,2,0,5,0,virtual_dummy.xlsx,L47_일반약 판매(시간별),2026-10-05T01:15
PH_DUMMY_01,2026-11-28,11:00-12:00,1,3,4,6,50672,2,1,1,1,1,0,virtual_dummy.xlsx,L47_일반약 판매(시간별),2026-10-05T01:15
PH_DUMMY_01,2026-11-28,12:00-13:00,1,6,7,13,118030,3,1,1,2,6,0,virtual_dummy.xlsx,L47_일반약 판매(시간별),2026-10-05T01:15
PH_DUMMY_01,2026-11-28,13:00-14:00,2,4,6,7,115372,2,1,0,3,1,1,virtual_dummy.xlsx,L47_일반약 판매(시간별),2026-10-05T01:15
PH_DUMMY_01,2026-11-30,09:00-10:00,0,2,2,4,18000,1,0,1,0,2,0,virtual_dummy.xlsx,L47_일반약 판매(시간별),2026-10-05T01:15
PH_DUMMY_01,2026-11-30,10:00-11:00,3,1,4,7,28193,2,0,1,0,4,0,virtual_dummy.xlsx,L47_일반약 판매(시간별),2026-10-05T01:15
PH_DUMMY_01,2026-11-30,11:00-12:00,0,3,3,5,13393,2,0,1,0,2,0,virtual_dummy.xlsx,L47_일반약 판매(시간별),2026-10-05T01:15
PH_DUMMY_01,2026-11-30,12:00-13:00,2,5,7,13,81165,7,2,1,1,2,0,virtual_dummy.xlsx,L47_일반약 판매(시간별),2026-10-05T01:15
PH_DUMMY_01,2026-11-30,13:00-14:00,2,3,5,7,23958,0,3,1,0,3,0,virtual_dummy.xlsx,L47_일반약 판매(시간별),2026-10-05T01:15
PH_DUMMY_01,2026-11-30,14:00-15:00,2,2,4,6,18372,4,1,0,0,1,0,virtual_dummy.xlsx,L47_일반약 판매(시간별),2026-10-05T01:15
PH_DUMMY_01,2026-11-30,15:00-16:00,1,2,3,4,10565,1,2,0,0,1,0,virtual_dummy.xlsx,L47_일반약 판매(시간별),2026-10-05T01:15
PH_DUMMY_01,2026-11-30,16:00-17:00,2,2,4,7,38200,3,1,0,1,2,0,virtual_dummy.xlsx,L47_일반약 판매(시간별),2026-10-05T01:15
PH_DUMMY_01,2026-11-30,17:00-18:00,0,1,1,1,2993,1,0,0,0,0,0,virtual_dummy.xlsx,L47_일반약 판매(시간별),2026-10-05T01:15
PH_DUMMY_01,2026-11-30,18:00-19:00,2,3,5,10,71365,4,2,0,1,3,0,virtual_dummy.xlsx,L47_일반약 판매(시간별),2026-10-05T01:15
PH_DUMMY_01,2026-12-01,09:00-10:00,1,2,3,5,53520,1,1,0,0,3,0,virtual_dummy.xlsx,L47_일반약 판매(시간별),2026-10-05T01:15
PH_DUMMY_01,2026-12-01,10:00-11:00,0,1,1,1,4000,0,0,1,0,0,0,virtual_dummy.xlsx,L47_일반약 판매(시간별),2026-10-05T01:15
PH_DUMMY_01,2026-12-01,11:00-12:00,0,9,9,13,46375,4,3,2,0,4,0,virtual_dummy.xlsx,L47_일반약 판매(시간별),2026-10-05T01:15
PH_DUMMY_01,2026-12-01,12:00-13:00,2,3,5,7,74500,1,1,1,2,2,0,virtual_dummy.xlsx,L47_일반약 판매(시간별),2026-10-05T01:15
PH_DUMMY_01,2026-12-01,13:00-14:00,1,1,2,4,44610,1,1,0,1,1,0,virtual_dummy.xlsx,L47_일반약 판매(시간별),2026-10-05T01:15
PH_DUMMY_01,2026-12-01,14:00-15:00,0,1,1,2,36000,1,0,0,1,0,0,virtual_dummy.xlsx,L47_일반약 판매(시간별),2026-10-05T01:15
PH_DUMMY_01,2026-12-01,15:00-16:00,0,4,4,6,58772,0,2,0,2,2,0,virtual_dummy.xlsx,L47_일반약 판매(시간별),2026-10-05T01:15
PH_DUMMY_01,2026-12-01,16:00-17:00,0,1,1,1,3186,0,1,0,0,0,0,virtual_dummy.xlsx,L47_일반약 판매(시간별),2026-10-05T01:15
PH_DUMMY_01,2026-12-01,17:00-18:00,1,4,5,7,53679,2,2,2,1,0,0,virtual_dummy.xlsx,L47_일반약 판매(시간별),2026-10-05T01:15
PH_DUMMY_01,2026-12-01,18:00-19:00,4,3,7,9,61372,3,1,1,1,3,0,virtual_dummy.xlsx,L47_일반약 판매(시간별),2026-10-05T01:15
PH_DUMMY_01,2026-12-02,09:00-10:00,0,0,0,0,0,0,0,0,0,0,0,virtual_dummy.xlsx,L47_일반약 판매(시간별),2026-10-05T01:15
PH_DUMMY_01,2026-12-02,10:00-11:00,0,1,1,1,35000,0,0,0,1,0,0,virtual_dummy.xlsx,L47_일반약 판매(시간별),2026-10-05T01:15
PH_DUMMY_01,2026-12-02,11:00-12:00,1,0,1,1,15000,0,0,0,1,0,0,virtual_dummy.xlsx,L47_일반약 판매(시간별),2026-10-05T01:15
PH_DUMMY_01,2026-12-02,12:00-13:00,3,0,3,5,52617,1,1,0,1,2,0,virtual_dummy.xlsx,L47_일반약 판매(시간별),2026-10-05T01:15
PH_DUMMY_01,2026-12-02,13:00-14:00,0,0,0,0,0,0,0,0,0,0,0,virtual_dummy.xlsx,L47_일반약 판매(시간별),2026-10-05T01:15
PH_DUMMY_01,2026-12-02,14:00-15:00,1,4,5,6,28303,1,2,1,0,2,0,virtual_dummy.xlsx,L47_일반약 판매(시간별),2026-10-05T01:15
PH_DUMMY_01,2026-12-02,15:00-16:00,5,4,9,16,111126,7,3,2,1,3,0,virtual_dummy.xlsx,L47_일반약 판매(시간별),2026-10-05T01:15
PH_DUMMY_01,2026-12-02,16:00-17:00,1,2,3,6,52986,3,0,1,1,1,0,virtual_dummy.xlsx,L47_일반약 판매(시간별),2026-10-05T01:15
PH_DUMMY_01,2026-12-02,17:00-18:00,1,1,2,3,14000,0,0,1,0,2,0,virtual_dummy.xlsx,L47_일반약 판매(시간별),2026-10-05T01:15
PH_DUMMY_01,2026-12-02,18:00-19:00,2,1,3,4,44493,1,0,1,1,1,0,virtual_dummy.xlsx,L47_일반약 판매(시간별),2026-10-05T01:15
PH_DUMMY_01,2026-12-03,09:00-10:00,3,1,4,9,114200,2,0,3,3,1,0,virtual_dummy.xlsx,L47_일반약 판매(시간별),2026-10-05T01:15
PH_DUMMY_01,2026-12-03,10:00-11:00,1,3,4,4,24193,1,0,0,1,2,0,virtual_dummy.xlsx,L47_일반약 판매(시간별),2026-10-05T01:15
PH_DUMMY_01,2026-12-03,11:00-12:00,2,3,5,7,34372,4,1,0,1,1,0,virtual_dummy.xlsx,L47_일반약 판매(시간별),2026-10-05T01:15
PH_DUMMY_01,2026-12-03,12:00-13:00,1,1,2,3,44000,0,1,1,1,0,0,virtual_dummy.xlsx,L47_일반약 판매(시간별),2026-10-05T01:15
PH_DUMMY_01,2026-12-03,13:00-14:00,2,4,6,12,70482,3,3,2,1,3,0,virtual_dummy.xlsx,L47_일반약 판매(시간별),2026-10-05T01:15
PH_DUMMY_01,2026-12-03,14:00-15:00,2,0,2,3,10186,0,1,2,0,0,0,virtual_dummy.xlsx,L47_일반약 판매(시간별),2026-10-05T01:15
PH_DUMMY_01,2026-12-03,15:00-16:00,1,0,1,1,3186,0,1,0,0,0,0,virtual_dummy.xlsx,L47_일반약 판매(시간별),2026-10-05T01:15
PH_DUMMY_01,2026-12-03,16:00-17:00,0,1,1,1,4500,1,0,0,0,0,0,virtual_dummy.xlsx,L47_일반약 판매(시간별),2026-10-05T01:15
PH_DUMMY_01,2026-12-03,17:00-18:00,3,0,3,4,14993,2,0,2,0,0,0,virtual_dummy.xlsx,L47_일반약 판매(시간별),2026-10-05T01:15
PH_DUMMY_01,2026-12-03,18:00-19:00,0,1,1,1,4000,0,0,1,0,0,0,virtual_dummy.xlsx,L47_일반약 판매(시간별),2026-10-05T01:15
PH_DUMMY_01,2026-12-04,09:00-10:00,2,1,3,4,16993,2,0,0,0,2,0,virtual_dummy.xlsx,L47_일반약 판매(시간별),2026-10-05T01:15
PH_DUMMY_01,2026-12-04,10:00-11:00,1,5,6,9,60195,1,4,3,0,1,0,virtual_dummy.xlsx,L47_일반약 판매(시간별),2026-10-05T01:15
PH_DUMMY_01,2026-12-04,11:00-12:00,2,2,4,7,36920,0,3,0,0,4,0,virtual_dummy.xlsx,L47_일반약 판매(시간별),2026-10-05T01:15
PH_DUMMY_01,2026-12-04,12:00-13:00,3,3,6,9,64486,4,0,2,1,2,0,virtual_dummy.xlsx,L47_일반약 판매(시간별),2026-10-05T01:15
PH_DUMMY_01,2026-12-04,13:00-14:00,2,1,3,3,11303,1,2,0,0,0,0,virtual_dummy.xlsx,L47_일반약 판매(시간별),2026-10-05T01:15
PH_DUMMY_01,2026-12-04,14:00-15:00,1,0,1,1,3617,0,1,0,0,0,0,virtual_dummy.xlsx,L47_일반약 판매(시간별),2026-10-05T01:15
PH_DUMMY_01,2026-12-04,15:00-16:00,1,5,6,13,150051,2,4,0,4,3,0,virtual_dummy.xlsx,L47_일반약 판매(시간별),2026-10-05T01:15
PH_DUMMY_01,2026-12-04,16:00-17:00,1,8,9,16,69099,6,3,2,1,4,0,virtual_dummy.xlsx,L47_일반약 판매(시간별),2026-10-05T01:15
PH_DUMMY_01,2026-12-04,17:00-18:00,1,4,5,8,66486,3,0,0,1,4,0,virtual_dummy.xlsx,L47_일반약 판매(시간별),2026-10-05T01:15
PH_DUMMY_01,2026-12-04,18:00-19:00,1,1,2,2,36200,0,0,0,1,1,0,virtual_dummy.xlsx,L47_일반약 판매(시간별),2026-10-05T01:15
PH_DUMMY_01,2026-12-05,09:00-10:00,2,2,4,8,34165,5,1,0,0,2,0,virtual_dummy.xlsx,L47_일반약 판매(시간별),2026-10-05T01:15
PH_DUMMY_01,2026-12-05,10:00-11:00,5,1,6,9,44500,1,0,5,0,3,0,virtual_dummy.xlsx,L47_일반약 판매(시간별),2026-10-05T01:15
PH_DUMMY_01,2026-12-05,11:00-12:00,1,9,10,15,88689,5,3,3,1,3,0,virtual_dummy.xlsx,L47_일반약 판매(시간별),2026-10-05T01:15
PH_DUMMY_01,2026-12-05,12:00-13:00,2,4,6,9,39872,4,1,1,0,3,0,virtual_dummy.xlsx,L47_일반약 판매(시간별),2026-10-05T01:15
PH_DUMMY_01,2026-12-05,13:00-14:00,7,1,8,14,144679,4,1,2,4,3,0,virtual_dummy.xlsx,L47_일반약 판매(시간별),2026-10-05T01:15
PH_DUMMY_01,2026-12-07,09:00-10:00,1,3,4,4,17110,2,2,0,0,0,0,virtual_dummy.xlsx,L47_일반약 판매(시간별),2026-10-05T01:15
PH_DUMMY_01,2026-12-07,10:00-11:00,1,3,4,5,48020,4,0,0,0,1,0,virtual_dummy.xlsx,L47_일반약 판매(시간별),2026-10-05T01:15
PH_DUMMY_01,2026-12-07,11:00-12:00,1,0,1,3,10200,2,0,0,0,1,0,virtual_dummy.xlsx,L47_일반약 판매(시간별),2026-10-05T01:15
PH_DUMMY_01,2026-12-07,12:00-13:00,2,3,5,7,39234,1,3,0,0,3,0,virtual_dummy.xlsx,L47_일반약 판매(시간별),2026-10-05T01:15
PH_DUMMY_01,2026-12-07,13:00-14:00,2,0,2,5,48372,1,2,0,1,1,0,virtual_dummy.xlsx,L47_일반약 판매(시간별),2026-10-05T01:15
PH_DUMMY_01,2026-12-07,14:00-15:00,0,2,2,4,23193,1,0,1,1,1,0,virtual_dummy.xlsx,L47_일반약 판매(시간별),2026-10-05T01:15
PH_DUMMY_01,2026-12-07,15:00-16:00,1,2,3,6,49493,2,0,2,1,1,0,virtual_dummy.xlsx,L47_일반약 판매(시간별),2026-10-05T01:15
PH_DUMMY_01,2026-12-07,16:00-17:00,3,2,5,7,33796,1,2,1,1,2,0,virtual_dummy.xlsx,L47_일반약 판매(시간별),2026-10-05T01:15
PH_DUMMY_01,2026-12-07,17:00-18:00,2,3,5,10,129643,0,3,0,2,5,0,virtual_dummy.xlsx,L47_일반약 판매(시간별),2026-10-05T01:15
PH_DUMMY_01,2026-12-07,18:00-19:00,3,3,6,10,45665,4,1,2,1,2,0,virtual_dummy.xlsx,L47_일반약 판매(시간별),2026-10-05T01:15
PH_DUMMY_01,2026-12-08,09:00-10:00,1,4,5,8,75486,3,0,0,2,3,0,virtual_dummy.xlsx,L47_일반약 판매(시간별),2026-10-05T01:15
PH_DUMMY_01,2026-12-08,10:00-11:00,0,1,1,1,2993,1,0,0,0,0,0,virtual_dummy.xlsx,L47_일반약 판매(시간별),2026-10-05T01:15
PH_DUMMY_01,2026-12-08,11:00-12:00,6,2,8,15,79489,7,2,0,2,4,0,virtual_dummy.xlsx,L47_일반약 판매(시간별),2026-10-05T01:15
PH_DUMMY_01,2026-12-08,12:00-13:00,2,4,6,9,102817,0,1,0,3,5,0,virtual_dummy.xlsx,L47_일반약 판매(시간별),2026-10-05T01:15
PH_DUMMY_01,2026-12-08,13:00-14:00,2,1,3,6,62500,1,0,0,1,4,0,virtual_dummy.xlsx,L47_일반약 판매(시간별),2026-10-05T01:15
PH_DUMMY_01,2026-12-08,14:00-15:00,2,2,4,7,79379,1,1,2,2,1,0,virtual_dummy.xlsx,L47_일반약 판매(시간별),2026-10-05T01:15
PH_DUMMY_01,2026-12-08,15:00-16:00,0,5,5,6,33489,0,4,0,1,1,0,virtual_dummy.xlsx,L47_일반약 판매(시간별),2026-10-05T01:15
PH_DUMMY_01,2026-12-08,16:00-17:00,1,3,4,8,31106,2,5,0,0,1,0,virtual_dummy.xlsx,L47_일반약 판매(시간별),2026-10-05T01:15
PH_DUMMY_01,2026-12-08,17:00-18:00,3,2,5,7,57486,2,0,1,1,3,0,virtual_dummy.xlsx,L47_일반약 판매(시간별),2026-10-05T01:15
PH_DUMMY_01,2026-12-08,18:00-19:00,2,1,3,3,21610,1,1,0,1,0,0,virtual_dummy.xlsx,L47_일반약 판매(시간별),2026-10-05T01:15
PH_DUMMY_01,2026-12-09,09:00-10:00,1,0,1,2,7500,1,0,1,0,0,0,virtual_dummy.xlsx,L47_일반약 판매(시간별),2026-10-05T01:15
PH_DUMMY_01,2026-12-09,10:00-11:00,0,1,1,2,31200,0,0,0,1,1,0,virtual_dummy.xlsx,L47_일반약 판매(시간별),2026-10-05T01:15
PH_DUMMY_01,2026-12-09,11:00-12:00,3,0,3,5,26117,1,2,1,0,1,0,virtual_dummy.xlsx,L47_일반약 판매(시간별),2026-10-05T01:15
PH_DUMMY_01,2026-12-09,12:00-13:00,1,2,3,6,51179,2,1,1,1,1,0,virtual_dummy.xlsx,L47_일반약 판매(시간별),2026-10-05T01:15
PH_DUMMY_01,2026-12-09,13:00-14:00,2,0,2,4,14179,2,1,1,0,0,0,virtual_dummy.xlsx,L47_일반약 판매(시간별),2026-10-05T01:15
PH_DUMMY_01,2026-12-09,14:00-15:00,1,3,4,7,38993,2,0,1,1,3,0,virtual_dummy.xlsx,L47_일반약 판매(시간별),2026-10-05T01:15
PH_DUMMY_01,2026-12-09,15:00-16:00,0,3,3,4,43803,0,2,0,1,1,0,virtual_dummy.xlsx,L47_일반약 판매(시간별),2026-10-05T01:15
PH_DUMMY_01,2026-12-09,16:00-17:00,3,4,7,9,38796,5,2,1,0,1,0,virtual_dummy.xlsx,L47_일반약 판매(시간별),2026-10-05T01:15
PH_DUMMY_01,2026-12-09,17:00-18:00,2,2,4,4,42179,2,1,0,1,0,0,virtual_dummy.xlsx,L47_일반약 판매(시간별),2026-10-05T01:15
PH_DUMMY_01,2026-12-09,18:00-19:00,1,1,2,3,21000,0,0,1,1,1,0,virtual_dummy.xlsx,L47_일반약 판매(시간별),2026-10-05T01:15
PH_DUMMY_01,2026-12-10,09:00-10:00,0,1,1,2,8117,1,1,0,0,0,0,virtual_dummy.xlsx,L47_일반약 판매(시간별),2026-10-05T01:15
PH_DUMMY_01,2026-12-10,10:00-11:00,2,3,5,5,40200,0,0,1,1,3,0,virtual_dummy.xlsx,L47_일반약 판매(시간별),2026-10-05T01:15
PH_DUMMY_01,2026-12-10,11:00-12:00,1,5,6,8,32058,1,3,2,0,2,0,virtual_dummy.xlsx,L47_일반약 판매(시간별),2026-10-05T01:15
PH_DUMMY_01,2026-12-10,12:00-13:00,0,1,1,1,1200,0,0,0,0,1,0,virtual_dummy.xlsx,L47_일반약 판매(시간별),2026-10-05T01:15
PH_DUMMY_01,2026-12-10,13:00-14:00,3,1,4,7,27096,5,1,1,0,0,0,virtual_dummy.xlsx,L47_일반약 판매(시간별),2026-10-05T01:15
PH_DUMMY_01,2026-12-10,14:00-15:00,0,1,1,1,3000,0,0,1,0,0,0,virtual_dummy.xlsx,L47_일반약 판매(시간별),2026-10-05T01:15
PH_DUMMY_01,2026-12-10,15:00-16:00,0,3,3,6,22379,1,1,2,0,2,0,virtual_dummy.xlsx,L47_일반약 판매(시간별),2026-10-05T01:15
PH_DUMMY_01,2026-12-10,16:00-17:00,1,0,1,1,15000,0,0,0,1,0,0,virtual_dummy.xlsx,L47_일반약 판매(시간별),2026-10-05T01:15
PH_DUMMY_01,2026-12-10,17:00-18:00,2,4,6,10,57779,2,1,0,2,5,0,virtual_dummy.xlsx,L47_일반약 판매(시간별),2026-10-05T01:15
PH_DUMMY_01,2026-12-10,18:00-19:00,0,2,2,3,39500,1,0,0,1,1,0,virtual_dummy.xlsx,L47_일반약 판매(시간별),2026-10-05T01:15
PH_DUMMY_01,2026-12-11,09:00-10:00,1,0,1,1,3186,0,1,0,0,0,0,virtual_dummy.xlsx,L47_일반약 판매(시간별),2026-10-05T01:15
PH_DUMMY_01,2026-12-11,10:00-11:00,1,1,2,2,6372,0,2,0,0,0,0,virtual_dummy.xlsx,L47_일반약 판매(시간별),2026-10-05T01:15
PH_DUMMY_01,2026-12-11,11:00-12:00,1,3,4,7,67193,1,0,0,2,4,0,virtual_dummy.xlsx,L47_일반약 판매(시간별),2026-10-05T01:15
PH_DUMMY_01,2026-12-11,12:00-13:00,3,6,9,15,76799,3,5,2,1,4,0,virtual_dummy.xlsx,L47_일반약 판매(시간별),2026-10-05T01:15
PH_DUMMY_01,2026-12-11,13:00-14:00,2,0,2,4,39686,0,1,0,1,2,0,virtual_dummy.xlsx,L47_일반약 판매(시간별),2026-10-05T01:15
PH_DUMMY_01,2026-12-11,14:00-15:00,2,3,5,7,35672,2,1,1,1,2,0,virtual_dummy.xlsx,L47_일반약 판매(시간별),2026-10-05T01:15
PH_DUMMY_01,2026-12-11,15:00-16:00,0,0,0,0,0,0,0,0,0,0,0,virtual_dummy.xlsx,L47_일반약 판매(시간별),2026-10-05T01:15
PH_DUMMY_01,2026-12-11,16:00-17:00,2,0,2,3,15000,1,0,1,0,1,0,virtual_dummy.xlsx,L47_일반약 판매(시간별),2026-10-05T01:15
PH_DUMMY_01,2026-12-11,17:00-18:00,2,4,6,9,61472,8,0,0,1,0,0,virtual_dummy.xlsx,L47_일반약 판매(시간별),2026-10-05T01:15
PH_DUMMY_01,2026-12-11,18:00-19:00,4,3,7,11,67875,3,5,0,1,2,0,virtual_dummy.xlsx,L47_일반약 판매(시간별),2026-10-05T01:15
PH_DUMMY_01,2026-12-12,09:00-10:00,5,0,5,10,64479,3,1,0,1,5,0,virtual_dummy.xlsx,L47_일반약 판매(시간별),2026-10-05T01:15
PH_DUMMY_01,2026-12-12,10:00-11:00,3,4,7,10,66375,3,3,0,1,3,0,virtual_dummy.xlsx,L47_일반약 판매(시간별),2026-10-05T01:15
PH_DUMMY_01,2026-12-12,11:00-12:00,3,4,7,12,91189,2,6,1,2,1,0,virtual_dummy.xlsx,L47_일반약 판매(시간별),2026-10-05T01:15
PH_DUMMY_01,2026-12-12,12:00-13:00,5,5,10,18,90213,6,3,4,0,5,0,virtual_dummy.xlsx,L47_일반약 판매(시간별),2026-10-05T01:15
PH_DUMMY_01,2026-12-12,13:00-14:00,4,2,6,12,78003,1,4,1,1,5,0,virtual_dummy.xlsx,L47_일반약 판매(시간별),2026-10-05T01:15
PH_DUMMY_01,2026-12-14,09:00-10:00,0,2,2,5,75400,0,1,0,2,2,0,virtual_dummy.xlsx,L47_일반약 판매(시간별),2026-10-05T01:15
PH_DUMMY_01,2026-12-14,10:00-11:00,0,1,1,1,3186,0,1,0,0,0,0,virtual_dummy.xlsx,L47_일반약 판매(시간별),2026-10-05T01:15
PH_DUMMY_01,2026-12-14,11:00-12:00,2,1,3,6,34565,1,2,0,1,2,0,virtual_dummy.xlsx,L47_일반약 판매(시간별),2026-10-05T01:15
PH_DUMMY_01,2026-12-14,12:00-13:00,1,1,2,4,17200,0,0,1,0,3,0,virtual_dummy.xlsx,L47_일반약 판매(시간별),2026-10-05T01:15
PH_DUMMY_01,2026-12-14,13:00-14:00,1,0,1,2,12500,0,0,1,0,1,0,virtual_dummy.xlsx,L47_일반약 판매(시간별),2026-10-05T01:15
PH_DUMMY_01,2026-12-14,14:00-15:00,1,1,2,3,46186,0,1,0,1,1,0,virtual_dummy.xlsx,L47_일반약 판매(시간별),2026-10-05T01:15
PH_DUMMY_01,2026-12-14,15:00-16:00,1,1,2,4,19493,1,0,1,0,2,0,virtual_dummy.xlsx,L47_일반약 판매(시간별),2026-10-05T01:15
PH_DUMMY_01,2026-12-14,16:00-17:00,0,5,5,10,42096,6,2,0,0,2,0,virtual_dummy.xlsx,L47_일반약 판매(시간별),2026-10-05T01:15
PH_DUMMY_01,2026-12-14,17:00-18:00,2,2,4,5,26503,0,2,1,1,1,0,virtual_dummy.xlsx,L47_일반약 판매(시간별),2026-10-05T01:15
PH_DUMMY_01,2026-12-14,18:00-19:00,2,0,2,2,10000,1,1,0,0,0,0,virtual_dummy.xlsx,L47_일반약 판매(시간별),2026-10-05T01:15
PH_DUMMY_01,2026-12-15,09:00-10:00,0,5,5,5,18679,3,1,1,0,0,0,virtual_dummy.xlsx,L47_일반약 판매(시간별),2026-10-05T01:15
PH_DUMMY_01,2026-12-15,10:00-11:00,2,2,4,6,23479,5,1,0,0,0,0,virtual_dummy.xlsx,L47_일반약 판매(시간별),2026-10-05T01:15
PH_DUMMY_01,2026-12-15,11:00-12:00,1,7,8,12,127757,3,4,1,2,2,0,virtual_dummy.xlsx,L47_일반약 판매(시간별),2026-10-05T01:15
PH_DUMMY_01,2026-12-15,12:00-13:00,0,2,2,2,6179,1,1,0,0,0,0,virtual_dummy.xlsx,L47_일반약 판매(시간별),2026-10-05T01:15
PH_DUMMY_01,2026-12-15,13:00-14:00,1,0,1,2,18186,0,1,0,1,0,0,virtual_dummy.xlsx,L47_일반약 판매(시간별),2026-10-05T01:15
PH_DUMMY_01,2026-12-15,14:00-15:00,4,2,6,13,79940,4,3,1,0,5,0,virtual_dummy.xlsx,L47_일반약 판매(시간별),2026-10-05T01:15
PH_DUMMY_01,2026-12-15,15:00-16:00,1,1,2,4,9086,0,1,0,0,3,0,virtual_dummy.xlsx,L47_일반약 판매(시간별),2026-10-05T01:15
PH_DUMMY_01,2026-12-15,16:00-17:00,2,4,6,10,86879,2,1,1,3,3,0,virtual_dummy.xlsx,L47_일반약 판매(시간별),2026-10-05T01:15
PH_DUMMY_01,2026-12-15,17:00-18:00,3,5,8,12,54810,3,1,2,1,5,0,virtual_dummy.xlsx,L47_일반약 판매(시간별),2026-10-05T01:15
PH_DUMMY_01,2026-12-15,18:00-19:00,1,0,1,1,4500,1,0,0,0,0,0,virtual_dummy.xlsx,L47_일반약 판매(시간별),2026-10-05T01:15
PH_DUMMY_01,2026-12-16,09:00-10:00,1,0,1,1,2993,1,0,0,0,0,0,virtual_dummy.xlsx,L47_일반약 판매(시간별),2026-10-05T01:15
PH_DUMMY_01,2026-12-16,10:00-11:00,2,1,3,6,74372,0,2,1,2,1,0,virtual_dummy.xlsx,L47_일반약 판매(시간별),2026-10-05T01:15
PH_DUMMY_01,2026-12-16,11:00-12:00,1,1,2,4,14186,2,1,0,0,1,0,virtual_dummy.xlsx,L47_일반약 판매(시간별),2026-10-05T01:15
PH_DUMMY_01,2026-12-16,12:00-13:00,4,2,6,9,27579,4,1,1,0,3,0,virtual_dummy.xlsx,L47_일반약 판매(시간별),2026-10-05T01:15
PH_DUMMY_01,2026-12-16,13:00-14:00,2,0,2,2,8000,1,0,0,0,1,0,virtual_dummy.xlsx,L47_일반약 판매(시간별),2026-10-05T01:15
PH_DUMMY_01,2026-12-16,14:00-15:00,2,1,3,4,22993,1,1,0,0,2,0,virtual_dummy.xlsx,L47_일반약 판매(시간별),2026-10-05T01:15
PH_DUMMY_01,2026-12-16,15:00-16:00,0,1,1,1,35000,0,0,0,1,0,0,virtual_dummy.xlsx,L47_일반약 판매(시간별),2026-10-05T01:15
PH_DUMMY_01,2026-12-16,16:00-17:00,0,1,1,1,3617,0,1,0,0,0,0,virtual_dummy.xlsx,L47_일반약 판매(시간별),2026-10-05T01:15
PH_DUMMY_01,2026-12-16,17:00-18:00,1,3,4,6,17879,1,1,1,0,3,0,virtual_dummy.xlsx,L47_일반약 판매(시간별),2026-10-05T01:15
PH_DUMMY_01,2026-12-16,18:00-19:00,2,0,2,3,10500,1,0,0,0,2,0,virtual_dummy.xlsx,L47_일반약 판매(시간별),2026-10-05T01:15
PH_DUMMY_01,2026-12-17,09:00-10:00,0,0,0,0,0,0,0,0,0,0,0,virtual_dummy.xlsx,L47_일반약 판매(시간별),2026-10-05T01:15
PH_DUMMY_01,2026-12-17,10:00-11:00,3,2,5,7,69479,4,0,1,2,0,0,virtual_dummy.xlsx,L47_일반약 판매(시간별),2026-10-05T01:15
PH_DUMMY_01,2026-12-17,11:00-12:00,0,4,4,6,20310,2,1,1,0,2,0,virtual_dummy.xlsx,L47_일반약 판매(시간별),2026-10-05T01:15
PH_DUMMY_01,2026-12-17,12:00-13:00,2,2,4,10,92796,2,2,2,2,2,0,virtual_dummy.xlsx,L47_일반약 판매(시간별),2026-10-05T01:15
PH_DUMMY_01,2026-12-17,13:00-14:00,2,1,3,5,77000,2,0,0,2,1,0,virtual_dummy.xlsx,L47_일반약 판매(시간별),2026-10-05T01:15
PH_DUMMY_01,2026-12-17,14:00-15:00,0,2,2,4,13234,0,2,2,0,0,0,virtual_dummy.xlsx,L47_일반약 판매(시간별),2026-10-05T01:15
PH_DUMMY_01,2026-12-17,15:00-16:00,2,1,3,8,61003,1,3,0,1,3,0,virtual_dummy.xlsx,L47_일반약 판매(시간별),2026-10-05T01:15
PH_DUMMY_01,2026-12-17,16:00-17:00,0,0,0,0,0,0,0,0,0,0,0,virtual_dummy.xlsx,L47_일반약 판매(시간별),2026-10-05T01:15
PH_DUMMY_01,2026-12-17,17:00-18:00,4,0,4,4,13872,1,2,1,0,0,0,virtual_dummy.xlsx,L47_일반약 판매(시간별),2026-10-05T01:15
PH_DUMMY_01,2026-12-17,18:00-19:00,2,2,4,6,25479,4,2,0,0,0,0,virtual_dummy.xlsx,L47_일반약 판매(시간별),2026-10-05T01:15
PH_DUMMY_01,2026-12-18,09:00-10:00,0,0,0,0,0,0,0,0,0,0,0,virtual_dummy.xlsx,L47_일반약 판매(시간별),2026-10-05T01:15
PH_DUMMY_01,2026-12-18,10:00-11:00,2,0,2,3,53000,0,0,1,2,0,0,virtual_dummy.xlsx,L47_일반약 판매(시간별),2026-10-05T01:15
PH_DUMMY_01,2026-12-18,11:00-12:00,2,3,5,8,58979,4,0,3,1,0,0,virtual_dummy.xlsx,L47_일반약 판매(시간별),2026-10-05T01:15
PH_DUMMY_01,2026-12-18,12:00-13:00,2,4,6,9,100947,3,3,0,1,2,0,virtual_dummy.xlsx,L47_일반약 판매(시간별),2026-10-05T01:15
PH_DUMMY_01,2026-12-18,13:00-14:00,7,1,8,11,39665,4,2,3,0,2,0,virtual_dummy.xlsx,L47_일반약 판매(시간별),2026-10-05T01:15
PH_DUMMY_01,2026-12-18,14:00-15:00,3,1,4,6,19310,2,1,0,0,3,0,virtual_dummy.xlsx,L47_일반약 판매(시간별),2026-10-05T01:15
PH_DUMMY_01,2026-12-18,15:00-16:00,0,4,4,6,32310,2,1,0,1,2,0,virtual_dummy.xlsx,L47_일반약 판매(시간별),2026-10-05T01:15
PH_DUMMY_01,2026-12-18,16:00-17:00,0,0,0,0,0,0,0,0,0,0,0,virtual_dummy.xlsx,L47_일반약 판매(시간별),2026-10-05T01:15
PH_DUMMY_01,2026-12-18,17:00-18:00,1,0,1,1,1200,0,0,0,0,1,0,virtual_dummy.xlsx,L47_일반약 판매(시간별),2026-10-05T01:15
PH_DUMMY_01,2026-12-18,18:00-19:00,1,6,7,12,90347,2,2,3,1,4,0,virtual_dummy.xlsx,L47_일반약 판매(시간별),2026-10-05T01:15
PH_DUMMY_01,2026-12-19,09:00-10:00,1,3,4,4,23003,0,2,0,1,1,0,virtual_dummy.xlsx,L47_일반약 판매(시간별),2026-10-05T01:15
PH_DUMMY_01,2026-12-19,10:00-11:00,0,4,4,6,50986,4,1,0,1,0,0,virtual_dummy.xlsx,L47_일반약 판매(시간별),2026-10-05T01:15
PH_DUMMY_01,2026-12-19,11:00-12:00,1,3,4,8,65482,2,3,0,1,2,0,virtual_dummy.xlsx,L47_일반약 판매(시간별),2026-10-05T01:15
PH_DUMMY_01,2026-12-19,12:00-13:00,4,1,5,7,34886,2,0,0,1,4,0,virtual_dummy.xlsx,L47_일반약 판매(시간별),2026-10-05T01:15
PH_DUMMY_01,2026-12-19,13:00-14:00,3,0,3,6,78117,1,1,1,2,1,0,virtual_dummy.xlsx,L47_일반약 판매(시간별),2026-10-05T01:15
PH_DUMMY_01,2026-12-21,09:00-10:00,0,2,2,4,15110,1,1,1,0,1,0,virtual_dummy.xlsx,L47_일반약 판매(시간별),2026-10-05T01:15
PH_DUMMY_01,2026-12-21,10:00-11:00,0,6,6,9,84003,1,2,1,3,2,0,virtual_dummy.xlsx,L47_일반약 판매(시간별),2026-10-05T01:15
PH_DUMMY_01,2026-12-21,11:00-12:00,1,4,5,9,71879,4,0,0,2,3,0,virtual_dummy.xlsx,L47_일반약 판매(시간별),2026-10-05T01:15
PH_DUMMY_01,2026-12-21,12:00-13:00,1,3,4,7,25317,1,2,2,0,2,0,virtual_dummy.xlsx,L47_일반약 판매(시간별),2026-10-05T01:15
PH_DUMMY_01,2026-12-21,13:00-14:00,0,3,3,5,23993,3,0,0,0,2,0,virtual_dummy.xlsx,L47_일반약 판매(시간별),2026-10-05T01:15
PH_DUMMY_01,2026-12-21,14:00-15:00,0,1,1,2,7000,1,0,1,0,0,0,virtual_dummy.xlsx,L47_일반약 판매(시간별),2026-10-05T01:15
PH_DUMMY_01,2026-12-21,15:00-16:00,0,2,2,3,8986,2,0,1,0,0,0,virtual_dummy.xlsx,L47_일반약 판매(시간별),2026-10-05T01:15
PH_DUMMY_01,2026-12-21,16:00-17:00,0,2,2,3,14186,0,2,0,0,1,0,virtual_dummy.xlsx,L47_일반약 판매(시간별),2026-10-05T01:15
PH_DUMMY_01,2026-12-21,17:00-18:00,1,4,5,8,83993,2,1,3,2,0,0,virtual_dummy.xlsx,L47_일반약 판매(시간별),2026-10-05T01:15
PH_DUMMY_01,2026-12-21,18:00-19:00,0,3,3,4,15700,1,0,0,0,3,0,virtual_dummy.xlsx,L47_일반약 판매(시간별),2026-10-05T01:15
PH_DUMMY_01,2026-12-22,09:00-10:00,1,0,1,1,2500,0,0,0,0,1,0,virtual_dummy.xlsx,L47_일반약 판매(시간별),2026-10-05T01:15
PH_DUMMY_01,2026-12-22,10:00-11:00,0,3,3,4,13986,3,0,1,0,0,0,virtual_dummy.xlsx,L47_일반약 판매(시간별),2026-10-05T01:15
PH_DUMMY_01,2026-12-22,11:00-12:00,2,5,7,14,75789,4,2,4,1,3,0,virtual_dummy.xlsx,L47_일반약 판매(시간별),2026-10-05T01:15
PH_DUMMY_01,2026-12-22,12:00-13:00,1,3,4,6,25686,3,2,0,0,1,0,virtual_dummy.xlsx,L47_일반약 판매(시간별),2026-10-05T01:15
PH_DUMMY_01,2026-12-22,13:00-14:00,2,1,3,6,60179,2,1,1,2,0,0,virtual_dummy.xlsx,L47_일반약 판매(시간별),2026-10-05T01:15
PH_DUMMY_01,2026-12-22,14:00-15:00,0,3,3,4,13493,2,0,1,0,1,0,virtual_dummy.xlsx,L47_일반약 판매(시간별),2026-10-05T01:15
PH_DUMMY_01,2026-12-22,15:00-16:00,1,5,6,9,31482,3,2,1,0,3,0,virtual_dummy.xlsx,L47_일반약 판매(시간별),2026-10-05T01:15
PH_DUMMY_01,2026-12-22,16:00-17:00,2,1,3,4,16500,2,0,2,0,0,0,virtual_dummy.xlsx,L47_일반약 판매(시간별),2026-10-05T01:15
PH_DUMMY_01,2026-12-22,17:00-18:00,1,0,1,2,7493,2,0,0,0,0,0,virtual_dummy.xlsx,L47_일반약 판매(시간별),2026-10-05T01:15
PH_DUMMY_01,2026-12-22,18:00-19:00,2,2,4,7,24934,1,2,2,0,2,0,virtual_dummy.xlsx,L47_일반약 판매(시간별),2026-10-05T01:15
PH_DUMMY_01,2026-12-23,09:00-10:00,0,0,0,0,0,0,0,0,0,0,0,virtual_dummy.xlsx,L47_일반약 판매(시간별),2026-10-05T01:15
PH_DUMMY_01,2026-12-23,10:00-11:00,1,1,2,3,10386,0,1,1,0,1,0,virtual_dummy.xlsx,L47_일반약 판매(시간별),2026-10-05T01:15
PH_DUMMY_01,2026-12-23,11:00-12:00,1,1,2,2,7686,1,1,0,0,0,0,virtual_dummy.xlsx,L47_일반약 판매(시간별),2026-10-05T01:15
PH_DUMMY_01,2026-12-23,12:00-13:00,2,3,5,8,92296,1,3,1,2,1,0,virtual_dummy.xlsx,L47_일반약 판매(시간별),2026-10-05T01:15
PH_DUMMY_01,2026-12-23,13:00-14:00,2,0,2,4,80020,1,0,0,1,2,0,virtual_dummy.xlsx,L47_일반약 판매(시간별),2026-10-05T01:15
PH_DUMMY_01,2026-12-23,14:00-15:00,2,2,4,7,47493,3,0,2,2,0,0,virtual_dummy.xlsx,L47_일반약 판매(시간별),2026-10-05T01:15
PH_DUMMY_01,2026-12-23,15:00-16:00,1,4,5,6,24103,4,1,1,0,0,0,virtual_dummy.xlsx,L47_일반약 판매(시간별),2026-10-05T01:15
PH_DUMMY_01,2026-12-23,16:00-17:00,1,3,4,6,54610,4,1,0,1,0,0,virtual_dummy.xlsx,L47_일반약 판매(시간별),2026-10-05T01:15
PH_DUMMY_01,2026-12-23,17:00-18:00,1,3,4,7,59493,1,0,1,3,2,0,virtual_dummy.xlsx,L47_일반약 판매(시간별),2026-10-05T01:15
PH_DUMMY_01,2026-12-23,18:00-19:00,1,1,2,2,4193,1,0,0,0,1,0,virtual_dummy.xlsx,L47_일반약 판매(시간별),2026-10-05T01:15
PH_DUMMY_01,2026-12-24,09:00-10:00,3,2,5,5,21000,1,0,2,0,2,0,virtual_dummy.xlsx,L47_일반약 판매(시간별),2026-10-05T01:15
PH_DUMMY_01,2026-12-24,10:00-11:00,0,5,5,9,65296,3,3,1,1,1,0,virtual_dummy.xlsx,L47_일반약 판매(시간별),2026-10-05T01:15
PH_DUMMY_01,2026-12-24,11:00-12:00,1,4,5,7,41493,2,1,0,0,4,0,virtual_dummy.xlsx,L47_일반약 판매(시간별),2026-10-05T01:15
PH_DUMMY_01,2026-12-24,12:00-13:00,5,4,9,13,118433,2,3,3,1,4,0,virtual_dummy.xlsx,L47_일반약 판매(시간별),2026-10-05T01:15
PH_DUMMY_01,2026-12-24,13:00-14:00,1,0,1,3,11117,1,1,1,0,0,0,virtual_dummy.xlsx,L47_일반약 판매(시간별),2026-10-05T01:15
PH_DUMMY_01,2026-12-24,14:00-15:00,1,5,6,13,82116,5,1,2,0,5,0,virtual_dummy.xlsx,L47_일반약 판매(시간별),2026-10-05T01:15
PH_DUMMY_01,2026-12-24,15:00-16:00,0,1,1,3,8693,2,0,0,0,1,0,virtual_dummy.xlsx,L47_일반약 판매(시간별),2026-10-05T01:15
PH_DUMMY_01,2026-12-24,16:00-17:00,1,1,2,2,37993,1,0,0,1,0,0,virtual_dummy.xlsx,L47_일반약 판매(시간별),2026-10-05T01:15
PH_DUMMY_01,2026-12-24,17:00-18:00,2,6,8,13,107599,3,3,1,1,5,0,virtual_dummy.xlsx,L47_일반약 판매(시간별),2026-10-05T01:15
PH_DUMMY_01,2026-12-24,18:00-19:00,5,1,6,7,25886,2,2,2,0,1,0,virtual_dummy.xlsx,L47_일반약 판매(시간별),2026-10-05T01:15
PH_DUMMY_01,2026-12-26,09:00-10:00,1,2,3,4,14186,1,1,2,0,0,0,virtual_dummy.xlsx,L47_일반약 판매(시간별),2026-10-05T01:15
PH_DUMMY_01,2026-12-26,10:00-11:00,2,3,5,9,43693,1,1,3,1,3,0,virtual_dummy.xlsx,L47_일반약 판매(시간별),2026-10-05T01:15
PH_DUMMY_01,2026-12-26,11:00-12:00,1,5,6,12,149117,2,1,2,5,2,0,virtual_dummy.xlsx,L47_일반약 판매(시간별),2026-10-05T01:15
PH_DUMMY_01,2026-12-26,12:00-13:00,3,1,4,6,49803,2,2,0,1,1,0,virtual_dummy.xlsx,L47_일반약 판매(시간별),2026-10-05T01:15
PH_DUMMY_01,2026-12-26,13:00-14:00,3,4,7,8,88679,3,1,1,2,1,0,virtual_dummy.xlsx,L47_일반약 판매(시간별),2026-10-05T01:15
PH_DUMMY_01,2026-12-28,09:00-10:00,1,3,4,7,23351,4,2,0,0,1,0,virtual_dummy.xlsx,L47_일반약 판매(시간별),2026-10-05T01:15
PH_DUMMY_01,2026-12-28,10:00-11:00,0,3,3,12,56482,3,3,0,0,6,0,virtual_dummy.xlsx,L47_일반약 판매(시간별),2026-10-05T01:15
PH_DUMMY_01,2026-12-28,11:00-12:00,3,4,7,9,89186,2,0,2,2,3,0,virtual_dummy.xlsx,L47_일반약 판매(시간별),2026-10-05T01:15
PH_DUMMY_01,2026-12-28,12:00-13:00,3,3,6,10,91872,4,1,1,2,2,0,virtual_dummy.xlsx,L47_일반약 판매(시간별),2026-10-05T01:15
PH_DUMMY_01,2026-12-28,13:00-14:00,0,1,1,1,30000,0,0,0,1,0,0,virtual_dummy.xlsx,L47_일반약 판매(시간별),2026-10-05T01:15
PH_DUMMY_01,2026-12-28,14:00-15:00,0,3,3,6,28700,1,1,1,0,3,0,virtual_dummy.xlsx,L47_일반약 판매(시간별),2026-10-05T01:15
PH_DUMMY_01,2026-12-28,15:00-16:00,2,2,4,6,38000,1,1,0,1,3,0,virtual_dummy.xlsx,L47_일반약 판매(시간별),2026-10-05T01:15
PH_DUMMY_01,2026-12-28,16:00-17:00,1,0,1,1,3000,0,0,1,0,0,0,virtual_dummy.xlsx,L47_일반약 판매(시간별),2026-10-05T01:15
PH_DUMMY_01,2026-12-28,17:00-18:00,1,3,4,4,13479,4,0,0,0,0,0,virtual_dummy.xlsx,L47_일반약 판매(시간별),2026-10-05T01:15
PH_DUMMY_01,2026-12-28,18:00-19:00,2,0,2,2,4386,0,1,0,0,1,0,virtual_dummy.xlsx,L47_일반약 판매(시간별),2026-10-05T01:15
PH_DUMMY_01,2026-12-29,09:00-10:00,0,2,2,2,6803,0,2,0,0,0,0,virtual_dummy.xlsx,L47_일반약 판매(시간별),2026-10-05T01:15
PH_DUMMY_01,2026-12-29,10:00-11:00,4,2,6,11,38389,5,3,0,0,3,0,virtual_dummy.xlsx,L47_일반약 판매(시간별),2026-10-05T01:15
PH_DUMMY_01,2026-12-29,11:00-12:00,2,3,5,7,50865,2,2,2,1,0,0,virtual_dummy.xlsx,L47_일반약 판매(시간별),2026-10-05T01:15
PH_DUMMY_01,2026-12-29,12:00-13:00,1,2,3,4,17000,2,0,1,0,1,0,virtual_dummy.xlsx,L47_일반약 판매(시간별),2026-10-05T01:15
PH_DUMMY_01,2026-12-29,13:00-14:00,1,1,2,3,41186,0,1,0,1,1,0,virtual_dummy.xlsx,L47_일반약 판매(시간별),2026-10-05T01:15
PH_DUMMY_01,2026-12-29,14:00-15:00,0,1,1,1,4500,1,0,0,0,0,0,virtual_dummy.xlsx,L47_일반약 판매(시간별),2026-10-05T01:15
PH_DUMMY_01,2026-12-29,15:00-16:00,1,1,2,3,8993,1,0,2,0,0,0,virtual_dummy.xlsx,L47_일반약 판매(시간별),2026-10-05T01:15
PH_DUMMY_01,2026-12-29,16:00-17:00,1,2,3,8,84858,2,2,2,2,0,0,virtual_dummy.xlsx,L47_일반약 판매(시간별),2026-10-05T01:15
PH_DUMMY_01,2026-12-29,17:00-18:00,2,4,6,7,84365,1,2,2,2,0,0,virtual_dummy.xlsx,L47_일반약 판매(시간별),2026-10-05T01:15
PH_DUMMY_01,2026-12-29,18:00-19:00,0,5,5,9,102500,2,0,2,2,3,0,virtual_dummy.xlsx,L47_일반약 판매(시간별),2026-10-05T01:15
PH_DUMMY_01,2026-12-30,09:00-10:00,1,0,1,1,2993,1,0,0,0,0,0,virtual_dummy.xlsx,L47_일반약 판매(시간별),2026-10-05T01:15
PH_DUMMY_01,2026-12-30,10:00-11:00,4,1,5,6,48500,1,1,1,2,1,0,virtual_dummy.xlsx,L47_일반약 판매(시간별),2026-10-05T01:15
PH_DUMMY_01,2026-12-30,11:00-12:00,3,1,4,8,61592,1,2,2,0,3,0,virtual_dummy.xlsx,L47_일반약 판매(시간별),2026-10-05T01:15
PH_DUMMY_01,2026-12-30,12:00-13:00,2,0,2,2,13500,1,0,0,0,1,0,virtual_dummy.xlsx,L47_일반약 판매(시간별),2026-10-05T01:15
PH_DUMMY_01,2026-12-30,13:00-14:00,2,0,2,2,9000,0,1,1,0,0,0,virtual_dummy.xlsx,L47_일반약 판매(시간별),2026-10-05T01:15
PH_DUMMY_01,2026-12-30,14:00-15:00,5,0,5,7,57179,2,3,1,1,0,0,virtual_dummy.xlsx,L47_일반약 판매(시간별),2026-10-05T01:15
PH_DUMMY_01,2026-12-30,15:00-16:00,4,2,6,13,57813,3,3,2,1,4,0,virtual_dummy.xlsx,L47_일반약 판매(시간별),2026-10-05T01:15
PH_DUMMY_01,2026-12-30,16:00-17:00,1,0,1,2,6179,1,1,0,0,0,0,virtual_dummy.xlsx,L47_일반약 판매(시간별),2026-10-05T01:15
PH_DUMMY_01,2026-12-30,17:00-18:00,0,4,4,7,121500,3,0,0,3,1,0,virtual_dummy.xlsx,L47_일반약 판매(시간별),2026-10-05T01:15
PH_DUMMY_01,2026-12-30,18:00-19:00,3,0,3,6,48172,4,1,0,1,0,0,virtual_dummy.xlsx,L47_일반약 판매(시간별),2026-10-05T01:15
PH_DUMMY_01,2026-12-31,09:00-10:00,0,1,1,2,11617,0,1,0,0,1,0,virtual_dummy.xlsx,L47_일반약 판매(시간별),2026-10-05T01:15
PH_DUMMY_01,2026-12-31,10:00-11:00,0,3,3,5,19365,1,2,1,0,1,0,virtual_dummy.xlsx,L47_일반약 판매(시간별),2026-10-05T01:15
PH_DUMMY_01,2026-12-31,11:00-12:00,2,2,4,6,28493,3,1,0,0,2,0,virtual_dummy.xlsx,L47_일반약 판매(시간별),2026-10-05T01:15
PH_DUMMY_01,2026-12-31,12:00-13:00,2,2,4,7,24610,2,1,4,0,0,0,virtual_dummy.xlsx,L47_일반약 판매(시간별),2026-10-05T01:15
PH_DUMMY_01,2026-12-31,13:00-14:00,0,1,1,1,2500,0,0,0,0,1,0,virtual_dummy.xlsx,L47_일반약 판매(시간별),2026-10-05T01:15
PH_DUMMY_01,2026-12-31,14:00-15:00,0,0,0,0,0,0,0,0,0,0,0,virtual_dummy.xlsx,L47_일반약 판매(시간별),2026-10-05T01:15
PH_DUMMY_01,2026-12-31,15:00-16:00,0,0,0,0,0,0,0,0,0,0,0,virtual_dummy.xlsx,L47_일반약 판매(시간별),2026-10-05T01:15
PH_DUMMY_01,2026-12-31,16:00-17:00,1,3,4,7,32503,1,3,1,0,2,0,virtual_dummy.xlsx,L47_일반약 판매(시간별),2026-10-05T01:15
PH_DUMMY_01,2026-12-31,17:00-18:00,0,2,2,3,44000,0,0,2,1,0,0,virtual_dummy.xlsx,L47_일반약 판매(시간별),2026-10-05T01:15
PH_DUMMY_01,2026-12-31,18:00-19:00,0,2,2,4,11003,0,2,1,0,1,0,virtual_dummy.xlsx,L47_일반약 판매(시간별),2026-10-05T01:15
