pharmacy_id,date,vendor_id,payment_terms,finance_discount_band,discount_rate_pct,purchases_krw,returns_refund_krw,payment_target,payment_gross_krw,finance_discount_krw,payment_net_krw,unpaid_balance_krw,source_file,source_sheet,generated_at
PH_DUMMY_01,2026-01-01,VA,월 마감 → 익월 말일 결제,2개월 이내 (상한 1.2%),1.2,0,0,,0,0,0,37365770,virtual_dummy.xlsx,L50_결제주기,2026-10-05T01:15
PH_DUMMY_01,2026-01-01,VB,월 마감 → 익익월 말일 결제,3개월 이내 (상한 0.6%),0.6,0,0,,0,0,0,23184080,virtual_dummy.xlsx,L50_결제주기,2026-10-05T01:15
PH_DUMMY_01,2026-01-01,VC,월 마감 → 익월 10일 결제,1개월 이내 (상한 1.8%),1.5,0,0,,0,0,0,1558610,virtual_dummy.xlsx,L50_결제주기,2026-10-05T01:15
PH_DUMMY_01,2026-01-02,VA,월 마감 → 익월 말일 결제,2개월 이내 (상한 1.2%),1.2,2377400,0,,0,0,0,39743170,virtual_dummy.xlsx,L50_결제주기,2026-10-05T01:15
PH_DUMMY_01,2026-01-02,VB,월 마감 → 익익월 말일 결제,3개월 이내 (상한 0.6%),0.6,720800,0,,0,0,0,23904880,virtual_dummy.xlsx,L50_결제주기,2026-10-05T01:15
PH_DUMMY_01,2026-01-02,VC,월 마감 → 익월 10일 결제,1개월 이내 (상한 1.8%),1.5,0,0,,0,0,0,1558610,virtual_dummy.xlsx,L50_결제주기,2026-10-05T01:15
PH_DUMMY_01,2026-01-03,VA,월 마감 → 익월 말일 결제,2개월 이내 (상한 1.2%),1.2,339020,0,,0,0,0,40082190,virtual_dummy.xlsx,L50_결제주기,2026-10-05T01:15
PH_DUMMY_01,2026-01-03,VB,월 마감 → 익익월 말일 결제,3개월 이내 (상한 0.6%),0.6,113010,0,,0,0,0,24017890,virtual_dummy.xlsx,L50_결제주기,2026-10-05T01:15
PH_DUMMY_01,2026-01-03,VC,월 마감 → 익월 10일 결제,1개월 이내 (상한 1.8%),1.5,0,0,,0,0,0,1558610,virtual_dummy.xlsx,L50_결제주기,2026-10-05T01:15
PH_DUMMY_01,2026-01-04,VA,월 마감 → 익월 말일 결제,2개월 이내 (상한 1.2%),1.2,0,0,,0,0,0,40082190,virtual_dummy.xlsx,L50_결제주기,2026-10-05T01:15
PH_DUMMY_01,2026-01-04,VB,월 마감 → 익익월 말일 결제,3개월 이내 (상한 0.6%),0.6,0,0,,0,0,0,24017890,virtual_dummy.xlsx,L50_결제주기,2026-10-05T01:15
PH_DUMMY_01,2026-01-04,VC,월 마감 → 익월 10일 결제,1개월 이내 (상한 1.8%),1.5,0,0,,0,0,0,1558610,virtual_dummy.xlsx,L50_결제주기,2026-10-05T01:15
PH_DUMMY_01,2026-01-05,VA,월 마감 → 익월 말일 결제,2개월 이내 (상한 1.2%),1.2,2525100,0,,0,0,0,42607290,virtual_dummy.xlsx,L50_결제주기,2026-10-05T01:15
PH_DUMMY_01,2026-01-05,VB,월 마감 → 익익월 말일 결제,3개월 이내 (상한 0.6%),0.6,808670,0,,0,0,0,24826560,virtual_dummy.xlsx,L50_결제주기,2026-10-05T01:15
PH_DUMMY_01,2026-01-05,VC,월 마감 → 익월 10일 결제,1개월 이내 (상한 1.8%),1.5,186250,0,,0,0,0,1744860,virtual_dummy.xlsx,L50_결제주기,2026-10-05T01:15
PH_DUMMY_01,2026-01-06,VA,월 마감 → 익월 말일 결제,2개월 이내 (상한 1.2%),1.2,676050,0,,0,0,0,43283340,virtual_dummy.xlsx,L50_결제주기,2026-10-05T01:15
PH_DUMMY_01,2026-01-06,VB,월 마감 → 익익월 말일 결제,3개월 이내 (상한 0.6%),0.6,225350,0,,0,0,0,25051910,virtual_dummy.xlsx,L50_결제주기,2026-10-05T01:15
PH_DUMMY_01,2026-01-06,VC,월 마감 → 익월 10일 결제,1개월 이내 (상한 1.8%),1.5,0,0,,0,0,0,1744860,virtual_dummy.xlsx,L50_결제주기,2026-10-05T01:15
PH_DUMMY_01,2026-01-07,VA,월 마감 → 익월 말일 결제,2개월 이내 (상한 1.2%),1.2,313860,0,,0,0,0,43597200,virtual_dummy.xlsx,L50_결제주기,2026-10-05T01:15
PH_DUMMY_01,2026-01-07,VB,월 마감 → 익익월 말일 결제,3개월 이내 (상한 0.6%),0.6,104620,0,,0,0,0,25156530,virtual_dummy.xlsx,L50_결제주기,2026-10-05T01:15
PH_DUMMY_01,2026-01-07,VC,월 마감 → 익월 10일 결제,1개월 이내 (상한 1.8%),1.5,0,0,,0,0,0,1744860,virtual_dummy.xlsx,L50_결제주기,2026-10-05T01:15
PH_DUMMY_01,2026-01-08,VA,월 마감 → 익월 말일 결제,2개월 이내 (상한 1.2%),1.2,392210,0,,0,0,0,43989410,virtual_dummy.xlsx,L50_결제주기,2026-10-05T01:15
PH_DUMMY_01,2026-01-08,VB,월 마감 → 익익월 말일 결제,3개월 이내 (상한 0.6%),0.6,130740,0,,0,0,0,25287270,virtual_dummy.xlsx,L50_결제주기,2026-10-05T01:15
PH_DUMMY_01,2026-01-08,VC,월 마감 → 익월 10일 결제,1개월 이내 (상한 1.8%),1.5,0,0,,0,0,0,1744860,virtual_dummy.xlsx,L50_결제주기,2026-10-05T01:15
PH_DUMMY_01,2026-01-09,VA,월 마감 → 익월 말일 결제,2개월 이내 (상한 1.2%),1.2,558450,0,,0,0,0,44547860,virtual_dummy.xlsx,L50_결제주기,2026-10-05T01:15
PH_DUMMY_01,2026-01-09,VB,월 마감 → 익익월 말일 결제,3개월 이내 (상한 0.6%),0.6,186150,0,,0,0,0,25473420,virtual_dummy.xlsx,L50_결제주기,2026-10-05T01:15
PH_DUMMY_01,2026-01-09,VC,월 마감 → 익월 10일 결제,1개월 이내 (상한 1.8%),1.5,0,0,2025-12 매입분(이월),1558610,23380,1535230,186250,virtual_dummy.xlsx,L50_결제주기,2026-10-05T01:15
PH_DUMMY_01,2026-01-10,VA,월 마감 → 익월 말일 결제,2개월 이내 (상한 1.2%),1.2,333490,0,,0,0,0,44881350,virtual_dummy.xlsx,L50_결제주기,2026-10-05T01:15
PH_DUMMY_01,2026-01-10,VB,월 마감 → 익익월 말일 결제,3개월 이내 (상한 0.6%),0.6,111160,0,,0,0,0,25584580,virtual_dummy.xlsx,L50_결제주기,2026-10-05T01:15
PH_DUMMY_01,2026-01-10,VC,월 마감 → 익월 10일 결제,1개월 이내 (상한 1.8%),1.5,0,0,,0,0,0,186250,virtual_dummy.xlsx,L50_결제주기,2026-10-05T01:15
PH_DUMMY_01,2026-01-11,VA,월 마감 → 익월 말일 결제,2개월 이내 (상한 1.2%),1.2,0,0,,0,0,0,44881350,virtual_dummy.xlsx,L50_결제주기,2026-10-05T01:15
PH_DUMMY_01,2026-01-11,VB,월 마감 → 익익월 말일 결제,3개월 이내 (상한 0.6%),0.6,0,0,,0,0,0,25584580,virtual_dummy.xlsx,L50_결제주기,2026-10-05T01:15
PH_DUMMY_01,2026-01-11,VC,월 마감 → 익월 10일 결제,1개월 이내 (상한 1.8%),1.5,0,0,,0,0,0,186250,virtual_dummy.xlsx,L50_결제주기,2026-10-05T01:15
PH_DUMMY_01,2026-01-12,VA,월 마감 → 익월 말일 결제,2개월 이내 (상한 1.2%),1.2,8358300,0,,0,0,0,53239650,virtual_dummy.xlsx,L50_결제주기,2026-10-05T01:15
PH_DUMMY_01,2026-01-12,VB,월 마감 → 익익월 말일 결제,3개월 이내 (상한 0.6%),0.6,2577460,0,,0,0,0,28162040,virtual_dummy.xlsx,L50_결제주기,2026-10-05T01:15
PH_DUMMY_01,2026-01-12,VC,월 마감 → 익월 10일 결제,1개월 이내 (상한 1.8%),1.5,448890,0,,0,0,0,635140,virtual_dummy.xlsx,L50_결제주기,2026-10-05T01:15
PH_DUMMY_01,2026-01-13,VA,월 마감 → 익월 말일 결제,2개월 이내 (상한 1.2%),1.2,420410,0,,0,0,0,53660060,virtual_dummy.xlsx,L50_결제주기,2026-10-05T01:15
PH_DUMMY_01,2026-01-13,VB,월 마감 → 익익월 말일 결제,3개월 이내 (상한 0.6%),0.6,140140,0,,0,0,0,28302180,virtual_dummy.xlsx,L50_결제주기,2026-10-05T01:15
PH_DUMMY_01,2026-01-13,VC,월 마감 → 익월 10일 결제,1개월 이내 (상한 1.8%),1.5,0,0,,0,0,0,635140,virtual_dummy.xlsx,L50_결제주기,2026-10-05T01:15
PH_DUMMY_01,2026-01-14,VA,월 마감 → 익월 말일 결제,2개월 이내 (상한 1.2%),1.2,401260,0,,0,0,0,54061320,virtual_dummy.xlsx,L50_결제주기,2026-10-05T01:15
PH_DUMMY_01,2026-01-14,VB,월 마감 → 익익월 말일 결제,3개월 이내 (상한 0.6%),0.6,133750,0,,0,0,0,28435930,virtual_dummy.xlsx,L50_결제주기,2026-10-05T01:15
PH_DUMMY_01,2026-01-14,VC,월 마감 → 익월 10일 결제,1개월 이내 (상한 1.8%),1.5,0,0,,0,0,0,635140,virtual_dummy.xlsx,L50_결제주기,2026-10-05T01:15
PH_DUMMY_01,2026-01-15,VA,월 마감 → 익월 말일 결제,2개월 이내 (상한 1.2%),1.2,638390,0,,0,0,0,54699710,virtual_dummy.xlsx,L50_결제주기,2026-10-05T01:15
PH_DUMMY_01,2026-01-15,VB,월 마감 → 익익월 말일 결제,3개월 이내 (상한 0.6%),0.6,212800,42510,,0,0,0,28606220,virtual_dummy.xlsx,L50_결제주기,2026-10-05T01:15
PH_DUMMY_01,2026-01-15,VC,월 마감 → 익월 10일 결제,1개월 이내 (상한 1.8%),1.5,0,0,,0,0,0,635140,virtual_dummy.xlsx,L50_결제주기,2026-10-05T01:15
PH_DUMMY_01,2026-01-16,VA,월 마감 → 익월 말일 결제,2개월 이내 (상한 1.2%),1.2,638370,0,,0,0,0,55338080,virtual_dummy.xlsx,L50_결제주기,2026-10-05T01:15
PH_DUMMY_01,2026-01-16,VB,월 마감 → 익익월 말일 결제,3개월 이내 (상한 0.6%),0.6,212790,0,,0,0,0,28819010,virtual_dummy.xlsx,L50_결제주기,2026-10-05T01:15
PH_DUMMY_01,2026-01-16,VC,월 마감 → 익월 10일 결제,1개월 이내 (상한 1.8%),1.5,0,0,,0,0,0,635140,virtual_dummy.xlsx,L50_결제주기,2026-10-05T01:15
PH_DUMMY_01,2026-01-17,VA,월 마감 → 익월 말일 결제,2개월 이내 (상한 1.2%),1.2,362450,0,,0,0,0,55700530,virtual_dummy.xlsx,L50_결제주기,2026-10-05T01:15
PH_DUMMY_01,2026-01-17,VB,월 마감 → 익익월 말일 결제,3개월 이내 (상한 0.6%),0.6,120820,0,,0,0,0,28939830,virtual_dummy.xlsx,L50_결제주기,2026-10-05T01:15
PH_DUMMY_01,2026-01-17,VC,월 마감 → 익월 10일 결제,1개월 이내 (상한 1.8%),1.5,0,0,,0,0,0,635140,virtual_dummy.xlsx,L50_결제주기,2026-10-05T01:15
PH_DUMMY_01,2026-01-18,VA,월 마감 → 익월 말일 결제,2개월 이내 (상한 1.2%),1.2,0,0,,0,0,0,55700530,virtual_dummy.xlsx,L50_결제주기,2026-10-05T01:15
PH_DUMMY_01,2026-01-18,VB,월 마감 → 익익월 말일 결제,3개월 이내 (상한 0.6%),0.6,0,0,,0,0,0,28939830,virtual_dummy.xlsx,L50_결제주기,2026-10-05T01:15
PH_DUMMY_01,2026-01-18,VC,월 마감 → 익월 10일 결제,1개월 이내 (상한 1.8%),1.5,0,0,,0,0,0,635140,virtual_dummy.xlsx,L50_결제주기,2026-10-05T01:15
PH_DUMMY_01,2026-01-19,VA,월 마감 → 익월 말일 결제,2개월 이내 (상한 1.2%),1.2,8053830,0,,0,0,0,63754360,virtual_dummy.xlsx,L50_결제주기,2026-10-05T01:15
PH_DUMMY_01,2026-01-19,VB,월 마감 → 익익월 말일 결제,3개월 이내 (상한 0.6%),0.6,2298630,0,,0,0,0,31238460,virtual_dummy.xlsx,L50_결제주기,2026-10-05T01:15
PH_DUMMY_01,2026-01-19,VC,월 마감 → 익월 10일 결제,1개월 이내 (상한 1.8%),1.5,394860,0,,0,0,0,1030000,virtual_dummy.xlsx,L50_결제주기,2026-10-05T01:15
PH_DUMMY_01,2026-01-20,VA,월 마감 → 익월 말일 결제,2개월 이내 (상한 1.2%),1.2,597170,0,,0,0,0,64351530,virtual_dummy.xlsx,L50_결제주기,2026-10-05T01:15
PH_DUMMY_01,2026-01-20,VB,월 마감 → 익익월 말일 결제,3개월 이내 (상한 0.6%),0.6,199060,0,,0,0,0,31437520,virtual_dummy.xlsx,L50_결제주기,2026-10-05T01:15
PH_DUMMY_01,2026-01-20,VC,월 마감 → 익월 10일 결제,1개월 이내 (상한 1.8%),1.5,0,0,,0,0,0,1030000,virtual_dummy.xlsx,L50_결제주기,2026-10-05T01:15
PH_DUMMY_01,2026-01-21,VA,월 마감 → 익월 말일 결제,2개월 이내 (상한 1.2%),1.2,471230,0,,0,0,0,64822760,virtual_dummy.xlsx,L50_결제주기,2026-10-05T01:15
PH_DUMMY_01,2026-01-21,VB,월 마감 → 익익월 말일 결제,3개월 이내 (상한 0.6%),0.6,157080,0,,0,0,0,31594600,virtual_dummy.xlsx,L50_결제주기,2026-10-05T01:15
PH_DUMMY_01,2026-01-21,VC,월 마감 → 익월 10일 결제,1개월 이내 (상한 1.8%),1.5,0,0,,0,0,0,1030000,virtual_dummy.xlsx,L50_결제주기,2026-10-05T01:15
PH_DUMMY_01,2026-01-22,VA,월 마감 → 익월 말일 결제,2개월 이내 (상한 1.2%),1.2,470000,0,,0,0,0,65292760,virtual_dummy.xlsx,L50_결제주기,2026-10-05T01:15
PH_DUMMY_01,2026-01-22,VB,월 마감 → 익익월 말일 결제,3개월 이내 (상한 0.6%),0.6,156670,0,,0,0,0,31751270,virtual_dummy.xlsx,L50_결제주기,2026-10-05T01:15
PH_DUMMY_01,2026-01-22,VC,월 마감 → 익월 10일 결제,1개월 이내 (상한 1.8%),1.5,0,0,,0,0,0,1030000,virtual_dummy.xlsx,L50_결제주기,2026-10-05T01:15
PH_DUMMY_01,2026-01-23,VA,월 마감 → 익월 말일 결제,2개월 이내 (상한 1.2%),1.2,628030,0,,0,0,0,65920790,virtual_dummy.xlsx,L50_결제주기,2026-10-05T01:15
PH_DUMMY_01,2026-01-23,VB,월 마감 → 익익월 말일 결제,3개월 이내 (상한 0.6%),0.6,209340,0,,0,0,0,31960610,virtual_dummy.xlsx,L50_결제주기,2026-10-05T01:15
PH_DUMMY_01,2026-01-23,VC,월 마감 → 익월 10일 결제,1개월 이내 (상한 1.8%),1.5,0,0,,0,0,0,1030000,virtual_dummy.xlsx,L50_결제주기,2026-10-05T01:15
PH_DUMMY_01,2026-01-24,VA,월 마감 → 익월 말일 결제,2개월 이내 (상한 1.2%),1.2,345460,0,,0,0,0,66266250,virtual_dummy.xlsx,L50_결제주기,2026-10-05T01:15
PH_DUMMY_01,2026-01-24,VB,월 마감 → 익익월 말일 결제,3개월 이내 (상한 0.6%),0.6,115150,0,,0,0,0,32075760,virtual_dummy.xlsx,L50_결제주기,2026-10-05T01:15
PH_DUMMY_01,2026-01-24,VC,월 마감 → 익월 10일 결제,1개월 이내 (상한 1.8%),1.5,0,0,,0,0,0,1030000,virtual_dummy.xlsx,L50_결제주기,2026-10-05T01:15
PH_DUMMY_01,2026-01-25,VA,월 마감 → 익월 말일 결제,2개월 이내 (상한 1.2%),1.2,0,0,,0,0,0,66266250,virtual_dummy.xlsx,L50_결제주기,2026-10-05T01:15
PH_DUMMY_01,2026-01-25,VB,월 마감 → 익익월 말일 결제,3개월 이내 (상한 0.6%),0.6,0,0,,0,0,0,32075760,virtual_dummy.xlsx,L50_결제주기,2026-10-05T01:15
PH_DUMMY_01,2026-01-25,VC,월 마감 → 익월 10일 결제,1개월 이내 (상한 1.8%),1.5,0,0,,0,0,0,1030000,virtual_dummy.xlsx,L50_결제주기,2026-10-05T01:15
PH_DUMMY_01,2026-01-26,VA,월 마감 → 익월 말일 결제,2개월 이내 (상한 1.2%),1.2,8278950,0,,0,0,0,74545200,virtual_dummy.xlsx,L50_결제주기,2026-10-05T01:15
PH_DUMMY_01,2026-01-26,VB,월 마감 → 익익월 말일 결제,3개월 이내 (상한 0.6%),0.6,2488170,0,,0,0,0,34563930,virtual_dummy.xlsx,L50_결제주기,2026-10-05T01:15
PH_DUMMY_01,2026-01-26,VC,월 마감 → 익월 10일 결제,1개월 이내 (상한 1.8%),1.5,419440,0,,0,0,0,1449440,virtual_dummy.xlsx,L50_결제주기,2026-10-05T01:15
PH_DUMMY_01,2026-01-27,VA,월 마감 → 익월 말일 결제,2개월 이내 (상한 1.2%),1.2,423400,0,,0,0,0,74968600,virtual_dummy.xlsx,L50_결제주기,2026-10-05T01:15
PH_DUMMY_01,2026-01-27,VB,월 마감 → 익익월 말일 결제,3개월 이내 (상한 0.6%),0.6,141130,0,,0,0,0,34705060,virtual_dummy.xlsx,L50_결제주기,2026-10-05T01:15
PH_DUMMY_01,2026-01-27,VC,월 마감 → 익월 10일 결제,1개월 이내 (상한 1.8%),1.5,0,0,,0,0,0,1449440,virtual_dummy.xlsx,L50_결제주기,2026-10-05T01:15
PH_DUMMY_01,2026-01-28,VA,월 마감 → 익월 말일 결제,2개월 이내 (상한 1.2%),1.2,350770,0,,0,0,0,75319370,virtual_dummy.xlsx,L50_결제주기,2026-10-05T01:15
PH_DUMMY_01,2026-01-28,VB,월 마감 → 익익월 말일 결제,3개월 이내 (상한 0.6%),0.6,116920,0,,0,0,0,34821980,virtual_dummy.xlsx,L50_결제주기,2026-10-05T01:15
PH_DUMMY_01,2026-01-28,VC,월 마감 → 익월 10일 결제,1개월 이내 (상한 1.8%),1.5,0,0,,0,0,0,1449440,virtual_dummy.xlsx,L50_결제주기,2026-10-05T01:15
PH_DUMMY_01,2026-01-29,VA,월 마감 → 익월 말일 결제,2개월 이내 (상한 1.2%),1.2,516930,0,,0,0,0,75836300,virtual_dummy.xlsx,L50_결제주기,2026-10-05T01:15
PH_DUMMY_01,2026-01-29,VB,월 마감 → 익익월 말일 결제,3개월 이내 (상한 0.6%),0.6,172310,0,,0,0,0,34994290,virtual_dummy.xlsx,L50_결제주기,2026-10-05T01:15
PH_DUMMY_01,2026-01-29,VC,월 마감 → 익월 10일 결제,1개월 이내 (상한 1.8%),1.5,0,0,,0,0,0,1449440,virtual_dummy.xlsx,L50_결제주기,2026-10-05T01:15
PH_DUMMY_01,2026-01-30,VA,월 마감 → 익월 말일 결제,2개월 이내 (상한 1.2%),1.2,353440,0,2025-12 매입분(이월),37365770,448390,36917380,38823970,virtual_dummy.xlsx,L50_결제주기,2026-10-05T01:15
PH_DUMMY_01,2026-01-30,VB,월 마감 → 익익월 말일 결제,3개월 이내 (상한 0.6%),0.6,117810,0,2025-11 매입분(이월),11592040,69550,11522490,23520060,virtual_dummy.xlsx,L50_결제주기,2026-10-05T01:15
PH_DUMMY_01,2026-01-30,VC,월 마감 → 익월 10일 결제,1개월 이내 (상한 1.8%),1.5,0,0,,0,0,0,1449440,virtual_dummy.xlsx,L50_결제주기,2026-10-05T01:15
PH_DUMMY_01,2026-01-31,VA,월 마감 → 익월 말일 결제,2개월 이내 (상한 1.2%),1.2,306000,210270,,0,0,0,38919700,virtual_dummy.xlsx,L50_결제주기,2026-10-05T01:15
PH_DUMMY_01,2026-01-31,VB,월 마감 → 익익월 말일 결제,3개월 이내 (상한 0.6%),0.6,102000,20230,,0,0,0,23601830,virtual_dummy.xlsx,L50_결제주기,2026-10-05T01:15
PH_DUMMY_01,2026-01-31,VC,월 마감 → 익월 10일 결제,1개월 이내 (상한 1.8%),1.5,0,0,,0,0,0,1449440,virtual_dummy.xlsx,L50_결제주기,2026-10-05T01:15
PH_DUMMY_01,2026-02-01,VA,월 마감 → 익월 말일 결제,2개월 이내 (상한 1.2%),1.2,0,0,,0,0,0,38919700,virtual_dummy.xlsx,L50_결제주기,2026-10-05T01:15
PH_DUMMY_01,2026-02-01,VB,월 마감 → 익익월 말일 결제,3개월 이내 (상한 0.6%),0.6,0,0,,0,0,0,23601830,virtual_dummy.xlsx,L50_결제주기,2026-10-05T01:15
PH_DUMMY_01,2026-02-01,VC,월 마감 → 익월 10일 결제,1개월 이내 (상한 1.8%),1.5,0,0,,0,0,0,1449440,virtual_dummy.xlsx,L50_결제주기,2026-10-05T01:15
PH_DUMMY_01,2026-02-02,VA,월 마감 → 익월 말일 결제,2개월 이내 (상한 1.2%),1.2,8123200,0,,0,0,0,47042900,virtual_dummy.xlsx,L50_결제주기,2026-10-05T01:15
PH_DUMMY_01,2026-02-02,VB,월 마감 → 익익월 말일 결제,3개월 이내 (상한 0.6%),0.6,2555530,0,,0,0,0,26157360,virtual_dummy.xlsx,L50_결제주기,2026-10-05T01:15
PH_DUMMY_01,2026-02-02,VC,월 마감 → 익월 10일 결제,1개월 이내 (상한 1.8%),1.5,482270,0,,0,0,0,1931710,virtual_dummy.xlsx,L50_결제주기,2026-10-05T01:15
PH_DUMMY_01,2026-02-03,VA,월 마감 → 익월 말일 결제,2개월 이내 (상한 1.2%),1.2,213870,0,,0,0,0,47256770,virtual_dummy.xlsx,L50_결제주기,2026-10-05T01:15
PH_DUMMY_01,2026-02-03,VB,월 마감 → 익익월 말일 결제,3개월 이내 (상한 0.6%),0.6,71290,0,,0,0,0,26228650,virtual_dummy.xlsx,L50_결제주기,2026-10-05T01:15
PH_DUMMY_01,2026-02-03,VC,월 마감 → 익월 10일 결제,1개월 이내 (상한 1.8%),1.5,0,0,,0,0,0,1931710,virtual_dummy.xlsx,L50_결제주기,2026-10-05T01:15
PH_DUMMY_01,2026-02-04,VA,월 마감 → 익월 말일 결제,2개월 이내 (상한 1.2%),1.2,392250,0,,0,0,0,47649020,virtual_dummy.xlsx,L50_결제주기,2026-10-05T01:15
PH_DUMMY_01,2026-02-04,VB,월 마감 → 익익월 말일 결제,3개월 이내 (상한 0.6%),0.6,130750,0,,0,0,0,26359400,virtual_dummy.xlsx,L50_결제주기,2026-10-05T01:15
PH_DUMMY_01,2026-02-04,VC,월 마감 → 익월 10일 결제,1개월 이내 (상한 1.8%),1.5,0,0,,0,0,0,1931710,virtual_dummy.xlsx,L50_결제주기,2026-10-05T01:15
PH_DUMMY_01,2026-02-05,VA,월 마감 → 익월 말일 결제,2개월 이내 (상한 1.2%),1.2,471170,0,,0,0,0,48120190,virtual_dummy.xlsx,L50_결제주기,2026-10-05T01:15
PH_DUMMY_01,2026-02-05,VB,월 마감 → 익익월 말일 결제,3개월 이내 (상한 0.6%),0.6,157060,0,,0,0,0,26516460,virtual_dummy.xlsx,L50_결제주기,2026-10-05T01:15
PH_DUMMY_01,2026-02-05,VC,월 마감 → 익월 10일 결제,1개월 이내 (상한 1.8%),1.5,0,0,,0,0,0,1931710,virtual_dummy.xlsx,L50_결제주기,2026-10-05T01:15
PH_DUMMY_01,2026-02-06,VA,월 마감 → 익월 말일 결제,2개월 이내 (상한 1.2%),1.2,693740,0,,0,0,0,48813930,virtual_dummy.xlsx,L50_결제주기,2026-10-05T01:15
PH_DUMMY_01,2026-02-06,VB,월 마감 → 익익월 말일 결제,3개월 이내 (상한 0.6%),0.6,231250,0,,0,0,0,26747710,virtual_dummy.xlsx,L50_결제주기,2026-10-05T01:15
PH_DUMMY_01,2026-02-06,VC,월 마감 → 익월 10일 결제,1개월 이내 (상한 1.8%),1.5,0,0,,0,0,0,1931710,virtual_dummy.xlsx,L50_결제주기,2026-10-05T01:15
PH_DUMMY_01,2026-02-07,VA,월 마감 → 익월 말일 결제,2개월 이내 (상한 1.2%),1.2,317670,0,,0,0,0,49131600,virtual_dummy.xlsx,L50_결제주기,2026-10-05T01:15
PH_DUMMY_01,2026-02-07,VB,월 마감 → 익익월 말일 결제,3개월 이내 (상한 0.6%),0.6,105890,0,,0,0,0,26853600,virtual_dummy.xlsx,L50_결제주기,2026-10-05T01:15
PH_DUMMY_01,2026-02-07,VC,월 마감 → 익월 10일 결제,1개월 이내 (상한 1.8%),1.5,0,0,,0,0,0,1931710,virtual_dummy.xlsx,L50_결제주기,2026-10-05T01:15
PH_DUMMY_01,2026-02-08,VA,월 마감 → 익월 말일 결제,2개월 이내 (상한 1.2%),1.2,0,0,,0,0,0,49131600,virtual_dummy.xlsx,L50_결제주기,2026-10-05T01:15
PH_DUMMY_01,2026-02-08,VB,월 마감 → 익익월 말일 결제,3개월 이내 (상한 0.6%),0.6,0,0,,0,0,0,26853600,virtual_dummy.xlsx,L50_결제주기,2026-10-05T01:15
PH_DUMMY_01,2026-02-08,VC,월 마감 → 익월 10일 결제,1개월 이내 (상한 1.8%),1.5,0,0,,0,0,0,1931710,virtual_dummy.xlsx,L50_결제주기,2026-10-05T01:15
PH_DUMMY_01,2026-02-09,VA,월 마감 → 익월 말일 결제,2개월 이내 (상한 1.2%),1.2,6864180,0,,0,0,0,55995780,virtual_dummy.xlsx,L50_결제주기,2026-10-05T01:15
PH_DUMMY_01,2026-02-09,VB,월 마감 → 익익월 말일 결제,3개월 이내 (상한 0.6%),0.6,2111040,0,,0,0,0,28964640,virtual_dummy.xlsx,L50_결제주기,2026-10-05T01:15
PH_DUMMY_01,2026-02-09,VC,월 마감 → 익월 10일 결제,1개월 이내 (상한 1.8%),1.5,406000,0,,0,0,0,2337710,virtual_dummy.xlsx,L50_결제주기,2026-10-05T01:15
PH_DUMMY_01,2026-02-10,VA,월 마감 → 익월 말일 결제,2개월 이내 (상한 1.2%),1.2,291650,0,,0,0,0,56287430,virtual_dummy.xlsx,L50_결제주기,2026-10-05T01:15
PH_DUMMY_01,2026-02-10,VB,월 마감 → 익익월 말일 결제,3개월 이내 (상한 0.6%),0.6,97220,0,,0,0,0,29061860,virtual_dummy.xlsx,L50_결제주기,2026-10-05T01:15
PH_DUMMY_01,2026-02-10,VC,월 마감 → 익월 10일 결제,1개월 이내 (상한 1.8%),1.5,0,0,2026-01 매입분,1449440,21740,1427700,888270,virtual_dummy.xlsx,L50_결제주기,2026-10-05T01:15
PH_DUMMY_01,2026-02-11,VA,월 마감 → 익월 말일 결제,2개월 이내 (상한 1.2%),1.2,453290,0,,0,0,0,56740720,virtual_dummy.xlsx,L50_결제주기,2026-10-05T01:15
PH_DUMMY_01,2026-02-11,VB,월 마감 → 익익월 말일 결제,3개월 이내 (상한 0.6%),0.6,151100,0,,0,0,0,29212960,virtual_dummy.xlsx,L50_결제주기,2026-10-05T01:15
PH_DUMMY_01,2026-02-11,VC,월 마감 → 익월 10일 결제,1개월 이내 (상한 1.8%),1.5,0,0,,0,0,0,888270,virtual_dummy.xlsx,L50_결제주기,2026-10-05T01:15
PH_DUMMY_01,2026-02-12,VA,월 마감 → 익월 말일 결제,2개월 이내 (상한 1.2%),1.2,425100,0,,0,0,0,57165820,virtual_dummy.xlsx,L50_결제주기,2026-10-05T01:15
PH_DUMMY_01,2026-02-12,VB,월 마감 → 익익월 말일 결제,3개월 이내 (상한 0.6%),0.6,141700,0,,0,0,0,29354660,virtual_dummy.xlsx,L50_결제주기,2026-10-05T01:15
PH_DUMMY_01,2026-02-12,VC,월 마감 → 익월 10일 결제,1개월 이내 (상한 1.8%),1.5,0,0,,0,0,0,888270,virtual_dummy.xlsx,L50_결제주기,2026-10-05T01:15
PH_DUMMY_01,2026-02-13,VA,월 마감 → 익월 말일 결제,2개월 이내 (상한 1.2%),1.2,377020,0,,0,0,0,57542840,virtual_dummy.xlsx,L50_결제주기,2026-10-05T01:15
PH_DUMMY_01,2026-02-13,VB,월 마감 → 익익월 말일 결제,3개월 이내 (상한 0.6%),0.6,125670,0,,0,0,0,29480330,virtual_dummy.xlsx,L50_결제주기,2026-10-05T01:15
PH_DUMMY_01,2026-02-13,VC,월 마감 → 익월 10일 결제,1개월 이내 (상한 1.8%),1.5,0,0,,0,0,0,888270,virtual_dummy.xlsx,L50_결제주기,2026-10-05T01:15
PH_DUMMY_01,2026-02-14,VA,월 마감 → 익월 말일 결제,2개월 이내 (상한 1.2%),1.2,466300,0,,0,0,0,58009140,virtual_dummy.xlsx,L50_결제주기,2026-10-05T01:15
PH_DUMMY_01,2026-02-14,VB,월 마감 → 익익월 말일 결제,3개월 이내 (상한 0.6%),0.6,155430,0,,0,0,0,29635760,virtual_dummy.xlsx,L50_결제주기,2026-10-05T01:15
PH_DUMMY_01,2026-02-14,VC,월 마감 → 익월 10일 결제,1개월 이내 (상한 1.8%),1.5,0,0,,0,0,0,888270,virtual_dummy.xlsx,L50_결제주기,2026-10-05T01:15
PH_DUMMY_01,2026-02-15,VA,월 마감 → 익월 말일 결제,2개월 이내 (상한 1.2%),1.2,0,0,,0,0,0,58009140,virtual_dummy.xlsx,L50_결제주기,2026-10-05T01:15
PH_DUMMY_01,2026-02-15,VB,월 마감 → 익익월 말일 결제,3개월 이내 (상한 0.6%),0.6,0,0,,0,0,0,29635760,virtual_dummy.xlsx,L50_결제주기,2026-10-05T01:15
PH_DUMMY_01,2026-02-15,VC,월 마감 → 익월 10일 결제,1개월 이내 (상한 1.8%),1.5,0,0,,0,0,0,888270,virtual_dummy.xlsx,L50_결제주기,2026-10-05T01:15
PH_DUMMY_01,2026-02-16,VA,월 마감 → 익월 말일 결제,2개월 이내 (상한 1.2%),1.2,0,0,,0,0,0,58009140,virtual_dummy.xlsx,L50_결제주기,2026-10-05T01:15
PH_DUMMY_01,2026-02-16,VB,월 마감 → 익익월 말일 결제,3개월 이내 (상한 0.6%),0.6,0,0,,0,0,0,29635760,virtual_dummy.xlsx,L50_결제주기,2026-10-05T01:15
PH_DUMMY_01,2026-02-16,VC,월 마감 → 익월 10일 결제,1개월 이내 (상한 1.8%),1.5,0,0,,0,0,0,888270,virtual_dummy.xlsx,L50_결제주기,2026-10-05T01:15
PH_DUMMY_01,2026-02-17,VA,월 마감 → 익월 말일 결제,2개월 이내 (상한 1.2%),1.2,0,0,,0,0,0,58009140,virtual_dummy.xlsx,L50_결제주기,2026-10-05T01:15
PH_DUMMY_01,2026-02-17,VB,월 마감 → 익익월 말일 결제,3개월 이내 (상한 0.6%),0.6,0,0,,0,0,0,29635760,virtual_dummy.xlsx,L50_결제주기,2026-10-05T01:15
PH_DUMMY_01,2026-02-17,VC,월 마감 → 익월 10일 결제,1개월 이내 (상한 1.8%),1.5,0,0,,0,0,0,888270,virtual_dummy.xlsx,L50_결제주기,2026-10-05T01:15
PH_DUMMY_01,2026-02-18,VA,월 마감 → 익월 말일 결제,2개월 이내 (상한 1.2%),1.2,0,0,,0,0,0,58009140,virtual_dummy.xlsx,L50_결제주기,2026-10-05T01:15
PH_DUMMY_01,2026-02-18,VB,월 마감 → 익익월 말일 결제,3개월 이내 (상한 0.6%),0.6,0,0,,0,0,0,29635760,virtual_dummy.xlsx,L50_결제주기,2026-10-05T01:15
PH_DUMMY_01,2026-02-18,VC,월 마감 → 익월 10일 결제,1개월 이내 (상한 1.8%),1.5,0,0,,0,0,0,888270,virtual_dummy.xlsx,L50_결제주기,2026-10-05T01:15
PH_DUMMY_01,2026-02-19,VA,월 마감 → 익월 말일 결제,2개월 이내 (상한 1.2%),1.2,7177450,41650,,0,0,0,65144940,virtual_dummy.xlsx,L50_결제주기,2026-10-05T01:15
PH_DUMMY_01,2026-02-19,VB,월 마감 → 익익월 말일 결제,3개월 이내 (상한 0.6%),0.6,2137750,0,,0,0,0,31773510,virtual_dummy.xlsx,L50_결제주기,2026-10-05T01:15
PH_DUMMY_01,2026-02-19,VC,월 마감 → 익월 10일 결제,1개월 이내 (상한 1.8%),1.5,0,0,,0,0,0,888270,virtual_dummy.xlsx,L50_결제주기,2026-10-05T01:15
PH_DUMMY_01,2026-02-20,VA,월 마감 → 익월 말일 결제,2개월 이내 (상한 1.2%),1.2,579050,0,,0,0,0,65723990,virtual_dummy.xlsx,L50_결제주기,2026-10-05T01:15
PH_DUMMY_01,2026-02-20,VB,월 마감 → 익익월 말일 결제,3개월 이내 (상한 0.6%),0.6,193020,0,,0,0,0,31966530,virtual_dummy.xlsx,L50_결제주기,2026-10-05T01:15
PH_DUMMY_01,2026-02-20,VC,월 마감 → 익월 10일 결제,1개월 이내 (상한 1.8%),1.5,0,0,,0,0,0,888270,virtual_dummy.xlsx,L50_결제주기,2026-10-05T01:15
PH_DUMMY_01,2026-02-21,VA,월 마감 → 익월 말일 결제,2개월 이내 (상한 1.2%),1.2,307470,0,,0,0,0,66031460,virtual_dummy.xlsx,L50_결제주기,2026-10-05T01:15
PH_DUMMY_01,2026-02-21,VB,월 마감 → 익익월 말일 결제,3개월 이내 (상한 0.6%),0.6,102490,0,,0,0,0,32069020,virtual_dummy.xlsx,L50_결제주기,2026-10-05T01:15
PH_DUMMY_01,2026-02-21,VC,월 마감 → 익월 10일 결제,1개월 이내 (상한 1.8%),1.5,0,0,,0,0,0,888270,virtual_dummy.xlsx,L50_결제주기,2026-10-05T01:15
PH_DUMMY_01,2026-02-22,VA,월 마감 → 익월 말일 결제,2개월 이내 (상한 1.2%),1.2,0,0,,0,0,0,66031460,virtual_dummy.xlsx,L50_결제주기,2026-10-05T01:15
PH_DUMMY_01,2026-02-22,VB,월 마감 → 익익월 말일 결제,3개월 이내 (상한 0.6%),0.6,0,0,,0,0,0,32069020,virtual_dummy.xlsx,L50_결제주기,2026-10-05T01:15
PH_DUMMY_01,2026-02-22,VC,월 마감 → 익월 10일 결제,1개월 이내 (상한 1.8%),1.5,0,0,,0,0,0,888270,virtual_dummy.xlsx,L50_결제주기,2026-10-05T01:15
PH_DUMMY_01,2026-02-23,VA,월 마감 → 익월 말일 결제,2개월 이내 (상한 1.2%),1.2,4032030,0,,0,0,0,70063490,virtual_dummy.xlsx,L50_결제주기,2026-10-05T01:15
PH_DUMMY_01,2026-02-23,VB,월 마감 → 익익월 말일 결제,3개월 이내 (상한 0.6%),0.6,1223430,0,,0,0,0,33292450,virtual_dummy.xlsx,L50_결제주기,2026-10-05T01:15
PH_DUMMY_01,2026-02-23,VC,월 마감 → 익월 10일 결제,1개월 이내 (상한 1.8%),1.5,687220,0,,0,0,0,1575490,virtual_dummy.xlsx,L50_결제주기,2026-10-05T01:15
PH_DUMMY_01,2026-02-24,VA,월 마감 → 익월 말일 결제,2개월 이내 (상한 1.2%),1.2,218330,0,,0,0,0,70281820,virtual_dummy.xlsx,L50_결제주기,2026-10-05T01:15
PH_DUMMY_01,2026-02-24,VB,월 마감 → 익익월 말일 결제,3개월 이내 (상한 0.6%),0.6,72780,0,,0,0,0,33365230,virtual_dummy.xlsx,L50_결제주기,2026-10-05T01:15
PH_DUMMY_01,2026-02-24,VC,월 마감 → 익월 10일 결제,1개월 이내 (상한 1.8%),1.5,0,0,,0,0,0,1575490,virtual_dummy.xlsx,L50_결제주기,2026-10-05T01:15
PH_DUMMY_01,2026-02-25,VA,월 마감 → 익월 말일 결제,2개월 이내 (상한 1.2%),1.2,501200,0,,0,0,0,70783020,virtual_dummy.xlsx,L50_결제주기,2026-10-05T01:15
PH_DUMMY_01,2026-02-25,VB,월 마감 → 익익월 말일 결제,3개월 이내 (상한 0.6%),0.6,167070,0,,0,0,0,33532300,virtual_dummy.xlsx,L50_결제주기,2026-10-05T01:15
PH_DUMMY_01,2026-02-25,VC,월 마감 → 익월 10일 결제,1개월 이내 (상한 1.8%),1.5,0,0,,0,0,0,1575490,virtual_dummy.xlsx,L50_결제주기,2026-10-05T01:15
PH_DUMMY_01,2026-02-26,VA,월 마감 → 익월 말일 결제,2개월 이내 (상한 1.2%),1.2,502620,0,,0,0,0,71285640,virtual_dummy.xlsx,L50_결제주기,2026-10-05T01:15
PH_DUMMY_01,2026-02-26,VB,월 마감 → 익익월 말일 결제,3개월 이내 (상한 0.6%),0.6,167540,0,,0,0,0,33699840,virtual_dummy.xlsx,L50_결제주기,2026-10-05T01:15
PH_DUMMY_01,2026-02-26,VC,월 마감 → 익월 10일 결제,1개월 이내 (상한 1.8%),1.5,0,0,,0,0,0,1575490,virtual_dummy.xlsx,L50_결제주기,2026-10-05T01:15
PH_DUMMY_01,2026-02-27,VA,월 마감 → 익월 말일 결제,2개월 이내 (상한 1.2%),1.2,442810,0,2026-01 매입분,38919700,467040,38452660,32808750,virtual_dummy.xlsx,L50_결제주기,2026-10-05T01:15
PH_DUMMY_01,2026-02-27,VB,월 마감 → 익익월 말일 결제,3개월 이내 (상한 0.6%),0.6,147600,0,2025-12 매입분(이월),11592040,69550,11522490,22255400,virtual_dummy.xlsx,L50_결제주기,2026-10-05T01:15
PH_DUMMY_01,2026-02-27,VC,월 마감 → 익월 10일 결제,1개월 이내 (상한 1.8%),1.5,0,0,,0,0,0,1575490,virtual_dummy.xlsx,L50_결제주기,2026-10-05T01:15
PH_DUMMY_01,2026-02-28,VA,월 마감 → 익월 말일 결제,2개월 이내 (상한 1.2%),1.2,538720,98380,,0,0,0,33249090,virtual_dummy.xlsx,L50_결제주기,2026-10-05T01:15
PH_DUMMY_01,2026-02-28,VB,월 마감 → 익익월 말일 결제,3개월 이내 (상한 0.6%),0.6,179570,9040,,0,0,0,22425930,virtual_dummy.xlsx,L50_결제주기,2026-10-05T01:15
PH_DUMMY_01,2026-02-28,VC,월 마감 → 익월 10일 결제,1개월 이내 (상한 1.8%),1.5,0,0,,0,0,0,1575490,virtual_dummy.xlsx,L50_결제주기,2026-10-05T01:15
PH_DUMMY_01,2026-03-01,VA,월 마감 → 익월 말일 결제,2개월 이내 (상한 1.2%),1.2,0,0,,0,0,0,33249090,virtual_dummy.xlsx,L50_결제주기,2026-10-05T01:15
PH_DUMMY_01,2026-03-01,VB,월 마감 → 익익월 말일 결제,3개월 이내 (상한 0.6%),0.6,0,0,,0,0,0,22425930,virtual_dummy.xlsx,L50_결제주기,2026-10-05T01:15
PH_DUMMY_01,2026-03-01,VC,월 마감 → 익월 10일 결제,1개월 이내 (상한 1.8%),1.5,0,0,,0,0,0,1575490,virtual_dummy.xlsx,L50_결제주기,2026-10-05T01:15
PH_DUMMY_01,2026-03-02,VA,월 마감 → 익월 말일 결제,2개월 이내 (상한 1.2%),1.2,0,0,,0,0,0,33249090,virtual_dummy.xlsx,L50_결제주기,2026-10-05T01:15
PH_DUMMY_01,2026-03-02,VB,월 마감 → 익익월 말일 결제,3개월 이내 (상한 0.6%),0.6,0,0,,0,0,0,22425930,virtual_dummy.xlsx,L50_결제주기,2026-10-05T01:15
PH_DUMMY_01,2026-03-02,VC,월 마감 → 익월 10일 결제,1개월 이내 (상한 1.8%),1.5,0,0,,0,0,0,1575490,virtual_dummy.xlsx,L50_결제주기,2026-10-05T01:15
PH_DUMMY_01,2026-03-03,VA,월 마감 → 익월 말일 결제,2개월 이내 (상한 1.2%),1.2,8301250,0,,0,0,0,41550340,virtual_dummy.xlsx,L50_결제주기,2026-10-05T01:15
PH_DUMMY_01,2026-03-03,VB,월 마감 → 익익월 말일 결제,3개월 이내 (상한 0.6%),0.6,2436960,0,,0,0,0,24862890,virtual_dummy.xlsx,L50_결제주기,2026-10-05T01:15
PH_DUMMY_01,2026-03-03,VC,월 마감 → 익월 10일 결제,1개월 이내 (상한 1.8%),1.5,538590,0,,0,0,0,2114080,virtual_dummy.xlsx,L50_결제주기,2026-10-05T01:15
PH_DUMMY_01,2026-03-04,VA,월 마감 → 익월 말일 결제,2개월 이내 (상한 1.2%),1.2,288650,0,,0,0,0,41838990,virtual_dummy.xlsx,L50_결제주기,2026-10-05T01:15
PH_DUMMY_01,2026-03-04,VB,월 마감 → 익익월 말일 결제,3개월 이내 (상한 0.6%),0.6,96220,0,,0,0,0,24959110,virtual_dummy.xlsx,L50_결제주기,2026-10-05T01:15
PH_DUMMY_01,2026-03-04,VC,월 마감 → 익월 10일 결제,1개월 이내 (상한 1.8%),1.5,0,0,,0,0,0,2114080,virtual_dummy.xlsx,L50_결제주기,2026-10-05T01:15
PH_DUMMY_01,2026-03-05,VA,월 마감 → 익월 말일 결제,2개월 이내 (상한 1.2%),1.2,516630,0,,0,0,0,42355620,virtual_dummy.xlsx,L50_결제주기,2026-10-05T01:15
PH_DUMMY_01,2026-03-05,VB,월 마감 → 익익월 말일 결제,3개월 이내 (상한 0.6%),0.6,172210,0,,0,0,0,25131320,virtual_dummy.xlsx,L50_결제주기,2026-10-05T01:15
PH_DUMMY_01,2026-03-05,VC,월 마감 → 익월 10일 결제,1개월 이내 (상한 1.8%),1.5,0,0,,0,0,0,2114080,virtual_dummy.xlsx,L50_결제주기,2026-10-05T01:15
PH_DUMMY_01,2026-03-06,VA,월 마감 → 익월 말일 결제,2개월 이내 (상한 1.2%),1.2,459670,0,,0,0,0,42815290,virtual_dummy.xlsx,L50_결제주기,2026-10-05T01:15
PH_DUMMY_01,2026-03-06,VB,월 마감 → 익익월 말일 결제,3개월 이내 (상한 0.6%),0.6,153220,0,,0,0,0,25284540,virtual_dummy.xlsx,L50_결제주기,2026-10-05T01:15
PH_DUMMY_01,2026-03-06,VC,월 마감 → 익월 10일 결제,1개월 이내 (상한 1.8%),1.5,0,0,,0,0,0,2114080,virtual_dummy.xlsx,L50_결제주기,2026-10-05T01:15
PH_DUMMY_01,2026-03-07,VA,월 마감 → 익월 말일 결제,2개월 이내 (상한 1.2%),1.2,284060,0,,0,0,0,43099350,virtual_dummy.xlsx,L50_결제주기,2026-10-05T01:15
PH_DUMMY_01,2026-03-07,VB,월 마감 → 익익월 말일 결제,3개월 이내 (상한 0.6%),0.6,94690,0,,0,0,0,25379230,virtual_dummy.xlsx,L50_결제주기,2026-10-05T01:15
PH_DUMMY_01,2026-03-07,VC,월 마감 → 익월 10일 결제,1개월 이내 (상한 1.8%),1.5,0,0,,0,0,0,2114080,virtual_dummy.xlsx,L50_결제주기,2026-10-05T01:15
PH_DUMMY_01,2026-03-08,VA,월 마감 → 익월 말일 결제,2개월 이내 (상한 1.2%),1.2,0,0,,0,0,0,43099350,virtual_dummy.xlsx,L50_결제주기,2026-10-05T01:15
PH_DUMMY_01,2026-03-08,VB,월 마감 → 익익월 말일 결제,3개월 이내 (상한 0.6%),0.6,0,0,,0,0,0,25379230,virtual_dummy.xlsx,L50_결제주기,2026-10-05T01:15
PH_DUMMY_01,2026-03-08,VC,월 마감 → 익월 10일 결제,1개월 이내 (상한 1.8%),1.5,0,0,,0,0,0,2114080,virtual_dummy.xlsx,L50_결제주기,2026-10-05T01:15
PH_DUMMY_01,2026-03-09,VA,월 마감 → 익월 말일 결제,2개월 이내 (상한 1.2%),1.2,6669450,0,,0,0,0,49768800,virtual_dummy.xlsx,L50_결제주기,2026-10-05T01:15
PH_DUMMY_01,2026-03-09,VB,월 마감 → 익익월 말일 결제,3개월 이내 (상한 0.6%),0.6,2015240,0,,0,0,0,27394470,virtual_dummy.xlsx,L50_결제주기,2026-10-05T01:15
PH_DUMMY_01,2026-03-09,VC,월 마감 → 익월 10일 결제,1개월 이내 (상한 1.8%),1.5,444870,0,,0,0,0,2558950,virtual_dummy.xlsx,L50_결제주기,2026-10-05T01:15
PH_DUMMY_01,2026-03-10,VA,월 마감 → 익월 말일 결제,2개월 이내 (상한 1.2%),1.2,434720,0,,0,0,0,50203520,virtual_dummy.xlsx,L50_결제주기,2026-10-05T01:15
PH_DUMMY_01,2026-03-10,VB,월 마감 → 익익월 말일 결제,3개월 이내 (상한 0.6%),0.6,144910,0,,0,0,0,27539380,virtual_dummy.xlsx,L50_결제주기,2026-10-05T01:15
PH_DUMMY_01,2026-03-10,VC,월 마감 → 익월 10일 결제,1개월 이내 (상한 1.8%),1.5,0,0,2026-02 매입분,1575490,23630,1551860,983460,virtual_dummy.xlsx,L50_결제주기,2026-10-05T01:15
PH_DUMMY_01,2026-03-11,VA,월 마감 → 익월 말일 결제,2개월 이내 (상한 1.2%),1.2,234560,0,,0,0,0,50438080,virtual_dummy.xlsx,L50_결제주기,2026-10-05T01:15
PH_DUMMY_01,2026-03-11,VB,월 마감 → 익익월 말일 결제,3개월 이내 (상한 0.6%),0.6,78190,0,,0,0,0,27617570,virtual_dummy.xlsx,L50_결제주기,2026-10-05T01:15
PH_DUMMY_01,2026-03-11,VC,월 마감 → 익월 10일 결제,1개월 이내 (상한 1.8%),1.5,0,0,,0,0,0,983460,virtual_dummy.xlsx,L50_결제주기,2026-10-05T01:15
PH_DUMMY_01,2026-03-12,VA,월 마감 → 익월 말일 결제,2개월 이내 (상한 1.2%),1.2,752110,0,,0,0,0,51190190,virtual_dummy.xlsx,L50_결제주기,2026-10-05T01:15
PH_DUMMY_01,2026-03-12,VB,월 마감 → 익익월 말일 결제,3개월 이내 (상한 0.6%),0.6,250700,0,,0,0,0,27868270,virtual_dummy.xlsx,L50_결제주기,2026-10-05T01:15
PH_DUMMY_01,2026-03-12,VC,월 마감 → 익월 10일 결제,1개월 이내 (상한 1.8%),1.5,0,0,,0,0,0,983460,virtual_dummy.xlsx,L50_결제주기,2026-10-05T01:15
PH_DUMMY_01,2026-03-13,VA,월 마감 → 익월 말일 결제,2개월 이내 (상한 1.2%),1.2,748260,0,,0,0,0,51938450,virtual_dummy.xlsx,L50_결제주기,2026-10-05T01:15
PH_DUMMY_01,2026-03-13,VB,월 마감 → 익익월 말일 결제,3개월 이내 (상한 0.6%),0.6,249420,0,,0,0,0,28117690,virtual_dummy.xlsx,L50_결제주기,2026-10-05T01:15
PH_DUMMY_01,2026-03-13,VC,월 마감 → 익월 10일 결제,1개월 이내 (상한 1.8%),1.5,0,0,,0,0,0,983460,virtual_dummy.xlsx,L50_결제주기,2026-10-05T01:15
PH_DUMMY_01,2026-03-14,VA,월 마감 → 익월 말일 결제,2개월 이내 (상한 1.2%),1.2,305590,0,,0,0,0,52244040,virtual_dummy.xlsx,L50_결제주기,2026-10-05T01:15
PH_DUMMY_01,2026-03-14,VB,월 마감 → 익익월 말일 결제,3개월 이내 (상한 0.6%),0.6,101860,0,,0,0,0,28219550,virtual_dummy.xlsx,L50_결제주기,2026-10-05T01:15
PH_DUMMY_01,2026-03-14,VC,월 마감 → 익월 10일 결제,1개월 이내 (상한 1.8%),1.5,0,0,,0,0,0,983460,virtual_dummy.xlsx,L50_결제주기,2026-10-05T01:15
PH_DUMMY_01,2026-03-15,VA,월 마감 → 익월 말일 결제,2개월 이내 (상한 1.2%),1.2,0,0,,0,0,0,52244040,virtual_dummy.xlsx,L50_결제주기,2026-10-05T01:15
PH_DUMMY_01,2026-03-15,VB,월 마감 → 익익월 말일 결제,3개월 이내 (상한 0.6%),0.6,0,0,,0,0,0,28219550,virtual_dummy.xlsx,L50_결제주기,2026-10-05T01:15
PH_DUMMY_01,2026-03-15,VC,월 마감 → 익월 10일 결제,1개월 이내 (상한 1.8%),1.5,0,0,,0,0,0,983460,virtual_dummy.xlsx,L50_결제주기,2026-10-05T01:15
PH_DUMMY_01,2026-03-16,VA,월 마감 → 익월 말일 결제,2개월 이내 (상한 1.2%),1.2,6959530,0,,0,0,0,59203570,virtual_dummy.xlsx,L50_결제주기,2026-10-05T01:15
PH_DUMMY_01,2026-03-16,VB,월 마감 → 익익월 말일 결제,3개월 이내 (상한 0.6%),0.6,2224110,0,,0,0,0,30443660,virtual_dummy.xlsx,L50_결제주기,2026-10-05T01:15
PH_DUMMY_01,2026-03-16,VC,월 마감 → 익월 10일 결제,1개월 이내 (상한 1.8%),1.5,536660,0,,0,0,0,1520120,virtual_dummy.xlsx,L50_결제주기,2026-10-05T01:15
PH_DUMMY_01,2026-03-17,VA,월 마감 → 익월 말일 결제,2개월 이내 (상한 1.2%),1.2,487070,0,,0,0,0,59690640,virtual_dummy.xlsx,L50_결제주기,2026-10-05T01:15
PH_DUMMY_01,2026-03-17,VB,월 마감 → 익익월 말일 결제,3개월 이내 (상한 0.6%),0.6,162360,0,,0,0,0,30606020,virtual_dummy.xlsx,L50_결제주기,2026-10-05T01:15
PH_DUMMY_01,2026-03-17,VC,월 마감 → 익월 10일 결제,1개월 이내 (상한 1.8%),1.5,0,0,,0,0,0,1520120,virtual_dummy.xlsx,L50_결제주기,2026-10-05T01:15
PH_DUMMY_01,2026-03-18,VA,월 마감 → 익월 말일 결제,2개월 이내 (상한 1.2%),1.2,560840,0,,0,0,0,60251480,virtual_dummy.xlsx,L50_결제주기,2026-10-05T01:15
PH_DUMMY_01,2026-03-18,VB,월 마감 → 익익월 말일 결제,3개월 이내 (상한 0.6%),0.6,186950,0,,0,0,0,30792970,virtual_dummy.xlsx,L50_결제주기,2026-10-05T01:15
PH_DUMMY_01,2026-03-18,VC,월 마감 → 익월 10일 결제,1개월 이내 (상한 1.8%),1.5,0,0,,0,0,0,1520120,virtual_dummy.xlsx,L50_결제주기,2026-10-05T01:15
PH_DUMMY_01,2026-03-19,VA,월 마감 → 익월 말일 결제,2개월 이내 (상한 1.2%),1.2,432040,11110,,0,0,0,60672410,virtual_dummy.xlsx,L50_결제주기,2026-10-05T01:15
PH_DUMMY_01,2026-03-19,VB,월 마감 → 익익월 말일 결제,3개월 이내 (상한 0.6%),0.6,144020,32130,,0,0,0,30904860,virtual_dummy.xlsx,L50_결제주기,2026-10-05T01:15
PH_DUMMY_01,2026-03-19,VC,월 마감 → 익월 10일 결제,1개월 이내 (상한 1.8%),1.5,0,0,,0,0,0,1520120,virtual_dummy.xlsx,L50_결제주기,2026-10-05T01:15
PH_DUMMY_01,2026-03-20,VA,월 마감 → 익월 말일 결제,2개월 이내 (상한 1.2%),1.2,471580,0,,0,0,0,61143990,virtual_dummy.xlsx,L50_결제주기,2026-10-05T01:15
PH_DUMMY_01,2026-03-20,VB,월 마감 → 익익월 말일 결제,3개월 이내 (상한 0.6%),0.6,157190,0,,0,0,0,31062050,virtual_dummy.xlsx,L50_결제주기,2026-10-05T01:15
PH_DUMMY_01,2026-03-20,VC,월 마감 → 익월 10일 결제,1개월 이내 (상한 1.8%),1.5,0,0,,0,0,0,1520120,virtual_dummy.xlsx,L50_결제주기,2026-10-05T01:15
PH_DUMMY_01,2026-03-21,VA,월 마감 → 익월 말일 결제,2개월 이내 (상한 1.2%),1.2,412490,0,,0,0,0,61556480,virtual_dummy.xlsx,L50_결제주기,2026-10-05T01:15
PH_DUMMY_01,2026-03-21,VB,월 마감 → 익익월 말일 결제,3개월 이내 (상한 0.6%),0.6,137500,0,,0,0,0,31199550,virtual_dummy.xlsx,L50_결제주기,2026-10-05T01:15
PH_DUMMY_01,2026-03-21,VC,월 마감 → 익월 10일 결제,1개월 이내 (상한 1.8%),1.5,0,0,,0,0,0,1520120,virtual_dummy.xlsx,L50_결제주기,2026-10-05T01:15
PH_DUMMY_01,2026-03-22,VA,월 마감 → 익월 말일 결제,2개월 이내 (상한 1.2%),1.2,0,0,,0,0,0,61556480,virtual_dummy.xlsx,L50_결제주기,2026-10-05T01:15
PH_DUMMY_01,2026-03-22,VB,월 마감 → 익익월 말일 결제,3개월 이내 (상한 0.6%),0.6,0,0,,0,0,0,31199550,virtual_dummy.xlsx,L50_결제주기,2026-10-05T01:15
PH_DUMMY_01,2026-03-22,VC,월 마감 → 익월 10일 결제,1개월 이내 (상한 1.8%),1.5,0,0,,0,0,0,1520120,virtual_dummy.xlsx,L50_결제주기,2026-10-05T01:15
PH_DUMMY_01,2026-03-23,VA,월 마감 → 익월 말일 결제,2개월 이내 (상한 1.2%),1.2,7816790,0,,0,0,0,69373270,virtual_dummy.xlsx,L50_결제주기,2026-10-05T01:15
PH_DUMMY_01,2026-03-23,VB,월 마감 → 익익월 말일 결제,3개월 이내 (상한 0.6%),0.6,2303330,0,,0,0,0,33502880,virtual_dummy.xlsx,L50_결제주기,2026-10-05T01:15
PH_DUMMY_01,2026-03-23,VC,월 마감 → 익월 10일 결제,1개월 이내 (상한 1.8%),1.5,415010,0,,0,0,0,1935130,virtual_dummy.xlsx,L50_결제주기,2026-10-05T01:15
PH_DUMMY_01,2026-03-24,VA,월 마감 → 익월 말일 결제,2개월 이내 (상한 1.2%),1.2,483990,0,,0,0,0,69857260,virtual_dummy.xlsx,L50_결제주기,2026-10-05T01:15
PH_DUMMY_01,2026-03-24,VB,월 마감 → 익익월 말일 결제,3개월 이내 (상한 0.6%),0.6,161330,0,,0,0,0,33664210,virtual_dummy.xlsx,L50_결제주기,2026-10-05T01:15
PH_DUMMY_01,2026-03-24,VC,월 마감 → 익월 10일 결제,1개월 이내 (상한 1.8%),1.5,0,0,,0,0,0,1935130,virtual_dummy.xlsx,L50_결제주기,2026-10-05T01:15
PH_DUMMY_01,2026-03-25,VA,월 마감 → 익월 말일 결제,2개월 이내 (상한 1.2%),1.2,260120,0,,0,0,0,70117380,virtual_dummy.xlsx,L50_결제주기,2026-10-05T01:15
PH_DUMMY_01,2026-03-25,VB,월 마감 → 익익월 말일 결제,3개월 이내 (상한 0.6%),0.6,86710,0,,0,0,0,33750920,virtual_dummy.xlsx,L50_결제주기,2026-10-05T01:15
PH_DUMMY_01,2026-03-25,VC,월 마감 → 익월 10일 결제,1개월 이내 (상한 1.8%),1.5,0,0,,0,0,0,1935130,virtual_dummy.xlsx,L50_결제주기,2026-10-05T01:15
PH_DUMMY_01,2026-03-26,VA,월 마감 → 익월 말일 결제,2개월 이내 (상한 1.2%),1.2,714420,0,,0,0,0,70831800,virtual_dummy.xlsx,L50_결제주기,2026-10-05T01:15
PH_DUMMY_01,2026-03-26,VB,월 마감 → 익익월 말일 결제,3개월 이내 (상한 0.6%),0.6,238140,0,,0,0,0,33989060,virtual_dummy.xlsx,L50_결제주기,2026-10-05T01:15
PH_DUMMY_01,2026-03-26,VC,월 마감 → 익월 10일 결제,1개월 이내 (상한 1.8%),1.5,0,0,,0,0,0,1935130,virtual_dummy.xlsx,L50_결제주기,2026-10-05T01:15
PH_DUMMY_01,2026-03-27,VA,월 마감 → 익월 말일 결제,2개월 이내 (상한 1.2%),1.2,454310,0,,0,0,0,71286110,virtual_dummy.xlsx,L50_결제주기,2026-10-05T01:15
PH_DUMMY_01,2026-03-27,VB,월 마감 → 익익월 말일 결제,3개월 이내 (상한 0.6%),0.6,151440,0,,0,0,0,34140500,virtual_dummy.xlsx,L50_결제주기,2026-10-05T01:15
PH_DUMMY_01,2026-03-27,VC,월 마감 → 익월 10일 결제,1개월 이내 (상한 1.8%),1.5,0,0,,0,0,0,1935130,virtual_dummy.xlsx,L50_결제주기,2026-10-05T01:15
PH_DUMMY_01,2026-03-28,VA,월 마감 → 익월 말일 결제,2개월 이내 (상한 1.2%),1.2,231840,0,,0,0,0,71517950,virtual_dummy.xlsx,L50_결제주기,2026-10-05T01:15
PH_DUMMY_01,2026-03-28,VB,월 마감 → 익익월 말일 결제,3개월 이내 (상한 0.6%),0.6,77280,0,,0,0,0,34217780,virtual_dummy.xlsx,L50_결제주기,2026-10-05T01:15
PH_DUMMY_01,2026-03-28,VC,월 마감 → 익월 10일 결제,1개월 이내 (상한 1.8%),1.5,0,0,,0,0,0,1935130,virtual_dummy.xlsx,L50_결제주기,2026-10-05T01:15
PH_DUMMY_01,2026-03-29,VA,월 마감 → 익월 말일 결제,2개월 이내 (상한 1.2%),1.2,0,0,,0,0,0,71517950,virtual_dummy.xlsx,L50_결제주기,2026-10-05T01:15
PH_DUMMY_01,2026-03-29,VB,월 마감 → 익익월 말일 결제,3개월 이내 (상한 0.6%),0.6,0,0,,0,0,0,34217780,virtual_dummy.xlsx,L50_결제주기,2026-10-05T01:15
PH_DUMMY_01,2026-03-29,VC,월 마감 → 익월 10일 결제,1개월 이내 (상한 1.8%),1.5,0,0,,0,0,0,1935130,virtual_dummy.xlsx,L50_결제주기,2026-10-05T01:15
PH_DUMMY_01,2026-03-30,VA,월 마감 → 익월 말일 결제,2개월 이내 (상한 1.2%),1.2,7528440,0,,0,0,0,79046390,virtual_dummy.xlsx,L50_결제주기,2026-10-05T01:15
PH_DUMMY_01,2026-03-30,VB,월 마감 → 익익월 말일 결제,3개월 이내 (상한 0.6%),0.6,2217010,0,,0,0,0,36434790,virtual_dummy.xlsx,L50_결제주기,2026-10-05T01:15
PH_DUMMY_01,2026-03-30,VC,월 마감 → 익월 10일 결제,1개월 이내 (상한 1.8%),1.5,432850,0,,0,0,0,2367980,virtual_dummy.xlsx,L50_결제주기,2026-10-05T01:15
PH_DUMMY_01,2026-03-31,VA,월 마감 → 익월 말일 결제,2개월 이내 (상한 1.2%),1.2,450680,130850,2026-02 매입분,33249090,398990,32850100,46117130,virtual_dummy.xlsx,L50_결제주기,2026-10-05T01:15
PH_DUMMY_01,2026-03-31,VB,월 마감 → 익익월 말일 결제,3개월 이내 (상한 0.6%),0.6,150230,16740,2026-01 매입분,12009790,72060,11937730,24558490,virtual_dummy.xlsx,L50_결제주기,2026-10-05T01:15
PH_DUMMY_01,2026-03-31,VC,월 마감 → 익월 10일 결제,1개월 이내 (상한 1.8%),1.5,0,0,,0,0,0,2367980,virtual_dummy.xlsx,L50_결제주기,2026-10-05T01:15
PH_DUMMY_01,2026-04-01,VA,월 마감 → 익월 말일 결제,2개월 이내 (상한 1.2%),1.2,297980,0,,0,0,0,46415110,virtual_dummy.xlsx,L50_결제주기,2026-10-05T01:15
PH_DUMMY_01,2026-04-01,VB,월 마감 → 익익월 말일 결제,3개월 이내 (상한 0.6%),0.6,99330,0,,0,0,0,24657820,virtual_dummy.xlsx,L50_결제주기,2026-10-05T01:15
PH_DUMMY_01,2026-04-01,VC,월 마감 → 익월 10일 결제,1개월 이내 (상한 1.8%),1.5,0,0,,0,0,0,2367980,virtual_dummy.xlsx,L50_결제주기,2026-10-05T01:15
PH_DUMMY_01,2026-04-02,VA,월 마감 → 익월 말일 결제,2개월 이내 (상한 1.2%),1.2,486310,0,,0,0,0,46901420,virtual_dummy.xlsx,L50_결제주기,2026-10-05T01:15
PH_DUMMY_01,2026-04-02,VB,월 마감 → 익익월 말일 결제,3개월 이내 (상한 0.6%),0.6,162100,0,,0,0,0,24819920,virtual_dummy.xlsx,L50_결제주기,2026-10-05T01:15
PH_DUMMY_01,2026-04-02,VC,월 마감 → 익월 10일 결제,1개월 이내 (상한 1.8%),1.5,0,0,,0,0,0,2367980,virtual_dummy.xlsx,L50_결제주기,2026-10-05T01:15
PH_DUMMY_01,2026-04-03,VA,월 마감 → 익월 말일 결제,2개월 이내 (상한 1.2%),1.2,756850,0,,0,0,0,47658270,virtual_dummy.xlsx,L50_결제주기,2026-10-05T01:15
PH_DUMMY_01,2026-04-03,VB,월 마감 → 익익월 말일 결제,3개월 이내 (상한 0.6%),0.6,252280,0,,0,0,0,25072200,virtual_dummy.xlsx,L50_결제주기,2026-10-05T01:15
PH_DUMMY_01,2026-04-03,VC,월 마감 → 익월 10일 결제,1개월 이내 (상한 1.8%),1.5,0,0,,0,0,0,2367980,virtual_dummy.xlsx,L50_결제주기,2026-10-05T01:15
PH_DUMMY_01,2026-04-04,VA,월 마감 → 익월 말일 결제,2개월 이내 (상한 1.2%),1.2,345170,0,,0,0,0,48003440,virtual_dummy.xlsx,L50_결제주기,2026-10-05T01:15
PH_DUMMY_01,2026-04-04,VB,월 마감 → 익익월 말일 결제,3개월 이내 (상한 0.6%),0.6,115060,0,,0,0,0,25187260,virtual_dummy.xlsx,L50_결제주기,2026-10-05T01:15
PH_DUMMY_01,2026-04-04,VC,월 마감 → 익월 10일 결제,1개월 이내 (상한 1.8%),1.5,0,0,,0,0,0,2367980,virtual_dummy.xlsx,L50_결제주기,2026-10-05T01:15
PH_DUMMY_01,2026-04-05,VA,월 마감 → 익월 말일 결제,2개월 이내 (상한 1.2%),1.2,0,0,,0,0,0,48003440,virtual_dummy.xlsx,L50_결제주기,2026-10-05T01:15
PH_DUMMY_01,2026-04-05,VB,월 마감 → 익익월 말일 결제,3개월 이내 (상한 0.6%),0.6,0,0,,0,0,0,25187260,virtual_dummy.xlsx,L50_결제주기,2026-10-05T01:15
PH_DUMMY_01,2026-04-05,VC,월 마감 → 익월 10일 결제,1개월 이내 (상한 1.8%),1.5,0,0,,0,0,0,2367980,virtual_dummy.xlsx,L50_결제주기,2026-10-05T01:15
PH_DUMMY_01,2026-04-06,VA,월 마감 → 익월 말일 결제,2개월 이내 (상한 1.2%),1.2,8150450,0,,0,0,0,56153890,virtual_dummy.xlsx,L50_결제주기,2026-10-05T01:15
PH_DUMMY_01,2026-04-06,VB,월 마감 → 익익월 말일 결제,3개월 이내 (상한 0.6%),0.6,2892110,0,,0,0,0,28079370,virtual_dummy.xlsx,L50_결제주기,2026-10-05T01:15
PH_DUMMY_01,2026-04-06,VC,월 마감 → 익월 10일 결제,1개월 이내 (상한 1.8%),1.5,460870,0,,0,0,0,2828850,virtual_dummy.xlsx,L50_결제주기,2026-10-05T01:15
PH_DUMMY_01,2026-04-07,VA,월 마감 → 익월 말일 결제,2개월 이내 (상한 1.2%),1.2,439150,0,,0,0,0,56593040,virtual_dummy.xlsx,L50_결제주기,2026-10-05T01:15
PH_DUMMY_01,2026-04-07,VB,월 마감 → 익익월 말일 결제,3개월 이내 (상한 0.6%),0.6,146380,0,,0,0,0,28225750,virtual_dummy.xlsx,L50_결제주기,2026-10-05T01:15
PH_DUMMY_01,2026-04-07,VC,월 마감 → 익월 10일 결제,1개월 이내 (상한 1.8%),1.5,0,0,,0,0,0,2828850,virtual_dummy.xlsx,L50_결제주기,2026-10-05T01:15
PH_DUMMY_01,2026-04-08,VA,월 마감 → 익월 말일 결제,2개월 이내 (상한 1.2%),1.2,623170,0,,0,0,0,57216210,virtual_dummy.xlsx,L50_결제주기,2026-10-05T01:15
PH_DUMMY_01,2026-04-08,VB,월 마감 → 익익월 말일 결제,3개월 이내 (상한 0.6%),0.6,207720,0,,0,0,0,28433470,virtual_dummy.xlsx,L50_결제주기,2026-10-05T01:15
PH_DUMMY_01,2026-04-08,VC,월 마감 → 익월 10일 결제,1개월 이내 (상한 1.8%),1.5,0,0,,0,0,0,2828850,virtual_dummy.xlsx,L50_결제주기,2026-10-05T01:15
PH_DUMMY_01,2026-04-09,VA,월 마감 → 익월 말일 결제,2개월 이내 (상한 1.2%),1.2,449480,0,,0,0,0,57665690,virtual_dummy.xlsx,L50_결제주기,2026-10-05T01:15
PH_DUMMY_01,2026-04-09,VB,월 마감 → 익익월 말일 결제,3개월 이내 (상한 0.6%),0.6,149830,0,,0,0,0,28583300,virtual_dummy.xlsx,L50_결제주기,2026-10-05T01:15
PH_DUMMY_01,2026-04-09,VC,월 마감 → 익월 10일 결제,1개월 이내 (상한 1.8%),1.5,0,0,,0,0,0,2828850,virtual_dummy.xlsx,L50_결제주기,2026-10-05T01:15
PH_DUMMY_01,2026-04-10,VA,월 마감 → 익월 말일 결제,2개월 이내 (상한 1.2%),1.2,270640,0,,0,0,0,57936330,virtual_dummy.xlsx,L50_결제주기,2026-10-05T01:15
PH_DUMMY_01,2026-04-10,VB,월 마감 → 익익월 말일 결제,3개월 이내 (상한 0.6%),0.6,90210,0,,0,0,0,28673510,virtual_dummy.xlsx,L50_결제주기,2026-10-05T01:15
PH_DUMMY_01,2026-04-10,VC,월 마감 → 익월 10일 결제,1개월 이내 (상한 1.8%),1.5,0,0,2026-03 매입분,2367980,35520,2332460,460870,virtual_dummy.xlsx,L50_결제주기,2026-10-05T01:15
PH_DUMMY_01,2026-04-11,VA,월 마감 → 익월 말일 결제,2개월 이내 (상한 1.2%),1.2,282470,0,,0,0,0,58218800,virtual_dummy.xlsx,L50_결제주기,2026-10-05T01:15
PH_DUMMY_01,2026-04-11,VB,월 마감 → 익익월 말일 결제,3개월 이내 (상한 0.6%),0.6,94160,32070,,0,0,0,28735600,virtual_dummy.xlsx,L50_결제주기,2026-10-05T01:15
PH_DUMMY_01,2026-04-11,VC,월 마감 → 익월 10일 결제,1개월 이내 (상한 1.8%),1.5,0,0,,0,0,0,460870,virtual_dummy.xlsx,L50_결제주기,2026-10-05T01:15
PH_DUMMY_01,2026-04-12,VA,월 마감 → 익월 말일 결제,2개월 이내 (상한 1.2%),1.2,0,0,,0,0,0,58218800,virtual_dummy.xlsx,L50_결제주기,2026-10-05T01:15
PH_DUMMY_01,2026-04-12,VB,월 마감 → 익익월 말일 결제,3개월 이내 (상한 0.6%),0.6,0,0,,0,0,0,28735600,virtual_dummy.xlsx,L50_결제주기,2026-10-05T01:15
PH_DUMMY_01,2026-04-12,VC,월 마감 → 익월 10일 결제,1개월 이내 (상한 1.8%),1.5,0,0,,0,0,0,460870,virtual_dummy.xlsx,L50_결제주기,2026-10-05T01:15
PH_DUMMY_01,2026-04-13,VA,월 마감 → 익월 말일 결제,2개월 이내 (상한 1.2%),1.2,7006830,0,,0,0,0,65225630,virtual_dummy.xlsx,L50_결제주기,2026-10-05T01:15
PH_DUMMY_01,2026-04-13,VB,월 마감 → 익익월 말일 결제,3개월 이내 (상한 0.6%),0.6,2225980,17480,,0,0,0,30944100,virtual_dummy.xlsx,L50_결제주기,2026-10-05T01:15
PH_DUMMY_01,2026-04-13,VC,월 마감 → 익월 10일 결제,1개월 이내 (상한 1.8%),1.5,418340,0,,0,0,0,879210,virtual_dummy.xlsx,L50_결제주기,2026-10-05T01:15
PH_DUMMY_01,2026-04-14,VA,월 마감 → 익월 말일 결제,2개월 이내 (상한 1.2%),1.2,453140,0,,0,0,0,65678770,virtual_dummy.xlsx,L50_결제주기,2026-10-05T01:15
PH_DUMMY_01,2026-04-14,VB,월 마감 → 익익월 말일 결제,3개월 이내 (상한 0.6%),0.6,151050,0,,0,0,0,31095150,virtual_dummy.xlsx,L50_결제주기,2026-10-05T01:15
PH_DUMMY_01,2026-04-14,VC,월 마감 → 익월 10일 결제,1개월 이내 (상한 1.8%),1.5,0,0,,0,0,0,879210,virtual_dummy.xlsx,L50_결제주기,2026-10-05T01:15
PH_DUMMY_01,2026-04-15,VA,월 마감 → 익월 말일 결제,2개월 이내 (상한 1.2%),1.2,466900,0,,0,0,0,66145670,virtual_dummy.xlsx,L50_결제주기,2026-10-05T01:15
PH_DUMMY_01,2026-04-15,VB,월 마감 → 익익월 말일 결제,3개월 이내 (상한 0.6%),0.6,155630,0,,0,0,0,31250780,virtual_dummy.xlsx,L50_결제주기,2026-10-05T01:15
PH_DUMMY_01,2026-04-15,VC,월 마감 → 익월 10일 결제,1개월 이내 (상한 1.8%),1.5,0,0,,0,0,0,879210,virtual_dummy.xlsx,L50_결제주기,2026-10-05T01:15
PH_DUMMY_01,2026-04-16,VA,월 마감 → 익월 말일 결제,2개월 이내 (상한 1.2%),1.2,337340,0,,0,0,0,66483010,virtual_dummy.xlsx,L50_결제주기,2026-10-05T01:15
PH_DUMMY_01,2026-04-16,VB,월 마감 → 익익월 말일 결제,3개월 이내 (상한 0.6%),0.6,112450,0,,0,0,0,31363230,virtual_dummy.xlsx,L50_결제주기,2026-10-05T01:15
PH_DUMMY_01,2026-04-16,VC,월 마감 → 익월 10일 결제,1개월 이내 (상한 1.8%),1.5,0,0,,0,0,0,879210,virtual_dummy.xlsx,L50_결제주기,2026-10-05T01:15
PH_DUMMY_01,2026-04-17,VA,월 마감 → 익월 말일 결제,2개월 이내 (상한 1.2%),1.2,548000,0,,0,0,0,67031010,virtual_dummy.xlsx,L50_결제주기,2026-10-05T01:15
PH_DUMMY_01,2026-04-17,VB,월 마감 → 익익월 말일 결제,3개월 이내 (상한 0.6%),0.6,182670,0,,0,0,0,31545900,virtual_dummy.xlsx,L50_결제주기,2026-10-05T01:15
PH_DUMMY_01,2026-04-17,VC,월 마감 → 익월 10일 결제,1개월 이내 (상한 1.8%),1.5,0,0,,0,0,0,879210,virtual_dummy.xlsx,L50_결제주기,2026-10-05T01:15
PH_DUMMY_01,2026-04-18,VA,월 마감 → 익월 말일 결제,2개월 이내 (상한 1.2%),1.2,435980,0,,0,0,0,67466990,virtual_dummy.xlsx,L50_결제주기,2026-10-05T01:15
PH_DUMMY_01,2026-04-18,VB,월 마감 → 익익월 말일 결제,3개월 이내 (상한 0.6%),0.6,145330,0,,0,0,0,31691230,virtual_dummy.xlsx,L50_결제주기,2026-10-05T01:15
PH_DUMMY_01,2026-04-18,VC,월 마감 → 익월 10일 결제,1개월 이내 (상한 1.8%),1.5,0,0,,0,0,0,879210,virtual_dummy.xlsx,L50_결제주기,2026-10-05T01:15
PH_DUMMY_01,2026-04-19,VA,월 마감 → 익월 말일 결제,2개월 이내 (상한 1.2%),1.2,0,0,,0,0,0,67466990,virtual_dummy.xlsx,L50_결제주기,2026-10-05T01:15
PH_DUMMY_01,2026-04-19,VB,월 마감 → 익익월 말일 결제,3개월 이내 (상한 0.6%),0.6,0,0,,0,0,0,31691230,virtual_dummy.xlsx,L50_결제주기,2026-10-05T01:15
PH_DUMMY_01,2026-04-19,VC,월 마감 → 익월 10일 결제,1개월 이내 (상한 1.8%),1.5,0,0,,0,0,0,879210,virtual_dummy.xlsx,L50_결제주기,2026-10-05T01:15
PH_DUMMY_01,2026-04-20,VA,월 마감 → 익월 말일 결제,2개월 이내 (상한 1.2%),1.2,6785750,0,,0,0,0,74252740,virtual_dummy.xlsx,L50_결제주기,2026-10-05T01:15
PH_DUMMY_01,2026-04-20,VB,월 마감 → 익익월 말일 결제,3개월 이내 (상한 0.6%),0.6,1871460,0,,0,0,0,33562690,virtual_dummy.xlsx,L50_결제주기,2026-10-05T01:15
PH_DUMMY_01,2026-04-20,VC,월 마감 → 익월 10일 결제,1개월 이내 (상한 1.8%),1.5,358650,0,,0,0,0,1237860,virtual_dummy.xlsx,L50_결제주기,2026-10-05T01:15
PH_DUMMY_01,2026-04-21,VA,월 마감 → 익월 말일 결제,2개월 이내 (상한 1.2%),1.2,544240,0,,0,0,0,74796980,virtual_dummy.xlsx,L50_결제주기,2026-10-05T01:15
PH_DUMMY_01,2026-04-21,VB,월 마감 → 익익월 말일 결제,3개월 이내 (상한 0.6%),0.6,181410,0,,0,0,0,33744100,virtual_dummy.xlsx,L50_결제주기,2026-10-05T01:15
PH_DUMMY_01,2026-04-21,VC,월 마감 → 익월 10일 결제,1개월 이내 (상한 1.8%),1.5,0,0,,0,0,0,1237860,virtual_dummy.xlsx,L50_결제주기,2026-10-05T01:15
PH_DUMMY_01,2026-04-22,VA,월 마감 → 익월 말일 결제,2개월 이내 (상한 1.2%),1.2,496550,0,,0,0,0,75293530,virtual_dummy.xlsx,L50_결제주기,2026-10-05T01:15
PH_DUMMY_01,2026-04-22,VB,월 마감 → 익익월 말일 결제,3개월 이내 (상한 0.6%),0.6,165520,0,,0,0,0,33909620,virtual_dummy.xlsx,L50_결제주기,2026-10-05T01:15
PH_DUMMY_01,2026-04-22,VC,월 마감 → 익월 10일 결제,1개월 이내 (상한 1.8%),1.5,0,0,,0,0,0,1237860,virtual_dummy.xlsx,L50_결제주기,2026-10-05T01:15
PH_DUMMY_01,2026-04-23,VA,월 마감 → 익월 말일 결제,2개월 이내 (상한 1.2%),1.2,312960,0,,0,0,0,75606490,virtual_dummy.xlsx,L50_결제주기,2026-10-05T01:15
PH_DUMMY_01,2026-04-23,VB,월 마감 → 익익월 말일 결제,3개월 이내 (상한 0.6%),0.6,104320,0,,0,0,0,34013940,virtual_dummy.xlsx,L50_결제주기,2026-10-05T01:15
PH_DUMMY_01,2026-04-23,VC,월 마감 → 익월 10일 결제,1개월 이내 (상한 1.8%),1.5,0,0,,0,0,0,1237860,virtual_dummy.xlsx,L50_결제주기,2026-10-05T01:15
PH_DUMMY_01,2026-04-24,VA,월 마감 → 익월 말일 결제,2개월 이내 (상한 1.2%),1.2,289040,0,,0,0,0,75895530,virtual_dummy.xlsx,L50_결제주기,2026-10-05T01:15
PH_DUMMY_01,2026-04-24,VB,월 마감 → 익익월 말일 결제,3개월 이내 (상한 0.6%),0.6,96350,0,,0,0,0,34110290,virtual_dummy.xlsx,L50_결제주기,2026-10-05T01:15
PH_DUMMY_01,2026-04-24,VC,월 마감 → 익월 10일 결제,1개월 이내 (상한 1.8%),1.5,0,0,,0,0,0,1237860,virtual_dummy.xlsx,L50_결제주기,2026-10-05T01:15
PH_DUMMY_01,2026-04-25,VA,월 마감 → 익월 말일 결제,2개월 이내 (상한 1.2%),1.2,529790,0,,0,0,0,76425320,virtual_dummy.xlsx,L50_결제주기,2026-10-05T01:15
PH_DUMMY_01,2026-04-25,VB,월 마감 → 익익월 말일 결제,3개월 이내 (상한 0.6%),0.6,176600,0,,0,0,0,34286890,virtual_dummy.xlsx,L50_결제주기,2026-10-05T01:15
PH_DUMMY_01,2026-04-25,VC,월 마감 → 익월 10일 결제,1개월 이내 (상한 1.8%),1.5,0,0,,0,0,0,1237860,virtual_dummy.xlsx,L50_결제주기,2026-10-05T01:15
PH_DUMMY_01,2026-04-26,VA,월 마감 → 익월 말일 결제,2개월 이내 (상한 1.2%),1.2,0,0,,0,0,0,76425320,virtual_dummy.xlsx,L50_결제주기,2026-10-05T01:15
PH_DUMMY_01,2026-04-26,VB,월 마감 → 익익월 말일 결제,3개월 이내 (상한 0.6%),0.6,0,0,,0,0,0,34286890,virtual_dummy.xlsx,L50_결제주기,2026-10-05T01:15
PH_DUMMY_01,2026-04-26,VC,월 마감 → 익월 10일 결제,1개월 이내 (상한 1.8%),1.5,0,0,,0,0,0,1237860,virtual_dummy.xlsx,L50_결제주기,2026-10-05T01:15
PH_DUMMY_01,2026-04-27,VA,월 마감 → 익월 말일 결제,2개월 이내 (상한 1.2%),1.2,7911130,0,,0,0,0,84336450,virtual_dummy.xlsx,L50_결제주기,2026-10-05T01:15
PH_DUMMY_01,2026-04-27,VB,월 마감 → 익익월 말일 결제,3개월 이내 (상한 0.6%),0.6,2388450,0,,0,0,0,36675340,virtual_dummy.xlsx,L50_결제주기,2026-10-05T01:15
PH_DUMMY_01,2026-04-27,VC,월 마감 → 익월 10일 결제,1개월 이내 (상한 1.8%),1.5,418330,0,,0,0,0,1656190,virtual_dummy.xlsx,L50_결제주기,2026-10-05T01:15
PH_DUMMY_01,2026-04-28,VA,월 마감 → 익월 말일 결제,2개월 이내 (상한 1.2%),1.2,488240,0,,0,0,0,84824690,virtual_dummy.xlsx,L50_결제주기,2026-10-05T01:15
PH_DUMMY_01,2026-04-28,VB,월 마감 → 익익월 말일 결제,3개월 이내 (상한 0.6%),0.6,162750,0,,0,0,0,36838090,virtual_dummy.xlsx,L50_결제주기,2026-10-05T01:15
PH_DUMMY_01,2026-04-28,VC,월 마감 → 익월 10일 결제,1개월 이내 (상한 1.8%),1.5,0,0,,0,0,0,1656190,virtual_dummy.xlsx,L50_결제주기,2026-10-05T01:15
PH_DUMMY_01,2026-04-29,VA,월 마감 → 익월 말일 결제,2개월 이내 (상한 1.2%),1.2,302960,0,,0,0,0,85127650,virtual_dummy.xlsx,L50_결제주기,2026-10-05T01:15
PH_DUMMY_01,2026-04-29,VB,월 마감 → 익익월 말일 결제,3개월 이내 (상한 0.6%),0.6,100990,0,,0,0,0,36939080,virtual_dummy.xlsx,L50_결제주기,2026-10-05T01:15
PH_DUMMY_01,2026-04-29,VC,월 마감 → 익월 10일 결제,1개월 이내 (상한 1.8%),1.5,0,0,,0,0,0,1656190,virtual_dummy.xlsx,L50_결제주기,2026-10-05T01:15
PH_DUMMY_01,2026-04-30,VA,월 마감 → 익월 말일 결제,2개월 이내 (상한 1.2%),1.2,324140,117110,2026-03 매입분,46117130,553410,45563720,39217550,virtual_dummy.xlsx,L50_결제주기,2026-10-05T01:15
PH_DUMMY_01,2026-04-30,VB,월 마감 → 익익월 말일 결제,3개월 이내 (상한 0.6%),0.6,108050,16220,2026-02 매입분,10416140,62500,10353640,26614770,virtual_dummy.xlsx,L50_결제주기,2026-10-05T01:15
PH_DUMMY_01,2026-04-30,VC,월 마감 → 익월 10일 결제,1개월 이내 (상한 1.8%),1.5,0,0,,0,0,0,1656190,virtual_dummy.xlsx,L50_결제주기,2026-10-05T01:15
PH_DUMMY_01,2026-05-01,VA,월 마감 → 익월 말일 결제,2개월 이내 (상한 1.2%),1.2,0,0,,0,0,0,39217550,virtual_dummy.xlsx,L50_결제주기,2026-10-05T01:15
PH_DUMMY_01,2026-05-01,VB,월 마감 → 익익월 말일 결제,3개월 이내 (상한 0.6%),0.6,0,0,,0,0,0,26614770,virtual_dummy.xlsx,L50_결제주기,2026-10-05T01:15
PH_DUMMY_01,2026-05-01,VC,월 마감 → 익월 10일 결제,1개월 이내 (상한 1.8%),1.5,0,0,,0,0,0,1656190,virtual_dummy.xlsx,L50_결제주기,2026-10-05T01:15
PH_DUMMY_01,2026-05-02,VA,월 마감 → 익월 말일 결제,2개월 이내 (상한 1.2%),1.2,431510,0,,0,0,0,39649060,virtual_dummy.xlsx,L50_결제주기,2026-10-05T01:15
PH_DUMMY_01,2026-05-02,VB,월 마감 → 익익월 말일 결제,3개월 이내 (상한 0.6%),0.6,143840,0,,0,0,0,26758610,virtual_dummy.xlsx,L50_결제주기,2026-10-05T01:15
PH_DUMMY_01,2026-05-02,VC,월 마감 → 익월 10일 결제,1개월 이내 (상한 1.8%),1.5,0,0,,0,0,0,1656190,virtual_dummy.xlsx,L50_결제주기,2026-10-05T01:15
PH_DUMMY_01,2026-05-03,VA,월 마감 → 익월 말일 결제,2개월 이내 (상한 1.2%),1.2,0,0,,0,0,0,39649060,virtual_dummy.xlsx,L50_결제주기,2026-10-05T01:15
PH_DUMMY_01,2026-05-03,VB,월 마감 → 익익월 말일 결제,3개월 이내 (상한 0.6%),0.6,0,0,,0,0,0,26758610,virtual_dummy.xlsx,L50_결제주기,2026-10-05T01:15
PH_DUMMY_01,2026-05-03,VC,월 마감 → 익월 10일 결제,1개월 이내 (상한 1.8%),1.5,0,0,,0,0,0,1656190,virtual_dummy.xlsx,L50_결제주기,2026-10-05T01:15
PH_DUMMY_01,2026-05-04,VA,월 마감 → 익월 말일 결제,2개월 이내 (상한 1.2%),1.2,5974200,0,,0,0,0,45623260,virtual_dummy.xlsx,L50_결제주기,2026-10-05T01:15
PH_DUMMY_01,2026-05-04,VB,월 마감 → 익익월 말일 결제,3개월 이내 (상한 0.6%),0.6,1893410,0,,0,0,0,28652020,virtual_dummy.xlsx,L50_결제주기,2026-10-05T01:15
PH_DUMMY_01,2026-05-04,VC,월 마감 → 익월 10일 결제,1개월 이내 (상한 1.8%),1.5,361520,0,,0,0,0,2017710,virtual_dummy.xlsx,L50_결제주기,2026-10-05T01:15
PH_DUMMY_01,2026-05-05,VA,월 마감 → 익월 말일 결제,2개월 이내 (상한 1.2%),1.2,0,0,,0,0,0,45623260,virtual_dummy.xlsx,L50_결제주기,2026-10-05T01:15
PH_DUMMY_01,2026-05-05,VB,월 마감 → 익익월 말일 결제,3개월 이내 (상한 0.6%),0.6,0,0,,0,0,0,28652020,virtual_dummy.xlsx,L50_결제주기,2026-10-05T01:15
PH_DUMMY_01,2026-05-05,VC,월 마감 → 익월 10일 결제,1개월 이내 (상한 1.8%),1.5,0,0,,0,0,0,2017710,virtual_dummy.xlsx,L50_결제주기,2026-10-05T01:15
PH_DUMMY_01,2026-05-06,VA,월 마감 → 익월 말일 결제,2개월 이내 (상한 1.2%),1.2,480550,0,,0,0,0,46103810,virtual_dummy.xlsx,L50_결제주기,2026-10-05T01:15
PH_DUMMY_01,2026-05-06,VB,월 마감 → 익익월 말일 결제,3개월 이내 (상한 0.6%),0.6,160180,0,,0,0,0,28812200,virtual_dummy.xlsx,L50_결제주기,2026-10-05T01:15
PH_DUMMY_01,2026-05-06,VC,월 마감 → 익월 10일 결제,1개월 이내 (상한 1.8%),1.5,0,0,,0,0,0,2017710,virtual_dummy.xlsx,L50_결제주기,2026-10-05T01:15
PH_DUMMY_01,2026-05-07,VA,월 마감 → 익월 말일 결제,2개월 이내 (상한 1.2%),1.2,419790,0,,0,0,0,46523600,virtual_dummy.xlsx,L50_결제주기,2026-10-05T01:15
PH_DUMMY_01,2026-05-07,VB,월 마감 → 익익월 말일 결제,3개월 이내 (상한 0.6%),0.6,139930,0,,0,0,0,28952130,virtual_dummy.xlsx,L50_결제주기,2026-10-05T01:15
PH_DUMMY_01,2026-05-07,VC,월 마감 → 익월 10일 결제,1개월 이내 (상한 1.8%),1.5,0,0,,0,0,0,2017710,virtual_dummy.xlsx,L50_결제주기,2026-10-05T01:15
PH_DUMMY_01,2026-05-08,VA,월 마감 → 익월 말일 결제,2개월 이내 (상한 1.2%),1.2,420870,0,,0,0,0,46944470,virtual_dummy.xlsx,L50_결제주기,2026-10-05T01:15
PH_DUMMY_01,2026-05-08,VB,월 마감 → 익익월 말일 결제,3개월 이내 (상한 0.6%),0.6,140290,0,,0,0,0,29092420,virtual_dummy.xlsx,L50_결제주기,2026-10-05T01:15
PH_DUMMY_01,2026-05-08,VC,월 마감 → 익월 10일 결제,1개월 이내 (상한 1.8%),1.5,0,0,2026-04 매입분,1656190,24840,1631350,361520,virtual_dummy.xlsx,L50_결제주기,2026-10-05T01:15
PH_DUMMY_01,2026-05-09,VA,월 마감 → 익월 말일 결제,2개월 이내 (상한 1.2%),1.2,468820,0,,0,0,0,47413290,virtual_dummy.xlsx,L50_결제주기,2026-10-05T01:15
PH_DUMMY_01,2026-05-09,VB,월 마감 → 익익월 말일 결제,3개월 이내 (상한 0.6%),0.6,156270,0,,0,0,0,29248690,virtual_dummy.xlsx,L50_결제주기,2026-10-05T01:15
PH_DUMMY_01,2026-05-09,VC,월 마감 → 익월 10일 결제,1개월 이내 (상한 1.8%),1.5,0,0,,0,0,0,361520,virtual_dummy.xlsx,L50_결제주기,2026-10-05T01:15
PH_DUMMY_01,2026-05-10,VA,월 마감 → 익월 말일 결제,2개월 이내 (상한 1.2%),1.2,0,0,,0,0,0,47413290,virtual_dummy.xlsx,L50_결제주기,2026-10-05T01:15
PH_DUMMY_01,2026-05-10,VB,월 마감 → 익익월 말일 결제,3개월 이내 (상한 0.6%),0.6,0,0,,0,0,0,29248690,virtual_dummy.xlsx,L50_결제주기,2026-10-05T01:15
PH_DUMMY_01,2026-05-10,VC,월 마감 → 익월 10일 결제,1개월 이내 (상한 1.8%),1.5,0,0,,0,0,0,361520,virtual_dummy.xlsx,L50_결제주기,2026-10-05T01:15
PH_DUMMY_01,2026-05-11,VA,월 마감 → 익월 말일 결제,2개월 이내 (상한 1.2%),1.2,5816200,0,,0,0,0,53229490,virtual_dummy.xlsx,L50_결제주기,2026-10-05T01:15
PH_DUMMY_01,2026-05-11,VB,월 마감 → 익익월 말일 결제,3개월 이내 (상한 0.6%),0.6,1836770,0,,0,0,0,31085460,virtual_dummy.xlsx,L50_결제주기,2026-10-05T01:15
PH_DUMMY_01,2026-05-11,VC,월 마감 → 익월 10일 결제,1개월 이내 (상한 1.8%),1.5,401200,0,,0,0,0,762720,virtual_dummy.xlsx,L50_결제주기,2026-10-05T01:15
PH_DUMMY_01,2026-05-12,VA,월 마감 → 익월 말일 결제,2개월 이내 (상한 1.2%),1.2,374060,0,,0,0,0,53603550,virtual_dummy.xlsx,L50_결제주기,2026-10-05T01:15
PH_DUMMY_01,2026-05-12,VB,월 마감 → 익익월 말일 결제,3개월 이내 (상한 0.6%),0.6,124690,0,,0,0,0,31210150,virtual_dummy.xlsx,L50_결제주기,2026-10-05T01:15
PH_DUMMY_01,2026-05-12,VC,월 마감 → 익월 10일 결제,1개월 이내 (상한 1.8%),1.5,0,0,,0,0,0,762720,virtual_dummy.xlsx,L50_결제주기,2026-10-05T01:15
PH_DUMMY_01,2026-05-13,VA,월 마감 → 익월 말일 결제,2개월 이내 (상한 1.2%),1.2,334600,0,,0,0,0,53938150,virtual_dummy.xlsx,L50_결제주기,2026-10-05T01:15
PH_DUMMY_01,2026-05-13,VB,월 마감 → 익익월 말일 결제,3개월 이내 (상한 0.6%),0.6,111530,0,,0,0,0,31321680,virtual_dummy.xlsx,L50_결제주기,2026-10-05T01:15
PH_DUMMY_01,2026-05-13,VC,월 마감 → 익월 10일 결제,1개월 이내 (상한 1.8%),1.5,0,0,,0,0,0,762720,virtual_dummy.xlsx,L50_결제주기,2026-10-05T01:15
PH_DUMMY_01,2026-05-14,VA,월 마감 → 익월 말일 결제,2개월 이내 (상한 1.2%),1.2,352950,0,,0,0,0,54291100,virtual_dummy.xlsx,L50_결제주기,2026-10-05T01:15
PH_DUMMY_01,2026-05-14,VB,월 마감 → 익익월 말일 결제,3개월 이내 (상한 0.6%),0.6,117650,0,,0,0,0,31439330,virtual_dummy.xlsx,L50_결제주기,2026-10-05T01:15
PH_DUMMY_01,2026-05-14,VC,월 마감 → 익월 10일 결제,1개월 이내 (상한 1.8%),1.5,0,0,,0,0,0,762720,virtual_dummy.xlsx,L50_결제주기,2026-10-05T01:15
PH_DUMMY_01,2026-05-15,VA,월 마감 → 익월 말일 결제,2개월 이내 (상한 1.2%),1.2,411650,0,,0,0,0,54702750,virtual_dummy.xlsx,L50_결제주기,2026-10-05T01:15
PH_DUMMY_01,2026-05-15,VB,월 마감 → 익익월 말일 결제,3개월 이내 (상한 0.6%),0.6,137220,0,,0,0,0,31576550,virtual_dummy.xlsx,L50_결제주기,2026-10-05T01:15
PH_DUMMY_01,2026-05-15,VC,월 마감 → 익월 10일 결제,1개월 이내 (상한 1.8%),1.5,0,0,,0,0,0,762720,virtual_dummy.xlsx,L50_결제주기,2026-10-05T01:15
PH_DUMMY_01,2026-05-16,VA,월 마감 → 익월 말일 결제,2개월 이내 (상한 1.2%),1.2,258330,0,,0,0,0,54961080,virtual_dummy.xlsx,L50_결제주기,2026-10-05T01:15
PH_DUMMY_01,2026-05-16,VB,월 마감 → 익익월 말일 결제,3개월 이내 (상한 0.6%),0.6,86110,0,,0,0,0,31662660,virtual_dummy.xlsx,L50_결제주기,2026-10-05T01:15
PH_DUMMY_01,2026-05-16,VC,월 마감 → 익월 10일 결제,1개월 이내 (상한 1.8%),1.5,0,0,,0,0,0,762720,virtual_dummy.xlsx,L50_결제주기,2026-10-05T01:15
PH_DUMMY_01,2026-05-17,VA,월 마감 → 익월 말일 결제,2개월 이내 (상한 1.2%),1.2,0,0,,0,0,0,54961080,virtual_dummy.xlsx,L50_결제주기,2026-10-05T01:15
PH_DUMMY_01,2026-05-17,VB,월 마감 → 익익월 말일 결제,3개월 이내 (상한 0.6%),0.6,0,0,,0,0,0,31662660,virtual_dummy.xlsx,L50_결제주기,2026-10-05T01:15
PH_DUMMY_01,2026-05-17,VC,월 마감 → 익월 10일 결제,1개월 이내 (상한 1.8%),1.5,0,0,,0,0,0,762720,virtual_dummy.xlsx,L50_결제주기,2026-10-05T01:15
PH_DUMMY_01,2026-05-18,VA,월 마감 → 익월 말일 결제,2개월 이내 (상한 1.2%),1.2,5666680,0,,0,0,0,60627760,virtual_dummy.xlsx,L50_결제주기,2026-10-05T01:15
PH_DUMMY_01,2026-05-18,VB,월 마감 → 익익월 말일 결제,3개월 이내 (상한 0.6%),0.6,1734340,0,,0,0,0,33397000,virtual_dummy.xlsx,L50_결제주기,2026-10-05T01:15
PH_DUMMY_01,2026-05-18,VC,월 마감 → 익월 10일 결제,1개월 이내 (상한 1.8%),1.5,445630,0,,0,0,0,1208350,virtual_dummy.xlsx,L50_결제주기,2026-10-05T01:15
PH_DUMMY_01,2026-05-19,VA,월 마감 → 익월 말일 결제,2개월 이내 (상한 1.2%),1.2,479230,0,,0,0,0,61106990,virtual_dummy.xlsx,L50_결제주기,2026-10-05T01:15
PH_DUMMY_01,2026-05-19,VB,월 마감 → 익익월 말일 결제,3개월 이내 (상한 0.6%),0.6,159740,0,,0,0,0,33556740,virtual_dummy.xlsx,L50_결제주기,2026-10-05T01:15
PH_DUMMY_01,2026-05-19,VC,월 마감 → 익월 10일 결제,1개월 이내 (상한 1.8%),1.5,0,0,,0,0,0,1208350,virtual_dummy.xlsx,L50_결제주기,2026-10-05T01:15
PH_DUMMY_01,2026-05-20,VA,월 마감 → 익월 말일 결제,2개월 이내 (상한 1.2%),1.2,298840,0,,0,0,0,61405830,virtual_dummy.xlsx,L50_결제주기,2026-10-05T01:15
PH_DUMMY_01,2026-05-20,VB,월 마감 → 익익월 말일 결제,3개월 이내 (상한 0.6%),0.6,99610,0,,0,0,0,33656350,virtual_dummy.xlsx,L50_결제주기,2026-10-05T01:15
PH_DUMMY_01,2026-05-20,VC,월 마감 → 익월 10일 결제,1개월 이내 (상한 1.8%),1.5,0,0,,0,0,0,1208350,virtual_dummy.xlsx,L50_결제주기,2026-10-05T01:15
PH_DUMMY_01,2026-05-21,VA,월 마감 → 익월 말일 결제,2개월 이내 (상한 1.2%),1.2,508950,0,,0,0,0,61914780,virtual_dummy.xlsx,L50_결제주기,2026-10-05T01:15
PH_DUMMY_01,2026-05-21,VB,월 마감 → 익익월 말일 결제,3개월 이내 (상한 0.6%),0.6,169650,0,,0,0,0,33826000,virtual_dummy.xlsx,L50_결제주기,2026-10-05T01:15
PH_DUMMY_01,2026-05-21,VC,월 마감 → 익월 10일 결제,1개월 이내 (상한 1.8%),1.5,0,0,,0,0,0,1208350,virtual_dummy.xlsx,L50_결제주기,2026-10-05T01:15
PH_DUMMY_01,2026-05-22,VA,월 마감 → 익월 말일 결제,2개월 이내 (상한 1.2%),1.2,497970,0,,0,0,0,62412750,virtual_dummy.xlsx,L50_결제주기,2026-10-05T01:15
PH_DUMMY_01,2026-05-22,VB,월 마감 → 익익월 말일 결제,3개월 이내 (상한 0.6%),0.6,165990,0,,0,0,0,33991990,virtual_dummy.xlsx,L50_결제주기,2026-10-05T01:15
PH_DUMMY_01,2026-05-22,VC,월 마감 → 익월 10일 결제,1개월 이내 (상한 1.8%),1.5,0,0,,0,0,0,1208350,virtual_dummy.xlsx,L50_결제주기,2026-10-05T01:15
PH_DUMMY_01,2026-05-23,VA,월 마감 → 익월 말일 결제,2개월 이내 (상한 1.2%),1.2,269790,0,,0,0,0,62682540,virtual_dummy.xlsx,L50_결제주기,2026-10-05T01:15
PH_DUMMY_01,2026-05-23,VB,월 마감 → 익익월 말일 결제,3개월 이내 (상한 0.6%),0.6,89930,0,,0,0,0,34081920,virtual_dummy.xlsx,L50_결제주기,2026-10-05T01:15
PH_DUMMY_01,2026-05-23,VC,월 마감 → 익월 10일 결제,1개월 이내 (상한 1.8%),1.5,0,0,,0,0,0,1208350,virtual_dummy.xlsx,L50_결제주기,2026-10-05T01:15
PH_DUMMY_01,2026-05-24,VA,월 마감 → 익월 말일 결제,2개월 이내 (상한 1.2%),1.2,0,0,,0,0,0,62682540,virtual_dummy.xlsx,L50_결제주기,2026-10-05T01:15
PH_DUMMY_01,2026-05-24,VB,월 마감 → 익익월 말일 결제,3개월 이내 (상한 0.6%),0.6,0,0,,0,0,0,34081920,virtual_dummy.xlsx,L50_결제주기,2026-10-05T01:15
PH_DUMMY_01,2026-05-24,VC,월 마감 → 익월 10일 결제,1개월 이내 (상한 1.8%),1.5,0,0,,0,0,0,1208350,virtual_dummy.xlsx,L50_결제주기,2026-10-05T01:15
PH_DUMMY_01,2026-05-25,VA,월 마감 → 익월 말일 결제,2개월 이내 (상한 1.2%),1.2,0,0,,0,0,0,62682540,virtual_dummy.xlsx,L50_결제주기,2026-10-05T01:15
PH_DUMMY_01,2026-05-25,VB,월 마감 → 익익월 말일 결제,3개월 이내 (상한 0.6%),0.6,0,0,,0,0,0,34081920,virtual_dummy.xlsx,L50_결제주기,2026-10-05T01:15
PH_DUMMY_01,2026-05-25,VC,월 마감 → 익월 10일 결제,1개월 이내 (상한 1.8%),1.5,0,0,,0,0,0,1208350,virtual_dummy.xlsx,L50_결제주기,2026-10-05T01:15
PH_DUMMY_01,2026-05-26,VA,월 마감 → 익월 말일 결제,2개월 이내 (상한 1.2%),1.2,8057430,0,,0,0,0,70739970,virtual_dummy.xlsx,L50_결제주기,2026-10-05T01:15
PH_DUMMY_01,2026-05-26,VB,월 마감 → 익익월 말일 결제,3개월 이내 (상한 0.6%),0.6,2029190,0,,0,0,0,36111110,virtual_dummy.xlsx,L50_결제주기,2026-10-05T01:15
PH_DUMMY_01,2026-05-26,VC,월 마감 → 익월 10일 결제,1개월 이내 (상한 1.8%),1.5,534190,0,,0,0,0,1742540,virtual_dummy.xlsx,L50_결제주기,2026-10-05T01:15
PH_DUMMY_01,2026-05-27,VA,월 마감 → 익월 말일 결제,2개월 이내 (상한 1.2%),1.2,339760,0,,0,0,0,71079730,virtual_dummy.xlsx,L50_결제주기,2026-10-05T01:15
PH_DUMMY_01,2026-05-27,VB,월 마감 → 익익월 말일 결제,3개월 이내 (상한 0.6%),0.6,113250,0,,0,0,0,36224360,virtual_dummy.xlsx,L50_결제주기,2026-10-05T01:15
PH_DUMMY_01,2026-05-27,VC,월 마감 → 익월 10일 결제,1개월 이내 (상한 1.8%),1.5,0,0,,0,0,0,1742540,virtual_dummy.xlsx,L50_결제주기,2026-10-05T01:15
PH_DUMMY_01,2026-05-28,VA,월 마감 → 익월 말일 결제,2개월 이내 (상한 1.2%),1.2,320050,0,,0,0,0,71399780,virtual_dummy.xlsx,L50_결제주기,2026-10-05T01:15
PH_DUMMY_01,2026-05-28,VB,월 마감 → 익익월 말일 결제,3개월 이내 (상한 0.6%),0.6,106680,0,,0,0,0,36331040,virtual_dummy.xlsx,L50_결제주기,2026-10-05T01:15
PH_DUMMY_01,2026-05-28,VC,월 마감 → 익월 10일 결제,1개월 이내 (상한 1.8%),1.5,0,0,,0,0,0,1742540,virtual_dummy.xlsx,L50_결제주기,2026-10-05T01:15
PH_DUMMY_01,2026-05-29,VA,월 마감 → 익월 말일 결제,2개월 이내 (상한 1.2%),1.2,737130,0,2026-04 매입분,39217550,470610,38746940,32919360,virtual_dummy.xlsx,L50_결제주기,2026-10-05T01:15
PH_DUMMY_01,2026-05-29,VB,월 마감 → 익익월 말일 결제,3개월 이내 (상한 0.6%),0.6,245710,52830,2026-03 매입분,14142350,84850,14057500,22381570,virtual_dummy.xlsx,L50_결제주기,2026-10-05T01:15
PH_DUMMY_01,2026-05-29,VC,월 마감 → 익월 10일 결제,1개월 이내 (상한 1.8%),1.5,0,0,,0,0,0,1742540,virtual_dummy.xlsx,L50_결제주기,2026-10-05T01:15
PH_DUMMY_01,2026-05-30,VA,월 마감 → 익월 말일 결제,2개월 이내 (상한 1.2%),1.2,169930,88390,,0,0,0,33000900,virtual_dummy.xlsx,L50_결제주기,2026-10-05T01:15
PH_DUMMY_01,2026-05-30,VB,월 마감 → 익익월 말일 결제,3개월 이내 (상한 0.6%),0.6,56640,7860,,0,0,0,22430350,virtual_dummy.xlsx,L50_결제주기,2026-10-05T01:15
PH_DUMMY_01,2026-05-30,VC,월 마감 → 익월 10일 결제,1개월 이내 (상한 1.8%),1.5,0,0,,0,0,0,1742540,virtual_dummy.xlsx,L50_결제주기,2026-10-05T01:15
PH_DUMMY_01,2026-05-31,VA,월 마감 → 익월 말일 결제,2개월 이내 (상한 1.2%),1.2,0,0,,0,0,0,33000900,virtual_dummy.xlsx,L50_결제주기,2026-10-05T01:15
PH_DUMMY_01,2026-05-31,VB,월 마감 → 익익월 말일 결제,3개월 이내 (상한 0.6%),0.6,0,0,,0,0,0,22430350,virtual_dummy.xlsx,L50_결제주기,2026-10-05T01:15
PH_DUMMY_01,2026-05-31,VC,월 마감 → 익월 10일 결제,1개월 이내 (상한 1.8%),1.5,0,0,,0,0,0,1742540,virtual_dummy.xlsx,L50_결제주기,2026-10-05T01:15
PH_DUMMY_01,2026-06-01,VA,월 마감 → 익월 말일 결제,2개월 이내 (상한 1.2%),1.2,5752650,0,,0,0,0,38753550,virtual_dummy.xlsx,L50_결제주기,2026-10-05T01:15
PH_DUMMY_01,2026-06-01,VB,월 마감 → 익익월 말일 결제,3개월 이내 (상한 0.6%),0.6,1868600,0,,0,0,0,24298950,virtual_dummy.xlsx,L50_결제주기,2026-10-05T01:15
PH_DUMMY_01,2026-06-01,VC,월 마감 → 익월 10일 결제,1개월 이내 (상한 1.8%),1.5,205070,0,,0,0,0,1947610,virtual_dummy.xlsx,L50_결제주기,2026-10-05T01:15
PH_DUMMY_01,2026-06-02,VA,월 마감 → 익월 말일 결제,2개월 이내 (상한 1.2%),1.2,689720,0,,0,0,0,39443270,virtual_dummy.xlsx,L50_결제주기,2026-10-05T01:15
PH_DUMMY_01,2026-06-02,VB,월 마감 → 익익월 말일 결제,3개월 이내 (상한 0.6%),0.6,229900,0,,0,0,0,24528850,virtual_dummy.xlsx,L50_결제주기,2026-10-05T01:15
PH_DUMMY_01,2026-06-02,VC,월 마감 → 익월 10일 결제,1개월 이내 (상한 1.8%),1.5,0,0,,0,0,0,1947610,virtual_dummy.xlsx,L50_결제주기,2026-10-05T01:15
PH_DUMMY_01,2026-06-03,VA,월 마감 → 익월 말일 결제,2개월 이내 (상한 1.2%),1.2,0,0,,0,0,0,39443270,virtual_dummy.xlsx,L50_결제주기,2026-10-05T01:15
PH_DUMMY_01,2026-06-03,VB,월 마감 → 익익월 말일 결제,3개월 이내 (상한 0.6%),0.6,0,0,,0,0,0,24528850,virtual_dummy.xlsx,L50_결제주기,2026-10-05T01:15
PH_DUMMY_01,2026-06-03,VC,월 마감 → 익월 10일 결제,1개월 이내 (상한 1.8%),1.5,0,0,,0,0,0,1947610,virtual_dummy.xlsx,L50_결제주기,2026-10-05T01:15
PH_DUMMY_01,2026-06-04,VA,월 마감 → 익월 말일 결제,2개월 이내 (상한 1.2%),1.2,490150,0,,0,0,0,39933420,virtual_dummy.xlsx,L50_결제주기,2026-10-05T01:15
PH_DUMMY_01,2026-06-04,VB,월 마감 → 익익월 말일 결제,3개월 이내 (상한 0.6%),0.6,163380,9290,,0,0,0,24682940,virtual_dummy.xlsx,L50_결제주기,2026-10-05T01:15
PH_DUMMY_01,2026-06-04,VC,월 마감 → 익월 10일 결제,1개월 이내 (상한 1.8%),1.5,0,0,,0,0,0,1947610,virtual_dummy.xlsx,L50_결제주기,2026-10-05T01:15
PH_DUMMY_01,2026-06-05,VA,월 마감 → 익월 말일 결제,2개월 이내 (상한 1.2%),1.2,427010,0,,0,0,0,40360430,virtual_dummy.xlsx,L50_결제주기,2026-10-05T01:15
PH_DUMMY_01,2026-06-05,VB,월 마감 → 익익월 말일 결제,3개월 이내 (상한 0.6%),0.6,142340,0,,0,0,0,24825280,virtual_dummy.xlsx,L50_결제주기,2026-10-05T01:15
PH_DUMMY_01,2026-06-05,VC,월 마감 → 익월 10일 결제,1개월 이내 (상한 1.8%),1.5,0,0,,0,0,0,1947610,virtual_dummy.xlsx,L50_결제주기,2026-10-05T01:15
PH_DUMMY_01,2026-06-06,VA,월 마감 → 익월 말일 결제,2개월 이내 (상한 1.2%),1.2,0,0,,0,0,0,40360430,virtual_dummy.xlsx,L50_결제주기,2026-10-05T01:15
PH_DUMMY_01,2026-06-06,VB,월 마감 → 익익월 말일 결제,3개월 이내 (상한 0.6%),0.6,0,0,,0,0,0,24825280,virtual_dummy.xlsx,L50_결제주기,2026-10-05T01:15
PH_DUMMY_01,2026-06-06,VC,월 마감 → 익월 10일 결제,1개월 이내 (상한 1.8%),1.5,0,0,,0,0,0,1947610,virtual_dummy.xlsx,L50_결제주기,2026-10-05T01:15
PH_DUMMY_01,2026-06-07,VA,월 마감 → 익월 말일 결제,2개월 이내 (상한 1.2%),1.2,0,0,,0,0,0,40360430,virtual_dummy.xlsx,L50_결제주기,2026-10-05T01:15
PH_DUMMY_01,2026-06-07,VB,월 마감 → 익익월 말일 결제,3개월 이내 (상한 0.6%),0.6,0,0,,0,0,0,24825280,virtual_dummy.xlsx,L50_결제주기,2026-10-05T01:15
PH_DUMMY_01,2026-06-07,VC,월 마감 → 익월 10일 결제,1개월 이내 (상한 1.8%),1.5,0,0,,0,0,0,1947610,virtual_dummy.xlsx,L50_결제주기,2026-10-05T01:15
PH_DUMMY_01,2026-06-08,VA,월 마감 → 익월 말일 결제,2개월 이내 (상한 1.2%),1.2,5333730,0,,0,0,0,45694160,virtual_dummy.xlsx,L50_결제주기,2026-10-05T01:15
PH_DUMMY_01,2026-06-08,VB,월 마감 → 익익월 말일 결제,3개월 이내 (상한 0.6%),0.6,1789110,0,,0,0,0,26614390,virtual_dummy.xlsx,L50_결제주기,2026-10-05T01:15
PH_DUMMY_01,2026-06-08,VC,월 마감 → 익월 10일 결제,1개월 이내 (상한 1.8%),1.5,428880,0,,0,0,0,2376490,virtual_dummy.xlsx,L50_결제주기,2026-10-05T01:15
PH_DUMMY_01,2026-06-09,VA,월 마감 → 익월 말일 결제,2개월 이내 (상한 1.2%),1.2,324980,0,,0,0,0,46019140,virtual_dummy.xlsx,L50_결제주기,2026-10-05T01:15
PH_DUMMY_01,2026-06-09,VB,월 마감 → 익익월 말일 결제,3개월 이내 (상한 0.6%),0.6,108330,0,,0,0,0,26722720,virtual_dummy.xlsx,L50_결제주기,2026-10-05T01:15
PH_DUMMY_01,2026-06-09,VC,월 마감 → 익월 10일 결제,1개월 이내 (상한 1.8%),1.5,0,0,,0,0,0,2376490,virtual_dummy.xlsx,L50_결제주기,2026-10-05T01:15
PH_DUMMY_01,2026-06-10,VA,월 마감 → 익월 말일 결제,2개월 이내 (상한 1.2%),1.2,254570,0,,0,0,0,46273710,virtual_dummy.xlsx,L50_결제주기,2026-10-05T01:15
PH_DUMMY_01,2026-06-10,VB,월 마감 → 익익월 말일 결제,3개월 이내 (상한 0.6%),0.6,84860,0,,0,0,0,26807580,virtual_dummy.xlsx,L50_결제주기,2026-10-05T01:15
PH_DUMMY_01,2026-06-10,VC,월 마감 → 익월 10일 결제,1개월 이내 (상한 1.8%),1.5,0,0,2026-05 매입분,1742540,26140,1716400,633950,virtual_dummy.xlsx,L50_결제주기,2026-10-05T01:15
PH_DUMMY_01,2026-06-11,VA,월 마감 → 익월 말일 결제,2개월 이내 (상한 1.2%),1.2,472900,0,,0,0,0,46746610,virtual_dummy.xlsx,L50_결제주기,2026-10-05T01:15
PH_DUMMY_01,2026-06-11,VB,월 마감 → 익익월 말일 결제,3개월 이내 (상한 0.6%),0.6,157630,0,,0,0,0,26965210,virtual_dummy.xlsx,L50_결제주기,2026-10-05T01:15
PH_DUMMY_01,2026-06-11,VC,월 마감 → 익월 10일 결제,1개월 이내 (상한 1.8%),1.5,0,0,,0,0,0,633950,virtual_dummy.xlsx,L50_결제주기,2026-10-05T01:15
PH_DUMMY_01,2026-06-12,VA,월 마감 → 익월 말일 결제,2개월 이내 (상한 1.2%),1.2,370470,0,,0,0,0,47117080,virtual_dummy.xlsx,L50_결제주기,2026-10-05T01:15
PH_DUMMY_01,2026-06-12,VB,월 마감 → 익익월 말일 결제,3개월 이내 (상한 0.6%),0.6,123490,0,,0,0,0,27088700,virtual_dummy.xlsx,L50_결제주기,2026-10-05T01:15
PH_DUMMY_01,2026-06-12,VC,월 마감 → 익월 10일 결제,1개월 이내 (상한 1.8%),1.5,0,0,,0,0,0,633950,virtual_dummy.xlsx,L50_결제주기,2026-10-05T01:15
PH_DUMMY_01,2026-06-13,VA,월 마감 → 익월 말일 결제,2개월 이내 (상한 1.2%),1.2,265160,0,,0,0,0,47382240,virtual_dummy.xlsx,L50_결제주기,2026-10-05T01:15
PH_DUMMY_01,2026-06-13,VB,월 마감 → 익익월 말일 결제,3개월 이내 (상한 0.6%),0.6,88390,0,,0,0,0,27177090,virtual_dummy.xlsx,L50_결제주기,2026-10-05T01:15
PH_DUMMY_01,2026-06-13,VC,월 마감 → 익월 10일 결제,1개월 이내 (상한 1.8%),1.5,0,0,,0,0,0,633950,virtual_dummy.xlsx,L50_결제주기,2026-10-05T01:15
PH_DUMMY_01,2026-06-14,VA,월 마감 → 익월 말일 결제,2개월 이내 (상한 1.2%),1.2,0,0,,0,0,0,47382240,virtual_dummy.xlsx,L50_결제주기,2026-10-05T01:15
PH_DUMMY_01,2026-06-14,VB,월 마감 → 익익월 말일 결제,3개월 이내 (상한 0.6%),0.6,0,0,,0,0,0,27177090,virtual_dummy.xlsx,L50_결제주기,2026-10-05T01:15
PH_DUMMY_01,2026-06-14,VC,월 마감 → 익월 10일 결제,1개월 이내 (상한 1.8%),1.5,0,0,,0,0,0,633950,virtual_dummy.xlsx,L50_결제주기,2026-10-05T01:15
PH_DUMMY_01,2026-06-15,VA,월 마감 → 익월 말일 결제,2개월 이내 (상한 1.2%),1.2,5543710,0,,0,0,0,52925950,virtual_dummy.xlsx,L50_결제주기,2026-10-05T01:15
PH_DUMMY_01,2026-06-15,VB,월 마감 → 익익월 말일 결제,3개월 이내 (상한 0.6%),0.6,1746710,0,,0,0,0,28923800,virtual_dummy.xlsx,L50_결제주기,2026-10-05T01:15
PH_DUMMY_01,2026-06-15,VC,월 마감 → 익월 10일 결제,1개월 이내 (상한 1.8%),1.5,386750,0,,0,0,0,1020700,virtual_dummy.xlsx,L50_결제주기,2026-10-05T01:15
PH_DUMMY_01,2026-06-16,VA,월 마감 → 익월 말일 결제,2개월 이내 (상한 1.2%),1.2,539360,0,,0,0,0,53465310,virtual_dummy.xlsx,L50_결제주기,2026-10-05T01:15
PH_DUMMY_01,2026-06-16,VB,월 마감 → 익익월 말일 결제,3개월 이내 (상한 0.6%),0.6,179790,0,,0,0,0,29103590,virtual_dummy.xlsx,L50_결제주기,2026-10-05T01:15
PH_DUMMY_01,2026-06-16,VC,월 마감 → 익월 10일 결제,1개월 이내 (상한 1.8%),1.5,0,0,,0,0,0,1020700,virtual_dummy.xlsx,L50_결제주기,2026-10-05T01:15
PH_DUMMY_01,2026-06-17,VA,월 마감 → 익월 말일 결제,2개월 이내 (상한 1.2%),1.2,613240,0,,0,0,0,54078550,virtual_dummy.xlsx,L50_결제주기,2026-10-05T01:15
PH_DUMMY_01,2026-06-17,VB,월 마감 → 익익월 말일 결제,3개월 이내 (상한 0.6%),0.6,204410,0,,0,0,0,29308000,virtual_dummy.xlsx,L50_결제주기,2026-10-05T01:15
PH_DUMMY_01,2026-06-17,VC,월 마감 → 익월 10일 결제,1개월 이내 (상한 1.8%),1.5,0,0,,0,0,0,1020700,virtual_dummy.xlsx,L50_결제주기,2026-10-05T01:15
PH_DUMMY_01,2026-06-18,VA,월 마감 → 익월 말일 결제,2개월 이내 (상한 1.2%),1.2,473420,0,,0,0,0,54551970,virtual_dummy.xlsx,L50_결제주기,2026-10-05T01:15
PH_DUMMY_01,2026-06-18,VB,월 마감 → 익익월 말일 결제,3개월 이내 (상한 0.6%),0.6,157810,0,,0,0,0,29465810,virtual_dummy.xlsx,L50_결제주기,2026-10-05T01:15
PH_DUMMY_01,2026-06-18,VC,월 마감 → 익월 10일 결제,1개월 이내 (상한 1.8%),1.5,0,0,,0,0,0,1020700,virtual_dummy.xlsx,L50_결제주기,2026-10-05T01:15
PH_DUMMY_01,2026-06-19,VA,월 마감 → 익월 말일 결제,2개월 이내 (상한 1.2%),1.2,366600,0,,0,0,0,54918570,virtual_dummy.xlsx,L50_결제주기,2026-10-05T01:15
PH_DUMMY_01,2026-06-19,VB,월 마감 → 익익월 말일 결제,3개월 이내 (상한 0.6%),0.6,122200,0,,0,0,0,29588010,virtual_dummy.xlsx,L50_결제주기,2026-10-05T01:15
PH_DUMMY_01,2026-06-19,VC,월 마감 → 익월 10일 결제,1개월 이내 (상한 1.8%),1.5,0,0,,0,0,0,1020700,virtual_dummy.xlsx,L50_결제주기,2026-10-05T01:15
PH_DUMMY_01,2026-06-20,VA,월 마감 → 익월 말일 결제,2개월 이내 (상한 1.2%),1.2,260780,0,,0,0,0,55179350,virtual_dummy.xlsx,L50_결제주기,2026-10-05T01:15
PH_DUMMY_01,2026-06-20,VB,월 마감 → 익익월 말일 결제,3개월 이내 (상한 0.6%),0.6,86930,0,,0,0,0,29674940,virtual_dummy.xlsx,L50_결제주기,2026-10-05T01:15
PH_DUMMY_01,2026-06-20,VC,월 마감 → 익월 10일 결제,1개월 이내 (상한 1.8%),1.5,0,0,,0,0,0,1020700,virtual_dummy.xlsx,L50_결제주기,2026-10-05T01:15
PH_DUMMY_01,2026-06-21,VA,월 마감 → 익월 말일 결제,2개월 이내 (상한 1.2%),1.2,0,0,,0,0,0,55179350,virtual_dummy.xlsx,L50_결제주기,2026-10-05T01:15
PH_DUMMY_01,2026-06-21,VB,월 마감 → 익익월 말일 결제,3개월 이내 (상한 0.6%),0.6,0,0,,0,0,0,29674940,virtual_dummy.xlsx,L50_결제주기,2026-10-05T01:15
PH_DUMMY_01,2026-06-21,VC,월 마감 → 익월 10일 결제,1개월 이내 (상한 1.8%),1.5,0,0,,0,0,0,1020700,virtual_dummy.xlsx,L50_결제주기,2026-10-05T01:15
PH_DUMMY_01,2026-06-22,VA,월 마감 → 익월 말일 결제,2개월 이내 (상한 1.2%),1.2,8069330,0,,0,0,0,63248680,virtual_dummy.xlsx,L50_결제주기,2026-10-05T01:15
PH_DUMMY_01,2026-06-22,VB,월 마감 → 익익월 말일 결제,3개월 이내 (상한 0.6%),0.6,2102860,0,,0,0,0,31777800,virtual_dummy.xlsx,L50_결제주기,2026-10-05T01:15
PH_DUMMY_01,2026-06-22,VC,월 마감 → 익월 10일 결제,1개월 이내 (상한 1.8%),1.5,266250,0,,0,0,0,1286950,virtual_dummy.xlsx,L50_결제주기,2026-10-05T01:15
PH_DUMMY_01,2026-06-23,VA,월 마감 → 익월 말일 결제,2개월 이내 (상한 1.2%),1.2,281000,0,,0,0,0,63529680,virtual_dummy.xlsx,L50_결제주기,2026-10-05T01:15
PH_DUMMY_01,2026-06-23,VB,월 마감 → 익익월 말일 결제,3개월 이내 (상한 0.6%),0.6,93670,0,,0,0,0,31871470,virtual_dummy.xlsx,L50_결제주기,2026-10-05T01:15
PH_DUMMY_01,2026-06-23,VC,월 마감 → 익월 10일 결제,1개월 이내 (상한 1.8%),1.5,0,0,,0,0,0,1286950,virtual_dummy.xlsx,L50_결제주기,2026-10-05T01:15
PH_DUMMY_01,2026-06-24,VA,월 마감 → 익월 말일 결제,2개월 이내 (상한 1.2%),1.2,312460,0,,0,0,0,63842140,virtual_dummy.xlsx,L50_결제주기,2026-10-05T01:15
PH_DUMMY_01,2026-06-24,VB,월 마감 → 익익월 말일 결제,3개월 이내 (상한 0.6%),0.6,104150,0,,0,0,0,31975620,virtual_dummy.xlsx,L50_결제주기,2026-10-05T01:15
PH_DUMMY_01,2026-06-24,VC,월 마감 → 익월 10일 결제,1개월 이내 (상한 1.8%),1.5,0,0,,0,0,0,1286950,virtual_dummy.xlsx,L50_결제주기,2026-10-05T01:15
PH_DUMMY_01,2026-06-25,VA,월 마감 → 익월 말일 결제,2개월 이내 (상한 1.2%),1.2,487260,0,,0,0,0,64329400,virtual_dummy.xlsx,L50_결제주기,2026-10-05T01:15
PH_DUMMY_01,2026-06-25,VB,월 마감 → 익익월 말일 결제,3개월 이내 (상한 0.6%),0.6,162420,0,,0,0,0,32138040,virtual_dummy.xlsx,L50_결제주기,2026-10-05T01:15
PH_DUMMY_01,2026-06-25,VC,월 마감 → 익월 10일 결제,1개월 이내 (상한 1.8%),1.5,0,0,,0,0,0,1286950,virtual_dummy.xlsx,L50_결제주기,2026-10-05T01:15
PH_DUMMY_01,2026-06-26,VA,월 마감 → 익월 말일 결제,2개월 이내 (상한 1.2%),1.2,471210,0,,0,0,0,64800610,virtual_dummy.xlsx,L50_결제주기,2026-10-05T01:15
PH_DUMMY_01,2026-06-26,VB,월 마감 → 익익월 말일 결제,3개월 이내 (상한 0.6%),0.6,157070,0,,0,0,0,32295110,virtual_dummy.xlsx,L50_결제주기,2026-10-05T01:15
PH_DUMMY_01,2026-06-26,VC,월 마감 → 익월 10일 결제,1개월 이내 (상한 1.8%),1.5,0,0,,0,0,0,1286950,virtual_dummy.xlsx,L50_결제주기,2026-10-05T01:15
PH_DUMMY_01,2026-06-27,VA,월 마감 → 익월 말일 결제,2개월 이내 (상한 1.2%),1.2,136770,0,,0,0,0,64937380,virtual_dummy.xlsx,L50_결제주기,2026-10-05T01:15
PH_DUMMY_01,2026-06-27,VB,월 마감 → 익익월 말일 결제,3개월 이내 (상한 0.6%),0.6,45590,0,,0,0,0,32340700,virtual_dummy.xlsx,L50_결제주기,2026-10-05T01:15
PH_DUMMY_01,2026-06-27,VC,월 마감 → 익월 10일 결제,1개월 이내 (상한 1.8%),1.5,0,0,,0,0,0,1286950,virtual_dummy.xlsx,L50_결제주기,2026-10-05T01:15
PH_DUMMY_01,2026-06-28,VA,월 마감 → 익월 말일 결제,2개월 이내 (상한 1.2%),1.2,0,0,,0,0,0,64937380,virtual_dummy.xlsx,L50_결제주기,2026-10-05T01:15
PH_DUMMY_01,2026-06-28,VB,월 마감 → 익익월 말일 결제,3개월 이내 (상한 0.6%),0.6,0,0,,0,0,0,32340700,virtual_dummy.xlsx,L50_결제주기,2026-10-05T01:15
PH_DUMMY_01,2026-06-28,VC,월 마감 → 익월 10일 결제,1개월 이내 (상한 1.8%),1.5,0,0,,0,0,0,1286950,virtual_dummy.xlsx,L50_결제주기,2026-10-05T01:15
PH_DUMMY_01,2026-06-29,VA,월 마감 → 익월 말일 결제,2개월 이내 (상한 1.2%),1.2,6990090,0,,0,0,0,71927470,virtual_dummy.xlsx,L50_결제주기,2026-10-05T01:15
PH_DUMMY_01,2026-06-29,VB,월 마감 → 익익월 말일 결제,3개월 이내 (상한 0.6%),0.6,2246890,0,,0,0,0,34587590,virtual_dummy.xlsx,L50_결제주기,2026-10-05T01:15
PH_DUMMY_01,2026-06-29,VC,월 마감 → 익월 10일 결제,1개월 이내 (상한 1.8%),1.5,447810,0,,0,0,0,1734760,virtual_dummy.xlsx,L50_결제주기,2026-10-05T01:15
PH_DUMMY_01,2026-06-30,VA,월 마감 → 익월 말일 결제,2개월 이내 (상한 1.2%),1.2,283670,92430,2026-05 매입분,33000900,396010,32604890,39117810,virtual_dummy.xlsx,L50_결제주기,2026-10-05T01:15
PH_DUMMY_01,2026-06-30,VB,월 마감 → 익익월 말일 결제,3개월 이내 (상한 0.6%),0.6,94560,14780,2026-04 매입분,12472420,74830,12397590,22194950,virtual_dummy.xlsx,L50_결제주기,2026-10-05T01:15
PH_DUMMY_01,2026-06-30,VC,월 마감 → 익월 10일 결제,1개월 이내 (상한 1.8%),1.5,0,0,,0,0,0,1734760,virtual_dummy.xlsx,L50_결제주기,2026-10-05T01:15
PH_DUMMY_01,2026-07-01,VA,월 마감 → 익월 말일 결제,2개월 이내 (상한 1.2%),1.2,192480,0,,0,0,0,39310290,virtual_dummy.xlsx,L50_결제주기,2026-10-05T01:15
PH_DUMMY_01,2026-07-01,VB,월 마감 → 익익월 말일 결제,3개월 이내 (상한 0.6%),0.6,64160,0,,0,0,0,22259110,virtual_dummy.xlsx,L50_결제주기,2026-10-05T01:15
PH_DUMMY_01,2026-07-01,VC,월 마감 → 익월 10일 결제,1개월 이내 (상한 1.8%),1.5,0,0,,0,0,0,1734760,virtual_dummy.xlsx,L50_결제주기,2026-10-05T01:15
PH_DUMMY_01,2026-07-02,VA,월 마감 → 익월 말일 결제,2개월 이내 (상한 1.2%),1.2,298050,0,,0,0,0,39608340,virtual_dummy.xlsx,L50_결제주기,2026-10-05T01:15
PH_DUMMY_01,2026-07-02,VB,월 마감 → 익익월 말일 결제,3개월 이내 (상한 0.6%),0.6,99350,0,,0,0,0,22358460,virtual_dummy.xlsx,L50_결제주기,2026-10-05T01:15
PH_DUMMY_01,2026-07-02,VC,월 마감 → 익월 10일 결제,1개월 이내 (상한 1.8%),1.5,0,0,,0,0,0,1734760,virtual_dummy.xlsx,L50_결제주기,2026-10-05T01:15
PH_DUMMY_01,2026-07-03,VA,월 마감 → 익월 말일 결제,2개월 이내 (상한 1.2%),1.2,375560,0,,0,0,0,39983900,virtual_dummy.xlsx,L50_결제주기,2026-10-05T01:15
PH_DUMMY_01,2026-07-03,VB,월 마감 → 익익월 말일 결제,3개월 이내 (상한 0.6%),0.6,125190,0,,0,0,0,22483650,virtual_dummy.xlsx,L50_결제주기,2026-10-05T01:15
PH_DUMMY_01,2026-07-03,VC,월 마감 → 익월 10일 결제,1개월 이내 (상한 1.8%),1.5,0,0,,0,0,0,1734760,virtual_dummy.xlsx,L50_결제주기,2026-10-05T01:15
PH_DUMMY_01,2026-07-04,VA,월 마감 → 익월 말일 결제,2개월 이내 (상한 1.2%),1.2,250140,0,,0,0,0,40234040,virtual_dummy.xlsx,L50_결제주기,2026-10-05T01:15
PH_DUMMY_01,2026-07-04,VB,월 마감 → 익익월 말일 결제,3개월 이내 (상한 0.6%),0.6,83380,0,,0,0,0,22567030,virtual_dummy.xlsx,L50_결제주기,2026-10-05T01:15
PH_DUMMY_01,2026-07-04,VC,월 마감 → 익월 10일 결제,1개월 이내 (상한 1.8%),1.5,0,0,,0,0,0,1734760,virtual_dummy.xlsx,L50_결제주기,2026-10-05T01:15
PH_DUMMY_01,2026-07-05,VA,월 마감 → 익월 말일 결제,2개월 이내 (상한 1.2%),1.2,0,0,,0,0,0,40234040,virtual_dummy.xlsx,L50_결제주기,2026-10-05T01:15
PH_DUMMY_01,2026-07-05,VB,월 마감 → 익익월 말일 결제,3개월 이내 (상한 0.6%),0.6,0,0,,0,0,0,22567030,virtual_dummy.xlsx,L50_결제주기,2026-10-05T01:15
PH_DUMMY_01,2026-07-05,VC,월 마감 → 익월 10일 결제,1개월 이내 (상한 1.8%),1.5,0,0,,0,0,0,1734760,virtual_dummy.xlsx,L50_결제주기,2026-10-05T01:15
PH_DUMMY_01,2026-07-06,VA,월 마감 → 익월 말일 결제,2개월 이내 (상한 1.2%),1.2,4952760,0,,0,0,0,45186800,virtual_dummy.xlsx,L50_결제주기,2026-10-05T01:15
PH_DUMMY_01,2026-07-06,VB,월 마감 → 익익월 말일 결제,3개월 이내 (상한 0.6%),0.6,1673070,0,,0,0,0,24240100,virtual_dummy.xlsx,L50_결제주기,2026-10-05T01:15
PH_DUMMY_01,2026-07-06,VC,월 마감 → 익월 10일 결제,1개월 이내 (상한 1.8%),1.5,289950,0,,0,0,0,2024710,virtual_dummy.xlsx,L50_결제주기,2026-10-05T01:15
PH_DUMMY_01,2026-07-07,VA,월 마감 → 익월 말일 결제,2개월 이내 (상한 1.2%),1.2,473810,0,,0,0,0,45660610,virtual_dummy.xlsx,L50_결제주기,2026-10-05T01:15
PH_DUMMY_01,2026-07-07,VB,월 마감 → 익익월 말일 결제,3개월 이내 (상한 0.6%),0.6,157940,0,,0,0,0,24398040,virtual_dummy.xlsx,L50_결제주기,2026-10-05T01:15
PH_DUMMY_01,2026-07-07,VC,월 마감 → 익월 10일 결제,1개월 이내 (상한 1.8%),1.5,0,0,,0,0,0,2024710,virtual_dummy.xlsx,L50_결제주기,2026-10-05T01:15
PH_DUMMY_01,2026-07-08,VA,월 마감 → 익월 말일 결제,2개월 이내 (상한 1.2%),1.2,532900,0,,0,0,0,46193510,virtual_dummy.xlsx,L50_결제주기,2026-10-05T01:15
PH_DUMMY_01,2026-07-08,VB,월 마감 → 익익월 말일 결제,3개월 이내 (상한 0.6%),0.6,177630,0,,0,0,0,24575670,virtual_dummy.xlsx,L50_결제주기,2026-10-05T01:15
PH_DUMMY_01,2026-07-08,VC,월 마감 → 익월 10일 결제,1개월 이내 (상한 1.8%),1.5,0,0,,0,0,0,2024710,virtual_dummy.xlsx,L50_결제주기,2026-10-05T01:15
PH_DUMMY_01,2026-07-09,VA,월 마감 → 익월 말일 결제,2개월 이내 (상한 1.2%),1.2,256710,0,,0,0,0,46450220,virtual_dummy.xlsx,L50_결제주기,2026-10-05T01:15
PH_DUMMY_01,2026-07-09,VB,월 마감 → 익익월 말일 결제,3개월 이내 (상한 0.6%),0.6,85570,0,,0,0,0,24661240,virtual_dummy.xlsx,L50_결제주기,2026-10-05T01:15
PH_DUMMY_01,2026-07-09,VC,월 마감 → 익월 10일 결제,1개월 이내 (상한 1.8%),1.5,0,0,,0,0,0,2024710,virtual_dummy.xlsx,L50_결제주기,2026-10-05T01:15
PH_DUMMY_01,2026-07-10,VA,월 마감 → 익월 말일 결제,2개월 이내 (상한 1.2%),1.2,415650,0,,0,0,0,46865870,virtual_dummy.xlsx,L50_결제주기,2026-10-05T01:15
PH_DUMMY_01,2026-07-10,VB,월 마감 → 익익월 말일 결제,3개월 이내 (상한 0.6%),0.6,138550,0,,0,0,0,24799790,virtual_dummy.xlsx,L50_결제주기,2026-10-05T01:15
PH_DUMMY_01,2026-07-10,VC,월 마감 → 익월 10일 결제,1개월 이내 (상한 1.8%),1.5,0,0,2026-06 매입분,1734760,26020,1708740,289950,virtual_dummy.xlsx,L50_결제주기,2026-10-05T01:15
PH_DUMMY_01,2026-07-11,VA,월 마감 → 익월 말일 결제,2개월 이내 (상한 1.2%),1.2,229110,0,,0,0,0,47094980,virtual_dummy.xlsx,L50_결제주기,2026-10-05T01:15
PH_DUMMY_01,2026-07-11,VB,월 마감 → 익익월 말일 결제,3개월 이내 (상한 0.6%),0.6,76370,0,,0,0,0,24876160,virtual_dummy.xlsx,L50_결제주기,2026-10-05T01:15
PH_DUMMY_01,2026-07-11,VC,월 마감 → 익월 10일 결제,1개월 이내 (상한 1.8%),1.5,0,0,,0,0,0,289950,virtual_dummy.xlsx,L50_결제주기,2026-10-05T01:15
PH_DUMMY_01,2026-07-12,VA,월 마감 → 익월 말일 결제,2개월 이내 (상한 1.2%),1.2,0,0,,0,0,0,47094980,virtual_dummy.xlsx,L50_결제주기,2026-10-05T01:15
PH_DUMMY_01,2026-07-12,VB,월 마감 → 익익월 말일 결제,3개월 이내 (상한 0.6%),0.6,0,0,,0,0,0,24876160,virtual_dummy.xlsx,L50_결제주기,2026-10-05T01:15
PH_DUMMY_01,2026-07-12,VC,월 마감 → 익월 10일 결제,1개월 이내 (상한 1.8%),1.5,0,0,,0,0,0,289950,virtual_dummy.xlsx,L50_결제주기,2026-10-05T01:15
PH_DUMMY_01,2026-07-13,VA,월 마감 → 익월 말일 결제,2개월 이내 (상한 1.2%),1.2,6670450,0,,0,0,0,53765430,virtual_dummy.xlsx,L50_결제주기,2026-10-05T01:15
PH_DUMMY_01,2026-07-13,VB,월 마감 → 익익월 말일 결제,3개월 이내 (상한 0.6%),0.6,2042140,0,,0,0,0,26918300,virtual_dummy.xlsx,L50_결제주기,2026-10-05T01:15
PH_DUMMY_01,2026-07-13,VC,월 마감 → 익월 10일 결제,1개월 이내 (상한 1.8%),1.5,406520,0,,0,0,0,696470,virtual_dummy.xlsx,L50_결제주기,2026-10-05T01:15
PH_DUMMY_01,2026-07-14,VA,월 마감 → 익월 말일 결제,2개월 이내 (상한 1.2%),1.2,344750,0,,0,0,0,54110180,virtual_dummy.xlsx,L50_결제주기,2026-10-05T01:15
PH_DUMMY_01,2026-07-14,VB,월 마감 → 익익월 말일 결제,3개월 이내 (상한 0.6%),0.6,114920,0,,0,0,0,27033220,virtual_dummy.xlsx,L50_결제주기,2026-10-05T01:15
PH_DUMMY_01,2026-07-14,VC,월 마감 → 익월 10일 결제,1개월 이내 (상한 1.8%),1.5,0,0,,0,0,0,696470,virtual_dummy.xlsx,L50_결제주기,2026-10-05T01:15
PH_DUMMY_01,2026-07-15,VA,월 마감 → 익월 말일 결제,2개월 이내 (상한 1.2%),1.2,504930,0,,0,0,0,54615110,virtual_dummy.xlsx,L50_결제주기,2026-10-05T01:15
PH_DUMMY_01,2026-07-15,VB,월 마감 → 익익월 말일 결제,3개월 이내 (상한 0.6%),0.6,168310,0,,0,0,0,27201530,virtual_dummy.xlsx,L50_결제주기,2026-10-05T01:15
PH_DUMMY_01,2026-07-15,VC,월 마감 → 익월 10일 결제,1개월 이내 (상한 1.8%),1.5,0,0,,0,0,0,696470,virtual_dummy.xlsx,L50_결제주기,2026-10-05T01:15
PH_DUMMY_01,2026-07-16,VA,월 마감 → 익월 말일 결제,2개월 이내 (상한 1.2%),1.2,429730,0,,0,0,0,55044840,virtual_dummy.xlsx,L50_결제주기,2026-10-05T01:15
PH_DUMMY_01,2026-07-16,VB,월 마감 → 익익월 말일 결제,3개월 이내 (상한 0.6%),0.6,143240,0,,0,0,0,27344770,virtual_dummy.xlsx,L50_결제주기,2026-10-05T01:15
PH_DUMMY_01,2026-07-16,VC,월 마감 → 익월 10일 결제,1개월 이내 (상한 1.8%),1.5,0,0,,0,0,0,696470,virtual_dummy.xlsx,L50_결제주기,2026-10-05T01:15
PH_DUMMY_01,2026-07-17,VA,월 마감 → 익월 말일 결제,2개월 이내 (상한 1.2%),1.2,0,0,,0,0,0,55044840,virtual_dummy.xlsx,L50_결제주기,2026-10-05T01:15
PH_DUMMY_01,2026-07-17,VB,월 마감 → 익익월 말일 결제,3개월 이내 (상한 0.6%),0.6,0,0,,0,0,0,27344770,virtual_dummy.xlsx,L50_결제주기,2026-10-05T01:15
PH_DUMMY_01,2026-07-17,VC,월 마감 → 익월 10일 결제,1개월 이내 (상한 1.8%),1.5,0,0,,0,0,0,696470,virtual_dummy.xlsx,L50_결제주기,2026-10-05T01:15
PH_DUMMY_01,2026-07-18,VA,월 마감 → 익월 말일 결제,2개월 이내 (상한 1.2%),1.2,349610,0,,0,0,0,55394450,virtual_dummy.xlsx,L50_결제주기,2026-10-05T01:15
PH_DUMMY_01,2026-07-18,VB,월 마감 → 익익월 말일 결제,3개월 이내 (상한 0.6%),0.6,116540,0,,0,0,0,27461310,virtual_dummy.xlsx,L50_결제주기,2026-10-05T01:15
PH_DUMMY_01,2026-07-18,VC,월 마감 → 익월 10일 결제,1개월 이내 (상한 1.8%),1.5,0,0,,0,0,0,696470,virtual_dummy.xlsx,L50_결제주기,2026-10-05T01:15
PH_DUMMY_01,2026-07-19,VA,월 마감 → 익월 말일 결제,2개월 이내 (상한 1.2%),1.2,0,0,,0,0,0,55394450,virtual_dummy.xlsx,L50_결제주기,2026-10-05T01:15
PH_DUMMY_01,2026-07-19,VB,월 마감 → 익익월 말일 결제,3개월 이내 (상한 0.6%),0.6,0,0,,0,0,0,27461310,virtual_dummy.xlsx,L50_결제주기,2026-10-05T01:15
PH_DUMMY_01,2026-07-19,VC,월 마감 → 익월 10일 결제,1개월 이내 (상한 1.8%),1.5,0,0,,0,0,0,696470,virtual_dummy.xlsx,L50_결제주기,2026-10-05T01:15
PH_DUMMY_01,2026-07-20,VA,월 마감 → 익월 말일 결제,2개월 이내 (상한 1.2%),1.2,5314420,0,,0,0,0,60708870,virtual_dummy.xlsx,L50_결제주기,2026-10-05T01:15
PH_DUMMY_01,2026-07-20,VB,월 마감 → 익익월 말일 결제,3개월 이내 (상한 0.6%),0.6,1738910,0,,0,0,0,29200220,virtual_dummy.xlsx,L50_결제주기,2026-10-05T01:15
PH_DUMMY_01,2026-07-20,VC,월 마감 → 익월 10일 결제,1개월 이내 (상한 1.8%),1.5,452820,0,,0,0,0,1149290,virtual_dummy.xlsx,L50_결제주기,2026-10-05T01:15
PH_DUMMY_01,2026-07-21,VA,월 마감 → 익월 말일 결제,2개월 이내 (상한 1.2%),1.2,361370,0,,0,0,0,61070240,virtual_dummy.xlsx,L50_결제주기,2026-10-05T01:15
PH_DUMMY_01,2026-07-21,VB,월 마감 → 익익월 말일 결제,3개월 이내 (상한 0.6%),0.6,120460,0,,0,0,0,29320680,virtual_dummy.xlsx,L50_결제주기,2026-10-05T01:15
PH_DUMMY_01,2026-07-21,VC,월 마감 → 익월 10일 결제,1개월 이내 (상한 1.8%),1.5,0,0,,0,0,0,1149290,virtual_dummy.xlsx,L50_결제주기,2026-10-05T01:15
PH_DUMMY_01,2026-07-22,VA,월 마감 → 익월 말일 결제,2개월 이내 (상한 1.2%),1.2,265740,0,,0,0,0,61335980,virtual_dummy.xlsx,L50_결제주기,2026-10-05T01:15
PH_DUMMY_01,2026-07-22,VB,월 마감 → 익익월 말일 결제,3개월 이내 (상한 0.6%),0.6,88580,0,,0,0,0,29409260,virtual_dummy.xlsx,L50_결제주기,2026-10-05T01:15
PH_DUMMY_01,2026-07-22,VC,월 마감 → 익월 10일 결제,1개월 이내 (상한 1.8%),1.5,0,0,,0,0,0,1149290,virtual_dummy.xlsx,L50_결제주기,2026-10-05T01:15
PH_DUMMY_01,2026-07-23,VA,월 마감 → 익월 말일 결제,2개월 이내 (상한 1.2%),1.2,431420,0,,0,0,0,61767400,virtual_dummy.xlsx,L50_결제주기,2026-10-05T01:15
PH_DUMMY_01,2026-07-23,VB,월 마감 → 익익월 말일 결제,3개월 이내 (상한 0.6%),0.6,143810,0,,0,0,0,29553070,virtual_dummy.xlsx,L50_결제주기,2026-10-05T01:15
PH_DUMMY_01,2026-07-23,VC,월 마감 → 익월 10일 결제,1개월 이내 (상한 1.8%),1.5,0,0,,0,0,0,1149290,virtual_dummy.xlsx,L50_결제주기,2026-10-05T01:15
PH_DUMMY_01,2026-07-24,VA,월 마감 → 익월 말일 결제,2개월 이내 (상한 1.2%),1.2,354130,0,,0,0,0,62121530,virtual_dummy.xlsx,L50_결제주기,2026-10-05T01:15
PH_DUMMY_01,2026-07-24,VB,월 마감 → 익익월 말일 결제,3개월 이내 (상한 0.6%),0.6,118040,0,,0,0,0,29671110,virtual_dummy.xlsx,L50_결제주기,2026-10-05T01:15
PH_DUMMY_01,2026-07-24,VC,월 마감 → 익월 10일 결제,1개월 이내 (상한 1.8%),1.5,0,0,,0,0,0,1149290,virtual_dummy.xlsx,L50_결제주기,2026-10-05T01:15
PH_DUMMY_01,2026-07-25,VA,월 마감 → 익월 말일 결제,2개월 이내 (상한 1.2%),1.2,306430,0,,0,0,0,62427960,virtual_dummy.xlsx,L50_결제주기,2026-10-05T01:15
PH_DUMMY_01,2026-07-25,VB,월 마감 → 익익월 말일 결제,3개월 이내 (상한 0.6%),0.6,102140,0,,0,0,0,29773250,virtual_dummy.xlsx,L50_결제주기,2026-10-05T01:15
PH_DUMMY_01,2026-07-25,VC,월 마감 → 익월 10일 결제,1개월 이내 (상한 1.8%),1.5,0,0,,0,0,0,1149290,virtual_dummy.xlsx,L50_결제주기,2026-10-05T01:15
PH_DUMMY_01,2026-07-26,VA,월 마감 → 익월 말일 결제,2개월 이내 (상한 1.2%),1.2,0,0,,0,0,0,62427960,virtual_dummy.xlsx,L50_결제주기,2026-10-05T01:15
PH_DUMMY_01,2026-07-26,VB,월 마감 → 익익월 말일 결제,3개월 이내 (상한 0.6%),0.6,0,0,,0,0,0,29773250,virtual_dummy.xlsx,L50_결제주기,2026-10-05T01:15
PH_DUMMY_01,2026-07-26,VC,월 마감 → 익월 10일 결제,1개월 이내 (상한 1.8%),1.5,0,0,,0,0,0,1149290,virtual_dummy.xlsx,L50_결제주기,2026-10-05T01:15
PH_DUMMY_01,2026-07-27,VA,월 마감 → 익월 말일 결제,2개월 이내 (상한 1.2%),1.2,5651760,0,,0,0,0,68079720,virtual_dummy.xlsx,L50_결제주기,2026-10-05T01:15
PH_DUMMY_01,2026-07-27,VB,월 마감 → 익익월 말일 결제,3개월 이내 (상한 0.6%),0.6,1715280,0,,0,0,0,31488530,virtual_dummy.xlsx,L50_결제주기,2026-10-05T01:15
PH_DUMMY_01,2026-07-27,VC,월 마감 → 익월 10일 결제,1개월 이내 (상한 1.8%),1.5,511350,0,,0,0,0,1660640,virtual_dummy.xlsx,L50_결제주기,2026-10-05T01:15
PH_DUMMY_01,2026-07-28,VA,월 마감 → 익월 말일 결제,2개월 이내 (상한 1.2%),1.2,570310,0,,0,0,0,68650030,virtual_dummy.xlsx,L50_결제주기,2026-10-05T01:15
PH_DUMMY_01,2026-07-28,VB,월 마감 → 익익월 말일 결제,3개월 이내 (상한 0.6%),0.6,190100,0,,0,0,0,31678630,virtual_dummy.xlsx,L50_결제주기,2026-10-05T01:15
PH_DUMMY_01,2026-07-28,VC,월 마감 → 익월 10일 결제,1개월 이내 (상한 1.8%),1.5,0,0,,0,0,0,1660640,virtual_dummy.xlsx,L50_결제주기,2026-10-05T01:15
PH_DUMMY_01,2026-07-29,VA,월 마감 → 익월 말일 결제,2개월 이내 (상한 1.2%),1.2,386600,0,,0,0,0,69036630,virtual_dummy.xlsx,L50_결제주기,2026-10-05T01:15
PH_DUMMY_01,2026-07-29,VB,월 마감 → 익익월 말일 결제,3개월 이내 (상한 0.6%),0.6,128870,0,,0,0,0,31807500,virtual_dummy.xlsx,L50_결제주기,2026-10-05T01:15
PH_DUMMY_01,2026-07-29,VC,월 마감 → 익월 10일 결제,1개월 이내 (상한 1.8%),1.5,0,0,,0,0,0,1660640,virtual_dummy.xlsx,L50_결제주기,2026-10-05T01:15
PH_DUMMY_01,2026-07-30,VA,월 마감 → 익월 말일 결제,2개월 이내 (상한 1.2%),1.2,427650,0,,0,0,0,69464280,virtual_dummy.xlsx,L50_결제주기,2026-10-05T01:15
PH_DUMMY_01,2026-07-30,VB,월 마감 → 익익월 말일 결제,3개월 이내 (상한 0.6%),0.6,142550,0,,0,0,0,31950050,virtual_dummy.xlsx,L50_결제주기,2026-10-05T01:15
PH_DUMMY_01,2026-07-30,VC,월 마감 → 익월 10일 결제,1개월 이내 (상한 1.8%),1.5,0,0,,0,0,0,1660640,virtual_dummy.xlsx,L50_결제주기,2026-10-05T01:15
PH_DUMMY_01,2026-07-31,VA,월 마감 → 익월 말일 결제,2개월 이내 (상한 1.2%),1.2,369530,158380,2026-06 매입분,39117810,469410,38648400,30557620,virtual_dummy.xlsx,L50_결제주기,2026-10-05T01:15
PH_DUMMY_01,2026-07-31,VB,월 마감 → 익익월 말일 결제,3개월 이내 (상한 0.6%),0.6,123180,8710,2026-05 매입분,9957930,59750,9898180,22106590,virtual_dummy.xlsx,L50_결제주기,2026-10-05T01:15
PH_DUMMY_01,2026-07-31,VC,월 마감 → 익월 10일 결제,1개월 이내 (상한 1.8%),1.5,0,0,,0,0,0,1660640,virtual_dummy.xlsx,L50_결제주기,2026-10-05T01:15
PH_DUMMY_01,2026-08-01,VA,월 마감 → 익월 말일 결제,2개월 이내 (상한 1.2%),1.2,157020,0,,0,0,0,30714640,virtual_dummy.xlsx,L50_결제주기,2026-10-05T01:15
PH_DUMMY_01,2026-08-01,VB,월 마감 → 익익월 말일 결제,3개월 이내 (상한 0.6%),0.6,52340,0,,0,0,0,22158930,virtual_dummy.xlsx,L50_결제주기,2026-10-05T01:15
PH_DUMMY_01,2026-08-01,VC,월 마감 → 익월 10일 결제,1개월 이내 (상한 1.8%),1.5,0,0,,0,0,0,1660640,virtual_dummy.xlsx,L50_결제주기,2026-10-05T01:15
PH_DUMMY_01,2026-08-02,VA,월 마감 → 익월 말일 결제,2개월 이내 (상한 1.2%),1.2,0,0,,0,0,0,30714640,virtual_dummy.xlsx,L50_결제주기,2026-10-05T01:15
PH_DUMMY_01,2026-08-02,VB,월 마감 → 익익월 말일 결제,3개월 이내 (상한 0.6%),0.6,0,0,,0,0,0,22158930,virtual_dummy.xlsx,L50_결제주기,2026-10-05T01:15
PH_DUMMY_01,2026-08-02,VC,월 마감 → 익월 10일 결제,1개월 이내 (상한 1.8%),1.5,0,0,,0,0,0,1660640,virtual_dummy.xlsx,L50_결제주기,2026-10-05T01:15
PH_DUMMY_01,2026-08-03,VA,월 마감 → 익월 말일 결제,2개월 이내 (상한 1.2%),1.2,6584170,0,,0,0,0,37298810,virtual_dummy.xlsx,L50_결제주기,2026-10-05T01:15
PH_DUMMY_01,2026-08-03,VB,월 마감 → 익익월 말일 결제,3개월 이내 (상한 0.6%),0.6,1800300,0,,0,0,0,23959230,virtual_dummy.xlsx,L50_결제주기,2026-10-05T01:15
PH_DUMMY_01,2026-08-03,VC,월 마감 → 익월 10일 결제,1개월 이내 (상한 1.8%),1.5,437330,0,,0,0,0,2097970,virtual_dummy.xlsx,L50_결제주기,2026-10-05T01:15
PH_DUMMY_01,2026-08-04,VA,월 마감 → 익월 말일 결제,2개월 이내 (상한 1.2%),1.2,382590,0,,0,0,0,37681400,virtual_dummy.xlsx,L50_결제주기,2026-10-05T01:15
PH_DUMMY_01,2026-08-04,VB,월 마감 → 익익월 말일 결제,3개월 이내 (상한 0.6%),0.6,127530,0,,0,0,0,24086760,virtual_dummy.xlsx,L50_결제주기,2026-10-05T01:15
PH_DUMMY_01,2026-08-04,VC,월 마감 → 익월 10일 결제,1개월 이내 (상한 1.8%),1.5,0,0,,0,0,0,2097970,virtual_dummy.xlsx,L50_결제주기,2026-10-05T01:15
PH_DUMMY_01,2026-08-05,VA,월 마감 → 익월 말일 결제,2개월 이내 (상한 1.2%),1.2,262370,0,,0,0,0,37943770,virtual_dummy.xlsx,L50_결제주기,2026-10-05T01:15
PH_DUMMY_01,2026-08-05,VB,월 마감 → 익익월 말일 결제,3개월 이내 (상한 0.6%),0.6,87460,0,,0,0,0,24174220,virtual_dummy.xlsx,L50_결제주기,2026-10-05T01:15
PH_DUMMY_01,2026-08-05,VC,월 마감 → 익월 10일 결제,1개월 이내 (상한 1.8%),1.5,0,0,,0,0,0,2097970,virtual_dummy.xlsx,L50_결제주기,2026-10-05T01:15
PH_DUMMY_01,2026-08-06,VA,월 마감 → 익월 말일 결제,2개월 이내 (상한 1.2%),1.2,432920,46840,,0,0,0,38329850,virtual_dummy.xlsx,L50_결제주기,2026-10-05T01:15
PH_DUMMY_01,2026-08-06,VB,월 마감 → 익익월 말일 결제,3개월 이내 (상한 0.6%),0.6,144310,0,,0,0,0,24318530,virtual_dummy.xlsx,L50_결제주기,2026-10-05T01:15
PH_DUMMY_01,2026-08-06,VC,월 마감 → 익월 10일 결제,1개월 이내 (상한 1.8%),1.5,0,0,,0,0,0,2097970,virtual_dummy.xlsx,L50_결제주기,2026-10-05T01:15
PH_DUMMY_01,2026-08-07,VA,월 마감 → 익월 말일 결제,2개월 이내 (상한 1.2%),1.2,337850,0,,0,0,0,38667700,virtual_dummy.xlsx,L50_결제주기,2026-10-05T01:15
PH_DUMMY_01,2026-08-07,VB,월 마감 → 익익월 말일 결제,3개월 이내 (상한 0.6%),0.6,112620,0,,0,0,0,24431150,virtual_dummy.xlsx,L50_결제주기,2026-10-05T01:15
PH_DUMMY_01,2026-08-07,VC,월 마감 → 익월 10일 결제,1개월 이내 (상한 1.8%),1.5,0,0,,0,0,0,2097970,virtual_dummy.xlsx,L50_결제주기,2026-10-05T01:15
PH_DUMMY_01,2026-08-08,VA,월 마감 → 익월 말일 결제,2개월 이내 (상한 1.2%),1.2,203300,0,,0,0,0,38871000,virtual_dummy.xlsx,L50_결제주기,2026-10-05T01:15
PH_DUMMY_01,2026-08-08,VB,월 마감 → 익익월 말일 결제,3개월 이내 (상한 0.6%),0.6,67770,0,,0,0,0,24498920,virtual_dummy.xlsx,L50_결제주기,2026-10-05T01:15
PH_DUMMY_01,2026-08-08,VC,월 마감 → 익월 10일 결제,1개월 이내 (상한 1.8%),1.5,0,0,,0,0,0,2097970,virtual_dummy.xlsx,L50_결제주기,2026-10-05T01:15
PH_DUMMY_01,2026-08-09,VA,월 마감 → 익월 말일 결제,2개월 이내 (상한 1.2%),1.2,0,0,,0,0,0,38871000,virtual_dummy.xlsx,L50_결제주기,2026-10-05T01:15
PH_DUMMY_01,2026-08-09,VB,월 마감 → 익익월 말일 결제,3개월 이내 (상한 0.6%),0.6,0,0,,0,0,0,24498920,virtual_dummy.xlsx,L50_결제주기,2026-10-05T01:15
PH_DUMMY_01,2026-08-09,VC,월 마감 → 익월 10일 결제,1개월 이내 (상한 1.8%),1.5,0,0,,0,0,0,2097970,virtual_dummy.xlsx,L50_결제주기,2026-10-05T01:15
PH_DUMMY_01,2026-08-10,VA,월 마감 → 익월 말일 결제,2개월 이내 (상한 1.2%),1.2,6068100,0,,0,0,0,44939100,virtual_dummy.xlsx,L50_결제주기,2026-10-05T01:15
PH_DUMMY_01,2026-08-10,VB,월 마감 → 익익월 말일 결제,3개월 이내 (상한 0.6%),0.6,1686970,0,,0,0,0,26185890,virtual_dummy.xlsx,L50_결제주기,2026-10-05T01:15
PH_DUMMY_01,2026-08-10,VC,월 마감 → 익월 10일 결제,1개월 이내 (상한 1.8%),1.5,385260,0,2026-07 매입분,1660640,24910,1635730,822590,virtual_dummy.xlsx,L50_결제주기,2026-10-05T01:15
PH_DUMMY_01,2026-08-11,VA,월 마감 → 익월 말일 결제,2개월 이내 (상한 1.2%),1.2,426090,0,,0,0,0,45365190,virtual_dummy.xlsx,L50_결제주기,2026-10-05T01:15
PH_DUMMY_01,2026-08-11,VB,월 마감 → 익익월 말일 결제,3개월 이내 (상한 0.6%),0.6,142030,0,,0,0,0,26327920,virtual_dummy.xlsx,L50_결제주기,2026-10-05T01:15
PH_DUMMY_01,2026-08-11,VC,월 마감 → 익월 10일 결제,1개월 이내 (상한 1.8%),1.5,0,0,,0,0,0,822590,virtual_dummy.xlsx,L50_결제주기,2026-10-05T01:15
PH_DUMMY_01,2026-08-12,VA,월 마감 → 익월 말일 결제,2개월 이내 (상한 1.2%),1.2,302220,0,,0,0,0,45667410,virtual_dummy.xlsx,L50_결제주기,2026-10-05T01:15
PH_DUMMY_01,2026-08-12,VB,월 마감 → 익익월 말일 결제,3개월 이내 (상한 0.6%),0.6,100740,0,,0,0,0,26428660,virtual_dummy.xlsx,L50_결제주기,2026-10-05T01:15
PH_DUMMY_01,2026-08-12,VC,월 마감 → 익월 10일 결제,1개월 이내 (상한 1.8%),1.5,0,0,,0,0,0,822590,virtual_dummy.xlsx,L50_결제주기,2026-10-05T01:15
PH_DUMMY_01,2026-08-13,VA,월 마감 → 익월 말일 결제,2개월 이내 (상한 1.2%),1.2,649040,0,,0,0,0,46316450,virtual_dummy.xlsx,L50_결제주기,2026-10-05T01:15
PH_DUMMY_01,2026-08-13,VB,월 마감 → 익익월 말일 결제,3개월 이내 (상한 0.6%),0.6,216350,0,,0,0,0,26645010,virtual_dummy.xlsx,L50_결제주기,2026-10-05T01:15
PH_DUMMY_01,2026-08-13,VC,월 마감 → 익월 10일 결제,1개월 이내 (상한 1.8%),1.5,0,0,,0,0,0,822590,virtual_dummy.xlsx,L50_결제주기,2026-10-05T01:15
PH_DUMMY_01,2026-08-14,VA,월 마감 → 익월 말일 결제,2개월 이내 (상한 1.2%),1.2,453130,0,,0,0,0,46769580,virtual_dummy.xlsx,L50_결제주기,2026-10-05T01:15
PH_DUMMY_01,2026-08-14,VB,월 마감 → 익익월 말일 결제,3개월 이내 (상한 0.6%),0.6,151040,0,,0,0,0,26796050,virtual_dummy.xlsx,L50_결제주기,2026-10-05T01:15
PH_DUMMY_01,2026-08-14,VC,월 마감 → 익월 10일 결제,1개월 이내 (상한 1.8%),1.5,0,0,,0,0,0,822590,virtual_dummy.xlsx,L50_결제주기,2026-10-05T01:15
PH_DUMMY_01,2026-08-15,VA,월 마감 → 익월 말일 결제,2개월 이내 (상한 1.2%),1.2,0,0,,0,0,0,46769580,virtual_dummy.xlsx,L50_결제주기,2026-10-05T01:15
PH_DUMMY_01,2026-08-15,VB,월 마감 → 익익월 말일 결제,3개월 이내 (상한 0.6%),0.6,0,0,,0,0,0,26796050,virtual_dummy.xlsx,L50_결제주기,2026-10-05T01:15
PH_DUMMY_01,2026-08-15,VC,월 마감 → 익월 10일 결제,1개월 이내 (상한 1.8%),1.5,0,0,,0,0,0,822590,virtual_dummy.xlsx,L50_결제주기,2026-10-05T01:15
PH_DUMMY_01,2026-08-16,VA,월 마감 → 익월 말일 결제,2개월 이내 (상한 1.2%),1.2,0,0,,0,0,0,46769580,virtual_dummy.xlsx,L50_결제주기,2026-10-05T01:15
PH_DUMMY_01,2026-08-16,VB,월 마감 → 익익월 말일 결제,3개월 이내 (상한 0.6%),0.6,0,0,,0,0,0,26796050,virtual_dummy.xlsx,L50_결제주기,2026-10-05T01:15
PH_DUMMY_01,2026-08-16,VC,월 마감 → 익월 10일 결제,1개월 이내 (상한 1.8%),1.5,0,0,,0,0,0,822590,virtual_dummy.xlsx,L50_결제주기,2026-10-05T01:15
PH_DUMMY_01,2026-08-17,VA,월 마감 → 익월 말일 결제,2개월 이내 (상한 1.2%),1.2,0,0,,0,0,0,46769580,virtual_dummy.xlsx,L50_결제주기,2026-10-05T01:15
PH_DUMMY_01,2026-08-17,VB,월 마감 → 익익월 말일 결제,3개월 이내 (상한 0.6%),0.6,0,0,,0,0,0,26796050,virtual_dummy.xlsx,L50_결제주기,2026-10-05T01:15
PH_DUMMY_01,2026-08-17,VC,월 마감 → 익월 10일 결제,1개월 이내 (상한 1.8%),1.5,0,0,,0,0,0,822590,virtual_dummy.xlsx,L50_결제주기,2026-10-05T01:15
PH_DUMMY_01,2026-08-18,VA,월 마감 → 익월 말일 결제,2개월 이내 (상한 1.2%),1.2,6598040,0,,0,0,0,53367620,virtual_dummy.xlsx,L50_결제주기,2026-10-05T01:15
PH_DUMMY_01,2026-08-18,VB,월 마감 → 익익월 말일 결제,3개월 이내 (상한 0.6%),0.6,2058040,0,,0,0,0,28854090,virtual_dummy.xlsx,L50_결제주기,2026-10-05T01:15
PH_DUMMY_01,2026-08-18,VC,월 마감 → 익월 10일 결제,1개월 이내 (상한 1.8%),1.5,228330,0,,0,0,0,1050920,virtual_dummy.xlsx,L50_결제주기,2026-10-05T01:15
PH_DUMMY_01,2026-08-19,VA,월 마감 → 익월 말일 결제,2개월 이내 (상한 1.2%),1.2,353760,0,,0,0,0,53721380,virtual_dummy.xlsx,L50_결제주기,2026-10-05T01:15
PH_DUMMY_01,2026-08-19,VB,월 마감 → 익익월 말일 결제,3개월 이내 (상한 0.6%),0.6,117920,0,,0,0,0,28972010,virtual_dummy.xlsx,L50_결제주기,2026-10-05T01:15
PH_DUMMY_01,2026-08-19,VC,월 마감 → 익월 10일 결제,1개월 이내 (상한 1.8%),1.5,0,0,,0,0,0,1050920,virtual_dummy.xlsx,L50_결제주기,2026-10-05T01:15
PH_DUMMY_01,2026-08-20,VA,월 마감 → 익월 말일 결제,2개월 이내 (상한 1.2%),1.2,333770,0,,0,0,0,54055150,virtual_dummy.xlsx,L50_결제주기,2026-10-05T01:15
PH_DUMMY_01,2026-08-20,VB,월 마감 → 익익월 말일 결제,3개월 이내 (상한 0.6%),0.6,111260,0,,0,0,0,29083270,virtual_dummy.xlsx,L50_결제주기,2026-10-05T01:15
PH_DUMMY_01,2026-08-20,VC,월 마감 → 익월 10일 결제,1개월 이내 (상한 1.8%),1.5,0,0,,0,0,0,1050920,virtual_dummy.xlsx,L50_결제주기,2026-10-05T01:15
PH_DUMMY_01,2026-08-21,VA,월 마감 → 익월 말일 결제,2개월 이내 (상한 1.2%),1.2,491490,0,,0,0,0,54546640,virtual_dummy.xlsx,L50_결제주기,2026-10-05T01:15
PH_DUMMY_01,2026-08-21,VB,월 마감 → 익익월 말일 결제,3개월 이내 (상한 0.6%),0.6,163830,0,,0,0,0,29247100,virtual_dummy.xlsx,L50_결제주기,2026-10-05T01:15
PH_DUMMY_01,2026-08-21,VC,월 마감 → 익월 10일 결제,1개월 이내 (상한 1.8%),1.5,0,0,,0,0,0,1050920,virtual_dummy.xlsx,L50_결제주기,2026-10-05T01:15
PH_DUMMY_01,2026-08-22,VA,월 마감 → 익월 말일 결제,2개월 이내 (상한 1.2%),1.2,334420,0,,0,0,0,54881060,virtual_dummy.xlsx,L50_결제주기,2026-10-05T01:15
PH_DUMMY_01,2026-08-22,VB,월 마감 → 익익월 말일 결제,3개월 이내 (상한 0.6%),0.6,111470,0,,0,0,0,29358570,virtual_dummy.xlsx,L50_결제주기,2026-10-05T01:15
PH_DUMMY_01,2026-08-22,VC,월 마감 → 익월 10일 결제,1개월 이내 (상한 1.8%),1.5,0,0,,0,0,0,1050920,virtual_dummy.xlsx,L50_결제주기,2026-10-05T01:15
PH_DUMMY_01,2026-08-23,VA,월 마감 → 익월 말일 결제,2개월 이내 (상한 1.2%),1.2,0,0,,0,0,0,54881060,virtual_dummy.xlsx,L50_결제주기,2026-10-05T01:15
PH_DUMMY_01,2026-08-23,VB,월 마감 → 익익월 말일 결제,3개월 이내 (상한 0.6%),0.6,0,0,,0,0,0,29358570,virtual_dummy.xlsx,L50_결제주기,2026-10-05T01:15
PH_DUMMY_01,2026-08-23,VC,월 마감 → 익월 10일 결제,1개월 이내 (상한 1.8%),1.5,0,0,,0,0,0,1050920,virtual_dummy.xlsx,L50_결제주기,2026-10-05T01:15
PH_DUMMY_01,2026-08-24,VA,월 마감 → 익월 말일 결제,2개월 이내 (상한 1.2%),1.2,5492900,0,,0,0,0,60373960,virtual_dummy.xlsx,L50_결제주기,2026-10-05T01:15
PH_DUMMY_01,2026-08-24,VB,월 마감 → 익익월 말일 결제,3개월 이내 (상한 0.6%),0.6,1603790,0,,0,0,0,30962360,virtual_dummy.xlsx,L50_결제주기,2026-10-05T01:15
PH_DUMMY_01,2026-08-24,VC,월 마감 → 익월 10일 결제,1개월 이내 (상한 1.8%),1.5,387520,0,,0,0,0,1438440,virtual_dummy.xlsx,L50_결제주기,2026-10-05T01:15
PH_DUMMY_01,2026-08-25,VA,월 마감 → 익월 말일 결제,2개월 이내 (상한 1.2%),1.2,281090,0,,0,0,0,60655050,virtual_dummy.xlsx,L50_결제주기,2026-10-05T01:15
PH_DUMMY_01,2026-08-25,VB,월 마감 → 익익월 말일 결제,3개월 이내 (상한 0.6%),0.6,93700,0,,0,0,0,31056060,virtual_dummy.xlsx,L50_결제주기,2026-10-05T01:15
PH_DUMMY_01,2026-08-25,VC,월 마감 → 익월 10일 결제,1개월 이내 (상한 1.8%),1.5,0,0,,0,0,0,1438440,virtual_dummy.xlsx,L50_결제주기,2026-10-05T01:15
PH_DUMMY_01,2026-08-26,VA,월 마감 → 익월 말일 결제,2개월 이내 (상한 1.2%),1.2,442560,0,,0,0,0,61097610,virtual_dummy.xlsx,L50_결제주기,2026-10-05T01:15
PH_DUMMY_01,2026-08-26,VB,월 마감 → 익익월 말일 결제,3개월 이내 (상한 0.6%),0.6,147520,0,,0,0,0,31203580,virtual_dummy.xlsx,L50_결제주기,2026-10-05T01:15
PH_DUMMY_01,2026-08-26,VC,월 마감 → 익월 10일 결제,1개월 이내 (상한 1.8%),1.5,0,0,,0,0,0,1438440,virtual_dummy.xlsx,L50_결제주기,2026-10-05T01:15
PH_DUMMY_01,2026-08-27,VA,월 마감 → 익월 말일 결제,2개월 이내 (상한 1.2%),1.2,342940,0,,0,0,0,61440550,virtual_dummy.xlsx,L50_결제주기,2026-10-05T01:15
PH_DUMMY_01,2026-08-27,VB,월 마감 → 익익월 말일 결제,3개월 이내 (상한 0.6%),0.6,114310,0,,0,0,0,31317890,virtual_dummy.xlsx,L50_결제주기,2026-10-05T01:15
PH_DUMMY_01,2026-08-27,VC,월 마감 → 익월 10일 결제,1개월 이내 (상한 1.8%),1.5,0,0,,0,0,0,1438440,virtual_dummy.xlsx,L50_결제주기,2026-10-05T01:15
PH_DUMMY_01,2026-08-28,VA,월 마감 → 익월 말일 결제,2개월 이내 (상한 1.2%),1.2,440050,0,,0,0,0,61880600,virtual_dummy.xlsx,L50_결제주기,2026-10-05T01:15
PH_DUMMY_01,2026-08-28,VB,월 마감 → 익익월 말일 결제,3개월 이내 (상한 0.6%),0.6,146680,0,,0,0,0,31464570,virtual_dummy.xlsx,L50_결제주기,2026-10-05T01:15
PH_DUMMY_01,2026-08-28,VC,월 마감 → 익월 10일 결제,1개월 이내 (상한 1.8%),1.5,0,0,,0,0,0,1438440,virtual_dummy.xlsx,L50_결제주기,2026-10-05T01:15
PH_DUMMY_01,2026-08-29,VA,월 마감 → 익월 말일 결제,2개월 이내 (상한 1.2%),1.2,376060,0,,0,0,0,62256660,virtual_dummy.xlsx,L50_결제주기,2026-10-05T01:15
PH_DUMMY_01,2026-08-29,VB,월 마감 → 익익월 말일 결제,3개월 이내 (상한 0.6%),0.6,125350,0,,0,0,0,31589920,virtual_dummy.xlsx,L50_결제주기,2026-10-05T01:15
PH_DUMMY_01,2026-08-29,VC,월 마감 → 익월 10일 결제,1개월 이내 (상한 1.8%),1.5,0,0,,0,0,0,1438440,virtual_dummy.xlsx,L50_결제주기,2026-10-05T01:15
PH_DUMMY_01,2026-08-30,VA,월 마감 → 익월 말일 결제,2개월 이내 (상한 1.2%),1.2,0,0,,0,0,0,62256660,virtual_dummy.xlsx,L50_결제주기,2026-10-05T01:15
PH_DUMMY_01,2026-08-30,VB,월 마감 → 익익월 말일 결제,3개월 이내 (상한 0.6%),0.6,0,0,,0,0,0,31589920,virtual_dummy.xlsx,L50_결제주기,2026-10-05T01:15
PH_DUMMY_01,2026-08-30,VC,월 마감 → 익월 10일 결제,1개월 이내 (상한 1.8%),1.5,0,0,,0,0,0,1438440,virtual_dummy.xlsx,L50_결제주기,2026-10-05T01:15
PH_DUMMY_01,2026-08-31,VA,월 마감 → 익월 말일 결제,2개월 이내 (상한 1.2%),1.2,6257080,122700,2026-07 매입분,30557620,366690,30190930,37833420,virtual_dummy.xlsx,L50_결제주기,2026-10-05T01:15
PH_DUMMY_01,2026-08-31,VB,월 마감 → 익익월 말일 결제,3개월 이내 (상한 0.6%),0.6,1766090,11770,2026-06 매입분,12237020,73420,12163600,21107220,virtual_dummy.xlsx,L50_결제주기,2026-10-05T01:15
PH_DUMMY_01,2026-08-31,VC,월 마감 → 익월 10일 결제,1개월 이내 (상한 1.8%),1.5,547980,0,,0,0,0,1986420,virtual_dummy.xlsx,L50_결제주기,2026-10-05T01:15
PH_DUMMY_01,2026-09-01,VA,월 마감 → 익월 말일 결제,2개월 이내 (상한 1.2%),1.2,454890,0,,0,0,0,38288310,virtual_dummy.xlsx,L50_결제주기,2026-10-05T01:15
PH_DUMMY_01,2026-09-01,VB,월 마감 → 익익월 말일 결제,3개월 이내 (상한 0.6%),0.6,151630,0,,0,0,0,21258850,virtual_dummy.xlsx,L50_결제주기,2026-10-05T01:15
PH_DUMMY_01,2026-09-01,VC,월 마감 → 익월 10일 결제,1개월 이내 (상한 1.8%),1.5,0,0,,0,0,0,1986420,virtual_dummy.xlsx,L50_결제주기,2026-10-05T01:15
PH_DUMMY_01,2026-09-02,VA,월 마감 → 익월 말일 결제,2개월 이내 (상한 1.2%),1.2,397390,0,,0,0,0,38685700,virtual_dummy.xlsx,L50_결제주기,2026-10-05T01:15
PH_DUMMY_01,2026-09-02,VB,월 마감 → 익익월 말일 결제,3개월 이내 (상한 0.6%),0.6,132460,0,,0,0,0,21391310,virtual_dummy.xlsx,L50_결제주기,2026-10-05T01:15
PH_DUMMY_01,2026-09-02,VC,월 마감 → 익월 10일 결제,1개월 이내 (상한 1.8%),1.5,0,0,,0,0,0,1986420,virtual_dummy.xlsx,L50_결제주기,2026-10-05T01:15
PH_DUMMY_01,2026-09-03,VA,월 마감 → 익월 말일 결제,2개월 이내 (상한 1.2%),1.2,383260,0,,0,0,0,39068960,virtual_dummy.xlsx,L50_결제주기,2026-10-05T01:15
PH_DUMMY_01,2026-09-03,VB,월 마감 → 익익월 말일 결제,3개월 이내 (상한 0.6%),0.6,127750,0,,0,0,0,21519060,virtual_dummy.xlsx,L50_결제주기,2026-10-05T01:15
PH_DUMMY_01,2026-09-03,VC,월 마감 → 익월 10일 결제,1개월 이내 (상한 1.8%),1.5,0,0,,0,0,0,1986420,virtual_dummy.xlsx,L50_결제주기,2026-10-05T01:15
PH_DUMMY_01,2026-09-04,VA,월 마감 → 익월 말일 결제,2개월 이내 (상한 1.2%),1.2,574300,0,,0,0,0,39643260,virtual_dummy.xlsx,L50_결제주기,2026-10-05T01:15
PH_DUMMY_01,2026-09-04,VB,월 마감 → 익익월 말일 결제,3개월 이내 (상한 0.6%),0.6,191430,0,,0,0,0,21710490,virtual_dummy.xlsx,L50_결제주기,2026-10-05T01:15
PH_DUMMY_01,2026-09-04,VC,월 마감 → 익월 10일 결제,1개월 이내 (상한 1.8%),1.5,0,0,,0,0,0,1986420,virtual_dummy.xlsx,L50_결제주기,2026-10-05T01:15
PH_DUMMY_01,2026-09-05,VA,월 마감 → 익월 말일 결제,2개월 이내 (상한 1.2%),1.2,235170,0,,0,0,0,39878430,virtual_dummy.xlsx,L50_결제주기,2026-10-05T01:15
PH_DUMMY_01,2026-09-05,VB,월 마감 → 익익월 말일 결제,3개월 이내 (상한 0.6%),0.6,78390,0,,0,0,0,21788880,virtual_dummy.xlsx,L50_결제주기,2026-10-05T01:15
PH_DUMMY_01,2026-09-05,VC,월 마감 → 익월 10일 결제,1개월 이내 (상한 1.8%),1.5,0,0,,0,0,0,1986420,virtual_dummy.xlsx,L50_결제주기,2026-10-05T01:15
PH_DUMMY_01,2026-09-06,VA,월 마감 → 익월 말일 결제,2개월 이내 (상한 1.2%),1.2,0,0,,0,0,0,39878430,virtual_dummy.xlsx,L50_결제주기,2026-10-05T01:15
PH_DUMMY_01,2026-09-06,VB,월 마감 → 익익월 말일 결제,3개월 이내 (상한 0.6%),0.6,0,0,,0,0,0,21788880,virtual_dummy.xlsx,L50_결제주기,2026-10-05T01:15
PH_DUMMY_01,2026-09-06,VC,월 마감 → 익월 10일 결제,1개월 이내 (상한 1.8%),1.5,0,0,,0,0,0,1986420,virtual_dummy.xlsx,L50_결제주기,2026-10-05T01:15
PH_DUMMY_01,2026-09-07,VA,월 마감 → 익월 말일 결제,2개월 이내 (상한 1.2%),1.2,6849210,0,,0,0,0,46727640,virtual_dummy.xlsx,L50_결제주기,2026-10-05T01:15
PH_DUMMY_01,2026-09-07,VB,월 마감 → 익익월 말일 결제,3개월 이내 (상한 0.6%),0.6,1910220,0,,0,0,0,23699100,virtual_dummy.xlsx,L50_결제주기,2026-10-05T01:15
PH_DUMMY_01,2026-09-07,VC,월 마감 → 익월 10일 결제,1개월 이내 (상한 1.8%),1.5,488530,0,,0,0,0,2474950,virtual_dummy.xlsx,L50_결제주기,2026-10-05T01:15
PH_DUMMY_01,2026-09-08,VA,월 마감 → 익월 말일 결제,2개월 이내 (상한 1.2%),1.2,510920,0,,0,0,0,47238560,virtual_dummy.xlsx,L50_결제주기,2026-10-05T01:15
PH_DUMMY_01,2026-09-08,VB,월 마감 → 익익월 말일 결제,3개월 이내 (상한 0.6%),0.6,170310,0,,0,0,0,23869410,virtual_dummy.xlsx,L50_결제주기,2026-10-05T01:15
PH_DUMMY_01,2026-09-08,VC,월 마감 → 익월 10일 결제,1개월 이내 (상한 1.8%),1.5,0,0,,0,0,0,2474950,virtual_dummy.xlsx,L50_결제주기,2026-10-05T01:15
PH_DUMMY_01,2026-09-09,VA,월 마감 → 익월 말일 결제,2개월 이내 (상한 1.2%),1.2,316450,0,,0,0,0,47555010,virtual_dummy.xlsx,L50_결제주기,2026-10-05T01:15
PH_DUMMY_01,2026-09-09,VB,월 마감 → 익익월 말일 결제,3개월 이내 (상한 0.6%),0.6,105480,0,,0,0,0,23974890,virtual_dummy.xlsx,L50_결제주기,2026-10-05T01:15
PH_DUMMY_01,2026-09-09,VC,월 마감 → 익월 10일 결제,1개월 이내 (상한 1.8%),1.5,0,0,,0,0,0,2474950,virtual_dummy.xlsx,L50_결제주기,2026-10-05T01:15
PH_DUMMY_01,2026-09-10,VA,월 마감 → 익월 말일 결제,2개월 이내 (상한 1.2%),1.2,525310,0,,0,0,0,48080320,virtual_dummy.xlsx,L50_결제주기,2026-10-05T01:15
PH_DUMMY_01,2026-09-10,VB,월 마감 → 익익월 말일 결제,3개월 이내 (상한 0.6%),0.6,175100,0,,0,0,0,24149990,virtual_dummy.xlsx,L50_결제주기,2026-10-05T01:15
PH_DUMMY_01,2026-09-10,VC,월 마감 → 익월 10일 결제,1개월 이내 (상한 1.8%),1.5,0,0,2026-08 매입분,1986420,29800,1956620,488530,virtual_dummy.xlsx,L50_결제주기,2026-10-05T01:15
PH_DUMMY_01,2026-09-11,VA,월 마감 → 익월 말일 결제,2개월 이내 (상한 1.2%),1.2,326120,0,,0,0,0,48406440,virtual_dummy.xlsx,L50_결제주기,2026-10-05T01:15
PH_DUMMY_01,2026-09-11,VB,월 마감 → 익익월 말일 결제,3개월 이내 (상한 0.6%),0.6,108710,0,,0,0,0,24258700,virtual_dummy.xlsx,L50_결제주기,2026-10-05T01:15
PH_DUMMY_01,2026-09-11,VC,월 마감 → 익월 10일 결제,1개월 이내 (상한 1.8%),1.5,0,0,,0,0,0,488530,virtual_dummy.xlsx,L50_결제주기,2026-10-05T01:15
PH_DUMMY_01,2026-09-12,VA,월 마감 → 익월 말일 결제,2개월 이내 (상한 1.2%),1.2,422260,0,,0,0,0,48828700,virtual_dummy.xlsx,L50_결제주기,2026-10-05T01:15
PH_DUMMY_01,2026-09-12,VB,월 마감 → 익익월 말일 결제,3개월 이내 (상한 0.6%),0.6,140750,0,,0,0,0,24399450,virtual_dummy.xlsx,L50_결제주기,2026-10-05T01:15
PH_DUMMY_01,2026-09-12,VC,월 마감 → 익월 10일 결제,1개월 이내 (상한 1.8%),1.5,0,0,,0,0,0,488530,virtual_dummy.xlsx,L50_결제주기,2026-10-05T01:15
PH_DUMMY_01,2026-09-13,VA,월 마감 → 익월 말일 결제,2개월 이내 (상한 1.2%),1.2,0,0,,0,0,0,48828700,virtual_dummy.xlsx,L50_결제주기,2026-10-05T01:15
PH_DUMMY_01,2026-09-13,VB,월 마감 → 익익월 말일 결제,3개월 이내 (상한 0.6%),0.6,0,0,,0,0,0,24399450,virtual_dummy.xlsx,L50_결제주기,2026-10-05T01:15
PH_DUMMY_01,2026-09-13,VC,월 마감 → 익월 10일 결제,1개월 이내 (상한 1.8%),1.5,0,0,,0,0,0,488530,virtual_dummy.xlsx,L50_결제주기,2026-10-05T01:15
PH_DUMMY_01,2026-09-14,VA,월 마감 → 익월 말일 결제,2개월 이내 (상한 1.2%),1.2,6986380,0,,0,0,0,55815080,virtual_dummy.xlsx,L50_결제주기,2026-10-05T01:15
PH_DUMMY_01,2026-09-14,VB,월 마감 → 익익월 말일 결제,3개월 이내 (상한 0.6%),0.6,2292330,0,,0,0,0,26691780,virtual_dummy.xlsx,L50_결제주기,2026-10-05T01:15
PH_DUMMY_01,2026-09-14,VC,월 마감 → 익월 10일 결제,1개월 이내 (상한 1.8%),1.5,398170,0,,0,0,0,886700,virtual_dummy.xlsx,L50_결제주기,2026-10-05T01:15
PH_DUMMY_01,2026-09-15,VA,월 마감 → 익월 말일 결제,2개월 이내 (상한 1.2%),1.2,289520,0,,0,0,0,56104600,virtual_dummy.xlsx,L50_결제주기,2026-10-05T01:15
PH_DUMMY_01,2026-09-15,VB,월 마감 → 익익월 말일 결제,3개월 이내 (상한 0.6%),0.6,96510,0,,0,0,0,26788290,virtual_dummy.xlsx,L50_결제주기,2026-10-05T01:15
PH_DUMMY_01,2026-09-15,VC,월 마감 → 익월 10일 결제,1개월 이내 (상한 1.8%),1.5,0,0,,0,0,0,886700,virtual_dummy.xlsx,L50_결제주기,2026-10-05T01:15
PH_DUMMY_01,2026-09-16,VA,월 마감 → 익월 말일 결제,2개월 이내 (상한 1.2%),1.2,367280,0,,0,0,0,56471880,virtual_dummy.xlsx,L50_결제주기,2026-10-05T01:15
PH_DUMMY_01,2026-09-16,VB,월 마감 → 익익월 말일 결제,3개월 이내 (상한 0.6%),0.6,122430,0,,0,0,0,26910720,virtual_dummy.xlsx,L50_결제주기,2026-10-05T01:15
PH_DUMMY_01,2026-09-16,VC,월 마감 → 익월 10일 결제,1개월 이내 (상한 1.8%),1.5,0,0,,0,0,0,886700,virtual_dummy.xlsx,L50_결제주기,2026-10-05T01:15
PH_DUMMY_01,2026-09-17,VA,월 마감 → 익월 말일 결제,2개월 이내 (상한 1.2%),1.2,203080,0,,0,0,0,56674960,virtual_dummy.xlsx,L50_결제주기,2026-10-05T01:15
PH_DUMMY_01,2026-09-17,VB,월 마감 → 익익월 말일 결제,3개월 이내 (상한 0.6%),0.6,67690,0,,0,0,0,26978410,virtual_dummy.xlsx,L50_결제주기,2026-10-05T01:15
PH_DUMMY_01,2026-09-17,VC,월 마감 → 익월 10일 결제,1개월 이내 (상한 1.8%),1.5,0,0,,0,0,0,886700,virtual_dummy.xlsx,L50_결제주기,2026-10-05T01:15
PH_DUMMY_01,2026-09-18,VA,월 마감 → 익월 말일 결제,2개월 이내 (상한 1.2%),1.2,688620,0,,0,0,0,57363580,virtual_dummy.xlsx,L50_결제주기,2026-10-05T01:15
PH_DUMMY_01,2026-09-18,VB,월 마감 → 익익월 말일 결제,3개월 이내 (상한 0.6%),0.6,229540,0,,0,0,0,27207950,virtual_dummy.xlsx,L50_결제주기,2026-10-05T01:15
PH_DUMMY_01,2026-09-18,VC,월 마감 → 익월 10일 결제,1개월 이내 (상한 1.8%),1.5,0,0,,0,0,0,886700,virtual_dummy.xlsx,L50_결제주기,2026-10-05T01:15
PH_DUMMY_01,2026-09-19,VA,월 마감 → 익월 말일 결제,2개월 이내 (상한 1.2%),1.2,398000,0,,0,0,0,57761580,virtual_dummy.xlsx,L50_결제주기,2026-10-05T01:15
PH_DUMMY_01,2026-09-19,VB,월 마감 → 익익월 말일 결제,3개월 이내 (상한 0.6%),0.6,132670,0,,0,0,0,27340620,virtual_dummy.xlsx,L50_결제주기,2026-10-05T01:15
PH_DUMMY_01,2026-09-19,VC,월 마감 → 익월 10일 결제,1개월 이내 (상한 1.8%),1.5,0,0,,0,0,0,886700,virtual_dummy.xlsx,L50_결제주기,2026-10-05T01:15
PH_DUMMY_01,2026-09-20,VA,월 마감 → 익월 말일 결제,2개월 이내 (상한 1.2%),1.2,0,0,,0,0,0,57761580,virtual_dummy.xlsx,L50_결제주기,2026-10-05T01:15
PH_DUMMY_01,2026-09-20,VB,월 마감 → 익익월 말일 결제,3개월 이내 (상한 0.6%),0.6,0,0,,0,0,0,27340620,virtual_dummy.xlsx,L50_결제주기,2026-10-05T01:15
PH_DUMMY_01,2026-09-20,VC,월 마감 → 익월 10일 결제,1개월 이내 (상한 1.8%),1.5,0,0,,0,0,0,886700,virtual_dummy.xlsx,L50_결제주기,2026-10-05T01:15
PH_DUMMY_01,2026-09-21,VA,월 마감 → 익월 말일 결제,2개월 이내 (상한 1.2%),1.2,7835190,0,,0,0,0,65596770,virtual_dummy.xlsx,L50_결제주기,2026-10-05T01:15
PH_DUMMY_01,2026-09-21,VB,월 마감 → 익익월 말일 결제,3개월 이내 (상한 0.6%),0.6,2578660,0,,0,0,0,29919280,virtual_dummy.xlsx,L50_결제주기,2026-10-05T01:15
PH_DUMMY_01,2026-09-21,VC,월 마감 → 익월 10일 결제,1개월 이내 (상한 1.8%),1.5,490720,0,,0,0,0,1377420,virtual_dummy.xlsx,L50_결제주기,2026-10-05T01:15
PH_DUMMY_01,2026-09-22,VA,월 마감 → 익월 말일 결제,2개월 이내 (상한 1.2%),1.2,662520,0,,0,0,0,66259290,virtual_dummy.xlsx,L50_결제주기,2026-10-05T01:15
PH_DUMMY_01,2026-09-22,VB,월 마감 → 익익월 말일 결제,3개월 이내 (상한 0.6%),0.6,220840,0,,0,0,0,30140120,virtual_dummy.xlsx,L50_결제주기,2026-10-05T01:15
PH_DUMMY_01,2026-09-22,VC,월 마감 → 익월 10일 결제,1개월 이내 (상한 1.8%),1.5,0,0,,0,0,0,1377420,virtual_dummy.xlsx,L50_결제주기,2026-10-05T01:15
PH_DUMMY_01,2026-09-23,VA,월 마감 → 익월 말일 결제,2개월 이내 (상한 1.2%),1.2,395590,0,,0,0,0,66654880,virtual_dummy.xlsx,L50_결제주기,2026-10-05T01:15
PH_DUMMY_01,2026-09-23,VB,월 마감 → 익익월 말일 결제,3개월 이내 (상한 0.6%),0.6,131860,0,,0,0,0,30271980,virtual_dummy.xlsx,L50_결제주기,2026-10-05T01:15
PH_DUMMY_01,2026-09-23,VC,월 마감 → 익월 10일 결제,1개월 이내 (상한 1.8%),1.5,0,0,,0,0,0,1377420,virtual_dummy.xlsx,L50_결제주기,2026-10-05T01:15
PH_DUMMY_01,2026-09-24,VA,월 마감 → 익월 말일 결제,2개월 이내 (상한 1.2%),1.2,0,0,,0,0,0,66654880,virtual_dummy.xlsx,L50_결제주기,2026-10-05T01:15
PH_DUMMY_01,2026-09-24,VB,월 마감 → 익익월 말일 결제,3개월 이내 (상한 0.6%),0.6,0,0,,0,0,0,30271980,virtual_dummy.xlsx,L50_결제주기,2026-10-05T01:15
PH_DUMMY_01,2026-09-24,VC,월 마감 → 익월 10일 결제,1개월 이내 (상한 1.8%),1.5,0,0,,0,0,0,1377420,virtual_dummy.xlsx,L50_결제주기,2026-10-05T01:15
PH_DUMMY_01,2026-09-25,VA,월 마감 → 익월 말일 결제,2개월 이내 (상한 1.2%),1.2,0,0,,0,0,0,66654880,virtual_dummy.xlsx,L50_결제주기,2026-10-05T01:15
PH_DUMMY_01,2026-09-25,VB,월 마감 → 익익월 말일 결제,3개월 이내 (상한 0.6%),0.6,0,0,,0,0,0,30271980,virtual_dummy.xlsx,L50_결제주기,2026-10-05T01:15
PH_DUMMY_01,2026-09-25,VC,월 마감 → 익월 10일 결제,1개월 이내 (상한 1.8%),1.5,0,0,,0,0,0,1377420,virtual_dummy.xlsx,L50_결제주기,2026-10-05T01:15
PH_DUMMY_01,2026-09-26,VA,월 마감 → 익월 말일 결제,2개월 이내 (상한 1.2%),1.2,0,0,,0,0,0,66654880,virtual_dummy.xlsx,L50_결제주기,2026-10-05T01:15
PH_DUMMY_01,2026-09-26,VB,월 마감 → 익익월 말일 결제,3개월 이내 (상한 0.6%),0.6,0,0,,0,0,0,30271980,virtual_dummy.xlsx,L50_결제주기,2026-10-05T01:15
PH_DUMMY_01,2026-09-26,VC,월 마감 → 익월 10일 결제,1개월 이내 (상한 1.8%),1.5,0,0,,0,0,0,1377420,virtual_dummy.xlsx,L50_결제주기,2026-10-05T01:15
PH_DUMMY_01,2026-09-27,VA,월 마감 → 익월 말일 결제,2개월 이내 (상한 1.2%),1.2,0,0,,0,0,0,66654880,virtual_dummy.xlsx,L50_결제주기,2026-10-05T01:15
PH_DUMMY_01,2026-09-27,VB,월 마감 → 익익월 말일 결제,3개월 이내 (상한 0.6%),0.6,0,0,,0,0,0,30271980,virtual_dummy.xlsx,L50_결제주기,2026-10-05T01:15
PH_DUMMY_01,2026-09-27,VC,월 마감 → 익월 10일 결제,1개월 이내 (상한 1.8%),1.5,0,0,,0,0,0,1377420,virtual_dummy.xlsx,L50_결제주기,2026-10-05T01:15
PH_DUMMY_01,2026-09-28,VA,월 마감 → 익월 말일 결제,2개월 이내 (상한 1.2%),1.2,4987870,15570,,0,0,0,71627180,virtual_dummy.xlsx,L50_결제주기,2026-10-05T01:15
PH_DUMMY_01,2026-09-28,VB,월 마감 → 익익월 말일 결제,3개월 이내 (상한 0.6%),0.6,1768040,0,,0,0,0,32040020,virtual_dummy.xlsx,L50_결제주기,2026-10-05T01:15
PH_DUMMY_01,2026-09-28,VC,월 마감 → 익월 10일 결제,1개월 이내 (상한 1.8%),1.5,260010,0,,0,0,0,1637430,virtual_dummy.xlsx,L50_결제주기,2026-10-05T01:15
PH_DUMMY_01,2026-09-29,VA,월 마감 → 익월 말일 결제,2개월 이내 (상한 1.2%),1.2,260940,0,,0,0,0,71888120,virtual_dummy.xlsx,L50_결제주기,2026-10-05T01:15
PH_DUMMY_01,2026-09-29,VB,월 마감 → 익익월 말일 결제,3개월 이내 (상한 0.6%),0.6,86980,0,,0,0,0,32127000,virtual_dummy.xlsx,L50_결제주기,2026-10-05T01:15
PH_DUMMY_01,2026-09-29,VC,월 마감 → 익월 10일 결제,1개월 이내 (상한 1.8%),1.5,0,0,,0,0,0,1637430,virtual_dummy.xlsx,L50_결제주기,2026-10-05T01:15
PH_DUMMY_01,2026-09-30,VA,월 마감 → 익월 말일 결제,2개월 이내 (상한 1.2%),1.2,416380,80400,2026-08 매입분,37833420,454000,37379420,34390680,virtual_dummy.xlsx,L50_결제주기,2026-10-05T01:15
PH_DUMMY_01,2026-09-30,VB,월 마감 → 익익월 말일 결제,3개월 이내 (상한 0.6%),0.6,138790,23060,2026-07 매입분,9869570,59220,9810350,22373160,virtual_dummy.xlsx,L50_결제주기,2026-10-05T01:15
PH_DUMMY_01,2026-09-30,VC,월 마감 → 익월 10일 결제,1개월 이내 (상한 1.8%),1.5,0,0,,0,0,0,1637430,virtual_dummy.xlsx,L50_결제주기,2026-10-05T01:15
PH_DUMMY_01,2026-10-01,VA,월 마감 → 익월 말일 결제,2개월 이내 (상한 1.2%),1.2,489990,0,,0,0,0,34880670,virtual_dummy.xlsx,L50_결제주기,2026-10-05T01:15
PH_DUMMY_01,2026-10-01,VB,월 마감 → 익익월 말일 결제,3개월 이내 (상한 0.6%),0.6,163330,0,,0,0,0,22536490,virtual_dummy.xlsx,L50_결제주기,2026-10-05T01:15
PH_DUMMY_01,2026-10-01,VC,월 마감 → 익월 10일 결제,1개월 이내 (상한 1.8%),1.5,0,0,,0,0,0,1637430,virtual_dummy.xlsx,L50_결제주기,2026-10-05T01:15
PH_DUMMY_01,2026-10-02,VA,월 마감 → 익월 말일 결제,2개월 이내 (상한 1.2%),1.2,563370,0,,0,0,0,35444040,virtual_dummy.xlsx,L50_결제주기,2026-10-05T01:15
PH_DUMMY_01,2026-10-02,VB,월 마감 → 익익월 말일 결제,3개월 이내 (상한 0.6%),0.6,187790,0,,0,0,0,22724280,virtual_dummy.xlsx,L50_결제주기,2026-10-05T01:15
PH_DUMMY_01,2026-10-02,VC,월 마감 → 익월 10일 결제,1개월 이내 (상한 1.8%),1.5,0,0,,0,0,0,1637430,virtual_dummy.xlsx,L50_결제주기,2026-10-05T01:15
PH_DUMMY_01,2026-10-03,VA,월 마감 → 익월 말일 결제,2개월 이내 (상한 1.2%),1.2,0,0,,0,0,0,35444040,virtual_dummy.xlsx,L50_결제주기,2026-10-05T01:15
PH_DUMMY_01,2026-10-03,VB,월 마감 → 익익월 말일 결제,3개월 이내 (상한 0.6%),0.6,0,0,,0,0,0,22724280,virtual_dummy.xlsx,L50_결제주기,2026-10-05T01:15
PH_DUMMY_01,2026-10-03,VC,월 마감 → 익월 10일 결제,1개월 이내 (상한 1.8%),1.5,0,0,,0,0,0,1637430,virtual_dummy.xlsx,L50_결제주기,2026-10-05T01:15
PH_DUMMY_01,2026-10-04,VA,월 마감 → 익월 말일 결제,2개월 이내 (상한 1.2%),1.2,0,0,,0,0,0,35444040,virtual_dummy.xlsx,L50_결제주기,2026-10-05T01:15
PH_DUMMY_01,2026-10-04,VB,월 마감 → 익익월 말일 결제,3개월 이내 (상한 0.6%),0.6,0,0,,0,0,0,22724280,virtual_dummy.xlsx,L50_결제주기,2026-10-05T01:15
PH_DUMMY_01,2026-10-04,VC,월 마감 → 익월 10일 결제,1개월 이내 (상한 1.8%),1.5,0,0,,0,0,0,1637430,virtual_dummy.xlsx,L50_결제주기,2026-10-05T01:15
PH_DUMMY_01,2026-10-05,VA,월 마감 → 익월 말일 결제,2개월 이내 (상한 1.2%),1.2,0,0,,0,0,0,35444040,virtual_dummy.xlsx,L50_결제주기,2026-10-05T01:15
PH_DUMMY_01,2026-10-05,VB,월 마감 → 익익월 말일 결제,3개월 이내 (상한 0.6%),0.6,0,0,,0,0,0,22724280,virtual_dummy.xlsx,L50_결제주기,2026-10-05T01:15
PH_DUMMY_01,2026-10-05,VC,월 마감 → 익월 10일 결제,1개월 이내 (상한 1.8%),1.5,0,0,,0,0,0,1637430,virtual_dummy.xlsx,L50_결제주기,2026-10-05T01:15
PH_DUMMY_01,2026-10-06,VA,월 마감 → 익월 말일 결제,2개월 이내 (상한 1.2%),1.2,5412200,0,,0,0,0,40856240,virtual_dummy.xlsx,L50_결제주기,2026-10-05T01:15
PH_DUMMY_01,2026-10-06,VB,월 마감 → 익익월 말일 결제,3개월 이내 (상한 0.6%),0.6,1746440,0,,0,0,0,24470720,virtual_dummy.xlsx,L50_결제주기,2026-10-05T01:15
PH_DUMMY_01,2026-10-06,VC,월 마감 → 익월 10일 결제,1개월 이내 (상한 1.8%),1.5,366530,0,,0,0,0,2003960,virtual_dummy.xlsx,L50_결제주기,2026-10-05T01:15
PH_DUMMY_01,2026-10-07,VA,월 마감 → 익월 말일 결제,2개월 이내 (상한 1.2%),1.2,354870,0,,0,0,0,41211110,virtual_dummy.xlsx,L50_결제주기,2026-10-05T01:15
PH_DUMMY_01,2026-10-07,VB,월 마감 → 익익월 말일 결제,3개월 이내 (상한 0.6%),0.6,118290,0,,0,0,0,24589010,virtual_dummy.xlsx,L50_결제주기,2026-10-05T01:15
PH_DUMMY_01,2026-10-07,VC,월 마감 → 익월 10일 결제,1개월 이내 (상한 1.8%),1.5,0,0,,0,0,0,2003960,virtual_dummy.xlsx,L50_결제주기,2026-10-05T01:15
PH_DUMMY_01,2026-10-08,VA,월 마감 → 익월 말일 결제,2개월 이내 (상한 1.2%),1.2,519740,0,,0,0,0,41730850,virtual_dummy.xlsx,L50_결제주기,2026-10-05T01:15
PH_DUMMY_01,2026-10-08,VB,월 마감 → 익익월 말일 결제,3개월 이내 (상한 0.6%),0.6,173250,0,,0,0,0,24762260,virtual_dummy.xlsx,L50_결제주기,2026-10-05T01:15
PH_DUMMY_01,2026-10-08,VC,월 마감 → 익월 10일 결제,1개월 이내 (상한 1.8%),1.5,0,0,2026-09 매입분,1637430,24560,1612870,366530,virtual_dummy.xlsx,L50_결제주기,2026-10-05T01:15
PH_DUMMY_01,2026-10-09,VA,월 마감 → 익월 말일 결제,2개월 이내 (상한 1.2%),1.2,0,0,,0,0,0,41730850,virtual_dummy.xlsx,L50_결제주기,2026-10-05T01:15
PH_DUMMY_01,2026-10-09,VB,월 마감 → 익익월 말일 결제,3개월 이내 (상한 0.6%),0.6,0,0,,0,0,0,24762260,virtual_dummy.xlsx,L50_결제주기,2026-10-05T01:15
PH_DUMMY_01,2026-10-09,VC,월 마감 → 익월 10일 결제,1개월 이내 (상한 1.8%),1.5,0,0,,0,0,0,366530,virtual_dummy.xlsx,L50_결제주기,2026-10-05T01:15
PH_DUMMY_01,2026-10-10,VA,월 마감 → 익월 말일 결제,2개월 이내 (상한 1.2%),1.2,303140,0,,0,0,0,42033990,virtual_dummy.xlsx,L50_결제주기,2026-10-05T01:15
PH_DUMMY_01,2026-10-10,VB,월 마감 → 익익월 말일 결제,3개월 이내 (상한 0.6%),0.6,101050,0,,0,0,0,24863310,virtual_dummy.xlsx,L50_결제주기,2026-10-05T01:15
PH_DUMMY_01,2026-10-10,VC,월 마감 → 익월 10일 결제,1개월 이내 (상한 1.8%),1.5,0,0,,0,0,0,366530,virtual_dummy.xlsx,L50_결제주기,2026-10-05T01:15
PH_DUMMY_01,2026-10-11,VA,월 마감 → 익월 말일 결제,2개월 이내 (상한 1.2%),1.2,0,0,,0,0,0,42033990,virtual_dummy.xlsx,L50_결제주기,2026-10-05T01:15
PH_DUMMY_01,2026-10-11,VB,월 마감 → 익익월 말일 결제,3개월 이내 (상한 0.6%),0.6,0,0,,0,0,0,24863310,virtual_dummy.xlsx,L50_결제주기,2026-10-05T01:15
PH_DUMMY_01,2026-10-11,VC,월 마감 → 익월 10일 결제,1개월 이내 (상한 1.8%),1.5,0,0,,0,0,0,366530,virtual_dummy.xlsx,L50_결제주기,2026-10-05T01:15
PH_DUMMY_01,2026-10-12,VA,월 마감 → 익월 말일 결제,2개월 이내 (상한 1.2%),1.2,4871710,0,,0,0,0,46905700,virtual_dummy.xlsx,L50_결제주기,2026-10-05T01:15
PH_DUMMY_01,2026-10-12,VB,월 마감 → 익익월 말일 결제,3개월 이내 (상한 0.6%),0.6,1334970,0,,0,0,0,26198280,virtual_dummy.xlsx,L50_결제주기,2026-10-05T01:15
PH_DUMMY_01,2026-10-12,VC,월 마감 → 익월 10일 결제,1개월 이내 (상한 1.8%),1.5,313490,0,,0,0,0,680020,virtual_dummy.xlsx,L50_결제주기,2026-10-05T01:15
PH_DUMMY_01,2026-10-13,VA,월 마감 → 익월 말일 결제,2개월 이내 (상한 1.2%),1.2,611400,0,,0,0,0,47517100,virtual_dummy.xlsx,L50_결제주기,2026-10-05T01:15
PH_DUMMY_01,2026-10-13,VB,월 마감 → 익익월 말일 결제,3개월 이내 (상한 0.6%),0.6,203800,0,,0,0,0,26402080,virtual_dummy.xlsx,L50_결제주기,2026-10-05T01:15
PH_DUMMY_01,2026-10-13,VC,월 마감 → 익월 10일 결제,1개월 이내 (상한 1.8%),1.5,0,0,,0,0,0,680020,virtual_dummy.xlsx,L50_결제주기,2026-10-05T01:15
PH_DUMMY_01,2026-10-14,VA,월 마감 → 익월 말일 결제,2개월 이내 (상한 1.2%),1.2,429180,0,,0,0,0,47946280,virtual_dummy.xlsx,L50_결제주기,2026-10-05T01:15
PH_DUMMY_01,2026-10-14,VB,월 마감 → 익익월 말일 결제,3개월 이내 (상한 0.6%),0.6,143060,0,,0,0,0,26545140,virtual_dummy.xlsx,L50_결제주기,2026-10-05T01:15
PH_DUMMY_01,2026-10-14,VC,월 마감 → 익월 10일 결제,1개월 이내 (상한 1.8%),1.5,0,0,,0,0,0,680020,virtual_dummy.xlsx,L50_결제주기,2026-10-05T01:15
PH_DUMMY_01,2026-10-15,VA,월 마감 → 익월 말일 결제,2개월 이내 (상한 1.2%),1.2,712360,0,,0,0,0,48658640,virtual_dummy.xlsx,L50_결제주기,2026-10-05T01:15
PH_DUMMY_01,2026-10-15,VB,월 마감 → 익익월 말일 결제,3개월 이내 (상한 0.6%),0.6,237450,0,,0,0,0,26782590,virtual_dummy.xlsx,L50_결제주기,2026-10-05T01:15
PH_DUMMY_01,2026-10-15,VC,월 마감 → 익월 10일 결제,1개월 이내 (상한 1.8%),1.5,0,0,,0,0,0,680020,virtual_dummy.xlsx,L50_결제주기,2026-10-05T01:15
PH_DUMMY_01,2026-10-16,VA,월 마감 → 익월 말일 결제,2개월 이내 (상한 1.2%),1.2,653840,0,,0,0,0,49312480,virtual_dummy.xlsx,L50_결제주기,2026-10-05T01:15
PH_DUMMY_01,2026-10-16,VB,월 마감 → 익익월 말일 결제,3개월 이내 (상한 0.6%),0.6,217950,0,,0,0,0,27000540,virtual_dummy.xlsx,L50_결제주기,2026-10-05T01:15
PH_DUMMY_01,2026-10-16,VC,월 마감 → 익월 10일 결제,1개월 이내 (상한 1.8%),1.5,0,0,,0,0,0,680020,virtual_dummy.xlsx,L50_결제주기,2026-10-05T01:15
PH_DUMMY_01,2026-10-17,VA,월 마감 → 익월 말일 결제,2개월 이내 (상한 1.2%),1.2,235170,0,,0,0,0,49547650,virtual_dummy.xlsx,L50_결제주기,2026-10-05T01:15
PH_DUMMY_01,2026-10-17,VB,월 마감 → 익익월 말일 결제,3개월 이내 (상한 0.6%),0.6,78390,0,,0,0,0,27078930,virtual_dummy.xlsx,L50_결제주기,2026-10-05T01:15
PH_DUMMY_01,2026-10-17,VC,월 마감 → 익월 10일 결제,1개월 이내 (상한 1.8%),1.5,0,0,,0,0,0,680020,virtual_dummy.xlsx,L50_결제주기,2026-10-05T01:15
PH_DUMMY_01,2026-10-18,VA,월 마감 → 익월 말일 결제,2개월 이내 (상한 1.2%),1.2,0,0,,0,0,0,49547650,virtual_dummy.xlsx,L50_결제주기,2026-10-05T01:15
PH_DUMMY_01,2026-10-18,VB,월 마감 → 익익월 말일 결제,3개월 이내 (상한 0.6%),0.6,0,0,,0,0,0,27078930,virtual_dummy.xlsx,L50_결제주기,2026-10-05T01:15
PH_DUMMY_01,2026-10-18,VC,월 마감 → 익월 10일 결제,1개월 이내 (상한 1.8%),1.5,0,0,,0,0,0,680020,virtual_dummy.xlsx,L50_결제주기,2026-10-05T01:15
PH_DUMMY_01,2026-10-19,VA,월 마감 → 익월 말일 결제,2개월 이내 (상한 1.2%),1.2,7590950,0,,0,0,0,57138600,virtual_dummy.xlsx,L50_결제주기,2026-10-05T01:15
PH_DUMMY_01,2026-10-19,VB,월 마감 → 익익월 말일 결제,3개월 이내 (상한 0.6%),0.6,2384840,0,,0,0,0,29463770,virtual_dummy.xlsx,L50_결제주기,2026-10-05T01:15
PH_DUMMY_01,2026-10-19,VC,월 마감 → 익월 10일 결제,1개월 이내 (상한 1.8%),1.5,550540,0,,0,0,0,1230560,virtual_dummy.xlsx,L50_결제주기,2026-10-05T01:15
PH_DUMMY_01,2026-10-20,VA,월 마감 → 익월 말일 결제,2개월 이내 (상한 1.2%),1.2,452450,0,,0,0,0,57591050,virtual_dummy.xlsx,L50_결제주기,2026-10-05T01:15
PH_DUMMY_01,2026-10-20,VB,월 마감 → 익익월 말일 결제,3개월 이내 (상한 0.6%),0.6,150820,0,,0,0,0,29614590,virtual_dummy.xlsx,L50_결제주기,2026-10-05T01:15
PH_DUMMY_01,2026-10-20,VC,월 마감 → 익월 10일 결제,1개월 이내 (상한 1.8%),1.5,0,0,,0,0,0,1230560,virtual_dummy.xlsx,L50_결제주기,2026-10-05T01:15
PH_DUMMY_01,2026-10-21,VA,월 마감 → 익월 말일 결제,2개월 이내 (상한 1.2%),1.2,462080,0,,0,0,0,58053130,virtual_dummy.xlsx,L50_결제주기,2026-10-05T01:15
PH_DUMMY_01,2026-10-21,VB,월 마감 → 익익월 말일 결제,3개월 이내 (상한 0.6%),0.6,154030,0,,0,0,0,29768620,virtual_dummy.xlsx,L50_결제주기,2026-10-05T01:15
PH_DUMMY_01,2026-10-21,VC,월 마감 → 익월 10일 결제,1개월 이내 (상한 1.8%),1.5,0,0,,0,0,0,1230560,virtual_dummy.xlsx,L50_결제주기,2026-10-05T01:15
PH_DUMMY_01,2026-10-22,VA,월 마감 → 익월 말일 결제,2개월 이내 (상한 1.2%),1.2,364040,0,,0,0,0,58417170,virtual_dummy.xlsx,L50_결제주기,2026-10-05T01:15
PH_DUMMY_01,2026-10-22,VB,월 마감 → 익익월 말일 결제,3개월 이내 (상한 0.6%),0.6,121350,0,,0,0,0,29889970,virtual_dummy.xlsx,L50_결제주기,2026-10-05T01:15
PH_DUMMY_01,2026-10-22,VC,월 마감 → 익월 10일 결제,1개월 이내 (상한 1.8%),1.5,0,0,,0,0,0,1230560,virtual_dummy.xlsx,L50_결제주기,2026-10-05T01:15
PH_DUMMY_01,2026-10-23,VA,월 마감 → 익월 말일 결제,2개월 이내 (상한 1.2%),1.2,655640,0,,0,0,0,59072810,virtual_dummy.xlsx,L50_결제주기,2026-10-05T01:15
PH_DUMMY_01,2026-10-23,VB,월 마감 → 익익월 말일 결제,3개월 이내 (상한 0.6%),0.6,218550,0,,0,0,0,30108520,virtual_dummy.xlsx,L50_결제주기,2026-10-05T01:15
PH_DUMMY_01,2026-10-23,VC,월 마감 → 익월 10일 결제,1개월 이내 (상한 1.8%),1.5,0,0,,0,0,0,1230560,virtual_dummy.xlsx,L50_결제주기,2026-10-05T01:15
PH_DUMMY_01,2026-10-24,VA,월 마감 → 익월 말일 결제,2개월 이내 (상한 1.2%),1.2,156130,0,,0,0,0,59228940,virtual_dummy.xlsx,L50_결제주기,2026-10-05T01:15
PH_DUMMY_01,2026-10-24,VB,월 마감 → 익익월 말일 결제,3개월 이내 (상한 0.6%),0.6,52040,0,,0,0,0,30160560,virtual_dummy.xlsx,L50_결제주기,2026-10-05T01:15
PH_DUMMY_01,2026-10-24,VC,월 마감 → 익월 10일 결제,1개월 이내 (상한 1.8%),1.5,0,0,,0,0,0,1230560,virtual_dummy.xlsx,L50_결제주기,2026-10-05T01:15
PH_DUMMY_01,2026-10-25,VA,월 마감 → 익월 말일 결제,2개월 이내 (상한 1.2%),1.2,0,0,,0,0,0,59228940,virtual_dummy.xlsx,L50_결제주기,2026-10-05T01:15
PH_DUMMY_01,2026-10-25,VB,월 마감 → 익익월 말일 결제,3개월 이내 (상한 0.6%),0.6,0,0,,0,0,0,30160560,virtual_dummy.xlsx,L50_결제주기,2026-10-05T01:15
PH_DUMMY_01,2026-10-25,VC,월 마감 → 익월 10일 결제,1개월 이내 (상한 1.8%),1.5,0,0,,0,0,0,1230560,virtual_dummy.xlsx,L50_결제주기,2026-10-05T01:15
PH_DUMMY_01,2026-10-26,VA,월 마감 → 익월 말일 결제,2개월 이내 (상한 1.2%),1.2,7564410,0,,0,0,0,66793350,virtual_dummy.xlsx,L50_결제주기,2026-10-05T01:15
PH_DUMMY_01,2026-10-26,VB,월 마감 → 익익월 말일 결제,3개월 이내 (상한 0.6%),0.6,2283820,0,,0,0,0,32444380,virtual_dummy.xlsx,L50_결제주기,2026-10-05T01:15
PH_DUMMY_01,2026-10-26,VC,월 마감 → 익월 10일 결제,1개월 이내 (상한 1.8%),1.5,385220,0,,0,0,0,1615780,virtual_dummy.xlsx,L50_결제주기,2026-10-05T01:15
PH_DUMMY_01,2026-10-27,VA,월 마감 → 익월 말일 결제,2개월 이내 (상한 1.2%),1.2,528400,0,,0,0,0,67321750,virtual_dummy.xlsx,L50_결제주기,2026-10-05T01:15
PH_DUMMY_01,2026-10-27,VB,월 마감 → 익익월 말일 결제,3개월 이내 (상한 0.6%),0.6,176130,0,,0,0,0,32620510,virtual_dummy.xlsx,L50_결제주기,2026-10-05T01:15
PH_DUMMY_01,2026-10-27,VC,월 마감 → 익월 10일 결제,1개월 이내 (상한 1.8%),1.5,0,0,,0,0,0,1615780,virtual_dummy.xlsx,L50_결제주기,2026-10-05T01:15
PH_DUMMY_01,2026-10-28,VA,월 마감 → 익월 말일 결제,2개월 이내 (상한 1.2%),1.2,389430,0,,0,0,0,67711180,virtual_dummy.xlsx,L50_결제주기,2026-10-05T01:15
PH_DUMMY_01,2026-10-28,VB,월 마감 → 익익월 말일 결제,3개월 이내 (상한 0.6%),0.6,129810,0,,0,0,0,32750320,virtual_dummy.xlsx,L50_결제주기,2026-10-05T01:15
PH_DUMMY_01,2026-10-28,VC,월 마감 → 익월 10일 결제,1개월 이내 (상한 1.8%),1.5,0,0,,0,0,0,1615780,virtual_dummy.xlsx,L50_결제주기,2026-10-05T01:15
PH_DUMMY_01,2026-10-29,VA,월 마감 → 익월 말일 결제,2개월 이내 (상한 1.2%),1.2,750690,0,,0,0,0,68461870,virtual_dummy.xlsx,L50_결제주기,2026-10-05T01:15
PH_DUMMY_01,2026-10-29,VB,월 마감 → 익익월 말일 결제,3개월 이내 (상한 0.6%),0.6,250230,0,,0,0,0,33000550,virtual_dummy.xlsx,L50_결제주기,2026-10-05T01:15
PH_DUMMY_01,2026-10-29,VC,월 마감 → 익월 10일 결제,1개월 이내 (상한 1.8%),1.5,0,0,,0,0,0,1615780,virtual_dummy.xlsx,L50_결제주기,2026-10-05T01:15
PH_DUMMY_01,2026-10-30,VA,월 마감 → 익월 말일 결제,2개월 이내 (상한 1.2%),1.2,620800,0,2026-09 매입분,34390680,412690,33977990,34691990,virtual_dummy.xlsx,L50_결제주기,2026-10-05T01:15
PH_DUMMY_01,2026-10-30,VB,월 마감 → 익익월 말일 결제,3개월 이내 (상한 0.6%),0.6,206930,0,2026-08 매입분,11237650,67430,11170220,21969830,virtual_dummy.xlsx,L50_결제주기,2026-10-05T01:15
PH_DUMMY_01,2026-10-30,VC,월 마감 → 익월 10일 결제,1개월 이내 (상한 1.8%),1.5,0,0,,0,0,0,1615780,virtual_dummy.xlsx,L50_결제주기,2026-10-05T01:15
PH_DUMMY_01,2026-10-31,VA,월 마감 → 익월 말일 결제,2개월 이내 (상한 1.2%),1.2,341260,78820,,0,0,0,34954430,virtual_dummy.xlsx,L50_결제주기,2026-10-05T01:15
PH_DUMMY_01,2026-10-31,VB,월 마감 → 익익월 말일 결제,3개월 이내 (상한 0.6%),0.6,113750,10390,,0,0,0,22073190,virtual_dummy.xlsx,L50_결제주기,2026-10-05T01:15
PH_DUMMY_01,2026-10-31,VC,월 마감 → 익월 10일 결제,1개월 이내 (상한 1.8%),1.5,0,0,,0,0,0,1615780,virtual_dummy.xlsx,L50_결제주기,2026-10-05T01:15
PH_DUMMY_01,2026-11-01,VA,월 마감 → 익월 말일 결제,2개월 이내 (상한 1.2%),1.2,0,0,,0,0,0,34954430,virtual_dummy.xlsx,L50_결제주기,2026-10-05T01:15
PH_DUMMY_01,2026-11-01,VB,월 마감 → 익익월 말일 결제,3개월 이내 (상한 0.6%),0.6,0,0,,0,0,0,22073190,virtual_dummy.xlsx,L50_결제주기,2026-10-05T01:15
PH_DUMMY_01,2026-11-01,VC,월 마감 → 익월 10일 결제,1개월 이내 (상한 1.8%),1.5,0,0,,0,0,0,1615780,virtual_dummy.xlsx,L50_결제주기,2026-10-05T01:15
PH_DUMMY_01,2026-11-02,VA,월 마감 → 익월 말일 결제,2개월 이내 (상한 1.2%),1.2,8635170,0,,0,0,0,43589600,virtual_dummy.xlsx,L50_결제주기,2026-10-05T01:15
PH_DUMMY_01,2026-11-02,VB,월 마감 → 익익월 말일 결제,3개월 이내 (상한 0.6%),0.6,2557240,0,,0,0,0,24630430,virtual_dummy.xlsx,L50_결제주기,2026-10-05T01:15
PH_DUMMY_01,2026-11-02,VC,월 마감 → 익월 10일 결제,1개월 이내 (상한 1.8%),1.5,413810,0,,0,0,0,2029590,virtual_dummy.xlsx,L50_결제주기,2026-10-05T01:15
PH_DUMMY_01,2026-11-03,VA,월 마감 → 익월 말일 결제,2개월 이내 (상한 1.2%),1.2,466850,0,,0,0,0,44056450,virtual_dummy.xlsx,L50_결제주기,2026-10-05T01:15
PH_DUMMY_01,2026-11-03,VB,월 마감 → 익익월 말일 결제,3개월 이내 (상한 0.6%),0.6,155620,0,,0,0,0,24786050,virtual_dummy.xlsx,L50_결제주기,2026-10-05T01:15
PH_DUMMY_01,2026-11-03,VC,월 마감 → 익월 10일 결제,1개월 이내 (상한 1.8%),1.5,0,0,,0,0,0,2029590,virtual_dummy.xlsx,L50_결제주기,2026-10-05T01:15
PH_DUMMY_01,2026-11-04,VA,월 마감 → 익월 말일 결제,2개월 이내 (상한 1.2%),1.2,678940,0,,0,0,0,44735390,virtual_dummy.xlsx,L50_결제주기,2026-10-05T01:15
PH_DUMMY_01,2026-11-04,VB,월 마감 → 익익월 말일 결제,3개월 이내 (상한 0.6%),0.6,226310,0,,0,0,0,25012360,virtual_dummy.xlsx,L50_결제주기,2026-10-05T01:15
PH_DUMMY_01,2026-11-04,VC,월 마감 → 익월 10일 결제,1개월 이내 (상한 1.8%),1.5,0,0,,0,0,0,2029590,virtual_dummy.xlsx,L50_결제주기,2026-10-05T01:15
PH_DUMMY_01,2026-11-05,VA,월 마감 → 익월 말일 결제,2개월 이내 (상한 1.2%),1.2,517790,0,,0,0,0,45253180,virtual_dummy.xlsx,L50_결제주기,2026-10-05T01:15
PH_DUMMY_01,2026-11-05,VB,월 마감 → 익익월 말일 결제,3개월 이내 (상한 0.6%),0.6,172600,0,,0,0,0,25184960,virtual_dummy.xlsx,L50_결제주기,2026-10-05T01:15
PH_DUMMY_01,2026-11-05,VC,월 마감 → 익월 10일 결제,1개월 이내 (상한 1.8%),1.5,0,0,,0,0,0,2029590,virtual_dummy.xlsx,L50_결제주기,2026-10-05T01:15
PH_DUMMY_01,2026-11-06,VA,월 마감 → 익월 말일 결제,2개월 이내 (상한 1.2%),1.2,662360,0,,0,0,0,45915540,virtual_dummy.xlsx,L50_결제주기,2026-10-05T01:15
PH_DUMMY_01,2026-11-06,VB,월 마감 → 익익월 말일 결제,3개월 이내 (상한 0.6%),0.6,220780,0,,0,0,0,25405740,virtual_dummy.xlsx,L50_결제주기,2026-10-05T01:15
PH_DUMMY_01,2026-11-06,VC,월 마감 → 익월 10일 결제,1개월 이내 (상한 1.8%),1.5,0,0,,0,0,0,2029590,virtual_dummy.xlsx,L50_결제주기,2026-10-05T01:15
PH_DUMMY_01,2026-11-07,VA,월 마감 → 익월 말일 결제,2개월 이내 (상한 1.2%),1.2,392450,0,,0,0,0,46307990,virtual_dummy.xlsx,L50_결제주기,2026-10-05T01:15
PH_DUMMY_01,2026-11-07,VB,월 마감 → 익익월 말일 결제,3개월 이내 (상한 0.6%),0.6,130820,0,,0,0,0,25536560,virtual_dummy.xlsx,L50_결제주기,2026-10-05T01:15
PH_DUMMY_01,2026-11-07,VC,월 마감 → 익월 10일 결제,1개월 이내 (상한 1.8%),1.5,0,0,,0,0,0,2029590,virtual_dummy.xlsx,L50_결제주기,2026-10-05T01:15
PH_DUMMY_01,2026-11-08,VA,월 마감 → 익월 말일 결제,2개월 이내 (상한 1.2%),1.2,0,0,,0,0,0,46307990,virtual_dummy.xlsx,L50_결제주기,2026-10-05T01:15
PH_DUMMY_01,2026-11-08,VB,월 마감 → 익익월 말일 결제,3개월 이내 (상한 0.6%),0.6,0,0,,0,0,0,25536560,virtual_dummy.xlsx,L50_결제주기,2026-10-05T01:15
PH_DUMMY_01,2026-11-08,VC,월 마감 → 익월 10일 결제,1개월 이내 (상한 1.8%),1.5,0,0,,0,0,0,2029590,virtual_dummy.xlsx,L50_결제주기,2026-10-05T01:15
PH_DUMMY_01,2026-11-09,VA,월 마감 → 익월 말일 결제,2개월 이내 (상한 1.2%),1.2,8268150,0,,0,0,0,54576140,virtual_dummy.xlsx,L50_결제주기,2026-10-05T01:15
PH_DUMMY_01,2026-11-09,VB,월 마감 → 익익월 말일 결제,3개월 이내 (상한 0.6%),0.6,2467570,0,,0,0,0,28004130,virtual_dummy.xlsx,L50_결제주기,2026-10-05T01:15
PH_DUMMY_01,2026-11-09,VC,월 마감 → 익월 10일 결제,1개월 이내 (상한 1.8%),1.5,432820,0,,0,0,0,2462410,virtual_dummy.xlsx,L50_결제주기,2026-10-05T01:15
PH_DUMMY_01,2026-11-10,VA,월 마감 → 익월 말일 결제,2개월 이내 (상한 1.2%),1.2,510400,0,,0,0,0,55086540,virtual_dummy.xlsx,L50_결제주기,2026-10-05T01:15
PH_DUMMY_01,2026-11-10,VB,월 마감 → 익익월 말일 결제,3개월 이내 (상한 0.6%),0.6,170130,0,,0,0,0,28174260,virtual_dummy.xlsx,L50_결제주기,2026-10-05T01:15
PH_DUMMY_01,2026-11-10,VC,월 마감 → 익월 10일 결제,1개월 이내 (상한 1.8%),1.5,0,0,2026-10 매입분,1615780,24240,1591540,846630,virtual_dummy.xlsx,L50_결제주기,2026-10-05T01:15
PH_DUMMY_01,2026-11-11,VA,월 마감 → 익월 말일 결제,2개월 이내 (상한 1.2%),1.2,304090,0,,0,0,0,55390630,virtual_dummy.xlsx,L50_결제주기,2026-10-05T01:15
PH_DUMMY_01,2026-11-11,VB,월 마감 → 익익월 말일 결제,3개월 이내 (상한 0.6%),0.6,101360,0,,0,0,0,28275620,virtual_dummy.xlsx,L50_결제주기,2026-10-05T01:15
PH_DUMMY_01,2026-11-11,VC,월 마감 → 익월 10일 결제,1개월 이내 (상한 1.8%),1.5,0,0,,0,0,0,846630,virtual_dummy.xlsx,L50_결제주기,2026-10-05T01:15
PH_DUMMY_01,2026-11-12,VA,월 마감 → 익월 말일 결제,2개월 이내 (상한 1.2%),1.2,650630,0,,0,0,0,56041260,virtual_dummy.xlsx,L50_결제주기,2026-10-05T01:15
PH_DUMMY_01,2026-11-12,VB,월 마감 → 익익월 말일 결제,3개월 이내 (상한 0.6%),0.6,216880,0,,0,0,0,28492500,virtual_dummy.xlsx,L50_결제주기,2026-10-05T01:15
PH_DUMMY_01,2026-11-12,VC,월 마감 → 익월 10일 결제,1개월 이내 (상한 1.8%),1.5,0,0,,0,0,0,846630,virtual_dummy.xlsx,L50_결제주기,2026-10-05T01:15
PH_DUMMY_01,2026-11-13,VA,월 마감 → 익월 말일 결제,2개월 이내 (상한 1.2%),1.2,621790,0,,0,0,0,56663050,virtual_dummy.xlsx,L50_결제주기,2026-10-05T01:15
PH_DUMMY_01,2026-11-13,VB,월 마감 → 익익월 말일 결제,3개월 이내 (상한 0.6%),0.6,207260,0,,0,0,0,28699760,virtual_dummy.xlsx,L50_결제주기,2026-10-05T01:15
PH_DUMMY_01,2026-11-13,VC,월 마감 → 익월 10일 결제,1개월 이내 (상한 1.8%),1.5,0,0,,0,0,0,846630,virtual_dummy.xlsx,L50_결제주기,2026-10-05T01:15
PH_DUMMY_01,2026-11-14,VA,월 마감 → 익월 말일 결제,2개월 이내 (상한 1.2%),1.2,289280,0,,0,0,0,56952330,virtual_dummy.xlsx,L50_결제주기,2026-10-05T01:15
PH_DUMMY_01,2026-11-14,VB,월 마감 → 익익월 말일 결제,3개월 이내 (상한 0.6%),0.6,96430,0,,0,0,0,28796190,virtual_dummy.xlsx,L50_결제주기,2026-10-05T01:15
PH_DUMMY_01,2026-11-14,VC,월 마감 → 익월 10일 결제,1개월 이내 (상한 1.8%),1.5,0,0,,0,0,0,846630,virtual_dummy.xlsx,L50_결제주기,2026-10-05T01:15
PH_DUMMY_01,2026-11-15,VA,월 마감 → 익월 말일 결제,2개월 이내 (상한 1.2%),1.2,0,0,,0,0,0,56952330,virtual_dummy.xlsx,L50_결제주기,2026-10-05T01:15
PH_DUMMY_01,2026-11-15,VB,월 마감 → 익익월 말일 결제,3개월 이내 (상한 0.6%),0.6,0,0,,0,0,0,28796190,virtual_dummy.xlsx,L50_결제주기,2026-10-05T01:15
PH_DUMMY_01,2026-11-15,VC,월 마감 → 익월 10일 결제,1개월 이내 (상한 1.8%),1.5,0,0,,0,0,0,846630,virtual_dummy.xlsx,L50_결제주기,2026-10-05T01:15
PH_DUMMY_01,2026-11-16,VA,월 마감 → 익월 말일 결제,2개월 이내 (상한 1.2%),1.2,8640680,0,,0,0,0,65593010,virtual_dummy.xlsx,L50_결제주기,2026-10-05T01:15
PH_DUMMY_01,2026-11-16,VB,월 마감 → 익익월 말일 결제,3개월 이내 (상한 0.6%),0.6,2732520,0,,0,0,0,31528710,virtual_dummy.xlsx,L50_결제주기,2026-10-05T01:15
PH_DUMMY_01,2026-11-16,VC,월 마감 → 익월 10일 결제,1개월 이내 (상한 1.8%),1.5,392260,0,,0,0,0,1238890,virtual_dummy.xlsx,L50_결제주기,2026-10-05T01:15
PH_DUMMY_01,2026-11-17,VA,월 마감 → 익월 말일 결제,2개월 이내 (상한 1.2%),1.2,623190,0,,0,0,0,66216200,virtual_dummy.xlsx,L50_결제주기,2026-10-05T01:15
PH_DUMMY_01,2026-11-17,VB,월 마감 → 익익월 말일 결제,3개월 이내 (상한 0.6%),0.6,207730,0,,0,0,0,31736440,virtual_dummy.xlsx,L50_결제주기,2026-10-05T01:15
PH_DUMMY_01,2026-11-17,VC,월 마감 → 익월 10일 결제,1개월 이내 (상한 1.8%),1.5,0,0,,0,0,0,1238890,virtual_dummy.xlsx,L50_결제주기,2026-10-05T01:15
PH_DUMMY_01,2026-11-18,VA,월 마감 → 익월 말일 결제,2개월 이내 (상한 1.2%),1.2,467840,0,,0,0,0,66684040,virtual_dummy.xlsx,L50_결제주기,2026-10-05T01:15
PH_DUMMY_01,2026-11-18,VB,월 마감 → 익익월 말일 결제,3개월 이내 (상한 0.6%),0.6,155950,0,,0,0,0,31892390,virtual_dummy.xlsx,L50_결제주기,2026-10-05T01:15
PH_DUMMY_01,2026-11-18,VC,월 마감 → 익월 10일 결제,1개월 이내 (상한 1.8%),1.5,0,0,,0,0,0,1238890,virtual_dummy.xlsx,L50_결제주기,2026-10-05T01:15
PH_DUMMY_01,2026-11-19,VA,월 마감 → 익월 말일 결제,2개월 이내 (상한 1.2%),1.2,608650,0,,0,0,0,67292690,virtual_dummy.xlsx,L50_결제주기,2026-10-05T01:15
PH_DUMMY_01,2026-11-19,VB,월 마감 → 익익월 말일 결제,3개월 이내 (상한 0.6%),0.6,202880,0,,0,0,0,32095270,virtual_dummy.xlsx,L50_결제주기,2026-10-05T01:15
PH_DUMMY_01,2026-11-19,VC,월 마감 → 익월 10일 결제,1개월 이내 (상한 1.8%),1.5,0,0,,0,0,0,1238890,virtual_dummy.xlsx,L50_결제주기,2026-10-05T01:15
PH_DUMMY_01,2026-11-20,VA,월 마감 → 익월 말일 결제,2개월 이내 (상한 1.2%),1.2,558900,0,,0,0,0,67851590,virtual_dummy.xlsx,L50_결제주기,2026-10-05T01:15
PH_DUMMY_01,2026-11-20,VB,월 마감 → 익익월 말일 결제,3개월 이내 (상한 0.6%),0.6,186300,0,,0,0,0,32281570,virtual_dummy.xlsx,L50_결제주기,2026-10-05T01:15
PH_DUMMY_01,2026-11-20,VC,월 마감 → 익월 10일 결제,1개월 이내 (상한 1.8%),1.5,0,0,,0,0,0,1238890,virtual_dummy.xlsx,L50_결제주기,2026-10-05T01:15
PH_DUMMY_01,2026-11-21,VA,월 마감 → 익월 말일 결제,2개월 이내 (상한 1.2%),1.2,367290,0,,0,0,0,68218880,virtual_dummy.xlsx,L50_결제주기,2026-10-05T01:15
PH_DUMMY_01,2026-11-21,VB,월 마감 → 익익월 말일 결제,3개월 이내 (상한 0.6%),0.6,122430,0,,0,0,0,32404000,virtual_dummy.xlsx,L50_결제주기,2026-10-05T01:15
PH_DUMMY_01,2026-11-21,VC,월 마감 → 익월 10일 결제,1개월 이내 (상한 1.8%),1.5,0,0,,0,0,0,1238890,virtual_dummy.xlsx,L50_결제주기,2026-10-05T01:15
PH_DUMMY_01,2026-11-22,VA,월 마감 → 익월 말일 결제,2개월 이내 (상한 1.2%),1.2,0,0,,0,0,0,68218880,virtual_dummy.xlsx,L50_결제주기,2026-10-05T01:15
PH_DUMMY_01,2026-11-22,VB,월 마감 → 익익월 말일 결제,3개월 이내 (상한 0.6%),0.6,0,0,,0,0,0,32404000,virtual_dummy.xlsx,L50_결제주기,2026-10-05T01:15
PH_DUMMY_01,2026-11-22,VC,월 마감 → 익월 10일 결제,1개월 이내 (상한 1.8%),1.5,0,0,,0,0,0,1238890,virtual_dummy.xlsx,L50_결제주기,2026-10-05T01:15
PH_DUMMY_01,2026-11-23,VA,월 마감 → 익월 말일 결제,2개월 이내 (상한 1.2%),1.2,9375700,0,,0,0,0,77594580,virtual_dummy.xlsx,L50_결제주기,2026-10-05T01:15
PH_DUMMY_01,2026-11-23,VB,월 마감 → 익익월 말일 결제,3개월 이내 (상한 0.6%),0.6,2715040,50250,,0,0,0,35068790,virtual_dummy.xlsx,L50_결제주기,2026-10-05T01:15
PH_DUMMY_01,2026-11-23,VC,월 마감 → 익월 10일 결제,1개월 이내 (상한 1.8%),1.5,523230,0,,0,0,0,1762120,virtual_dummy.xlsx,L50_결제주기,2026-10-05T01:15
PH_DUMMY_01,2026-11-24,VA,월 마감 → 익월 말일 결제,2개월 이내 (상한 1.2%),1.2,465260,0,,0,0,0,78059840,virtual_dummy.xlsx,L50_결제주기,2026-10-05T01:15
PH_DUMMY_01,2026-11-24,VB,월 마감 → 익익월 말일 결제,3개월 이내 (상한 0.6%),0.6,155090,0,,0,0,0,35223880,virtual_dummy.xlsx,L50_결제주기,2026-10-05T01:15
PH_DUMMY_01,2026-11-24,VC,월 마감 → 익월 10일 결제,1개월 이내 (상한 1.8%),1.5,0,0,,0,0,0,1762120,virtual_dummy.xlsx,L50_결제주기,2026-10-05T01:15
PH_DUMMY_01,2026-11-25,VA,월 마감 → 익월 말일 결제,2개월 이내 (상한 1.2%),1.2,560500,0,,0,0,0,78620340,virtual_dummy.xlsx,L50_결제주기,2026-10-05T01:15
PH_DUMMY_01,2026-11-25,VB,월 마감 → 익익월 말일 결제,3개월 이내 (상한 0.6%),0.6,186830,0,,0,0,0,35410710,virtual_dummy.xlsx,L50_결제주기,2026-10-05T01:15
PH_DUMMY_01,2026-11-25,VC,월 마감 → 익월 10일 결제,1개월 이내 (상한 1.8%),1.5,0,0,,0,0,0,1762120,virtual_dummy.xlsx,L50_결제주기,2026-10-05T01:15
PH_DUMMY_01,2026-11-26,VA,월 마감 → 익월 말일 결제,2개월 이내 (상한 1.2%),1.2,486930,0,,0,0,0,79107270,virtual_dummy.xlsx,L50_결제주기,2026-10-05T01:15
PH_DUMMY_01,2026-11-26,VB,월 마감 → 익익월 말일 결제,3개월 이내 (상한 0.6%),0.6,162310,0,,0,0,0,35573020,virtual_dummy.xlsx,L50_결제주기,2026-10-05T01:15
PH_DUMMY_01,2026-11-26,VC,월 마감 → 익월 10일 결제,1개월 이내 (상한 1.8%),1.5,0,0,,0,0,0,1762120,virtual_dummy.xlsx,L50_결제주기,2026-10-05T01:15
PH_DUMMY_01,2026-11-27,VA,월 마감 → 익월 말일 결제,2개월 이내 (상한 1.2%),1.2,578120,0,,0,0,0,79685390,virtual_dummy.xlsx,L50_결제주기,2026-10-05T01:15
PH_DUMMY_01,2026-11-27,VB,월 마감 → 익익월 말일 결제,3개월 이내 (상한 0.6%),0.6,192710,0,,0,0,0,35765730,virtual_dummy.xlsx,L50_결제주기,2026-10-05T01:15
PH_DUMMY_01,2026-11-27,VC,월 마감 → 익월 10일 결제,1개월 이내 (상한 1.8%),1.5,0,0,,0,0,0,1762120,virtual_dummy.xlsx,L50_결제주기,2026-10-05T01:15
PH_DUMMY_01,2026-11-28,VA,월 마감 → 익월 말일 결제,2개월 이내 (상한 1.2%),1.2,502920,0,,0,0,0,80188310,virtual_dummy.xlsx,L50_결제주기,2026-10-05T01:15
PH_DUMMY_01,2026-11-28,VB,월 마감 → 익익월 말일 결제,3개월 이내 (상한 0.6%),0.6,167640,0,,0,0,0,35933370,virtual_dummy.xlsx,L50_결제주기,2026-10-05T01:15
PH_DUMMY_01,2026-11-28,VC,월 마감 → 익월 10일 결제,1개월 이내 (상한 1.8%),1.5,0,0,,0,0,0,1762120,virtual_dummy.xlsx,L50_결제주기,2026-10-05T01:15
PH_DUMMY_01,2026-11-29,VA,월 마감 → 익월 말일 결제,2개월 이내 (상한 1.2%),1.2,0,0,,0,0,0,80188310,virtual_dummy.xlsx,L50_결제주기,2026-10-05T01:15
PH_DUMMY_01,2026-11-29,VB,월 마감 → 익익월 말일 결제,3개월 이내 (상한 0.6%),0.6,0,0,,0,0,0,35933370,virtual_dummy.xlsx,L50_결제주기,2026-10-05T01:15
PH_DUMMY_01,2026-11-29,VC,월 마감 → 익월 10일 결제,1개월 이내 (상한 1.8%),1.5,0,0,,0,0,0,1762120,virtual_dummy.xlsx,L50_결제주기,2026-10-05T01:15
PH_DUMMY_01,2026-11-30,VA,월 마감 → 익월 말일 결제,2개월 이내 (상한 1.2%),1.2,8454240,168470,2026-10 매입분,34954430,419450,34534980,53519650,virtual_dummy.xlsx,L50_결제주기,2026-10-05T01:15
PH_DUMMY_01,2026-11-30,VB,월 마감 → 익익월 말일 결제,3개월 이내 (상한 0.6%),0.6,2478560,22790,2026-09 매입분,11135510,66810,11068700,27253630,virtual_dummy.xlsx,L50_결제주기,2026-10-05T01:15
PH_DUMMY_01,2026-11-30,VC,월 마감 → 익월 10일 결제,1개월 이내 (상한 1.8%),1.5,582520,0,,0,0,0,2344640,virtual_dummy.xlsx,L50_결제주기,2026-10-05T01:15
PH_DUMMY_01,2026-12-01,VA,월 마감 → 익월 말일 결제,2개월 이내 (상한 1.2%),1.2,552220,0,,0,0,0,54071870,virtual_dummy.xlsx,L50_결제주기,2026-10-05T01:15
PH_DUMMY_01,2026-12-01,VB,월 마감 → 익익월 말일 결제,3개월 이내 (상한 0.6%),0.6,184070,0,,0,0,0,27437700,virtual_dummy.xlsx,L50_결제주기,2026-10-05T01:15
PH_DUMMY_01,2026-12-01,VC,월 마감 → 익월 10일 결제,1개월 이내 (상한 1.8%),1.5,0,0,,0,0,0,2344640,virtual_dummy.xlsx,L50_결제주기,2026-10-05T01:15
PH_DUMMY_01,2026-12-02,VA,월 마감 → 익월 말일 결제,2개월 이내 (상한 1.2%),1.2,418260,0,,0,0,0,54490130,virtual_dummy.xlsx,L50_결제주기,2026-10-05T01:15
PH_DUMMY_01,2026-12-02,VB,월 마감 → 익익월 말일 결제,3개월 이내 (상한 0.6%),0.6,139420,0,,0,0,0,27577120,virtual_dummy.xlsx,L50_결제주기,2026-10-05T01:15
PH_DUMMY_01,2026-12-02,VC,월 마감 → 익월 10일 결제,1개월 이내 (상한 1.8%),1.5,0,0,,0,0,0,2344640,virtual_dummy.xlsx,L50_결제주기,2026-10-05T01:15
PH_DUMMY_01,2026-12-03,VA,월 마감 → 익월 말일 결제,2개월 이내 (상한 1.2%),1.2,502240,0,,0,0,0,54992370,virtual_dummy.xlsx,L50_결제주기,2026-10-05T01:15
PH_DUMMY_01,2026-12-03,VB,월 마감 → 익익월 말일 결제,3개월 이내 (상한 0.6%),0.6,167420,0,,0,0,0,27744540,virtual_dummy.xlsx,L50_결제주기,2026-10-05T01:15
PH_DUMMY_01,2026-12-03,VC,월 마감 → 익월 10일 결제,1개월 이내 (상한 1.8%),1.5,0,0,,0,0,0,2344640,virtual_dummy.xlsx,L50_결제주기,2026-10-05T01:15
PH_DUMMY_01,2026-12-04,VA,월 마감 → 익월 말일 결제,2개월 이내 (상한 1.2%),1.2,753390,0,,0,0,0,55745760,virtual_dummy.xlsx,L50_결제주기,2026-10-05T01:15
PH_DUMMY_01,2026-12-04,VB,월 마감 → 익익월 말일 결제,3개월 이내 (상한 0.6%),0.6,251130,0,,0,0,0,27995670,virtual_dummy.xlsx,L50_결제주기,2026-10-05T01:15
PH_DUMMY_01,2026-12-04,VC,월 마감 → 익월 10일 결제,1개월 이내 (상한 1.8%),1.5,0,0,,0,0,0,2344640,virtual_dummy.xlsx,L50_결제주기,2026-10-05T01:15
PH_DUMMY_01,2026-12-05,VA,월 마감 → 익월 말일 결제,2개월 이내 (상한 1.2%),1.2,539170,0,,0,0,0,56284930,virtual_dummy.xlsx,L50_결제주기,2026-10-05T01:15
PH_DUMMY_01,2026-12-05,VB,월 마감 → 익익월 말일 결제,3개월 이내 (상한 0.6%),0.6,179720,0,,0,0,0,28175390,virtual_dummy.xlsx,L50_결제주기,2026-10-05T01:15
PH_DUMMY_01,2026-12-05,VC,월 마감 → 익월 10일 결제,1개월 이내 (상한 1.8%),1.5,0,0,,0,0,0,2344640,virtual_dummy.xlsx,L50_결제주기,2026-10-05T01:15
PH_DUMMY_01,2026-12-06,VA,월 마감 → 익월 말일 결제,2개월 이내 (상한 1.2%),1.2,0,0,,0,0,0,56284930,virtual_dummy.xlsx,L50_결제주기,2026-10-05T01:15
PH_DUMMY_01,2026-12-06,VB,월 마감 → 익익월 말일 결제,3개월 이내 (상한 0.6%),0.6,0,0,,0,0,0,28175390,virtual_dummy.xlsx,L50_결제주기,2026-10-05T01:15
PH_DUMMY_01,2026-12-06,VC,월 마감 → 익월 10일 결제,1개월 이내 (상한 1.8%),1.5,0,0,,0,0,0,2344640,virtual_dummy.xlsx,L50_결제주기,2026-10-05T01:15
PH_DUMMY_01,2026-12-07,VA,월 마감 → 익월 말일 결제,2개월 이내 (상한 1.2%),1.2,10463690,0,,0,0,0,66748620,virtual_dummy.xlsx,L50_결제주기,2026-10-05T01:15
PH_DUMMY_01,2026-12-07,VB,월 마감 → 익익월 말일 결제,3개월 이내 (상한 0.6%),0.6,3023070,0,,0,0,0,31198460,virtual_dummy.xlsx,L50_결제주기,2026-10-05T01:15
PH_DUMMY_01,2026-12-07,VC,월 마감 → 익월 10일 결제,1개월 이내 (상한 1.8%),1.5,606220,0,,0,0,0,2950860,virtual_dummy.xlsx,L50_결제주기,2026-10-05T01:15
PH_DUMMY_01,2026-12-08,VA,월 마감 → 익월 말일 결제,2개월 이내 (상한 1.2%),1.2,510000,24090,,0,0,0,67234530,virtual_dummy.xlsx,L50_결제주기,2026-10-05T01:15
PH_DUMMY_01,2026-12-08,VB,월 마감 → 익익월 말일 결제,3개월 이내 (상한 0.6%),0.6,170000,0,,0,0,0,31368460,virtual_dummy.xlsx,L50_결제주기,2026-10-05T01:15
PH_DUMMY_01,2026-12-08,VC,월 마감 → 익월 10일 결제,1개월 이내 (상한 1.8%),1.5,0,0,,0,0,0,2950860,virtual_dummy.xlsx,L50_결제주기,2026-10-05T01:15
PH_DUMMY_01,2026-12-09,VA,월 마감 → 익월 말일 결제,2개월 이내 (상한 1.2%),1.2,551470,0,,0,0,0,67786000,virtual_dummy.xlsx,L50_결제주기,2026-10-05T01:15
PH_DUMMY_01,2026-12-09,VB,월 마감 → 익익월 말일 결제,3개월 이내 (상한 0.6%),0.6,183820,0,,0,0,0,31552280,virtual_dummy.xlsx,L50_결제주기,2026-10-05T01:15
PH_DUMMY_01,2026-12-09,VC,월 마감 → 익월 10일 결제,1개월 이내 (상한 1.8%),1.5,0,0,,0,0,0,2950860,virtual_dummy.xlsx,L50_결제주기,2026-10-05T01:15
PH_DUMMY_01,2026-12-10,VA,월 마감 → 익월 말일 결제,2개월 이내 (상한 1.2%),1.2,679320,0,,0,0,0,68465320,virtual_dummy.xlsx,L50_결제주기,2026-10-05T01:15
PH_DUMMY_01,2026-12-10,VB,월 마감 → 익익월 말일 결제,3개월 이내 (상한 0.6%),0.6,226440,0,,0,0,0,31778720,virtual_dummy.xlsx,L50_결제주기,2026-10-05T01:15
PH_DUMMY_01,2026-12-10,VC,월 마감 → 익월 10일 결제,1개월 이내 (상한 1.8%),1.5,0,0,2026-11 매입분,2344640,35170,2309470,606220,virtual_dummy.xlsx,L50_결제주기,2026-10-05T01:15
PH_DUMMY_01,2026-12-11,VA,월 마감 → 익월 말일 결제,2개월 이내 (상한 1.2%),1.2,569010,0,,0,0,0,69034330,virtual_dummy.xlsx,L50_결제주기,2026-10-05T01:15
PH_DUMMY_01,2026-12-11,VB,월 마감 → 익익월 말일 결제,3개월 이내 (상한 0.6%),0.6,189670,0,,0,0,0,31968390,virtual_dummy.xlsx,L50_결제주기,2026-10-05T01:15
PH_DUMMY_01,2026-12-11,VC,월 마감 → 익월 10일 결제,1개월 이내 (상한 1.8%),1.5,0,0,,0,0,0,606220,virtual_dummy.xlsx,L50_결제주기,2026-10-05T01:15
PH_DUMMY_01,2026-12-12,VA,월 마감 → 익월 말일 결제,2개월 이내 (상한 1.2%),1.2,300300,0,,0,0,0,69334630,virtual_dummy.xlsx,L50_결제주기,2026-10-05T01:15
PH_DUMMY_01,2026-12-12,VB,월 마감 → 익익월 말일 결제,3개월 이내 (상한 0.6%),0.6,100100,0,,0,0,0,32068490,virtual_dummy.xlsx,L50_결제주기,2026-10-05T01:15
PH_DUMMY_01,2026-12-12,VC,월 마감 → 익월 10일 결제,1개월 이내 (상한 1.8%),1.5,0,0,,0,0,0,606220,virtual_dummy.xlsx,L50_결제주기,2026-10-05T01:15
PH_DUMMY_01,2026-12-13,VA,월 마감 → 익월 말일 결제,2개월 이내 (상한 1.2%),1.2,0,0,,0,0,0,69334630,virtual_dummy.xlsx,L50_결제주기,2026-10-05T01:15
PH_DUMMY_01,2026-12-13,VB,월 마감 → 익익월 말일 결제,3개월 이내 (상한 0.6%),0.6,0,0,,0,0,0,32068490,virtual_dummy.xlsx,L50_결제주기,2026-10-05T01:15
PH_DUMMY_01,2026-12-13,VC,월 마감 → 익월 10일 결제,1개월 이내 (상한 1.8%),1.5,0,0,,0,0,0,606220,virtual_dummy.xlsx,L50_결제주기,2026-10-05T01:15
PH_DUMMY_01,2026-12-14,VA,월 마감 → 익월 말일 결제,2개월 이내 (상한 1.2%),1.2,9242330,0,,0,0,0,78576960,virtual_dummy.xlsx,L50_결제주기,2026-10-05T01:15
PH_DUMMY_01,2026-12-14,VB,월 마감 → 익익월 말일 결제,3개월 이내 (상한 0.6%),0.6,3036800,0,,0,0,0,35105290,virtual_dummy.xlsx,L50_결제주기,2026-10-05T01:15
PH_DUMMY_01,2026-12-14,VC,월 마감 → 익월 10일 결제,1개월 이내 (상한 1.8%),1.5,549260,0,,0,0,0,1155480,virtual_dummy.xlsx,L50_결제주기,2026-10-05T01:15
PH_DUMMY_01,2026-12-15,VA,월 마감 → 익월 말일 결제,2개월 이내 (상한 1.2%),1.2,596250,0,,0,0,0,79173210,virtual_dummy.xlsx,L50_결제주기,2026-10-05T01:15
PH_DUMMY_01,2026-12-15,VB,월 마감 → 익익월 말일 결제,3개월 이내 (상한 0.6%),0.6,198750,0,,0,0,0,35304040,virtual_dummy.xlsx,L50_결제주기,2026-10-05T01:15
PH_DUMMY_01,2026-12-15,VC,월 마감 → 익월 10일 결제,1개월 이내 (상한 1.8%),1.5,0,0,,0,0,0,1155480,virtual_dummy.xlsx,L50_결제주기,2026-10-05T01:15
PH_DUMMY_01,2026-12-16,VA,월 마감 → 익월 말일 결제,2개월 이내 (상한 1.2%),1.2,554740,0,,0,0,0,79727950,virtual_dummy.xlsx,L50_결제주기,2026-10-05T01:15
PH_DUMMY_01,2026-12-16,VB,월 마감 → 익익월 말일 결제,3개월 이내 (상한 0.6%),0.6,184910,0,,0,0,0,35488950,virtual_dummy.xlsx,L50_결제주기,2026-10-05T01:15
PH_DUMMY_01,2026-12-16,VC,월 마감 → 익월 10일 결제,1개월 이내 (상한 1.8%),1.5,0,0,,0,0,0,1155480,virtual_dummy.xlsx,L50_결제주기,2026-10-05T01:15
PH_DUMMY_01,2026-12-17,VA,월 마감 → 익월 말일 결제,2개월 이내 (상한 1.2%),1.2,264890,0,,0,0,0,79992840,virtual_dummy.xlsx,L50_결제주기,2026-10-05T01:15
PH_DUMMY_01,2026-12-17,VB,월 마감 → 익익월 말일 결제,3개월 이내 (상한 0.6%),0.6,88300,0,,0,0,0,35577250,virtual_dummy.xlsx,L50_결제주기,2026-10-05T01:15
PH_DUMMY_01,2026-12-17,VC,월 마감 → 익월 10일 결제,1개월 이내 (상한 1.8%),1.5,0,0,,0,0,0,1155480,virtual_dummy.xlsx,L50_결제주기,2026-10-05T01:15
PH_DUMMY_01,2026-12-18,VA,월 마감 → 익월 말일 결제,2개월 이내 (상한 1.2%),1.2,561040,0,,0,0,0,80553880,virtual_dummy.xlsx,L50_결제주기,2026-10-05T01:15
PH_DUMMY_01,2026-12-18,VB,월 마감 → 익익월 말일 결제,3개월 이내 (상한 0.6%),0.6,187010,0,,0,0,0,35764260,virtual_dummy.xlsx,L50_결제주기,2026-10-05T01:15
PH_DUMMY_01,2026-12-18,VC,월 마감 → 익월 10일 결제,1개월 이내 (상한 1.8%),1.5,0,0,,0,0,0,1155480,virtual_dummy.xlsx,L50_결제주기,2026-10-05T01:15
PH_DUMMY_01,2026-12-19,VA,월 마감 → 익월 말일 결제,2개월 이내 (상한 1.2%),1.2,302210,0,,0,0,0,80856090,virtual_dummy.xlsx,L50_결제주기,2026-10-05T01:15
PH_DUMMY_01,2026-12-19,VB,월 마감 → 익익월 말일 결제,3개월 이내 (상한 0.6%),0.6,100740,0,,0,0,0,35865000,virtual_dummy.xlsx,L50_결제주기,2026-10-05T01:15
PH_DUMMY_01,2026-12-19,VC,월 마감 → 익월 10일 결제,1개월 이내 (상한 1.8%),1.5,0,0,,0,0,0,1155480,virtual_dummy.xlsx,L50_결제주기,2026-10-05T01:15
PH_DUMMY_01,2026-12-20,VA,월 마감 → 익월 말일 결제,2개월 이내 (상한 1.2%),1.2,0,0,,0,0,0,80856090,virtual_dummy.xlsx,L50_결제주기,2026-10-05T01:15
PH_DUMMY_01,2026-12-20,VB,월 마감 → 익익월 말일 결제,3개월 이내 (상한 0.6%),0.6,0,0,,0,0,0,35865000,virtual_dummy.xlsx,L50_결제주기,2026-10-05T01:15
PH_DUMMY_01,2026-12-20,VC,월 마감 → 익월 10일 결제,1개월 이내 (상한 1.8%),1.5,0,0,,0,0,0,1155480,virtual_dummy.xlsx,L50_결제주기,2026-10-05T01:15
PH_DUMMY_01,2026-12-21,VA,월 마감 → 익월 말일 결제,2개월 이내 (상한 1.2%),1.2,8748820,0,,0,0,0,89604910,virtual_dummy.xlsx,L50_결제주기,2026-10-05T01:15
PH_DUMMY_01,2026-12-21,VB,월 마감 → 익익월 말일 결제,3개월 이내 (상한 0.6%),0.6,2781130,0,,0,0,0,38646130,virtual_dummy.xlsx,L50_결제주기,2026-10-05T01:15
PH_DUMMY_01,2026-12-21,VC,월 마감 → 익월 10일 결제,1개월 이내 (상한 1.8%),1.5,538340,0,,0,0,0,1693820,virtual_dummy.xlsx,L50_결제주기,2026-10-05T01:15
PH_DUMMY_01,2026-12-22,VA,월 마감 → 익월 말일 결제,2개월 이내 (상한 1.2%),1.2,631240,0,,0,0,0,90236150,virtual_dummy.xlsx,L50_결제주기,2026-10-05T01:15
PH_DUMMY_01,2026-12-22,VB,월 마감 → 익익월 말일 결제,3개월 이내 (상한 0.6%),0.6,210410,0,,0,0,0,38856540,virtual_dummy.xlsx,L50_결제주기,2026-10-05T01:15
PH_DUMMY_01,2026-12-22,VC,월 마감 → 익월 10일 결제,1개월 이내 (상한 1.8%),1.5,0,0,,0,0,0,1693820,virtual_dummy.xlsx,L50_결제주기,2026-10-05T01:15
PH_DUMMY_01,2026-12-23,VA,월 마감 → 익월 말일 결제,2개월 이내 (상한 1.2%),1.2,322930,0,,0,0,0,90559080,virtual_dummy.xlsx,L50_결제주기,2026-10-05T01:15
PH_DUMMY_01,2026-12-23,VB,월 마감 → 익익월 말일 결제,3개월 이내 (상한 0.6%),0.6,107640,0,,0,0,0,38964180,virtual_dummy.xlsx,L50_결제주기,2026-10-05T01:15
PH_DUMMY_01,2026-12-23,VC,월 마감 → 익월 10일 결제,1개월 이내 (상한 1.8%),1.5,0,0,,0,0,0,1693820,virtual_dummy.xlsx,L50_결제주기,2026-10-05T01:15
PH_DUMMY_01,2026-12-24,VA,월 마감 → 익월 말일 결제,2개월 이내 (상한 1.2%),1.2,788290,0,,0,0,0,91347370,virtual_dummy.xlsx,L50_결제주기,2026-10-05T01:15
PH_DUMMY_01,2026-12-24,VB,월 마감 → 익익월 말일 결제,3개월 이내 (상한 0.6%),0.6,262760,0,,0,0,0,39226940,virtual_dummy.xlsx,L50_결제주기,2026-10-05T01:15
PH_DUMMY_01,2026-12-24,VC,월 마감 → 익월 10일 결제,1개월 이내 (상한 1.8%),1.5,0,0,,0,0,0,1693820,virtual_dummy.xlsx,L50_결제주기,2026-10-05T01:15
PH_DUMMY_01,2026-12-25,VA,월 마감 → 익월 말일 결제,2개월 이내 (상한 1.2%),1.2,0,0,,0,0,0,91347370,virtual_dummy.xlsx,L50_결제주기,2026-10-05T01:15
PH_DUMMY_01,2026-12-25,VB,월 마감 → 익익월 말일 결제,3개월 이내 (상한 0.6%),0.6,0,0,,0,0,0,39226940,virtual_dummy.xlsx,L50_결제주기,2026-10-05T01:15
PH_DUMMY_01,2026-12-25,VC,월 마감 → 익월 10일 결제,1개월 이내 (상한 1.8%),1.5,0,0,,0,0,0,1693820,virtual_dummy.xlsx,L50_결제주기,2026-10-05T01:15
PH_DUMMY_01,2026-12-26,VA,월 마감 → 익월 말일 결제,2개월 이내 (상한 1.2%),1.2,434160,0,,0,0,0,91781530,virtual_dummy.xlsx,L50_결제주기,2026-10-05T01:15
PH_DUMMY_01,2026-12-26,VB,월 마감 → 익익월 말일 결제,3개월 이내 (상한 0.6%),0.6,144720,0,,0,0,0,39371660,virtual_dummy.xlsx,L50_결제주기,2026-10-05T01:15
PH_DUMMY_01,2026-12-26,VC,월 마감 → 익월 10일 결제,1개월 이내 (상한 1.8%),1.5,0,0,,0,0,0,1693820,virtual_dummy.xlsx,L50_결제주기,2026-10-05T01:15
PH_DUMMY_01,2026-12-27,VA,월 마감 → 익월 말일 결제,2개월 이내 (상한 1.2%),1.2,0,0,,0,0,0,91781530,virtual_dummy.xlsx,L50_결제주기,2026-10-05T01:15
PH_DUMMY_01,2026-12-27,VB,월 마감 → 익익월 말일 결제,3개월 이내 (상한 0.6%),0.6,0,0,,0,0,0,39371660,virtual_dummy.xlsx,L50_결제주기,2026-10-05T01:15
PH_DUMMY_01,2026-12-27,VC,월 마감 → 익월 10일 결제,1개월 이내 (상한 1.8%),1.5,0,0,,0,0,0,1693820,virtual_dummy.xlsx,L50_결제주기,2026-10-05T01:15
PH_DUMMY_01,2026-12-28,VA,월 마감 → 익월 말일 결제,2개월 이내 (상한 1.2%),1.2,7903470,0,,0,0,0,99685000,virtual_dummy.xlsx,L50_결제주기,2026-10-05T01:15
PH_DUMMY_01,2026-12-28,VB,월 마감 → 익익월 말일 결제,3개월 이내 (상한 0.6%),0.6,2207700,0,,0,0,0,41579360,virtual_dummy.xlsx,L50_결제주기,2026-10-05T01:15
PH_DUMMY_01,2026-12-28,VC,월 마감 → 익월 10일 결제,1개월 이내 (상한 1.8%),1.5,465340,0,,0,0,0,2159160,virtual_dummy.xlsx,L50_결제주기,2026-10-05T01:15
PH_DUMMY_01,2026-12-29,VA,월 마감 → 익월 말일 결제,2개월 이내 (상한 1.2%),1.2,427990,0,,0,0,0,100112990,virtual_dummy.xlsx,L50_결제주기,2026-10-05T01:15
PH_DUMMY_01,2026-12-29,VB,월 마감 → 익익월 말일 결제,3개월 이내 (상한 0.6%),0.6,142660,0,,0,0,0,41722020,virtual_dummy.xlsx,L50_결제주기,2026-10-05T01:15
PH_DUMMY_01,2026-12-29,VC,월 마감 → 익월 10일 결제,1개월 이내 (상한 1.8%),1.5,0,0,,0,0,0,2159160,virtual_dummy.xlsx,L50_결제주기,2026-10-05T01:15
PH_DUMMY_01,2026-12-30,VA,월 마감 → 익월 말일 결제,2개월 이내 (상한 1.2%),1.2,375550,0,,0,0,0,100488540,virtual_dummy.xlsx,L50_결제주기,2026-10-05T01:15
PH_DUMMY_01,2026-12-30,VB,월 마감 → 익익월 말일 결제,3개월 이내 (상한 0.6%),0.6,125180,0,,0,0,0,41847200,virtual_dummy.xlsx,L50_결제주기,2026-10-05T01:15
PH_DUMMY_01,2026-12-30,VC,월 마감 → 익월 10일 결제,1개월 이내 (상한 1.8%),1.5,0,0,,0,0,0,2159160,virtual_dummy.xlsx,L50_결제주기,2026-10-05T01:15
PH_DUMMY_01,2026-12-31,VA,월 마감 → 익월 말일 결제,2개월 이내 (상한 1.2%),1.2,677050,156800,2026-11 매입분,53519650,642240,52877410,47489140,virtual_dummy.xlsx,L50_결제주기,2026-10-05T01:15
PH_DUMMY_01,2026-12-31,VB,월 마감 → 익익월 말일 결제,3개월 이내 (상한 0.6%),0.6,225680,31410,2026-10 매입분,10937680,65630,10872050,31103790,virtual_dummy.xlsx,L50_결제주기,2026-10-05T01:15
PH_DUMMY_01,2026-12-31,VC,월 마감 → 익월 10일 결제,1개월 이내 (상한 1.8%),1.5,0,0,,0,0,0,2159160,virtual_dummy.xlsx,L50_결제주기,2026-10-05T01:15
