pharmacy_id,date,vendor_id,delivery_terms,order_cutoff,min_order_krw,same_day_delivery,order_lines,stockout_lines,stockout_rate,shortage_items,source_file,source_sheet,generated_at
PH_DUMMY_01,2026-01-01,VA,"하루 2회(오전·오후), 월~토",11:00 / 16:00,0,N,0,0,,,virtual_dummy.xlsx,L52_공급조건·주문가능,2026-10-05T01:15
PH_DUMMY_01,2026-01-01,VB,"하루 1회, 월~금",15:00,100000,N,0,0,,,virtual_dummy.xlsx,L52_공급조건·주문가능,2026-10-05T01:15
PH_DUMMY_01,2026-01-01,VC,주 1회(화요일),전주 금요일,300000,N,0,0,,,virtual_dummy.xlsx,L52_공급조건·주문가능,2026-10-05T01:15
PH_DUMMY_01,2026-01-02,VA,"하루 2회(오전·오후), 월~토",11:00 / 16:00,0,Y,49,0,0,,virtual_dummy.xlsx,L52_공급조건·주문가능,2026-10-05T01:15
PH_DUMMY_01,2026-01-02,VB,"하루 1회, 월~금",15:00,100000,Y,10,1,0.1,,virtual_dummy.xlsx,L52_공급조건·주문가능,2026-10-05T01:15
PH_DUMMY_01,2026-01-02,VC,주 1회(화요일),전주 금요일,300000,N,2,0,0,,virtual_dummy.xlsx,L52_공급조건·주문가능,2026-10-05T01:15
PH_DUMMY_01,2026-01-03,VA,"하루 2회(오전·오후), 월~토",11:00 / 16:00,0,Y,20,1,0.05,,virtual_dummy.xlsx,L52_공급조건·주문가능,2026-10-05T01:15
PH_DUMMY_01,2026-01-03,VB,"하루 1회, 월~금",15:00,100000,N,10,0,0,,virtual_dummy.xlsx,L52_공급조건·주문가능,2026-10-05T01:15
PH_DUMMY_01,2026-01-03,VC,주 1회(화요일),전주 금요일,300000,N,0,0,,,virtual_dummy.xlsx,L52_공급조건·주문가능,2026-10-05T01:15
PH_DUMMY_01,2026-01-04,VA,"하루 2회(오전·오후), 월~토",11:00 / 16:00,0,N,0,0,,,virtual_dummy.xlsx,L52_공급조건·주문가능,2026-10-05T01:15
PH_DUMMY_01,2026-01-04,VB,"하루 1회, 월~금",15:00,100000,N,0,0,,,virtual_dummy.xlsx,L52_공급조건·주문가능,2026-10-05T01:15
PH_DUMMY_01,2026-01-04,VC,주 1회(화요일),전주 금요일,300000,N,0,0,,,virtual_dummy.xlsx,L52_공급조건·주문가능,2026-10-05T01:15
PH_DUMMY_01,2026-01-05,VA,"하루 2회(오전·오후), 월~토",11:00 / 16:00,0,Y,40,3,0.075,,virtual_dummy.xlsx,L52_공급조건·주문가능,2026-10-05T01:15
PH_DUMMY_01,2026-01-05,VB,"하루 1회, 월~금",15:00,100000,Y,12,1,0.083,아세트아미노펜 현탁액(소아용) 공급률 30%,virtual_dummy.xlsx,L52_공급조건·주문가능,2026-10-05T01:15
PH_DUMMY_01,2026-01-05,VC,주 1회(화요일),전주 금요일,300000,N,0,0,,,virtual_dummy.xlsx,L52_공급조건·주문가능,2026-10-05T01:15
PH_DUMMY_01,2026-01-06,VA,"하루 2회(오전·오후), 월~토",11:00 / 16:00,0,Y,25,1,0.04,,virtual_dummy.xlsx,L52_공급조건·주문가능,2026-10-05T01:15
PH_DUMMY_01,2026-01-06,VB,"하루 1회, 월~금",15:00,100000,Y,8,0,0,아세트아미노펜 현탁액(소아용) 공급률 30%,virtual_dummy.xlsx,L52_공급조건·주문가능,2026-10-05T01:15
PH_DUMMY_01,2026-01-06,VC,주 1회(화요일),전주 금요일,300000,Y,4,0,0,,virtual_dummy.xlsx,L52_공급조건·주문가능,2026-10-05T01:15
PH_DUMMY_01,2026-01-07,VA,"하루 2회(오전·오후), 월~토",11:00 / 16:00,0,Y,22,2,0.091,,virtual_dummy.xlsx,L52_공급조건·주문가능,2026-10-05T01:15
PH_DUMMY_01,2026-01-07,VB,"하루 1회, 월~금",15:00,100000,Y,12,1,0.083,아세트아미노펜 현탁액(소아용) 공급률 30%,virtual_dummy.xlsx,L52_공급조건·주문가능,2026-10-05T01:15
PH_DUMMY_01,2026-01-07,VC,주 1회(화요일),전주 금요일,300000,N,0,0,,,virtual_dummy.xlsx,L52_공급조건·주문가능,2026-10-05T01:15
PH_DUMMY_01,2026-01-08,VA,"하루 2회(오전·오후), 월~토",11:00 / 16:00,0,Y,21,0,0,,virtual_dummy.xlsx,L52_공급조건·주문가능,2026-10-05T01:15
PH_DUMMY_01,2026-01-08,VB,"하루 1회, 월~금",15:00,100000,Y,8,3,0.375,아세트아미노펜 현탁액(소아용) 공급률 30%,virtual_dummy.xlsx,L52_공급조건·주문가능,2026-10-05T01:15
PH_DUMMY_01,2026-01-08,VC,주 1회(화요일),전주 금요일,300000,N,0,0,,,virtual_dummy.xlsx,L52_공급조건·주문가능,2026-10-05T01:15
PH_DUMMY_01,2026-01-09,VA,"하루 2회(오전·오후), 월~토",11:00 / 16:00,0,Y,27,1,0.037,,virtual_dummy.xlsx,L52_공급조건·주문가능,2026-10-05T01:15
PH_DUMMY_01,2026-01-09,VB,"하루 1회, 월~금",15:00,100000,Y,6,2,0.333,아세트아미노펜 현탁액(소아용) 공급률 30%,virtual_dummy.xlsx,L52_공급조건·주문가능,2026-10-05T01:15
PH_DUMMY_01,2026-01-09,VC,주 1회(화요일),전주 금요일,300000,N,0,0,,,virtual_dummy.xlsx,L52_공급조건·주문가능,2026-10-05T01:15
PH_DUMMY_01,2026-01-10,VA,"하루 2회(오전·오후), 월~토",11:00 / 16:00,0,Y,16,1,0.062,,virtual_dummy.xlsx,L52_공급조건·주문가능,2026-10-05T01:15
PH_DUMMY_01,2026-01-10,VB,"하루 1회, 월~금",15:00,100000,N,7,1,0.143,아세트아미노펜 현탁액(소아용) 공급률 30%,virtual_dummy.xlsx,L52_공급조건·주문가능,2026-10-05T01:15
PH_DUMMY_01,2026-01-10,VC,주 1회(화요일),전주 금요일,300000,N,0,0,,,virtual_dummy.xlsx,L52_공급조건·주문가능,2026-10-05T01:15
PH_DUMMY_01,2026-01-11,VA,"하루 2회(오전·오후), 월~토",11:00 / 16:00,0,N,0,0,,,virtual_dummy.xlsx,L52_공급조건·주문가능,2026-10-05T01:15
PH_DUMMY_01,2026-01-11,VB,"하루 1회, 월~금",15:00,100000,N,0,0,,,virtual_dummy.xlsx,L52_공급조건·주문가능,2026-10-05T01:15
PH_DUMMY_01,2026-01-11,VC,주 1회(화요일),전주 금요일,300000,N,0,0,,,virtual_dummy.xlsx,L52_공급조건·주문가능,2026-10-05T01:15
PH_DUMMY_01,2026-01-12,VA,"하루 2회(오전·오후), 월~토",11:00 / 16:00,0,Y,41,1,0.024,,virtual_dummy.xlsx,L52_공급조건·주문가능,2026-10-05T01:15
PH_DUMMY_01,2026-01-12,VB,"하루 1회, 월~금",15:00,100000,Y,12,3,0.25,아세트아미노펜 현탁액(소아용) 공급률 30%,virtual_dummy.xlsx,L52_공급조건·주문가능,2026-10-05T01:15
PH_DUMMY_01,2026-01-12,VC,주 1회(화요일),전주 금요일,300000,N,1,0,0,,virtual_dummy.xlsx,L52_공급조건·주문가능,2026-10-05T01:15
PH_DUMMY_01,2026-01-13,VA,"하루 2회(오전·오후), 월~토",11:00 / 16:00,0,Y,19,1,0.053,,virtual_dummy.xlsx,L52_공급조건·주문가능,2026-10-05T01:15
PH_DUMMY_01,2026-01-13,VB,"하루 1회, 월~금",15:00,100000,Y,6,1,0.167,아세트아미노펜 현탁액(소아용) 공급률 30%,virtual_dummy.xlsx,L52_공급조건·주문가능,2026-10-05T01:15
PH_DUMMY_01,2026-01-13,VC,주 1회(화요일),전주 금요일,300000,Y,7,0,0,,virtual_dummy.xlsx,L52_공급조건·주문가능,2026-10-05T01:15
PH_DUMMY_01,2026-01-14,VA,"하루 2회(오전·오후), 월~토",11:00 / 16:00,0,Y,29,2,0.069,,virtual_dummy.xlsx,L52_공급조건·주문가능,2026-10-05T01:15
PH_DUMMY_01,2026-01-14,VB,"하루 1회, 월~금",15:00,100000,Y,7,2,0.286,아세트아미노펜 현탁액(소아용) 공급률 30%,virtual_dummy.xlsx,L52_공급조건·주문가능,2026-10-05T01:15
PH_DUMMY_01,2026-01-14,VC,주 1회(화요일),전주 금요일,300000,N,0,0,,,virtual_dummy.xlsx,L52_공급조건·주문가능,2026-10-05T01:15
PH_DUMMY_01,2026-01-15,VA,"하루 2회(오전·오후), 월~토",11:00 / 16:00,0,Y,28,1,0.036,,virtual_dummy.xlsx,L52_공급조건·주문가능,2026-10-05T01:15
PH_DUMMY_01,2026-01-15,VB,"하루 1회, 월~금",15:00,100000,Y,11,1,0.091,아세트아미노펜 현탁액(소아용) 공급률 30%,virtual_dummy.xlsx,L52_공급조건·주문가능,2026-10-05T01:15
PH_DUMMY_01,2026-01-15,VC,주 1회(화요일),전주 금요일,300000,N,0,0,,,virtual_dummy.xlsx,L52_공급조건·주문가능,2026-10-05T01:15
PH_DUMMY_01,2026-01-16,VA,"하루 2회(오전·오후), 월~토",11:00 / 16:00,0,Y,23,0,0,,virtual_dummy.xlsx,L52_공급조건·주문가능,2026-10-05T01:15
PH_DUMMY_01,2026-01-16,VB,"하루 1회, 월~금",15:00,100000,Y,11,2,0.182,아세트아미노펜 현탁액(소아용) 공급률 30%,virtual_dummy.xlsx,L52_공급조건·주문가능,2026-10-05T01:15
PH_DUMMY_01,2026-01-16,VC,주 1회(화요일),전주 금요일,300000,N,0,0,,,virtual_dummy.xlsx,L52_공급조건·주문가능,2026-10-05T01:15
PH_DUMMY_01,2026-01-17,VA,"하루 2회(오전·오후), 월~토",11:00 / 16:00,0,Y,17,3,0.176,,virtual_dummy.xlsx,L52_공급조건·주문가능,2026-10-05T01:15
PH_DUMMY_01,2026-01-17,VB,"하루 1회, 월~금",15:00,100000,N,6,1,0.167,아세트아미노펜 현탁액(소아용) 공급률 30%,virtual_dummy.xlsx,L52_공급조건·주문가능,2026-10-05T01:15
PH_DUMMY_01,2026-01-17,VC,주 1회(화요일),전주 금요일,300000,N,0,0,,,virtual_dummy.xlsx,L52_공급조건·주문가능,2026-10-05T01:15
PH_DUMMY_01,2026-01-18,VA,"하루 2회(오전·오후), 월~토",11:00 / 16:00,0,N,0,0,,,virtual_dummy.xlsx,L52_공급조건·주문가능,2026-10-05T01:15
PH_DUMMY_01,2026-01-18,VB,"하루 1회, 월~금",15:00,100000,N,0,0,,,virtual_dummy.xlsx,L52_공급조건·주문가능,2026-10-05T01:15
PH_DUMMY_01,2026-01-18,VC,주 1회(화요일),전주 금요일,300000,N,0,0,,,virtual_dummy.xlsx,L52_공급조건·주문가능,2026-10-05T01:15
PH_DUMMY_01,2026-01-19,VA,"하루 2회(오전·오후), 월~토",11:00 / 16:00,0,Y,35,3,0.086,,virtual_dummy.xlsx,L52_공급조건·주문가능,2026-10-05T01:15
PH_DUMMY_01,2026-01-19,VB,"하루 1회, 월~금",15:00,100000,Y,16,2,0.125,아세트아미노펜 현탁액(소아용) 공급률 30%,virtual_dummy.xlsx,L52_공급조건·주문가능,2026-10-05T01:15
PH_DUMMY_01,2026-01-19,VC,주 1회(화요일),전주 금요일,300000,N,2,0,0,,virtual_dummy.xlsx,L52_공급조건·주문가능,2026-10-05T01:15
PH_DUMMY_01,2026-01-20,VA,"하루 2회(오전·오후), 월~토",11:00 / 16:00,0,Y,25,2,0.08,,virtual_dummy.xlsx,L52_공급조건·주문가능,2026-10-05T01:15
PH_DUMMY_01,2026-01-20,VB,"하루 1회, 월~금",15:00,100000,Y,6,2,0.333,아세트아미노펜 현탁액(소아용) 공급률 30%,virtual_dummy.xlsx,L52_공급조건·주문가능,2026-10-05T01:15
PH_DUMMY_01,2026-01-20,VC,주 1회(화요일),전주 금요일,300000,Y,4,0,0,,virtual_dummy.xlsx,L52_공급조건·주문가능,2026-10-05T01:15
PH_DUMMY_01,2026-01-21,VA,"하루 2회(오전·오후), 월~토",11:00 / 16:00,0,Y,19,0,0,,virtual_dummy.xlsx,L52_공급조건·주문가능,2026-10-05T01:15
PH_DUMMY_01,2026-01-21,VB,"하루 1회, 월~금",15:00,100000,Y,9,1,0.111,아세트아미노펜 현탁액(소아용) 공급률 30%,virtual_dummy.xlsx,L52_공급조건·주문가능,2026-10-05T01:15
PH_DUMMY_01,2026-01-21,VC,주 1회(화요일),전주 금요일,300000,N,0,0,,,virtual_dummy.xlsx,L52_공급조건·주문가능,2026-10-05T01:15
PH_DUMMY_01,2026-01-22,VA,"하루 2회(오전·오후), 월~토",11:00 / 16:00,0,Y,27,0,0,,virtual_dummy.xlsx,L52_공급조건·주문가능,2026-10-05T01:15
PH_DUMMY_01,2026-01-22,VB,"하루 1회, 월~금",15:00,100000,Y,6,0,0,아세트아미노펜 현탁액(소아용) 공급률 30%,virtual_dummy.xlsx,L52_공급조건·주문가능,2026-10-05T01:15
PH_DUMMY_01,2026-01-22,VC,주 1회(화요일),전주 금요일,300000,N,0,0,,,virtual_dummy.xlsx,L52_공급조건·주문가능,2026-10-05T01:15
PH_DUMMY_01,2026-01-23,VA,"하루 2회(오전·오후), 월~토",11:00 / 16:00,0,Y,24,0,0,,virtual_dummy.xlsx,L52_공급조건·주문가능,2026-10-05T01:15
PH_DUMMY_01,2026-01-23,VB,"하루 1회, 월~금",15:00,100000,Y,8,0,0,아세트아미노펜 현탁액(소아용) 공급률 30%,virtual_dummy.xlsx,L52_공급조건·주문가능,2026-10-05T01:15
PH_DUMMY_01,2026-01-23,VC,주 1회(화요일),전주 금요일,300000,N,0,0,,,virtual_dummy.xlsx,L52_공급조건·주문가능,2026-10-05T01:15
PH_DUMMY_01,2026-01-24,VA,"하루 2회(오전·오후), 월~토",11:00 / 16:00,0,Y,25,2,0.08,,virtual_dummy.xlsx,L52_공급조건·주문가능,2026-10-05T01:15
PH_DUMMY_01,2026-01-24,VB,"하루 1회, 월~금",15:00,100000,N,3,0,0,아세트아미노펜 현탁액(소아용) 공급률 30%,virtual_dummy.xlsx,L52_공급조건·주문가능,2026-10-05T01:15
PH_DUMMY_01,2026-01-24,VC,주 1회(화요일),전주 금요일,300000,N,0,0,,,virtual_dummy.xlsx,L52_공급조건·주문가능,2026-10-05T01:15
PH_DUMMY_01,2026-01-25,VA,"하루 2회(오전·오후), 월~토",11:00 / 16:00,0,N,0,0,,,virtual_dummy.xlsx,L52_공급조건·주문가능,2026-10-05T01:15
PH_DUMMY_01,2026-01-25,VB,"하루 1회, 월~금",15:00,100000,N,0,0,,,virtual_dummy.xlsx,L52_공급조건·주문가능,2026-10-05T01:15
PH_DUMMY_01,2026-01-25,VC,주 1회(화요일),전주 금요일,300000,N,0,0,,,virtual_dummy.xlsx,L52_공급조건·주문가능,2026-10-05T01:15
PH_DUMMY_01,2026-01-26,VA,"하루 2회(오전·오후), 월~토",11:00 / 16:00,0,Y,47,0,0,,virtual_dummy.xlsx,L52_공급조건·주문가능,2026-10-05T01:15
PH_DUMMY_01,2026-01-26,VB,"하루 1회, 월~금",15:00,100000,Y,9,1,0.111,아세트아미노펜 현탁액(소아용) 공급률 30%,virtual_dummy.xlsx,L52_공급조건·주문가능,2026-10-05T01:15
PH_DUMMY_01,2026-01-26,VC,주 1회(화요일),전주 금요일,300000,N,1,0,0,,virtual_dummy.xlsx,L52_공급조건·주문가능,2026-10-05T01:15
PH_DUMMY_01,2026-01-27,VA,"하루 2회(오전·오후), 월~토",11:00 / 16:00,0,Y,20,0,0,,virtual_dummy.xlsx,L52_공급조건·주문가능,2026-10-05T01:15
PH_DUMMY_01,2026-01-27,VB,"하루 1회, 월~금",15:00,100000,Y,6,0,0,아세트아미노펜 현탁액(소아용) 공급률 30%,virtual_dummy.xlsx,L52_공급조건·주문가능,2026-10-05T01:15
PH_DUMMY_01,2026-01-27,VC,주 1회(화요일),전주 금요일,300000,Y,4,0,0,,virtual_dummy.xlsx,L52_공급조건·주문가능,2026-10-05T01:15
PH_DUMMY_01,2026-01-28,VA,"하루 2회(오전·오후), 월~토",11:00 / 16:00,0,Y,24,0,0,,virtual_dummy.xlsx,L52_공급조건·주문가능,2026-10-05T01:15
PH_DUMMY_01,2026-01-28,VB,"하루 1회, 월~금",15:00,100000,Y,8,0,0,아세트아미노펜 현탁액(소아용) 공급률 30%,virtual_dummy.xlsx,L52_공급조건·주문가능,2026-10-05T01:15
PH_DUMMY_01,2026-01-28,VC,주 1회(화요일),전주 금요일,300000,N,0,0,,,virtual_dummy.xlsx,L52_공급조건·주문가능,2026-10-05T01:15
PH_DUMMY_01,2026-01-29,VA,"하루 2회(오전·오후), 월~토",11:00 / 16:00,0,Y,17,1,0.059,,virtual_dummy.xlsx,L52_공급조건·주문가능,2026-10-05T01:15
PH_DUMMY_01,2026-01-29,VB,"하루 1회, 월~금",15:00,100000,Y,6,1,0.167,아세트아미노펜 현탁액(소아용) 공급률 30%,virtual_dummy.xlsx,L52_공급조건·주문가능,2026-10-05T01:15
PH_DUMMY_01,2026-01-29,VC,주 1회(화요일),전주 금요일,300000,N,0,0,,,virtual_dummy.xlsx,L52_공급조건·주문가능,2026-10-05T01:15
PH_DUMMY_01,2026-01-30,VA,"하루 2회(오전·오후), 월~토",11:00 / 16:00,0,Y,25,0,0,,virtual_dummy.xlsx,L52_공급조건·주문가능,2026-10-05T01:15
PH_DUMMY_01,2026-01-30,VB,"하루 1회, 월~금",15:00,100000,Y,6,0,0,아세트아미노펜 현탁액(소아용) 공급률 30%,virtual_dummy.xlsx,L52_공급조건·주문가능,2026-10-05T01:15
PH_DUMMY_01,2026-01-30,VC,주 1회(화요일),전주 금요일,300000,N,0,0,,,virtual_dummy.xlsx,L52_공급조건·주문가능,2026-10-05T01:15
PH_DUMMY_01,2026-01-31,VA,"하루 2회(오전·오후), 월~토",11:00 / 16:00,0,Y,21,1,0.048,,virtual_dummy.xlsx,L52_공급조건·주문가능,2026-10-05T01:15
PH_DUMMY_01,2026-01-31,VB,"하루 1회, 월~금",15:00,100000,N,7,1,0.143,아세트아미노펜 현탁액(소아용) 공급률 30%,virtual_dummy.xlsx,L52_공급조건·주문가능,2026-10-05T01:15
PH_DUMMY_01,2026-01-31,VC,주 1회(화요일),전주 금요일,300000,N,0,0,,,virtual_dummy.xlsx,L52_공급조건·주문가능,2026-10-05T01:15
PH_DUMMY_01,2026-02-01,VA,"하루 2회(오전·오후), 월~토",11:00 / 16:00,0,N,0,0,,,virtual_dummy.xlsx,L52_공급조건·주문가능,2026-10-05T01:15
PH_DUMMY_01,2026-02-01,VB,"하루 1회, 월~금",15:00,100000,N,0,0,,,virtual_dummy.xlsx,L52_공급조건·주문가능,2026-10-05T01:15
PH_DUMMY_01,2026-02-01,VC,주 1회(화요일),전주 금요일,300000,N,0,0,,,virtual_dummy.xlsx,L52_공급조건·주문가능,2026-10-05T01:15
PH_DUMMY_01,2026-02-02,VA,"하루 2회(오전·오후), 월~토",11:00 / 16:00,0,Y,46,0,0,,virtual_dummy.xlsx,L52_공급조건·주문가능,2026-10-05T01:15
PH_DUMMY_01,2026-02-02,VB,"하루 1회, 월~금",15:00,100000,Y,13,2,0.154,아세트아미노펜 현탁액(소아용) 공급률 30%,virtual_dummy.xlsx,L52_공급조건·주문가능,2026-10-05T01:15
PH_DUMMY_01,2026-02-02,VC,주 1회(화요일),전주 금요일,300000,N,1,0,0,,virtual_dummy.xlsx,L52_공급조건·주문가능,2026-10-05T01:15
PH_DUMMY_01,2026-02-03,VA,"하루 2회(오전·오후), 월~토",11:00 / 16:00,0,Y,32,0,0,,virtual_dummy.xlsx,L52_공급조건·주문가능,2026-10-05T01:15
PH_DUMMY_01,2026-02-03,VB,"하루 1회, 월~금",15:00,100000,Y,7,0,0,아세트아미노펜 현탁액(소아용) 공급률 30%,virtual_dummy.xlsx,L52_공급조건·주문가능,2026-10-05T01:15
PH_DUMMY_01,2026-02-03,VC,주 1회(화요일),전주 금요일,300000,Y,2,0,0,,virtual_dummy.xlsx,L52_공급조건·주문가능,2026-10-05T01:15
PH_DUMMY_01,2026-02-04,VA,"하루 2회(오전·오후), 월~토",11:00 / 16:00,0,Y,21,0,0,,virtual_dummy.xlsx,L52_공급조건·주문가능,2026-10-05T01:15
PH_DUMMY_01,2026-02-04,VB,"하루 1회, 월~금",15:00,100000,Y,10,1,0.1,아세트아미노펜 현탁액(소아용) 공급률 30%,virtual_dummy.xlsx,L52_공급조건·주문가능,2026-10-05T01:15
PH_DUMMY_01,2026-02-04,VC,주 1회(화요일),전주 금요일,300000,N,0,0,,,virtual_dummy.xlsx,L52_공급조건·주문가능,2026-10-05T01:15
PH_DUMMY_01,2026-02-05,VA,"하루 2회(오전·오후), 월~토",11:00 / 16:00,0,Y,19,3,0.158,,virtual_dummy.xlsx,L52_공급조건·주문가능,2026-10-05T01:15
PH_DUMMY_01,2026-02-05,VB,"하루 1회, 월~금",15:00,100000,Y,10,1,0.1,아세트아미노펜 현탁액(소아용) 공급률 30%,virtual_dummy.xlsx,L52_공급조건·주문가능,2026-10-05T01:15
PH_DUMMY_01,2026-02-05,VC,주 1회(화요일),전주 금요일,300000,N,0,0,,,virtual_dummy.xlsx,L52_공급조건·주문가능,2026-10-05T01:15
PH_DUMMY_01,2026-02-06,VA,"하루 2회(오전·오후), 월~토",11:00 / 16:00,0,Y,20,1,0.05,,virtual_dummy.xlsx,L52_공급조건·주문가능,2026-10-05T01:15
PH_DUMMY_01,2026-02-06,VB,"하루 1회, 월~금",15:00,100000,Y,4,1,0.25,아세트아미노펜 현탁액(소아용) 공급률 30%,virtual_dummy.xlsx,L52_공급조건·주문가능,2026-10-05T01:15
PH_DUMMY_01,2026-02-06,VC,주 1회(화요일),전주 금요일,300000,N,1,0,0,,virtual_dummy.xlsx,L52_공급조건·주문가능,2026-10-05T01:15
PH_DUMMY_01,2026-02-07,VA,"하루 2회(오전·오후), 월~토",11:00 / 16:00,0,Y,18,0,0,,virtual_dummy.xlsx,L52_공급조건·주문가능,2026-10-05T01:15
PH_DUMMY_01,2026-02-07,VB,"하루 1회, 월~금",15:00,100000,N,6,1,0.167,아세트아미노펜 현탁액(소아용) 공급률 30%,virtual_dummy.xlsx,L52_공급조건·주문가능,2026-10-05T01:15
PH_DUMMY_01,2026-02-07,VC,주 1회(화요일),전주 금요일,300000,N,0,0,,,virtual_dummy.xlsx,L52_공급조건·주문가능,2026-10-05T01:15
PH_DUMMY_01,2026-02-08,VA,"하루 2회(오전·오후), 월~토",11:00 / 16:00,0,N,0,0,,,virtual_dummy.xlsx,L52_공급조건·주문가능,2026-10-05T01:15
PH_DUMMY_01,2026-02-08,VB,"하루 1회, 월~금",15:00,100000,N,0,0,,,virtual_dummy.xlsx,L52_공급조건·주문가능,2026-10-05T01:15
PH_DUMMY_01,2026-02-08,VC,주 1회(화요일),전주 금요일,300000,N,0,0,,,virtual_dummy.xlsx,L52_공급조건·주문가능,2026-10-05T01:15
PH_DUMMY_01,2026-02-09,VA,"하루 2회(오전·오후), 월~토",11:00 / 16:00,0,Y,51,4,0.078,,virtual_dummy.xlsx,L52_공급조건·주문가능,2026-10-05T01:15
PH_DUMMY_01,2026-02-09,VB,"하루 1회, 월~금",15:00,100000,Y,14,1,0.071,아세트아미노펜 현탁액(소아용) 공급률 30%,virtual_dummy.xlsx,L52_공급조건·주문가능,2026-10-05T01:15
PH_DUMMY_01,2026-02-09,VC,주 1회(화요일),전주 금요일,300000,N,1,0,0,,virtual_dummy.xlsx,L52_공급조건·주문가능,2026-10-05T01:15
PH_DUMMY_01,2026-02-10,VA,"하루 2회(오전·오후), 월~토",11:00 / 16:00,0,Y,17,0,0,,virtual_dummy.xlsx,L52_공급조건·주문가능,2026-10-05T01:15
PH_DUMMY_01,2026-02-10,VB,"하루 1회, 월~금",15:00,100000,Y,11,2,0.182,아세트아미노펜 현탁액(소아용) 공급률 30%,virtual_dummy.xlsx,L52_공급조건·주문가능,2026-10-05T01:15
PH_DUMMY_01,2026-02-10,VC,주 1회(화요일),전주 금요일,300000,Y,14,0,0,,virtual_dummy.xlsx,L52_공급조건·주문가능,2026-10-05T01:15
PH_DUMMY_01,2026-02-11,VA,"하루 2회(오전·오후), 월~토",11:00 / 16:00,0,Y,28,2,0.071,,virtual_dummy.xlsx,L52_공급조건·주문가능,2026-10-05T01:15
PH_DUMMY_01,2026-02-11,VB,"하루 1회, 월~금",15:00,100000,Y,8,1,0.125,아세트아미노펜 현탁액(소아용) 공급률 30%,virtual_dummy.xlsx,L52_공급조건·주문가능,2026-10-05T01:15
PH_DUMMY_01,2026-02-11,VC,주 1회(화요일),전주 금요일,300000,N,0,0,,,virtual_dummy.xlsx,L52_공급조건·주문가능,2026-10-05T01:15
PH_DUMMY_01,2026-02-12,VA,"하루 2회(오전·오후), 월~토",11:00 / 16:00,0,Y,23,1,0.043,,virtual_dummy.xlsx,L52_공급조건·주문가능,2026-10-05T01:15
PH_DUMMY_01,2026-02-12,VB,"하루 1회, 월~금",15:00,100000,Y,6,1,0.167,아세트아미노펜 현탁액(소아용) 공급률 30%,virtual_dummy.xlsx,L52_공급조건·주문가능,2026-10-05T01:15
PH_DUMMY_01,2026-02-12,VC,주 1회(화요일),전주 금요일,300000,N,0,0,,,virtual_dummy.xlsx,L52_공급조건·주문가능,2026-10-05T01:15
PH_DUMMY_01,2026-02-13,VA,"하루 2회(오전·오후), 월~토",11:00 / 16:00,0,Y,20,0,0,,virtual_dummy.xlsx,L52_공급조건·주문가능,2026-10-05T01:15
PH_DUMMY_01,2026-02-13,VB,"하루 1회, 월~금",15:00,100000,Y,11,2,0.182,아세트아미노펜 현탁액(소아용) 공급률 30%,virtual_dummy.xlsx,L52_공급조건·주문가능,2026-10-05T01:15
PH_DUMMY_01,2026-02-13,VC,주 1회(화요일),전주 금요일,300000,N,0,0,,,virtual_dummy.xlsx,L52_공급조건·주문가능,2026-10-05T01:15
PH_DUMMY_01,2026-02-14,VA,"하루 2회(오전·오후), 월~토",11:00 / 16:00,0,Y,26,1,0.038,,virtual_dummy.xlsx,L52_공급조건·주문가능,2026-10-05T01:15
PH_DUMMY_01,2026-02-14,VB,"하루 1회, 월~금",15:00,100000,N,11,4,0.364,아세트아미노펜 현탁액(소아용) 공급률 30%,virtual_dummy.xlsx,L52_공급조건·주문가능,2026-10-05T01:15
PH_DUMMY_01,2026-02-14,VC,주 1회(화요일),전주 금요일,300000,N,0,0,,,virtual_dummy.xlsx,L52_공급조건·주문가능,2026-10-05T01:15
PH_DUMMY_01,2026-02-15,VA,"하루 2회(오전·오후), 월~토",11:00 / 16:00,0,N,0,0,,,virtual_dummy.xlsx,L52_공급조건·주문가능,2026-10-05T01:15
PH_DUMMY_01,2026-02-15,VB,"하루 1회, 월~금",15:00,100000,N,0,0,,,virtual_dummy.xlsx,L52_공급조건·주문가능,2026-10-05T01:15
PH_DUMMY_01,2026-02-15,VC,주 1회(화요일),전주 금요일,300000,N,0,0,,,virtual_dummy.xlsx,L52_공급조건·주문가능,2026-10-05T01:15
PH_DUMMY_01,2026-02-16,VA,"하루 2회(오전·오후), 월~토",11:00 / 16:00,0,N,0,0,,,virtual_dummy.xlsx,L52_공급조건·주문가능,2026-10-05T01:15
PH_DUMMY_01,2026-02-16,VB,"하루 1회, 월~금",15:00,100000,N,0,0,,,virtual_dummy.xlsx,L52_공급조건·주문가능,2026-10-05T01:15
PH_DUMMY_01,2026-02-16,VC,주 1회(화요일),전주 금요일,300000,N,0,0,,,virtual_dummy.xlsx,L52_공급조건·주문가능,2026-10-05T01:15
PH_DUMMY_01,2026-02-17,VA,"하루 2회(오전·오후), 월~토",11:00 / 16:00,0,N,0,0,,,virtual_dummy.xlsx,L52_공급조건·주문가능,2026-10-05T01:15
PH_DUMMY_01,2026-02-17,VB,"하루 1회, 월~금",15:00,100000,N,0,0,,,virtual_dummy.xlsx,L52_공급조건·주문가능,2026-10-05T01:15
PH_DUMMY_01,2026-02-17,VC,주 1회(화요일),전주 금요일,300000,N,0,0,,,virtual_dummy.xlsx,L52_공급조건·주문가능,2026-10-05T01:15
PH_DUMMY_01,2026-02-18,VA,"하루 2회(오전·오후), 월~토",11:00 / 16:00,0,N,0,0,,,virtual_dummy.xlsx,L52_공급조건·주문가능,2026-10-05T01:15
PH_DUMMY_01,2026-02-18,VB,"하루 1회, 월~금",15:00,100000,N,0,0,,,virtual_dummy.xlsx,L52_공급조건·주문가능,2026-10-05T01:15
PH_DUMMY_01,2026-02-18,VC,주 1회(화요일),전주 금요일,300000,N,0,0,,,virtual_dummy.xlsx,L52_공급조건·주문가능,2026-10-05T01:15
PH_DUMMY_01,2026-02-19,VA,"하루 2회(오전·오후), 월~토",11:00 / 16:00,0,Y,34,0,0,,virtual_dummy.xlsx,L52_공급조건·주문가능,2026-10-05T01:15
PH_DUMMY_01,2026-02-19,VB,"하루 1회, 월~금",15:00,100000,Y,12,2,0.167,아세트아미노펜 현탁액(소아용) 공급률 30%,virtual_dummy.xlsx,L52_공급조건·주문가능,2026-10-05T01:15
PH_DUMMY_01,2026-02-19,VC,주 1회(화요일),전주 금요일,300000,N,1,0,0,,virtual_dummy.xlsx,L52_공급조건·주문가능,2026-10-05T01:15
PH_DUMMY_01,2026-02-20,VA,"하루 2회(오전·오후), 월~토",11:00 / 16:00,0,Y,20,2,0.1,,virtual_dummy.xlsx,L52_공급조건·주문가능,2026-10-05T01:15
PH_DUMMY_01,2026-02-20,VB,"하루 1회, 월~금",15:00,100000,Y,6,0,0,아세트아미노펜 현탁액(소아용) 공급률 30%,virtual_dummy.xlsx,L52_공급조건·주문가능,2026-10-05T01:15
PH_DUMMY_01,2026-02-20,VC,주 1회(화요일),전주 금요일,300000,N,0,0,,,virtual_dummy.xlsx,L52_공급조건·주문가능,2026-10-05T01:15
PH_DUMMY_01,2026-02-21,VA,"하루 2회(오전·오후), 월~토",11:00 / 16:00,0,Y,14,1,0.071,,virtual_dummy.xlsx,L52_공급조건·주문가능,2026-10-05T01:15
PH_DUMMY_01,2026-02-21,VB,"하루 1회, 월~금",15:00,100000,N,4,0,0,,virtual_dummy.xlsx,L52_공급조건·주문가능,2026-10-05T01:15
PH_DUMMY_01,2026-02-21,VC,주 1회(화요일),전주 금요일,300000,N,0,0,,,virtual_dummy.xlsx,L52_공급조건·주문가능,2026-10-05T01:15
PH_DUMMY_01,2026-02-22,VA,"하루 2회(오전·오후), 월~토",11:00 / 16:00,0,N,0,0,,,virtual_dummy.xlsx,L52_공급조건·주문가능,2026-10-05T01:15
PH_DUMMY_01,2026-02-22,VB,"하루 1회, 월~금",15:00,100000,N,0,0,,,virtual_dummy.xlsx,L52_공급조건·주문가능,2026-10-05T01:15
PH_DUMMY_01,2026-02-22,VC,주 1회(화요일),전주 금요일,300000,N,0,0,,,virtual_dummy.xlsx,L52_공급조건·주문가능,2026-10-05T01:15
PH_DUMMY_01,2026-02-23,VA,"하루 2회(오전·오후), 월~토",11:00 / 16:00,0,Y,38,0,0,,virtual_dummy.xlsx,L52_공급조건·주문가능,2026-10-05T01:15
PH_DUMMY_01,2026-02-23,VB,"하루 1회, 월~금",15:00,100000,Y,13,0,0,,virtual_dummy.xlsx,L52_공급조건·주문가능,2026-10-05T01:15
PH_DUMMY_01,2026-02-23,VC,주 1회(화요일),전주 금요일,300000,N,1,0,0,,virtual_dummy.xlsx,L52_공급조건·주문가능,2026-10-05T01:15
PH_DUMMY_01,2026-02-24,VA,"하루 2회(오전·오후), 월~토",11:00 / 16:00,0,Y,16,1,0.062,,virtual_dummy.xlsx,L52_공급조건·주문가능,2026-10-05T01:15
PH_DUMMY_01,2026-02-24,VB,"하루 1회, 월~금",15:00,100000,Y,7,0,0,,virtual_dummy.xlsx,L52_공급조건·주문가능,2026-10-05T01:15
PH_DUMMY_01,2026-02-24,VC,주 1회(화요일),전주 금요일,300000,Y,9,0,0,,virtual_dummy.xlsx,L52_공급조건·주문가능,2026-10-05T01:15
PH_DUMMY_01,2026-02-25,VA,"하루 2회(오전·오후), 월~토",11:00 / 16:00,0,Y,19,0,0,,virtual_dummy.xlsx,L52_공급조건·주문가능,2026-10-05T01:15
PH_DUMMY_01,2026-02-25,VB,"하루 1회, 월~금",15:00,100000,Y,6,0,0,,virtual_dummy.xlsx,L52_공급조건·주문가능,2026-10-05T01:15
PH_DUMMY_01,2026-02-25,VC,주 1회(화요일),전주 금요일,300000,N,0,0,,,virtual_dummy.xlsx,L52_공급조건·주문가능,2026-10-05T01:15
PH_DUMMY_01,2026-02-26,VA,"하루 2회(오전·오후), 월~토",11:00 / 16:00,0,Y,23,1,0.043,,virtual_dummy.xlsx,L52_공급조건·주문가능,2026-10-05T01:15
PH_DUMMY_01,2026-02-26,VB,"하루 1회, 월~금",15:00,100000,Y,5,0,0,,virtual_dummy.xlsx,L52_공급조건·주문가능,2026-10-05T01:15
PH_DUMMY_01,2026-02-26,VC,주 1회(화요일),전주 금요일,300000,N,0,0,,,virtual_dummy.xlsx,L52_공급조건·주문가능,2026-10-05T01:15
PH_DUMMY_01,2026-02-27,VA,"하루 2회(오전·오후), 월~토",11:00 / 16:00,0,Y,26,0,0,,virtual_dummy.xlsx,L52_공급조건·주문가능,2026-10-05T01:15
PH_DUMMY_01,2026-02-27,VB,"하루 1회, 월~금",15:00,100000,Y,11,0,0,,virtual_dummy.xlsx,L52_공급조건·주문가능,2026-10-05T01:15
PH_DUMMY_01,2026-02-27,VC,주 1회(화요일),전주 금요일,300000,N,0,0,,,virtual_dummy.xlsx,L52_공급조건·주문가능,2026-10-05T01:15
PH_DUMMY_01,2026-02-28,VA,"하루 2회(오전·오후), 월~토",11:00 / 16:00,0,Y,23,1,0.043,,virtual_dummy.xlsx,L52_공급조건·주문가능,2026-10-05T01:15
PH_DUMMY_01,2026-02-28,VB,"하루 1회, 월~금",15:00,100000,N,9,0,0,,virtual_dummy.xlsx,L52_공급조건·주문가능,2026-10-05T01:15
PH_DUMMY_01,2026-02-28,VC,주 1회(화요일),전주 금요일,300000,N,0,0,,,virtual_dummy.xlsx,L52_공급조건·주문가능,2026-10-05T01:15
PH_DUMMY_01,2026-03-01,VA,"하루 2회(오전·오후), 월~토",11:00 / 16:00,0,N,0,0,,,virtual_dummy.xlsx,L52_공급조건·주문가능,2026-10-05T01:15
PH_DUMMY_01,2026-03-01,VB,"하루 1회, 월~금",15:00,100000,N,0,0,,,virtual_dummy.xlsx,L52_공급조건·주문가능,2026-10-05T01:15
PH_DUMMY_01,2026-03-01,VC,주 1회(화요일),전주 금요일,300000,N,0,0,,,virtual_dummy.xlsx,L52_공급조건·주문가능,2026-10-05T01:15
PH_DUMMY_01,2026-03-02,VA,"하루 2회(오전·오후), 월~토",11:00 / 16:00,0,N,0,0,,,virtual_dummy.xlsx,L52_공급조건·주문가능,2026-10-05T01:15
PH_DUMMY_01,2026-03-02,VB,"하루 1회, 월~금",15:00,100000,N,0,0,,,virtual_dummy.xlsx,L52_공급조건·주문가능,2026-10-05T01:15
PH_DUMMY_01,2026-03-02,VC,주 1회(화요일),전주 금요일,300000,N,0,0,,,virtual_dummy.xlsx,L52_공급조건·주문가능,2026-10-05T01:15
PH_DUMMY_01,2026-03-03,VA,"하루 2회(오전·오후), 월~토",11:00 / 16:00,0,Y,39,1,0.026,,virtual_dummy.xlsx,L52_공급조건·주문가능,2026-10-05T01:15
PH_DUMMY_01,2026-03-03,VB,"하루 1회, 월~금",15:00,100000,Y,13,0,0,,virtual_dummy.xlsx,L52_공급조건·주문가능,2026-10-05T01:15
PH_DUMMY_01,2026-03-03,VC,주 1회(화요일),전주 금요일,300000,Y,11,0,0,,virtual_dummy.xlsx,L52_공급조건·주문가능,2026-10-05T01:15
PH_DUMMY_01,2026-03-04,VA,"하루 2회(오전·오후), 월~토",11:00 / 16:00,0,Y,26,1,0.038,,virtual_dummy.xlsx,L52_공급조건·주문가능,2026-10-05T01:15
PH_DUMMY_01,2026-03-04,VB,"하루 1회, 월~금",15:00,100000,Y,8,0,0,,virtual_dummy.xlsx,L52_공급조건·주문가능,2026-10-05T01:15
PH_DUMMY_01,2026-03-04,VC,주 1회(화요일),전주 금요일,300000,N,0,0,,,virtual_dummy.xlsx,L52_공급조건·주문가능,2026-10-05T01:15
PH_DUMMY_01,2026-03-05,VA,"하루 2회(오전·오후), 월~토",11:00 / 16:00,0,Y,19,1,0.053,,virtual_dummy.xlsx,L52_공급조건·주문가능,2026-10-05T01:15
PH_DUMMY_01,2026-03-05,VB,"하루 1회, 월~금",15:00,100000,Y,4,0,0,,virtual_dummy.xlsx,L52_공급조건·주문가능,2026-10-05T01:15
PH_DUMMY_01,2026-03-05,VC,주 1회(화요일),전주 금요일,300000,N,0,0,,,virtual_dummy.xlsx,L52_공급조건·주문가능,2026-10-05T01:15
PH_DUMMY_01,2026-03-06,VA,"하루 2회(오전·오후), 월~토",11:00 / 16:00,0,Y,24,1,0.042,,virtual_dummy.xlsx,L52_공급조건·주문가능,2026-10-05T01:15
PH_DUMMY_01,2026-03-06,VB,"하루 1회, 월~금",15:00,100000,Y,5,0,0,,virtual_dummy.xlsx,L52_공급조건·주문가능,2026-10-05T01:15
PH_DUMMY_01,2026-03-06,VC,주 1회(화요일),전주 금요일,300000,N,0,0,,,virtual_dummy.xlsx,L52_공급조건·주문가능,2026-10-05T01:15
PH_DUMMY_01,2026-03-07,VA,"하루 2회(오전·오후), 월~토",11:00 / 16:00,0,Y,23,0,0,,virtual_dummy.xlsx,L52_공급조건·주문가능,2026-10-05T01:15
PH_DUMMY_01,2026-03-07,VB,"하루 1회, 월~금",15:00,100000,N,7,0,0,,virtual_dummy.xlsx,L52_공급조건·주문가능,2026-10-05T01:15
PH_DUMMY_01,2026-03-07,VC,주 1회(화요일),전주 금요일,300000,N,0,0,,,virtual_dummy.xlsx,L52_공급조건·주문가능,2026-10-05T01:15
PH_DUMMY_01,2026-03-08,VA,"하루 2회(오전·오후), 월~토",11:00 / 16:00,0,N,0,0,,,virtual_dummy.xlsx,L52_공급조건·주문가능,2026-10-05T01:15
PH_DUMMY_01,2026-03-08,VB,"하루 1회, 월~금",15:00,100000,N,0,0,,,virtual_dummy.xlsx,L52_공급조건·주문가능,2026-10-05T01:15
PH_DUMMY_01,2026-03-08,VC,주 1회(화요일),전주 금요일,300000,N,0,0,,,virtual_dummy.xlsx,L52_공급조건·주문가능,2026-10-05T01:15
PH_DUMMY_01,2026-03-09,VA,"하루 2회(오전·오후), 월~토",11:00 / 16:00,0,Y,47,0,0,,virtual_dummy.xlsx,L52_공급조건·주문가능,2026-10-05T01:15
PH_DUMMY_01,2026-03-09,VB,"하루 1회, 월~금",15:00,100000,Y,17,1,0.059,,virtual_dummy.xlsx,L52_공급조건·주문가능,2026-10-05T01:15
PH_DUMMY_01,2026-03-09,VC,주 1회(화요일),전주 금요일,300000,N,1,0,0,,virtual_dummy.xlsx,L52_공급조건·주문가능,2026-10-05T01:15
PH_DUMMY_01,2026-03-10,VA,"하루 2회(오전·오후), 월~토",11:00 / 16:00,0,Y,26,1,0.038,,virtual_dummy.xlsx,L52_공급조건·주문가능,2026-10-05T01:15
PH_DUMMY_01,2026-03-10,VB,"하루 1회, 월~금",15:00,100000,Y,3,0,0,,virtual_dummy.xlsx,L52_공급조건·주문가능,2026-10-05T01:15
PH_DUMMY_01,2026-03-10,VC,주 1회(화요일),전주 금요일,300000,Y,3,0,0,,virtual_dummy.xlsx,L52_공급조건·주문가능,2026-10-05T01:15
PH_DUMMY_01,2026-03-11,VA,"하루 2회(오전·오후), 월~토",11:00 / 16:00,0,Y,16,0,0,,virtual_dummy.xlsx,L52_공급조건·주문가능,2026-10-05T01:15
PH_DUMMY_01,2026-03-11,VB,"하루 1회, 월~금",15:00,100000,Y,3,0,0,,virtual_dummy.xlsx,L52_공급조건·주문가능,2026-10-05T01:15
PH_DUMMY_01,2026-03-11,VC,주 1회(화요일),전주 금요일,300000,N,0,0,,,virtual_dummy.xlsx,L52_공급조건·주문가능,2026-10-05T01:15
PH_DUMMY_01,2026-03-12,VA,"하루 2회(오전·오후), 월~토",11:00 / 16:00,0,Y,17,0,0,,virtual_dummy.xlsx,L52_공급조건·주문가능,2026-10-05T01:15
PH_DUMMY_01,2026-03-12,VB,"하루 1회, 월~금",15:00,100000,Y,11,1,0.091,,virtual_dummy.xlsx,L52_공급조건·주문가능,2026-10-05T01:15
PH_DUMMY_01,2026-03-12,VC,주 1회(화요일),전주 금요일,300000,N,0,0,,,virtual_dummy.xlsx,L52_공급조건·주문가능,2026-10-05T01:15
PH_DUMMY_01,2026-03-13,VA,"하루 2회(오전·오후), 월~토",11:00 / 16:00,0,Y,28,1,0.036,,virtual_dummy.xlsx,L52_공급조건·주문가능,2026-10-05T01:15
PH_DUMMY_01,2026-03-13,VB,"하루 1회, 월~금",15:00,100000,Y,6,0,0,,virtual_dummy.xlsx,L52_공급조건·주문가능,2026-10-05T01:15
PH_DUMMY_01,2026-03-13,VC,주 1회(화요일),전주 금요일,300000,N,0,0,,,virtual_dummy.xlsx,L52_공급조건·주문가능,2026-10-05T01:15
PH_DUMMY_01,2026-03-14,VA,"하루 2회(오전·오후), 월~토",11:00 / 16:00,0,Y,27,1,0.037,,virtual_dummy.xlsx,L52_공급조건·주문가능,2026-10-05T01:15
PH_DUMMY_01,2026-03-14,VB,"하루 1회, 월~금",15:00,100000,N,5,0,0,,virtual_dummy.xlsx,L52_공급조건·주문가능,2026-10-05T01:15
PH_DUMMY_01,2026-03-14,VC,주 1회(화요일),전주 금요일,300000,N,0,0,,,virtual_dummy.xlsx,L52_공급조건·주문가능,2026-10-05T01:15
PH_DUMMY_01,2026-03-15,VA,"하루 2회(오전·오후), 월~토",11:00 / 16:00,0,N,0,0,,,virtual_dummy.xlsx,L52_공급조건·주문가능,2026-10-05T01:15
PH_DUMMY_01,2026-03-15,VB,"하루 1회, 월~금",15:00,100000,N,0,0,,,virtual_dummy.xlsx,L52_공급조건·주문가능,2026-10-05T01:15
PH_DUMMY_01,2026-03-15,VC,주 1회(화요일),전주 금요일,300000,N,0,0,,,virtual_dummy.xlsx,L52_공급조건·주문가능,2026-10-05T01:15
PH_DUMMY_01,2026-03-16,VA,"하루 2회(오전·오후), 월~토",11:00 / 16:00,0,Y,41,0,0,,virtual_dummy.xlsx,L52_공급조건·주문가능,2026-10-05T01:15
PH_DUMMY_01,2026-03-16,VB,"하루 1회, 월~금",15:00,100000,Y,17,2,0.118,,virtual_dummy.xlsx,L52_공급조건·주문가능,2026-10-05T01:15
PH_DUMMY_01,2026-03-16,VC,주 1회(화요일),전주 금요일,300000,N,1,0,0,,virtual_dummy.xlsx,L52_공급조건·주문가능,2026-10-05T01:15
PH_DUMMY_01,2026-03-17,VA,"하루 2회(오전·오후), 월~토",11:00 / 16:00,0,Y,17,0,0,,virtual_dummy.xlsx,L52_공급조건·주문가능,2026-10-05T01:15
PH_DUMMY_01,2026-03-17,VB,"하루 1회, 월~금",15:00,100000,Y,8,2,0.25,,virtual_dummy.xlsx,L52_공급조건·주문가능,2026-10-05T01:15
PH_DUMMY_01,2026-03-17,VC,주 1회(화요일),전주 금요일,300000,Y,4,0,0,,virtual_dummy.xlsx,L52_공급조건·주문가능,2026-10-05T01:15
PH_DUMMY_01,2026-03-18,VA,"하루 2회(오전·오후), 월~토",11:00 / 16:00,0,Y,27,1,0.037,,virtual_dummy.xlsx,L52_공급조건·주문가능,2026-10-05T01:15
PH_DUMMY_01,2026-03-18,VB,"하루 1회, 월~금",15:00,100000,Y,5,0,0,,virtual_dummy.xlsx,L52_공급조건·주문가능,2026-10-05T01:15
PH_DUMMY_01,2026-03-18,VC,주 1회(화요일),전주 금요일,300000,N,0,0,,,virtual_dummy.xlsx,L52_공급조건·주문가능,2026-10-05T01:15
PH_DUMMY_01,2026-03-19,VA,"하루 2회(오전·오후), 월~토",11:00 / 16:00,0,Y,21,1,0.048,,virtual_dummy.xlsx,L52_공급조건·주문가능,2026-10-05T01:15
PH_DUMMY_01,2026-03-19,VB,"하루 1회, 월~금",15:00,100000,Y,8,0,0,,virtual_dummy.xlsx,L52_공급조건·주문가능,2026-10-05T01:15
PH_DUMMY_01,2026-03-19,VC,주 1회(화요일),전주 금요일,300000,N,0,0,,,virtual_dummy.xlsx,L52_공급조건·주문가능,2026-10-05T01:15
PH_DUMMY_01,2026-03-20,VA,"하루 2회(오전·오후), 월~토",11:00 / 16:00,0,Y,21,1,0.048,,virtual_dummy.xlsx,L52_공급조건·주문가능,2026-10-05T01:15
PH_DUMMY_01,2026-03-20,VB,"하루 1회, 월~금",15:00,100000,Y,6,0,0,,virtual_dummy.xlsx,L52_공급조건·주문가능,2026-10-05T01:15
PH_DUMMY_01,2026-03-20,VC,주 1회(화요일),전주 금요일,300000,N,0,0,,,virtual_dummy.xlsx,L52_공급조건·주문가능,2026-10-05T01:15
PH_DUMMY_01,2026-03-21,VA,"하루 2회(오전·오후), 월~토",11:00 / 16:00,0,Y,17,0,0,,virtual_dummy.xlsx,L52_공급조건·주문가능,2026-10-05T01:15
PH_DUMMY_01,2026-03-21,VB,"하루 1회, 월~금",15:00,100000,N,9,1,0.111,,virtual_dummy.xlsx,L52_공급조건·주문가능,2026-10-05T01:15
PH_DUMMY_01,2026-03-21,VC,주 1회(화요일),전주 금요일,300000,N,0,0,,,virtual_dummy.xlsx,L52_공급조건·주문가능,2026-10-05T01:15
PH_DUMMY_01,2026-03-22,VA,"하루 2회(오전·오후), 월~토",11:00 / 16:00,0,N,0,0,,,virtual_dummy.xlsx,L52_공급조건·주문가능,2026-10-05T01:15
PH_DUMMY_01,2026-03-22,VB,"하루 1회, 월~금",15:00,100000,N,0,0,,,virtual_dummy.xlsx,L52_공급조건·주문가능,2026-10-05T01:15
PH_DUMMY_01,2026-03-22,VC,주 1회(화요일),전주 금요일,300000,N,0,0,,,virtual_dummy.xlsx,L52_공급조건·주문가능,2026-10-05T01:15
PH_DUMMY_01,2026-03-23,VA,"하루 2회(오전·오후), 월~토",11:00 / 16:00,0,Y,54,2,0.037,,virtual_dummy.xlsx,L52_공급조건·주문가능,2026-10-05T01:15
PH_DUMMY_01,2026-03-23,VB,"하루 1회, 월~금",15:00,100000,Y,22,0,0,,virtual_dummy.xlsx,L52_공급조건·주문가능,2026-10-05T01:15
PH_DUMMY_01,2026-03-23,VC,주 1회(화요일),전주 금요일,300000,N,1,0,0,,virtual_dummy.xlsx,L52_공급조건·주문가능,2026-10-05T01:15
PH_DUMMY_01,2026-03-24,VA,"하루 2회(오전·오후), 월~토",11:00 / 16:00,0,Y,23,0,0,,virtual_dummy.xlsx,L52_공급조건·주문가능,2026-10-05T01:15
PH_DUMMY_01,2026-03-24,VB,"하루 1회, 월~금",15:00,100000,Y,7,0,0,,virtual_dummy.xlsx,L52_공급조건·주문가능,2026-10-05T01:15
PH_DUMMY_01,2026-03-24,VC,주 1회(화요일),전주 금요일,300000,Y,5,0,0,,virtual_dummy.xlsx,L52_공급조건·주문가능,2026-10-05T01:15
PH_DUMMY_01,2026-03-25,VA,"하루 2회(오전·오후), 월~토",11:00 / 16:00,0,Y,17,0,0,,virtual_dummy.xlsx,L52_공급조건·주문가능,2026-10-05T01:15
PH_DUMMY_01,2026-03-25,VB,"하루 1회, 월~금",15:00,100000,Y,6,0,0,,virtual_dummy.xlsx,L52_공급조건·주문가능,2026-10-05T01:15
PH_DUMMY_01,2026-03-25,VC,주 1회(화요일),전주 금요일,300000,N,0,0,,,virtual_dummy.xlsx,L52_공급조건·주문가능,2026-10-05T01:15
PH_DUMMY_01,2026-03-26,VA,"하루 2회(오전·오후), 월~토",11:00 / 16:00,0,Y,20,1,0.05,,virtual_dummy.xlsx,L52_공급조건·주문가능,2026-10-05T01:15
PH_DUMMY_01,2026-03-26,VB,"하루 1회, 월~금",15:00,100000,Y,6,0,0,,virtual_dummy.xlsx,L52_공급조건·주문가능,2026-10-05T01:15
PH_DUMMY_01,2026-03-26,VC,주 1회(화요일),전주 금요일,300000,N,0,0,,,virtual_dummy.xlsx,L52_공급조건·주문가능,2026-10-05T01:15
PH_DUMMY_01,2026-03-27,VA,"하루 2회(오전·오후), 월~토",11:00 / 16:00,0,Y,16,1,0.062,,virtual_dummy.xlsx,L52_공급조건·주문가능,2026-10-05T01:15
PH_DUMMY_01,2026-03-27,VB,"하루 1회, 월~금",15:00,100000,Y,5,0,0,,virtual_dummy.xlsx,L52_공급조건·주문가능,2026-10-05T01:15
PH_DUMMY_01,2026-03-27,VC,주 1회(화요일),전주 금요일,300000,N,0,0,,,virtual_dummy.xlsx,L52_공급조건·주문가능,2026-10-05T01:15
PH_DUMMY_01,2026-03-28,VA,"하루 2회(오전·오후), 월~토",11:00 / 16:00,0,Y,27,0,0,,virtual_dummy.xlsx,L52_공급조건·주문가능,2026-10-05T01:15
PH_DUMMY_01,2026-03-28,VB,"하루 1회, 월~금",15:00,100000,N,7,0,0,,virtual_dummy.xlsx,L52_공급조건·주문가능,2026-10-05T01:15
PH_DUMMY_01,2026-03-28,VC,주 1회(화요일),전주 금요일,300000,N,0,0,,,virtual_dummy.xlsx,L52_공급조건·주문가능,2026-10-05T01:15
PH_DUMMY_01,2026-03-29,VA,"하루 2회(오전·오후), 월~토",11:00 / 16:00,0,N,0,0,,,virtual_dummy.xlsx,L52_공급조건·주문가능,2026-10-05T01:15
PH_DUMMY_01,2026-03-29,VB,"하루 1회, 월~금",15:00,100000,N,0,0,,,virtual_dummy.xlsx,L52_공급조건·주문가능,2026-10-05T01:15
PH_DUMMY_01,2026-03-29,VC,주 1회(화요일),전주 금요일,300000,N,0,0,,,virtual_dummy.xlsx,L52_공급조건·주문가능,2026-10-05T01:15
PH_DUMMY_01,2026-03-30,VA,"하루 2회(오전·오후), 월~토",11:00 / 16:00,0,Y,47,0,0,,virtual_dummy.xlsx,L52_공급조건·주문가능,2026-10-05T01:15
PH_DUMMY_01,2026-03-30,VB,"하루 1회, 월~금",15:00,100000,Y,14,1,0.071,,virtual_dummy.xlsx,L52_공급조건·주문가능,2026-10-05T01:15
PH_DUMMY_01,2026-03-30,VC,주 1회(화요일),전주 금요일,300000,N,1,0,0,,virtual_dummy.xlsx,L52_공급조건·주문가능,2026-10-05T01:15
PH_DUMMY_01,2026-03-31,VA,"하루 2회(오전·오후), 월~토",11:00 / 16:00,0,Y,21,0,0,,virtual_dummy.xlsx,L52_공급조건·주문가능,2026-10-05T01:15
PH_DUMMY_01,2026-03-31,VB,"하루 1회, 월~금",15:00,100000,Y,8,1,0.125,,virtual_dummy.xlsx,L52_공급조건·주문가능,2026-10-05T01:15
PH_DUMMY_01,2026-03-31,VC,주 1회(화요일),전주 금요일,300000,Y,5,0,0,,virtual_dummy.xlsx,L52_공급조건·주문가능,2026-10-05T01:15
PH_DUMMY_01,2026-04-01,VA,"하루 2회(오전·오후), 월~토",11:00 / 16:00,0,Y,25,0,0,,virtual_dummy.xlsx,L52_공급조건·주문가능,2026-10-05T01:15
PH_DUMMY_01,2026-04-01,VB,"하루 1회, 월~금",15:00,100000,Y,7,0,0,,virtual_dummy.xlsx,L52_공급조건·주문가능,2026-10-05T01:15
PH_DUMMY_01,2026-04-01,VC,주 1회(화요일),전주 금요일,300000,N,0,0,,,virtual_dummy.xlsx,L52_공급조건·주문가능,2026-10-05T01:15
PH_DUMMY_01,2026-04-02,VA,"하루 2회(오전·오후), 월~토",11:00 / 16:00,0,Y,22,0,0,,virtual_dummy.xlsx,L52_공급조건·주문가능,2026-10-05T01:15
PH_DUMMY_01,2026-04-02,VB,"하루 1회, 월~금",15:00,100000,Y,4,0,0,,virtual_dummy.xlsx,L52_공급조건·주문가능,2026-10-05T01:15
PH_DUMMY_01,2026-04-02,VC,주 1회(화요일),전주 금요일,300000,N,0,0,,,virtual_dummy.xlsx,L52_공급조건·주문가능,2026-10-05T01:15
PH_DUMMY_01,2026-04-03,VA,"하루 2회(오전·오후), 월~토",11:00 / 16:00,0,Y,26,1,0.038,,virtual_dummy.xlsx,L52_공급조건·주문가능,2026-10-05T01:15
PH_DUMMY_01,2026-04-03,VB,"하루 1회, 월~금",15:00,100000,Y,11,1,0.091,,virtual_dummy.xlsx,L52_공급조건·주문가능,2026-10-05T01:15
PH_DUMMY_01,2026-04-03,VC,주 1회(화요일),전주 금요일,300000,N,0,0,,,virtual_dummy.xlsx,L52_공급조건·주문가능,2026-10-05T01:15
PH_DUMMY_01,2026-04-04,VA,"하루 2회(오전·오후), 월~토",11:00 / 16:00,0,Y,22,0,0,,virtual_dummy.xlsx,L52_공급조건·주문가능,2026-10-05T01:15
PH_DUMMY_01,2026-04-04,VB,"하루 1회, 월~금",15:00,100000,N,7,0,0,,virtual_dummy.xlsx,L52_공급조건·주문가능,2026-10-05T01:15
PH_DUMMY_01,2026-04-04,VC,주 1회(화요일),전주 금요일,300000,N,0,0,,,virtual_dummy.xlsx,L52_공급조건·주문가능,2026-10-05T01:15
PH_DUMMY_01,2026-04-05,VA,"하루 2회(오전·오후), 월~토",11:00 / 16:00,0,N,0,0,,,virtual_dummy.xlsx,L52_공급조건·주문가능,2026-10-05T01:15
PH_DUMMY_01,2026-04-05,VB,"하루 1회, 월~금",15:00,100000,N,0,0,,,virtual_dummy.xlsx,L52_공급조건·주문가능,2026-10-05T01:15
PH_DUMMY_01,2026-04-05,VC,주 1회(화요일),전주 금요일,300000,N,0,0,,,virtual_dummy.xlsx,L52_공급조건·주문가능,2026-10-05T01:15
PH_DUMMY_01,2026-04-06,VA,"하루 2회(오전·오후), 월~토",11:00 / 16:00,0,Y,44,0,0,,virtual_dummy.xlsx,L52_공급조건·주문가능,2026-10-05T01:15
PH_DUMMY_01,2026-04-06,VB,"하루 1회, 월~금",15:00,100000,Y,16,1,0.062,,virtual_dummy.xlsx,L52_공급조건·주문가능,2026-10-05T01:15
PH_DUMMY_01,2026-04-06,VC,주 1회(화요일),전주 금요일,300000,N,1,0,0,,virtual_dummy.xlsx,L52_공급조건·주문가능,2026-10-05T01:15
PH_DUMMY_01,2026-04-07,VA,"하루 2회(오전·오후), 월~토",11:00 / 16:00,0,Y,16,2,0.125,,virtual_dummy.xlsx,L52_공급조건·주문가능,2026-10-05T01:15
PH_DUMMY_01,2026-04-07,VB,"하루 1회, 월~금",15:00,100000,Y,7,1,0.143,,virtual_dummy.xlsx,L52_공급조건·주문가능,2026-10-05T01:15
PH_DUMMY_01,2026-04-07,VC,주 1회(화요일),전주 금요일,300000,Y,6,0,0,,virtual_dummy.xlsx,L52_공급조건·주문가능,2026-10-05T01:15
PH_DUMMY_01,2026-04-08,VA,"하루 2회(오전·오후), 월~토",11:00 / 16:00,0,Y,22,0,0,,virtual_dummy.xlsx,L52_공급조건·주문가능,2026-10-05T01:15
PH_DUMMY_01,2026-04-08,VB,"하루 1회, 월~금",15:00,100000,Y,13,0,0,,virtual_dummy.xlsx,L52_공급조건·주문가능,2026-10-05T01:15
PH_DUMMY_01,2026-04-08,VC,주 1회(화요일),전주 금요일,300000,N,0,0,,,virtual_dummy.xlsx,L52_공급조건·주문가능,2026-10-05T01:15
PH_DUMMY_01,2026-04-09,VA,"하루 2회(오전·오후), 월~토",11:00 / 16:00,0,Y,27,0,0,,virtual_dummy.xlsx,L52_공급조건·주문가능,2026-10-05T01:15
PH_DUMMY_01,2026-04-09,VB,"하루 1회, 월~금",15:00,100000,Y,8,0,0,,virtual_dummy.xlsx,L52_공급조건·주문가능,2026-10-05T01:15
PH_DUMMY_01,2026-04-09,VC,주 1회(화요일),전주 금요일,300000,N,0,0,,,virtual_dummy.xlsx,L52_공급조건·주문가능,2026-10-05T01:15
PH_DUMMY_01,2026-04-10,VA,"하루 2회(오전·오후), 월~토",11:00 / 16:00,0,Y,24,0,0,,virtual_dummy.xlsx,L52_공급조건·주문가능,2026-10-05T01:15
PH_DUMMY_01,2026-04-10,VB,"하루 1회, 월~금",15:00,100000,Y,4,0,0,,virtual_dummy.xlsx,L52_공급조건·주문가능,2026-10-05T01:15
PH_DUMMY_01,2026-04-10,VC,주 1회(화요일),전주 금요일,300000,N,1,0,0,,virtual_dummy.xlsx,L52_공급조건·주문가능,2026-10-05T01:15
PH_DUMMY_01,2026-04-11,VA,"하루 2회(오전·오후), 월~토",11:00 / 16:00,0,Y,22,0,0,,virtual_dummy.xlsx,L52_공급조건·주문가능,2026-10-05T01:15
PH_DUMMY_01,2026-04-11,VB,"하루 1회, 월~금",15:00,100000,N,6,0,0,,virtual_dummy.xlsx,L52_공급조건·주문가능,2026-10-05T01:15
PH_DUMMY_01,2026-04-11,VC,주 1회(화요일),전주 금요일,300000,N,0,0,,,virtual_dummy.xlsx,L52_공급조건·주문가능,2026-10-05T01:15
PH_DUMMY_01,2026-04-12,VA,"하루 2회(오전·오후), 월~토",11:00 / 16:00,0,N,0,0,,,virtual_dummy.xlsx,L52_공급조건·주문가능,2026-10-05T01:15
PH_DUMMY_01,2026-04-12,VB,"하루 1회, 월~금",15:00,100000,N,0,0,,,virtual_dummy.xlsx,L52_공급조건·주문가능,2026-10-05T01:15
PH_DUMMY_01,2026-04-12,VC,주 1회(화요일),전주 금요일,300000,N,0,0,,,virtual_dummy.xlsx,L52_공급조건·주문가능,2026-10-05T01:15
PH_DUMMY_01,2026-04-13,VA,"하루 2회(오전·오후), 월~토",11:00 / 16:00,0,Y,35,1,0.029,,virtual_dummy.xlsx,L52_공급조건·주문가능,2026-10-05T01:15
PH_DUMMY_01,2026-04-13,VB,"하루 1회, 월~금",15:00,100000,Y,15,0,0,,virtual_dummy.xlsx,L52_공급조건·주문가능,2026-10-05T01:15
PH_DUMMY_01,2026-04-13,VC,주 1회(화요일),전주 금요일,300000,N,2,0,0,,virtual_dummy.xlsx,L52_공급조건·주문가능,2026-10-05T01:15
PH_DUMMY_01,2026-04-14,VA,"하루 2회(오전·오후), 월~토",11:00 / 16:00,0,Y,21,0,0,,virtual_dummy.xlsx,L52_공급조건·주문가능,2026-10-05T01:15
PH_DUMMY_01,2026-04-14,VB,"하루 1회, 월~금",15:00,100000,Y,8,1,0.125,,virtual_dummy.xlsx,L52_공급조건·주문가능,2026-10-05T01:15
PH_DUMMY_01,2026-04-14,VC,주 1회(화요일),전주 금요일,300000,Y,7,0,0,,virtual_dummy.xlsx,L52_공급조건·주문가능,2026-10-05T01:15
PH_DUMMY_01,2026-04-15,VA,"하루 2회(오전·오후), 월~토",11:00 / 16:00,0,Y,17,0,0,,virtual_dummy.xlsx,L52_공급조건·주문가능,2026-10-05T01:15
PH_DUMMY_01,2026-04-15,VB,"하루 1회, 월~금",15:00,100000,Y,6,1,0.167,,virtual_dummy.xlsx,L52_공급조건·주문가능,2026-10-05T01:15
PH_DUMMY_01,2026-04-15,VC,주 1회(화요일),전주 금요일,300000,N,0,0,,,virtual_dummy.xlsx,L52_공급조건·주문가능,2026-10-05T01:15
PH_DUMMY_01,2026-04-16,VA,"하루 2회(오전·오후), 월~토",11:00 / 16:00,0,Y,19,1,0.053,,virtual_dummy.xlsx,L52_공급조건·주문가능,2026-10-05T01:15
PH_DUMMY_01,2026-04-16,VB,"하루 1회, 월~금",15:00,100000,Y,5,0,0,,virtual_dummy.xlsx,L52_공급조건·주문가능,2026-10-05T01:15
PH_DUMMY_01,2026-04-16,VC,주 1회(화요일),전주 금요일,300000,N,0,0,,,virtual_dummy.xlsx,L52_공급조건·주문가능,2026-10-05T01:15
PH_DUMMY_01,2026-04-17,VA,"하루 2회(오전·오후), 월~토",11:00 / 16:00,0,Y,15,1,0.067,,virtual_dummy.xlsx,L52_공급조건·주문가능,2026-10-05T01:15
PH_DUMMY_01,2026-04-17,VB,"하루 1회, 월~금",15:00,100000,Y,7,1,0.143,,virtual_dummy.xlsx,L52_공급조건·주문가능,2026-10-05T01:15
PH_DUMMY_01,2026-04-17,VC,주 1회(화요일),전주 금요일,300000,N,0,0,,,virtual_dummy.xlsx,L52_공급조건·주문가능,2026-10-05T01:15
PH_DUMMY_01,2026-04-18,VA,"하루 2회(오전·오후), 월~토",11:00 / 16:00,0,Y,20,0,0,,virtual_dummy.xlsx,L52_공급조건·주문가능,2026-10-05T01:15
PH_DUMMY_01,2026-04-18,VB,"하루 1회, 월~금",15:00,100000,N,4,0,0,,virtual_dummy.xlsx,L52_공급조건·주문가능,2026-10-05T01:15
PH_DUMMY_01,2026-04-18,VC,주 1회(화요일),전주 금요일,300000,N,0,0,,,virtual_dummy.xlsx,L52_공급조건·주문가능,2026-10-05T01:15
PH_DUMMY_01,2026-04-19,VA,"하루 2회(오전·오후), 월~토",11:00 / 16:00,0,N,0,0,,,virtual_dummy.xlsx,L52_공급조건·주문가능,2026-10-05T01:15
PH_DUMMY_01,2026-04-19,VB,"하루 1회, 월~금",15:00,100000,N,0,0,,,virtual_dummy.xlsx,L52_공급조건·주문가능,2026-10-05T01:15
PH_DUMMY_01,2026-04-19,VC,주 1회(화요일),전주 금요일,300000,N,0,0,,,virtual_dummy.xlsx,L52_공급조건·주문가능,2026-10-05T01:15
PH_DUMMY_01,2026-04-20,VA,"하루 2회(오전·오후), 월~토",11:00 / 16:00,0,Y,42,1,0.024,,virtual_dummy.xlsx,L52_공급조건·주문가능,2026-10-05T01:15
PH_DUMMY_01,2026-04-20,VB,"하루 1회, 월~금",15:00,100000,Y,14,1,0.071,,virtual_dummy.xlsx,L52_공급조건·주문가능,2026-10-05T01:15
PH_DUMMY_01,2026-04-20,VC,주 1회(화요일),전주 금요일,300000,N,2,0,0,,virtual_dummy.xlsx,L52_공급조건·주문가능,2026-10-05T01:15
PH_DUMMY_01,2026-04-21,VA,"하루 2회(오전·오후), 월~토",11:00 / 16:00,0,Y,18,0,0,,virtual_dummy.xlsx,L52_공급조건·주문가능,2026-10-05T01:15
PH_DUMMY_01,2026-04-21,VB,"하루 1회, 월~금",15:00,100000,Y,6,0,0,,virtual_dummy.xlsx,L52_공급조건·주문가능,2026-10-05T01:15
PH_DUMMY_01,2026-04-21,VC,주 1회(화요일),전주 금요일,300000,Y,9,0,0,,virtual_dummy.xlsx,L52_공급조건·주문가능,2026-10-05T01:15
PH_DUMMY_01,2026-04-22,VA,"하루 2회(오전·오후), 월~토",11:00 / 16:00,0,Y,18,0,0,,virtual_dummy.xlsx,L52_공급조건·주문가능,2026-10-05T01:15
PH_DUMMY_01,2026-04-22,VB,"하루 1회, 월~금",15:00,100000,Y,5,0,0,,virtual_dummy.xlsx,L52_공급조건·주문가능,2026-10-05T01:15
PH_DUMMY_01,2026-04-22,VC,주 1회(화요일),전주 금요일,300000,N,0,0,,,virtual_dummy.xlsx,L52_공급조건·주문가능,2026-10-05T01:15
PH_DUMMY_01,2026-04-23,VA,"하루 2회(오전·오후), 월~토",11:00 / 16:00,0,Y,18,0,0,,virtual_dummy.xlsx,L52_공급조건·주문가능,2026-10-05T01:15
PH_DUMMY_01,2026-04-23,VB,"하루 1회, 월~금",15:00,100000,Y,8,1,0.125,,virtual_dummy.xlsx,L52_공급조건·주문가능,2026-10-05T01:15
PH_DUMMY_01,2026-04-23,VC,주 1회(화요일),전주 금요일,300000,N,0,0,,,virtual_dummy.xlsx,L52_공급조건·주문가능,2026-10-05T01:15
PH_DUMMY_01,2026-04-24,VA,"하루 2회(오전·오후), 월~토",11:00 / 16:00,0,Y,24,1,0.042,,virtual_dummy.xlsx,L52_공급조건·주문가능,2026-10-05T01:15
PH_DUMMY_01,2026-04-24,VB,"하루 1회, 월~금",15:00,100000,Y,9,0,0,,virtual_dummy.xlsx,L52_공급조건·주문가능,2026-10-05T01:15
PH_DUMMY_01,2026-04-24,VC,주 1회(화요일),전주 금요일,300000,N,0,0,,,virtual_dummy.xlsx,L52_공급조건·주문가능,2026-10-05T01:15
PH_DUMMY_01,2026-04-25,VA,"하루 2회(오전·오후), 월~토",11:00 / 16:00,0,Y,19,0,0,,virtual_dummy.xlsx,L52_공급조건·주문가능,2026-10-05T01:15
PH_DUMMY_01,2026-04-25,VB,"하루 1회, 월~금",15:00,100000,N,3,1,0.333,,virtual_dummy.xlsx,L52_공급조건·주문가능,2026-10-05T01:15
PH_DUMMY_01,2026-04-25,VC,주 1회(화요일),전주 금요일,300000,N,0,0,,,virtual_dummy.xlsx,L52_공급조건·주문가능,2026-10-05T01:15
PH_DUMMY_01,2026-04-26,VA,"하루 2회(오전·오후), 월~토",11:00 / 16:00,0,N,0,0,,,virtual_dummy.xlsx,L52_공급조건·주문가능,2026-10-05T01:15
PH_DUMMY_01,2026-04-26,VB,"하루 1회, 월~금",15:00,100000,N,0,0,,,virtual_dummy.xlsx,L52_공급조건·주문가능,2026-10-05T01:15
PH_DUMMY_01,2026-04-26,VC,주 1회(화요일),전주 금요일,300000,N,0,0,,,virtual_dummy.xlsx,L52_공급조건·주문가능,2026-10-05T01:15
PH_DUMMY_01,2026-04-27,VA,"하루 2회(오전·오후), 월~토",11:00 / 16:00,0,Y,45,0,0,,virtual_dummy.xlsx,L52_공급조건·주문가능,2026-10-05T01:15
PH_DUMMY_01,2026-04-27,VB,"하루 1회, 월~금",15:00,100000,Y,12,0,0,,virtual_dummy.xlsx,L52_공급조건·주문가능,2026-10-05T01:15
PH_DUMMY_01,2026-04-27,VC,주 1회(화요일),전주 금요일,300000,N,2,0,0,,virtual_dummy.xlsx,L52_공급조건·주문가능,2026-10-05T01:15
PH_DUMMY_01,2026-04-28,VA,"하루 2회(오전·오후), 월~토",11:00 / 16:00,0,Y,19,0,0,,virtual_dummy.xlsx,L52_공급조건·주문가능,2026-10-05T01:15
PH_DUMMY_01,2026-04-28,VB,"하루 1회, 월~금",15:00,100000,Y,8,0,0,,virtual_dummy.xlsx,L52_공급조건·주문가능,2026-10-05T01:15
PH_DUMMY_01,2026-04-28,VC,주 1회(화요일),전주 금요일,300000,Y,7,0,0,,virtual_dummy.xlsx,L52_공급조건·주문가능,2026-10-05T01:15
PH_DUMMY_01,2026-04-29,VA,"하루 2회(오전·오후), 월~토",11:00 / 16:00,0,Y,14,0,0,,virtual_dummy.xlsx,L52_공급조건·주문가능,2026-10-05T01:15
PH_DUMMY_01,2026-04-29,VB,"하루 1회, 월~금",15:00,100000,Y,5,0,0,,virtual_dummy.xlsx,L52_공급조건·주문가능,2026-10-05T01:15
PH_DUMMY_01,2026-04-29,VC,주 1회(화요일),전주 금요일,300000,N,0,0,,,virtual_dummy.xlsx,L52_공급조건·주문가능,2026-10-05T01:15
PH_DUMMY_01,2026-04-30,VA,"하루 2회(오전·오후), 월~토",11:00 / 16:00,0,Y,18,0,0,,virtual_dummy.xlsx,L52_공급조건·주문가능,2026-10-05T01:15
PH_DUMMY_01,2026-04-30,VB,"하루 1회, 월~금",15:00,100000,Y,7,1,0.143,,virtual_dummy.xlsx,L52_공급조건·주문가능,2026-10-05T01:15
PH_DUMMY_01,2026-04-30,VC,주 1회(화요일),전주 금요일,300000,N,0,0,,,virtual_dummy.xlsx,L52_공급조건·주문가능,2026-10-05T01:15
PH_DUMMY_01,2026-05-01,VA,"하루 2회(오전·오후), 월~토",11:00 / 16:00,0,N,0,0,,,virtual_dummy.xlsx,L52_공급조건·주문가능,2026-10-05T01:15
PH_DUMMY_01,2026-05-01,VB,"하루 1회, 월~금",15:00,100000,N,0,0,,,virtual_dummy.xlsx,L52_공급조건·주문가능,2026-10-05T01:15
PH_DUMMY_01,2026-05-01,VC,주 1회(화요일),전주 금요일,300000,N,0,0,,,virtual_dummy.xlsx,L52_공급조건·주문가능,2026-10-05T01:15
PH_DUMMY_01,2026-05-02,VA,"하루 2회(오전·오후), 월~토",11:00 / 16:00,0,Y,22,0,0,,virtual_dummy.xlsx,L52_공급조건·주문가능,2026-10-05T01:15
PH_DUMMY_01,2026-05-02,VB,"하루 1회, 월~금",15:00,100000,N,13,0,0,,virtual_dummy.xlsx,L52_공급조건·주문가능,2026-10-05T01:15
PH_DUMMY_01,2026-05-02,VC,주 1회(화요일),전주 금요일,300000,N,0,0,,,virtual_dummy.xlsx,L52_공급조건·주문가능,2026-10-05T01:15
PH_DUMMY_01,2026-05-03,VA,"하루 2회(오전·오후), 월~토",11:00 / 16:00,0,N,0,0,,,virtual_dummy.xlsx,L52_공급조건·주문가능,2026-10-05T01:15
PH_DUMMY_01,2026-05-03,VB,"하루 1회, 월~금",15:00,100000,N,0,0,,,virtual_dummy.xlsx,L52_공급조건·주문가능,2026-10-05T01:15
PH_DUMMY_01,2026-05-03,VC,주 1회(화요일),전주 금요일,300000,N,0,0,,,virtual_dummy.xlsx,L52_공급조건·주문가능,2026-10-05T01:15
PH_DUMMY_01,2026-05-04,VA,"하루 2회(오전·오후), 월~토",11:00 / 16:00,0,Y,37,0,0,,virtual_dummy.xlsx,L52_공급조건·주문가능,2026-10-05T01:15
PH_DUMMY_01,2026-05-04,VB,"하루 1회, 월~금",15:00,100000,Y,13,0,0,,virtual_dummy.xlsx,L52_공급조건·주문가능,2026-10-05T01:15
PH_DUMMY_01,2026-05-04,VC,주 1회(화요일),전주 금요일,300000,N,0,0,,,virtual_dummy.xlsx,L52_공급조건·주문가능,2026-10-05T01:15
PH_DUMMY_01,2026-05-05,VA,"하루 2회(오전·오후), 월~토",11:00 / 16:00,0,N,0,0,,,virtual_dummy.xlsx,L52_공급조건·주문가능,2026-10-05T01:15
PH_DUMMY_01,2026-05-05,VB,"하루 1회, 월~금",15:00,100000,N,0,0,,,virtual_dummy.xlsx,L52_공급조건·주문가능,2026-10-05T01:15
PH_DUMMY_01,2026-05-05,VC,주 1회(화요일),전주 금요일,300000,N,0,0,,,virtual_dummy.xlsx,L52_공급조건·주문가능,2026-10-05T01:15
PH_DUMMY_01,2026-05-06,VA,"하루 2회(오전·오후), 월~토",11:00 / 16:00,0,Y,16,1,0.062,,virtual_dummy.xlsx,L52_공급조건·주문가능,2026-10-05T01:15
PH_DUMMY_01,2026-05-06,VB,"하루 1회, 월~금",15:00,100000,Y,4,1,0.25,,virtual_dummy.xlsx,L52_공급조건·주문가능,2026-10-05T01:15
PH_DUMMY_01,2026-05-06,VC,주 1회(화요일),전주 금요일,300000,N,0,0,,,virtual_dummy.xlsx,L52_공급조건·주문가능,2026-10-05T01:15
PH_DUMMY_01,2026-05-07,VA,"하루 2회(오전·오후), 월~토",11:00 / 16:00,0,Y,16,1,0.062,,virtual_dummy.xlsx,L52_공급조건·주문가능,2026-10-05T01:15
PH_DUMMY_01,2026-05-07,VB,"하루 1회, 월~금",15:00,100000,Y,3,0,0,,virtual_dummy.xlsx,L52_공급조건·주문가능,2026-10-05T01:15
PH_DUMMY_01,2026-05-07,VC,주 1회(화요일),전주 금요일,300000,N,0,0,,,virtual_dummy.xlsx,L52_공급조건·주문가능,2026-10-05T01:15
PH_DUMMY_01,2026-05-08,VA,"하루 2회(오전·오후), 월~토",11:00 / 16:00,0,Y,19,0,0,,virtual_dummy.xlsx,L52_공급조건·주문가능,2026-10-05T01:15
PH_DUMMY_01,2026-05-08,VB,"하루 1회, 월~금",15:00,100000,Y,7,0,0,,virtual_dummy.xlsx,L52_공급조건·주문가능,2026-10-05T01:15
PH_DUMMY_01,2026-05-08,VC,주 1회(화요일),전주 금요일,300000,N,0,0,,,virtual_dummy.xlsx,L52_공급조건·주문가능,2026-10-05T01:15
PH_DUMMY_01,2026-05-09,VA,"하루 2회(오전·오후), 월~토",11:00 / 16:00,0,Y,28,0,0,,virtual_dummy.xlsx,L52_공급조건·주문가능,2026-10-05T01:15
PH_DUMMY_01,2026-05-09,VB,"하루 1회, 월~금",15:00,100000,N,5,0,0,,virtual_dummy.xlsx,L52_공급조건·주문가능,2026-10-05T01:15
PH_DUMMY_01,2026-05-09,VC,주 1회(화요일),전주 금요일,300000,N,0,0,,,virtual_dummy.xlsx,L52_공급조건·주문가능,2026-10-05T01:15
PH_DUMMY_01,2026-05-10,VA,"하루 2회(오전·오후), 월~토",11:00 / 16:00,0,N,0,0,,,virtual_dummy.xlsx,L52_공급조건·주문가능,2026-10-05T01:15
PH_DUMMY_01,2026-05-10,VB,"하루 1회, 월~금",15:00,100000,N,0,0,,,virtual_dummy.xlsx,L52_공급조건·주문가능,2026-10-05T01:15
PH_DUMMY_01,2026-05-10,VC,주 1회(화요일),전주 금요일,300000,N,0,0,,,virtual_dummy.xlsx,L52_공급조건·주문가능,2026-10-05T01:15
PH_DUMMY_01,2026-05-11,VA,"하루 2회(오전·오후), 월~토",11:00 / 16:00,0,Y,47,2,0.043,,virtual_dummy.xlsx,L52_공급조건·주문가능,2026-10-05T01:15
PH_DUMMY_01,2026-05-11,VB,"하루 1회, 월~금",15:00,100000,Y,10,0,0,,virtual_dummy.xlsx,L52_공급조건·주문가능,2026-10-05T01:15
PH_DUMMY_01,2026-05-11,VC,주 1회(화요일),전주 금요일,300000,N,1,0,0,,virtual_dummy.xlsx,L52_공급조건·주문가능,2026-10-05T01:15
PH_DUMMY_01,2026-05-12,VA,"하루 2회(오전·오후), 월~토",11:00 / 16:00,0,Y,22,0,0,,virtual_dummy.xlsx,L52_공급조건·주문가능,2026-10-05T01:15
PH_DUMMY_01,2026-05-12,VB,"하루 1회, 월~금",15:00,100000,Y,10,1,0.1,,virtual_dummy.xlsx,L52_공급조건·주문가능,2026-10-05T01:15
PH_DUMMY_01,2026-05-12,VC,주 1회(화요일),전주 금요일,300000,Y,7,0,0,,virtual_dummy.xlsx,L52_공급조건·주문가능,2026-10-05T01:15
PH_DUMMY_01,2026-05-13,VA,"하루 2회(오전·오후), 월~토",11:00 / 16:00,0,Y,13,0,0,,virtual_dummy.xlsx,L52_공급조건·주문가능,2026-10-05T01:15
PH_DUMMY_01,2026-05-13,VB,"하루 1회, 월~금",15:00,100000,Y,6,0,0,,virtual_dummy.xlsx,L52_공급조건·주문가능,2026-10-05T01:15
PH_DUMMY_01,2026-05-13,VC,주 1회(화요일),전주 금요일,300000,N,0,0,,,virtual_dummy.xlsx,L52_공급조건·주문가능,2026-10-05T01:15
PH_DUMMY_01,2026-05-14,VA,"하루 2회(오전·오후), 월~토",11:00 / 16:00,0,Y,24,1,0.042,,virtual_dummy.xlsx,L52_공급조건·주문가능,2026-10-05T01:15
PH_DUMMY_01,2026-05-14,VB,"하루 1회, 월~금",15:00,100000,Y,8,0,0,,virtual_dummy.xlsx,L52_공급조건·주문가능,2026-10-05T01:15
PH_DUMMY_01,2026-05-14,VC,주 1회(화요일),전주 금요일,300000,N,0,0,,,virtual_dummy.xlsx,L52_공급조건·주문가능,2026-10-05T01:15
PH_DUMMY_01,2026-05-15,VA,"하루 2회(오전·오후), 월~토",11:00 / 16:00,0,Y,23,1,0.043,,virtual_dummy.xlsx,L52_공급조건·주문가능,2026-10-05T01:15
PH_DUMMY_01,2026-05-15,VB,"하루 1회, 월~금",15:00,100000,Y,9,0,0,,virtual_dummy.xlsx,L52_공급조건·주문가능,2026-10-05T01:15
PH_DUMMY_01,2026-05-15,VC,주 1회(화요일),전주 금요일,300000,N,0,0,,,virtual_dummy.xlsx,L52_공급조건·주문가능,2026-10-05T01:15
PH_DUMMY_01,2026-05-16,VA,"하루 2회(오전·오후), 월~토",11:00 / 16:00,0,Y,23,1,0.043,,virtual_dummy.xlsx,L52_공급조건·주문가능,2026-10-05T01:15
PH_DUMMY_01,2026-05-16,VB,"하루 1회, 월~금",15:00,100000,N,11,0,0,,virtual_dummy.xlsx,L52_공급조건·주문가능,2026-10-05T01:15
PH_DUMMY_01,2026-05-16,VC,주 1회(화요일),전주 금요일,300000,N,0,0,,,virtual_dummy.xlsx,L52_공급조건·주문가능,2026-10-05T01:15
PH_DUMMY_01,2026-05-17,VA,"하루 2회(오전·오후), 월~토",11:00 / 16:00,0,N,0,0,,,virtual_dummy.xlsx,L52_공급조건·주문가능,2026-10-05T01:15
PH_DUMMY_01,2026-05-17,VB,"하루 1회, 월~금",15:00,100000,N,0,0,,,virtual_dummy.xlsx,L52_공급조건·주문가능,2026-10-05T01:15
PH_DUMMY_01,2026-05-17,VC,주 1회(화요일),전주 금요일,300000,N,0,0,,,virtual_dummy.xlsx,L52_공급조건·주문가능,2026-10-05T01:15
PH_DUMMY_01,2026-05-18,VA,"하루 2회(오전·오후), 월~토",11:00 / 16:00,0,Y,47,4,0.085,,virtual_dummy.xlsx,L52_공급조건·주문가능,2026-10-05T01:15
PH_DUMMY_01,2026-05-18,VB,"하루 1회, 월~금",15:00,100000,Y,14,0,0,,virtual_dummy.xlsx,L52_공급조건·주문가능,2026-10-05T01:15
PH_DUMMY_01,2026-05-18,VC,주 1회(화요일),전주 금요일,300000,N,2,0,0,,virtual_dummy.xlsx,L52_공급조건·주문가능,2026-10-05T01:15
PH_DUMMY_01,2026-05-19,VA,"하루 2회(오전·오후), 월~토",11:00 / 16:00,0,Y,28,1,0.036,,virtual_dummy.xlsx,L52_공급조건·주문가능,2026-10-05T01:15
PH_DUMMY_01,2026-05-19,VB,"하루 1회, 월~금",15:00,100000,Y,11,2,0.182,,virtual_dummy.xlsx,L52_공급조건·주문가능,2026-10-05T01:15
PH_DUMMY_01,2026-05-19,VC,주 1회(화요일),전주 금요일,300000,Y,6,0,0,,virtual_dummy.xlsx,L52_공급조건·주문가능,2026-10-05T01:15
PH_DUMMY_01,2026-05-20,VA,"하루 2회(오전·오후), 월~토",11:00 / 16:00,0,Y,25,1,0.04,,virtual_dummy.xlsx,L52_공급조건·주문가능,2026-10-05T01:15
PH_DUMMY_01,2026-05-20,VB,"하루 1회, 월~금",15:00,100000,Y,4,0,0,,virtual_dummy.xlsx,L52_공급조건·주문가능,2026-10-05T01:15
PH_DUMMY_01,2026-05-20,VC,주 1회(화요일),전주 금요일,300000,N,0,0,,,virtual_dummy.xlsx,L52_공급조건·주문가능,2026-10-05T01:15
PH_DUMMY_01,2026-05-21,VA,"하루 2회(오전·오후), 월~토",11:00 / 16:00,0,Y,23,1,0.043,,virtual_dummy.xlsx,L52_공급조건·주문가능,2026-10-05T01:15
PH_DUMMY_01,2026-05-21,VB,"하루 1회, 월~금",15:00,100000,Y,9,0,0,,virtual_dummy.xlsx,L52_공급조건·주문가능,2026-10-05T01:15
PH_DUMMY_01,2026-05-21,VC,주 1회(화요일),전주 금요일,300000,N,0,0,,,virtual_dummy.xlsx,L52_공급조건·주문가능,2026-10-05T01:15
PH_DUMMY_01,2026-05-22,VA,"하루 2회(오전·오후), 월~토",11:00 / 16:00,0,Y,22,0,0,,virtual_dummy.xlsx,L52_공급조건·주문가능,2026-10-05T01:15
PH_DUMMY_01,2026-05-22,VB,"하루 1회, 월~금",15:00,100000,Y,4,0,0,,virtual_dummy.xlsx,L52_공급조건·주문가능,2026-10-05T01:15
PH_DUMMY_01,2026-05-22,VC,주 1회(화요일),전주 금요일,300000,N,0,0,,,virtual_dummy.xlsx,L52_공급조건·주문가능,2026-10-05T01:15
PH_DUMMY_01,2026-05-23,VA,"하루 2회(오전·오후), 월~토",11:00 / 16:00,0,Y,23,0,0,,virtual_dummy.xlsx,L52_공급조건·주문가능,2026-10-05T01:15
PH_DUMMY_01,2026-05-23,VB,"하루 1회, 월~금",15:00,100000,N,9,0,0,,virtual_dummy.xlsx,L52_공급조건·주문가능,2026-10-05T01:15
PH_DUMMY_01,2026-05-23,VC,주 1회(화요일),전주 금요일,300000,N,0,0,,,virtual_dummy.xlsx,L52_공급조건·주문가능,2026-10-05T01:15
PH_DUMMY_01,2026-05-24,VA,"하루 2회(오전·오후), 월~토",11:00 / 16:00,0,N,0,0,,,virtual_dummy.xlsx,L52_공급조건·주문가능,2026-10-05T01:15
PH_DUMMY_01,2026-05-24,VB,"하루 1회, 월~금",15:00,100000,N,0,0,,,virtual_dummy.xlsx,L52_공급조건·주문가능,2026-10-05T01:15
PH_DUMMY_01,2026-05-24,VC,주 1회(화요일),전주 금요일,300000,N,0,0,,,virtual_dummy.xlsx,L52_공급조건·주문가능,2026-10-05T01:15
PH_DUMMY_01,2026-05-25,VA,"하루 2회(오전·오후), 월~토",11:00 / 16:00,0,N,0,0,,,virtual_dummy.xlsx,L52_공급조건·주문가능,2026-10-05T01:15
PH_DUMMY_01,2026-05-25,VB,"하루 1회, 월~금",15:00,100000,N,0,0,,,virtual_dummy.xlsx,L52_공급조건·주문가능,2026-10-05T01:15
PH_DUMMY_01,2026-05-25,VC,주 1회(화요일),전주 금요일,300000,N,0,0,,,virtual_dummy.xlsx,L52_공급조건·주문가능,2026-10-05T01:15
PH_DUMMY_01,2026-05-26,VA,"하루 2회(오전·오후), 월~토",11:00 / 16:00,0,Y,47,1,0.021,,virtual_dummy.xlsx,L52_공급조건·주문가능,2026-10-05T01:15
PH_DUMMY_01,2026-05-26,VB,"하루 1회, 월~금",15:00,100000,Y,13,0,0,,virtual_dummy.xlsx,L52_공급조건·주문가능,2026-10-05T01:15
PH_DUMMY_01,2026-05-26,VC,주 1회(화요일),전주 금요일,300000,Y,13,0,0,,virtual_dummy.xlsx,L52_공급조건·주문가능,2026-10-05T01:15
PH_DUMMY_01,2026-05-27,VA,"하루 2회(오전·오후), 월~토",11:00 / 16:00,0,Y,23,0,0,,virtual_dummy.xlsx,L52_공급조건·주문가능,2026-10-05T01:15
PH_DUMMY_01,2026-05-27,VB,"하루 1회, 월~금",15:00,100000,Y,3,0,0,,virtual_dummy.xlsx,L52_공급조건·주문가능,2026-10-05T01:15
PH_DUMMY_01,2026-05-27,VC,주 1회(화요일),전주 금요일,300000,N,0,0,,,virtual_dummy.xlsx,L52_공급조건·주문가능,2026-10-05T01:15
PH_DUMMY_01,2026-05-28,VA,"하루 2회(오전·오후), 월~토",11:00 / 16:00,0,Y,14,0,0,,virtual_dummy.xlsx,L52_공급조건·주문가능,2026-10-05T01:15
PH_DUMMY_01,2026-05-28,VB,"하루 1회, 월~금",15:00,100000,Y,8,0,0,,virtual_dummy.xlsx,L52_공급조건·주문가능,2026-10-05T01:15
PH_DUMMY_01,2026-05-28,VC,주 1회(화요일),전주 금요일,300000,N,0,0,,,virtual_dummy.xlsx,L52_공급조건·주문가능,2026-10-05T01:15
PH_DUMMY_01,2026-05-29,VA,"하루 2회(오전·오후), 월~토",11:00 / 16:00,0,Y,18,1,0.056,,virtual_dummy.xlsx,L52_공급조건·주문가능,2026-10-05T01:15
PH_DUMMY_01,2026-05-29,VB,"하루 1회, 월~금",15:00,100000,Y,5,0,0,,virtual_dummy.xlsx,L52_공급조건·주문가능,2026-10-05T01:15
PH_DUMMY_01,2026-05-29,VC,주 1회(화요일),전주 금요일,300000,N,0,0,,,virtual_dummy.xlsx,L52_공급조건·주문가능,2026-10-05T01:15
PH_DUMMY_01,2026-05-30,VA,"하루 2회(오전·오후), 월~토",11:00 / 16:00,0,Y,25,2,0.08,,virtual_dummy.xlsx,L52_공급조건·주문가능,2026-10-05T01:15
PH_DUMMY_01,2026-05-30,VB,"하루 1회, 월~금",15:00,100000,N,5,0,0,,virtual_dummy.xlsx,L52_공급조건·주문가능,2026-10-05T01:15
PH_DUMMY_01,2026-05-30,VC,주 1회(화요일),전주 금요일,300000,N,0,0,,,virtual_dummy.xlsx,L52_공급조건·주문가능,2026-10-05T01:15
PH_DUMMY_01,2026-05-31,VA,"하루 2회(오전·오후), 월~토",11:00 / 16:00,0,N,0,0,,,virtual_dummy.xlsx,L52_공급조건·주문가능,2026-10-05T01:15
PH_DUMMY_01,2026-05-31,VB,"하루 1회, 월~금",15:00,100000,N,0,0,,,virtual_dummy.xlsx,L52_공급조건·주문가능,2026-10-05T01:15
PH_DUMMY_01,2026-05-31,VC,주 1회(화요일),전주 금요일,300000,N,0,0,,,virtual_dummy.xlsx,L52_공급조건·주문가능,2026-10-05T01:15
PH_DUMMY_01,2026-06-01,VA,"하루 2회(오전·오후), 월~토",11:00 / 16:00,0,Y,43,1,0.023,,virtual_dummy.xlsx,L52_공급조건·주문가능,2026-10-05T01:15
PH_DUMMY_01,2026-06-01,VB,"하루 1회, 월~금",15:00,100000,Y,9,1,0.111,,virtual_dummy.xlsx,L52_공급조건·주문가능,2026-10-05T01:15
PH_DUMMY_01,2026-06-01,VC,주 1회(화요일),전주 금요일,300000,N,1,0,0,,virtual_dummy.xlsx,L52_공급조건·주문가능,2026-10-05T01:15
PH_DUMMY_01,2026-06-02,VA,"하루 2회(오전·오후), 월~토",11:00 / 16:00,0,Y,27,1,0.037,,virtual_dummy.xlsx,L52_공급조건·주문가능,2026-10-05T01:15
PH_DUMMY_01,2026-06-02,VB,"하루 1회, 월~금",15:00,100000,Y,9,0,0,,virtual_dummy.xlsx,L52_공급조건·주문가능,2026-10-05T01:15
PH_DUMMY_01,2026-06-02,VC,주 1회(화요일),전주 금요일,300000,Y,8,0,0,,virtual_dummy.xlsx,L52_공급조건·주문가능,2026-10-05T01:15
PH_DUMMY_01,2026-06-03,VA,"하루 2회(오전·오후), 월~토",11:00 / 16:00,0,N,0,0,,,virtual_dummy.xlsx,L52_공급조건·주문가능,2026-10-05T01:15
PH_DUMMY_01,2026-06-03,VB,"하루 1회, 월~금",15:00,100000,N,0,0,,,virtual_dummy.xlsx,L52_공급조건·주문가능,2026-10-05T01:15
PH_DUMMY_01,2026-06-03,VC,주 1회(화요일),전주 금요일,300000,N,0,0,,,virtual_dummy.xlsx,L52_공급조건·주문가능,2026-10-05T01:15
PH_DUMMY_01,2026-06-04,VA,"하루 2회(오전·오후), 월~토",11:00 / 16:00,0,Y,20,0,0,,virtual_dummy.xlsx,L52_공급조건·주문가능,2026-10-05T01:15
PH_DUMMY_01,2026-06-04,VB,"하루 1회, 월~금",15:00,100000,Y,8,1,0.125,,virtual_dummy.xlsx,L52_공급조건·주문가능,2026-10-05T01:15
PH_DUMMY_01,2026-06-04,VC,주 1회(화요일),전주 금요일,300000,N,0,0,,,virtual_dummy.xlsx,L52_공급조건·주문가능,2026-10-05T01:15
PH_DUMMY_01,2026-06-05,VA,"하루 2회(오전·오후), 월~토",11:00 / 16:00,0,Y,26,2,0.077,,virtual_dummy.xlsx,L52_공급조건·주문가능,2026-10-05T01:15
PH_DUMMY_01,2026-06-05,VB,"하루 1회, 월~금",15:00,100000,Y,10,0,0,,virtual_dummy.xlsx,L52_공급조건·주문가능,2026-10-05T01:15
PH_DUMMY_01,2026-06-05,VC,주 1회(화요일),전주 금요일,300000,N,0,0,,,virtual_dummy.xlsx,L52_공급조건·주문가능,2026-10-05T01:15
PH_DUMMY_01,2026-06-06,VA,"하루 2회(오전·오후), 월~토",11:00 / 16:00,0,N,0,0,,,virtual_dummy.xlsx,L52_공급조건·주문가능,2026-10-05T01:15
PH_DUMMY_01,2026-06-06,VB,"하루 1회, 월~금",15:00,100000,N,0,0,,,virtual_dummy.xlsx,L52_공급조건·주문가능,2026-10-05T01:15
PH_DUMMY_01,2026-06-06,VC,주 1회(화요일),전주 금요일,300000,N,0,0,,,virtual_dummy.xlsx,L52_공급조건·주문가능,2026-10-05T01:15
PH_DUMMY_01,2026-06-07,VA,"하루 2회(오전·오후), 월~토",11:00 / 16:00,0,N,0,0,,,virtual_dummy.xlsx,L52_공급조건·주문가능,2026-10-05T01:15
PH_DUMMY_01,2026-06-07,VB,"하루 1회, 월~금",15:00,100000,N,0,0,,,virtual_dummy.xlsx,L52_공급조건·주문가능,2026-10-05T01:15
PH_DUMMY_01,2026-06-07,VC,주 1회(화요일),전주 금요일,300000,N,0,0,,,virtual_dummy.xlsx,L52_공급조건·주문가능,2026-10-05T01:15
PH_DUMMY_01,2026-06-08,VA,"하루 2회(오전·오후), 월~토",11:00 / 16:00,0,Y,38,0,0,,virtual_dummy.xlsx,L52_공급조건·주문가능,2026-10-05T01:15
PH_DUMMY_01,2026-06-08,VB,"하루 1회, 월~금",15:00,100000,Y,17,1,0.059,,virtual_dummy.xlsx,L52_공급조건·주문가능,2026-10-05T01:15
PH_DUMMY_01,2026-06-08,VC,주 1회(화요일),전주 금요일,300000,N,1,0,0,,virtual_dummy.xlsx,L52_공급조건·주문가능,2026-10-05T01:15
PH_DUMMY_01,2026-06-09,VA,"하루 2회(오전·오후), 월~토",11:00 / 16:00,0,Y,21,1,0.048,,virtual_dummy.xlsx,L52_공급조건·주문가능,2026-10-05T01:15
PH_DUMMY_01,2026-06-09,VB,"하루 1회, 월~금",15:00,100000,Y,6,0,0,,virtual_dummy.xlsx,L52_공급조건·주문가능,2026-10-05T01:15
PH_DUMMY_01,2026-06-09,VC,주 1회(화요일),전주 금요일,300000,Y,9,0,0,,virtual_dummy.xlsx,L52_공급조건·주문가능,2026-10-05T01:15
PH_DUMMY_01,2026-06-10,VA,"하루 2회(오전·오후), 월~토",11:00 / 16:00,0,Y,19,1,0.053,,virtual_dummy.xlsx,L52_공급조건·주문가능,2026-10-05T01:15
PH_DUMMY_01,2026-06-10,VB,"하루 1회, 월~금",15:00,100000,Y,10,0,0,,virtual_dummy.xlsx,L52_공급조건·주문가능,2026-10-05T01:15
PH_DUMMY_01,2026-06-10,VC,주 1회(화요일),전주 금요일,300000,N,0,0,,,virtual_dummy.xlsx,L52_공급조건·주문가능,2026-10-05T01:15
PH_DUMMY_01,2026-06-11,VA,"하루 2회(오전·오후), 월~토",11:00 / 16:00,0,Y,11,0,0,,virtual_dummy.xlsx,L52_공급조건·주문가능,2026-10-05T01:15
PH_DUMMY_01,2026-06-11,VB,"하루 1회, 월~금",15:00,100000,Y,3,0,0,,virtual_dummy.xlsx,L52_공급조건·주문가능,2026-10-05T01:15
PH_DUMMY_01,2026-06-11,VC,주 1회(화요일),전주 금요일,300000,N,0,0,,,virtual_dummy.xlsx,L52_공급조건·주문가능,2026-10-05T01:15
PH_DUMMY_01,2026-06-12,VA,"하루 2회(오전·오후), 월~토",11:00 / 16:00,0,Y,21,0,0,,virtual_dummy.xlsx,L52_공급조건·주문가능,2026-10-05T01:15
PH_DUMMY_01,2026-06-12,VB,"하루 1회, 월~금",15:00,100000,Y,10,0,0,,virtual_dummy.xlsx,L52_공급조건·주문가능,2026-10-05T01:15
PH_DUMMY_01,2026-06-12,VC,주 1회(화요일),전주 금요일,300000,N,0,0,,,virtual_dummy.xlsx,L52_공급조건·주문가능,2026-10-05T01:15
PH_DUMMY_01,2026-06-13,VA,"하루 2회(오전·오후), 월~토",11:00 / 16:00,0,Y,24,1,0.042,,virtual_dummy.xlsx,L52_공급조건·주문가능,2026-10-05T01:15
PH_DUMMY_01,2026-06-13,VB,"하루 1회, 월~금",15:00,100000,N,7,0,0,,virtual_dummy.xlsx,L52_공급조건·주문가능,2026-10-05T01:15
PH_DUMMY_01,2026-06-13,VC,주 1회(화요일),전주 금요일,300000,N,0,0,,,virtual_dummy.xlsx,L52_공급조건·주문가능,2026-10-05T01:15
PH_DUMMY_01,2026-06-14,VA,"하루 2회(오전·오후), 월~토",11:00 / 16:00,0,N,0,0,,,virtual_dummy.xlsx,L52_공급조건·주문가능,2026-10-05T01:15
PH_DUMMY_01,2026-06-14,VB,"하루 1회, 월~금",15:00,100000,N,0,0,,,virtual_dummy.xlsx,L52_공급조건·주문가능,2026-10-05T01:15
PH_DUMMY_01,2026-06-14,VC,주 1회(화요일),전주 금요일,300000,N,0,0,,,virtual_dummy.xlsx,L52_공급조건·주문가능,2026-10-05T01:15
PH_DUMMY_01,2026-06-15,VA,"하루 2회(오전·오후), 월~토",11:00 / 16:00,0,Y,32,0,0,,virtual_dummy.xlsx,L52_공급조건·주문가능,2026-10-05T01:15
PH_DUMMY_01,2026-06-15,VB,"하루 1회, 월~금",15:00,100000,Y,15,0,0,,virtual_dummy.xlsx,L52_공급조건·주문가능,2026-10-05T01:15
PH_DUMMY_01,2026-06-15,VC,주 1회(화요일),전주 금요일,300000,N,1,0,0,,virtual_dummy.xlsx,L52_공급조건·주문가능,2026-10-05T01:15
PH_DUMMY_01,2026-06-16,VA,"하루 2회(오전·오후), 월~토",11:00 / 16:00,0,Y,17,0,0,,virtual_dummy.xlsx,L52_공급조건·주문가능,2026-10-05T01:15
PH_DUMMY_01,2026-06-16,VB,"하루 1회, 월~금",15:00,100000,Y,6,0,0,,virtual_dummy.xlsx,L52_공급조건·주문가능,2026-10-05T01:15
PH_DUMMY_01,2026-06-16,VC,주 1회(화요일),전주 금요일,300000,Y,10,0,0,,virtual_dummy.xlsx,L52_공급조건·주문가능,2026-10-05T01:15
PH_DUMMY_01,2026-06-17,VA,"하루 2회(오전·오후), 월~토",11:00 / 16:00,0,Y,32,1,0.031,,virtual_dummy.xlsx,L52_공급조건·주문가능,2026-10-05T01:15
PH_DUMMY_01,2026-06-17,VB,"하루 1회, 월~금",15:00,100000,Y,9,0,0,,virtual_dummy.xlsx,L52_공급조건·주문가능,2026-10-05T01:15
PH_DUMMY_01,2026-06-17,VC,주 1회(화요일),전주 금요일,300000,N,0,0,,,virtual_dummy.xlsx,L52_공급조건·주문가능,2026-10-05T01:15
PH_DUMMY_01,2026-06-18,VA,"하루 2회(오전·오후), 월~토",11:00 / 16:00,0,Y,22,0,0,,virtual_dummy.xlsx,L52_공급조건·주문가능,2026-10-05T01:15
PH_DUMMY_01,2026-06-18,VB,"하루 1회, 월~금",15:00,100000,Y,8,0,0,,virtual_dummy.xlsx,L52_공급조건·주문가능,2026-10-05T01:15
PH_DUMMY_01,2026-06-18,VC,주 1회(화요일),전주 금요일,300000,N,0,0,,,virtual_dummy.xlsx,L52_공급조건·주문가능,2026-10-05T01:15
PH_DUMMY_01,2026-06-19,VA,"하루 2회(오전·오후), 월~토",11:00 / 16:00,0,Y,15,0,0,,virtual_dummy.xlsx,L52_공급조건·주문가능,2026-10-05T01:15
PH_DUMMY_01,2026-06-19,VB,"하루 1회, 월~금",15:00,100000,Y,9,1,0.111,,virtual_dummy.xlsx,L52_공급조건·주문가능,2026-10-05T01:15
PH_DUMMY_01,2026-06-19,VC,주 1회(화요일),전주 금요일,300000,N,0,0,,,virtual_dummy.xlsx,L52_공급조건·주문가능,2026-10-05T01:15
PH_DUMMY_01,2026-06-20,VA,"하루 2회(오전·오후), 월~토",11:00 / 16:00,0,Y,23,0,0,,virtual_dummy.xlsx,L52_공급조건·주문가능,2026-10-05T01:15
PH_DUMMY_01,2026-06-20,VB,"하루 1회, 월~금",15:00,100000,N,10,0,0,,virtual_dummy.xlsx,L52_공급조건·주문가능,2026-10-05T01:15
PH_DUMMY_01,2026-06-20,VC,주 1회(화요일),전주 금요일,300000,N,0,0,,,virtual_dummy.xlsx,L52_공급조건·주문가능,2026-10-05T01:15
PH_DUMMY_01,2026-06-21,VA,"하루 2회(오전·오후), 월~토",11:00 / 16:00,0,N,0,0,,,virtual_dummy.xlsx,L52_공급조건·주문가능,2026-10-05T01:15
PH_DUMMY_01,2026-06-21,VB,"하루 1회, 월~금",15:00,100000,N,0,0,,,virtual_dummy.xlsx,L52_공급조건·주문가능,2026-10-05T01:15
PH_DUMMY_01,2026-06-21,VC,주 1회(화요일),전주 금요일,300000,N,0,0,,,virtual_dummy.xlsx,L52_공급조건·주문가능,2026-10-05T01:15
PH_DUMMY_01,2026-06-22,VA,"하루 2회(오전·오후), 월~토",11:00 / 16:00,0,Y,48,0,0,,virtual_dummy.xlsx,L52_공급조건·주문가능,2026-10-05T01:15
PH_DUMMY_01,2026-06-22,VB,"하루 1회, 월~금",15:00,100000,Y,13,0,0,,virtual_dummy.xlsx,L52_공급조건·주문가능,2026-10-05T01:15
PH_DUMMY_01,2026-06-22,VC,주 1회(화요일),전주 금요일,300000,N,1,0,0,,virtual_dummy.xlsx,L52_공급조건·주문가능,2026-10-05T01:15
PH_DUMMY_01,2026-06-23,VA,"하루 2회(오전·오후), 월~토",11:00 / 16:00,0,Y,16,0,0,,virtual_dummy.xlsx,L52_공급조건·주문가능,2026-10-05T01:15
PH_DUMMY_01,2026-06-23,VB,"하루 1회, 월~금",15:00,100000,Y,6,1,0.167,,virtual_dummy.xlsx,L52_공급조건·주문가능,2026-10-05T01:15
PH_DUMMY_01,2026-06-23,VC,주 1회(화요일),전주 금요일,300000,Y,5,0,0,,virtual_dummy.xlsx,L52_공급조건·주문가능,2026-10-05T01:15
PH_DUMMY_01,2026-06-24,VA,"하루 2회(오전·오후), 월~토",11:00 / 16:00,0,Y,25,0,0,,virtual_dummy.xlsx,L52_공급조건·주문가능,2026-10-05T01:15
PH_DUMMY_01,2026-06-24,VB,"하루 1회, 월~금",15:00,100000,Y,3,0,0,,virtual_dummy.xlsx,L52_공급조건·주문가능,2026-10-05T01:15
PH_DUMMY_01,2026-06-24,VC,주 1회(화요일),전주 금요일,300000,N,0,0,,,virtual_dummy.xlsx,L52_공급조건·주문가능,2026-10-05T01:15
PH_DUMMY_01,2026-06-25,VA,"하루 2회(오전·오후), 월~토",11:00 / 16:00,0,Y,20,1,0.05,,virtual_dummy.xlsx,L52_공급조건·주문가능,2026-10-05T01:15
PH_DUMMY_01,2026-06-25,VB,"하루 1회, 월~금",15:00,100000,Y,4,0,0,,virtual_dummy.xlsx,L52_공급조건·주문가능,2026-10-05T01:15
PH_DUMMY_01,2026-06-25,VC,주 1회(화요일),전주 금요일,300000,N,0,0,,,virtual_dummy.xlsx,L52_공급조건·주문가능,2026-10-05T01:15
PH_DUMMY_01,2026-06-26,VA,"하루 2회(오전·오후), 월~토",11:00 / 16:00,0,Y,26,0,0,,virtual_dummy.xlsx,L52_공급조건·주문가능,2026-10-05T01:15
PH_DUMMY_01,2026-06-26,VB,"하루 1회, 월~금",15:00,100000,Y,11,0,0,,virtual_dummy.xlsx,L52_공급조건·주문가능,2026-10-05T01:15
PH_DUMMY_01,2026-06-26,VC,주 1회(화요일),전주 금요일,300000,N,0,0,,,virtual_dummy.xlsx,L52_공급조건·주문가능,2026-10-05T01:15
PH_DUMMY_01,2026-06-27,VA,"하루 2회(오전·오후), 월~토",11:00 / 16:00,0,Y,30,0,0,,virtual_dummy.xlsx,L52_공급조건·주문가능,2026-10-05T01:15
PH_DUMMY_01,2026-06-27,VB,"하루 1회, 월~금",15:00,100000,N,7,1,0.143,,virtual_dummy.xlsx,L52_공급조건·주문가능,2026-10-05T01:15
PH_DUMMY_01,2026-06-27,VC,주 1회(화요일),전주 금요일,300000,N,0,0,,,virtual_dummy.xlsx,L52_공급조건·주문가능,2026-10-05T01:15
PH_DUMMY_01,2026-06-28,VA,"하루 2회(오전·오후), 월~토",11:00 / 16:00,0,N,0,0,,,virtual_dummy.xlsx,L52_공급조건·주문가능,2026-10-05T01:15
PH_DUMMY_01,2026-06-28,VB,"하루 1회, 월~금",15:00,100000,N,0,0,,,virtual_dummy.xlsx,L52_공급조건·주문가능,2026-10-05T01:15
PH_DUMMY_01,2026-06-28,VC,주 1회(화요일),전주 금요일,300000,N,0,0,,,virtual_dummy.xlsx,L52_공급조건·주문가능,2026-10-05T01:15
PH_DUMMY_01,2026-06-29,VA,"하루 2회(오전·오후), 월~토",11:00 / 16:00,0,Y,32,0,0,,virtual_dummy.xlsx,L52_공급조건·주문가능,2026-10-05T01:15
PH_DUMMY_01,2026-06-29,VB,"하루 1회, 월~금",15:00,100000,Y,18,0,0,,virtual_dummy.xlsx,L52_공급조건·주문가능,2026-10-05T01:15
PH_DUMMY_01,2026-06-29,VC,주 1회(화요일),전주 금요일,300000,N,1,0,0,,virtual_dummy.xlsx,L52_공급조건·주문가능,2026-10-05T01:15
PH_DUMMY_01,2026-06-30,VA,"하루 2회(오전·오후), 월~토",11:00 / 16:00,0,Y,19,0,0,,virtual_dummy.xlsx,L52_공급조건·주문가능,2026-10-05T01:15
PH_DUMMY_01,2026-06-30,VB,"하루 1회, 월~금",15:00,100000,Y,8,0,0,,virtual_dummy.xlsx,L52_공급조건·주문가능,2026-10-05T01:15
PH_DUMMY_01,2026-06-30,VC,주 1회(화요일),전주 금요일,300000,Y,8,0,0,,virtual_dummy.xlsx,L52_공급조건·주문가능,2026-10-05T01:15
PH_DUMMY_01,2026-07-01,VA,"하루 2회(오전·오후), 월~토",11:00 / 16:00,0,Y,27,0,0,,virtual_dummy.xlsx,L52_공급조건·주문가능,2026-10-05T01:15
PH_DUMMY_01,2026-07-01,VB,"하루 1회, 월~금",15:00,100000,Y,11,1,0.091,,virtual_dummy.xlsx,L52_공급조건·주문가능,2026-10-05T01:15
PH_DUMMY_01,2026-07-01,VC,주 1회(화요일),전주 금요일,300000,N,0,0,,,virtual_dummy.xlsx,L52_공급조건·주문가능,2026-10-05T01:15
PH_DUMMY_01,2026-07-02,VA,"하루 2회(오전·오후), 월~토",11:00 / 16:00,0,Y,18,0,0,,virtual_dummy.xlsx,L52_공급조건·주문가능,2026-10-05T01:15
PH_DUMMY_01,2026-07-02,VB,"하루 1회, 월~금",15:00,100000,Y,6,0,0,,virtual_dummy.xlsx,L52_공급조건·주문가능,2026-10-05T01:15
PH_DUMMY_01,2026-07-02,VC,주 1회(화요일),전주 금요일,300000,N,0,0,,,virtual_dummy.xlsx,L52_공급조건·주문가능,2026-10-05T01:15
PH_DUMMY_01,2026-07-03,VA,"하루 2회(오전·오후), 월~토",11:00 / 16:00,0,Y,19,0,0,,virtual_dummy.xlsx,L52_공급조건·주문가능,2026-10-05T01:15
PH_DUMMY_01,2026-07-03,VB,"하루 1회, 월~금",15:00,100000,Y,7,0,0,,virtual_dummy.xlsx,L52_공급조건·주문가능,2026-10-05T01:15
PH_DUMMY_01,2026-07-03,VC,주 1회(화요일),전주 금요일,300000,N,0,0,,,virtual_dummy.xlsx,L52_공급조건·주문가능,2026-10-05T01:15
PH_DUMMY_01,2026-07-04,VA,"하루 2회(오전·오후), 월~토",11:00 / 16:00,0,Y,22,0,0,,virtual_dummy.xlsx,L52_공급조건·주문가능,2026-10-05T01:15
PH_DUMMY_01,2026-07-04,VB,"하루 1회, 월~금",15:00,100000,N,11,0,0,,virtual_dummy.xlsx,L52_공급조건·주문가능,2026-10-05T01:15
PH_DUMMY_01,2026-07-04,VC,주 1회(화요일),전주 금요일,300000,N,0,0,,,virtual_dummy.xlsx,L52_공급조건·주문가능,2026-10-05T01:15
PH_DUMMY_01,2026-07-05,VA,"하루 2회(오전·오후), 월~토",11:00 / 16:00,0,N,0,0,,,virtual_dummy.xlsx,L52_공급조건·주문가능,2026-10-05T01:15
PH_DUMMY_01,2026-07-05,VB,"하루 1회, 월~금",15:00,100000,N,0,0,,,virtual_dummy.xlsx,L52_공급조건·주문가능,2026-10-05T01:15
PH_DUMMY_01,2026-07-05,VC,주 1회(화요일),전주 금요일,300000,N,0,0,,,virtual_dummy.xlsx,L52_공급조건·주문가능,2026-10-05T01:15
PH_DUMMY_01,2026-07-06,VA,"하루 2회(오전·오후), 월~토",11:00 / 16:00,0,Y,43,2,0.047,,virtual_dummy.xlsx,L52_공급조건·주문가능,2026-10-05T01:15
PH_DUMMY_01,2026-07-06,VB,"하루 1회, 월~금",15:00,100000,Y,16,0,0,,virtual_dummy.xlsx,L52_공급조건·주문가능,2026-10-05T01:15
PH_DUMMY_01,2026-07-06,VC,주 1회(화요일),전주 금요일,300000,N,0,0,,,virtual_dummy.xlsx,L52_공급조건·주문가능,2026-10-05T01:15
PH_DUMMY_01,2026-07-07,VA,"하루 2회(오전·오후), 월~토",11:00 / 16:00,0,Y,24,0,0,,virtual_dummy.xlsx,L52_공급조건·주문가능,2026-10-05T01:15
PH_DUMMY_01,2026-07-07,VB,"하루 1회, 월~금",15:00,100000,Y,11,1,0.091,,virtual_dummy.xlsx,L52_공급조건·주문가능,2026-10-05T01:15
PH_DUMMY_01,2026-07-07,VC,주 1회(화요일),전주 금요일,300000,Y,6,0,0,,virtual_dummy.xlsx,L52_공급조건·주문가능,2026-10-05T01:15
PH_DUMMY_01,2026-07-08,VA,"하루 2회(오전·오후), 월~토",11:00 / 16:00,0,Y,18,0,0,,virtual_dummy.xlsx,L52_공급조건·주문가능,2026-10-05T01:15
PH_DUMMY_01,2026-07-08,VB,"하루 1회, 월~금",15:00,100000,Y,3,0,0,,virtual_dummy.xlsx,L52_공급조건·주문가능,2026-10-05T01:15
PH_DUMMY_01,2026-07-08,VC,주 1회(화요일),전주 금요일,300000,N,0,0,,,virtual_dummy.xlsx,L52_공급조건·주문가능,2026-10-05T01:15
PH_DUMMY_01,2026-07-09,VA,"하루 2회(오전·오후), 월~토",11:00 / 16:00,0,Y,21,0,0,,virtual_dummy.xlsx,L52_공급조건·주문가능,2026-10-05T01:15
PH_DUMMY_01,2026-07-09,VB,"하루 1회, 월~금",15:00,100000,Y,5,0,0,,virtual_dummy.xlsx,L52_공급조건·주문가능,2026-10-05T01:15
PH_DUMMY_01,2026-07-09,VC,주 1회(화요일),전주 금요일,300000,N,0,0,,,virtual_dummy.xlsx,L52_공급조건·주문가능,2026-10-05T01:15
PH_DUMMY_01,2026-07-10,VA,"하루 2회(오전·오후), 월~토",11:00 / 16:00,0,Y,18,0,0,,virtual_dummy.xlsx,L52_공급조건·주문가능,2026-10-05T01:15
PH_DUMMY_01,2026-07-10,VB,"하루 1회, 월~금",15:00,100000,Y,7,0,0,,virtual_dummy.xlsx,L52_공급조건·주문가능,2026-10-05T01:15
PH_DUMMY_01,2026-07-10,VC,주 1회(화요일),전주 금요일,300000,N,0,0,,,virtual_dummy.xlsx,L52_공급조건·주문가능,2026-10-05T01:15
PH_DUMMY_01,2026-07-11,VA,"하루 2회(오전·오후), 월~토",11:00 / 16:00,0,Y,22,1,0.045,,virtual_dummy.xlsx,L52_공급조건·주문가능,2026-10-05T01:15
PH_DUMMY_01,2026-07-11,VB,"하루 1회, 월~금",15:00,100000,N,8,1,0.125,,virtual_dummy.xlsx,L52_공급조건·주문가능,2026-10-05T01:15
PH_DUMMY_01,2026-07-11,VC,주 1회(화요일),전주 금요일,300000,N,0,0,,,virtual_dummy.xlsx,L52_공급조건·주문가능,2026-10-05T01:15
PH_DUMMY_01,2026-07-12,VA,"하루 2회(오전·오후), 월~토",11:00 / 16:00,0,N,0,0,,,virtual_dummy.xlsx,L52_공급조건·주문가능,2026-10-05T01:15
PH_DUMMY_01,2026-07-12,VB,"하루 1회, 월~금",15:00,100000,N,0,0,,,virtual_dummy.xlsx,L52_공급조건·주문가능,2026-10-05T01:15
PH_DUMMY_01,2026-07-12,VC,주 1회(화요일),전주 금요일,300000,N,0,0,,,virtual_dummy.xlsx,L52_공급조건·주문가능,2026-10-05T01:15
PH_DUMMY_01,2026-07-13,VA,"하루 2회(오전·오후), 월~토",11:00 / 16:00,0,Y,51,0,0,,virtual_dummy.xlsx,L52_공급조건·주문가능,2026-10-05T01:15
PH_DUMMY_01,2026-07-13,VB,"하루 1회, 월~금",15:00,100000,Y,12,0,0,,virtual_dummy.xlsx,L52_공급조건·주문가능,2026-10-05T01:15
PH_DUMMY_01,2026-07-13,VC,주 1회(화요일),전주 금요일,300000,N,1,0,0,,virtual_dummy.xlsx,L52_공급조건·주문가능,2026-10-05T01:15
PH_DUMMY_01,2026-07-14,VA,"하루 2회(오전·오후), 월~토",11:00 / 16:00,0,Y,35,1,0.029,,virtual_dummy.xlsx,L52_공급조건·주문가능,2026-10-05T01:15
PH_DUMMY_01,2026-07-14,VB,"하루 1회, 월~금",15:00,100000,Y,4,0,0,,virtual_dummy.xlsx,L52_공급조건·주문가능,2026-10-05T01:15
PH_DUMMY_01,2026-07-14,VC,주 1회(화요일),전주 금요일,300000,Y,7,1,0.143,,virtual_dummy.xlsx,L52_공급조건·주문가능,2026-10-05T01:15
PH_DUMMY_01,2026-07-15,VA,"하루 2회(오전·오후), 월~토",11:00 / 16:00,0,Y,21,2,0.095,,virtual_dummy.xlsx,L52_공급조건·주문가능,2026-10-05T01:15
PH_DUMMY_01,2026-07-15,VB,"하루 1회, 월~금",15:00,100000,Y,5,0,0,,virtual_dummy.xlsx,L52_공급조건·주문가능,2026-10-05T01:15
PH_DUMMY_01,2026-07-15,VC,주 1회(화요일),전주 금요일,300000,N,0,0,,,virtual_dummy.xlsx,L52_공급조건·주문가능,2026-10-05T01:15
PH_DUMMY_01,2026-07-16,VA,"하루 2회(오전·오후), 월~토",11:00 / 16:00,0,Y,15,0,0,,virtual_dummy.xlsx,L52_공급조건·주문가능,2026-10-05T01:15
PH_DUMMY_01,2026-07-16,VB,"하루 1회, 월~금",15:00,100000,Y,4,0,0,,virtual_dummy.xlsx,L52_공급조건·주문가능,2026-10-05T01:15
PH_DUMMY_01,2026-07-16,VC,주 1회(화요일),전주 금요일,300000,N,0,0,,,virtual_dummy.xlsx,L52_공급조건·주문가능,2026-10-05T01:15
PH_DUMMY_01,2026-07-17,VA,"하루 2회(오전·오후), 월~토",11:00 / 16:00,0,N,0,0,,,virtual_dummy.xlsx,L52_공급조건·주문가능,2026-10-05T01:15
PH_DUMMY_01,2026-07-17,VB,"하루 1회, 월~금",15:00,100000,N,0,0,,,virtual_dummy.xlsx,L52_공급조건·주문가능,2026-10-05T01:15
PH_DUMMY_01,2026-07-17,VC,주 1회(화요일),전주 금요일,300000,N,0,0,,,virtual_dummy.xlsx,L52_공급조건·주문가능,2026-10-05T01:15
PH_DUMMY_01,2026-07-18,VA,"하루 2회(오전·오후), 월~토",11:00 / 16:00,0,Y,18,0,0,,virtual_dummy.xlsx,L52_공급조건·주문가능,2026-10-05T01:15
PH_DUMMY_01,2026-07-18,VB,"하루 1회, 월~금",15:00,100000,N,8,0,0,,virtual_dummy.xlsx,L52_공급조건·주문가능,2026-10-05T01:15
PH_DUMMY_01,2026-07-18,VC,주 1회(화요일),전주 금요일,300000,N,0,0,,,virtual_dummy.xlsx,L52_공급조건·주문가능,2026-10-05T01:15
PH_DUMMY_01,2026-07-19,VA,"하루 2회(오전·오후), 월~토",11:00 / 16:00,0,N,0,0,,,virtual_dummy.xlsx,L52_공급조건·주문가능,2026-10-05T01:15
PH_DUMMY_01,2026-07-19,VB,"하루 1회, 월~금",15:00,100000,N,0,0,,,virtual_dummy.xlsx,L52_공급조건·주문가능,2026-10-05T01:15
PH_DUMMY_01,2026-07-19,VC,주 1회(화요일),전주 금요일,300000,N,0,0,,,virtual_dummy.xlsx,L52_공급조건·주문가능,2026-10-05T01:15
PH_DUMMY_01,2026-07-20,VA,"하루 2회(오전·오후), 월~토",11:00 / 16:00,0,Y,39,1,0.026,,virtual_dummy.xlsx,L52_공급조건·주문가능,2026-10-05T01:15
PH_DUMMY_01,2026-07-20,VB,"하루 1회, 월~금",15:00,100000,Y,16,0,0,,virtual_dummy.xlsx,L52_공급조건·주문가능,2026-10-05T01:15
PH_DUMMY_01,2026-07-20,VC,주 1회(화요일),전주 금요일,300000,N,1,0,0,,virtual_dummy.xlsx,L52_공급조건·주문가능,2026-10-05T01:15
PH_DUMMY_01,2026-07-21,VA,"하루 2회(오전·오후), 월~토",11:00 / 16:00,0,Y,19,0,0,,virtual_dummy.xlsx,L52_공급조건·주문가능,2026-10-05T01:15
PH_DUMMY_01,2026-07-21,VB,"하루 1회, 월~금",15:00,100000,Y,8,0,0,,virtual_dummy.xlsx,L52_공급조건·주문가능,2026-10-05T01:15
PH_DUMMY_01,2026-07-21,VC,주 1회(화요일),전주 금요일,300000,Y,4,0,0,,virtual_dummy.xlsx,L52_공급조건·주문가능,2026-10-05T01:15
PH_DUMMY_01,2026-07-22,VA,"하루 2회(오전·오후), 월~토",11:00 / 16:00,0,Y,19,0,0,,virtual_dummy.xlsx,L52_공급조건·주문가능,2026-10-05T01:15
PH_DUMMY_01,2026-07-22,VB,"하루 1회, 월~금",15:00,100000,Y,5,0,0,,virtual_dummy.xlsx,L52_공급조건·주문가능,2026-10-05T01:15
PH_DUMMY_01,2026-07-22,VC,주 1회(화요일),전주 금요일,300000,N,0,0,,,virtual_dummy.xlsx,L52_공급조건·주문가능,2026-10-05T01:15
PH_DUMMY_01,2026-07-23,VA,"하루 2회(오전·오후), 월~토",11:00 / 16:00,0,Y,19,0,0,,virtual_dummy.xlsx,L52_공급조건·주문가능,2026-10-05T01:15
PH_DUMMY_01,2026-07-23,VB,"하루 1회, 월~금",15:00,100000,Y,9,0,0,,virtual_dummy.xlsx,L52_공급조건·주문가능,2026-10-05T01:15
PH_DUMMY_01,2026-07-23,VC,주 1회(화요일),전주 금요일,300000,N,1,0,0,,virtual_dummy.xlsx,L52_공급조건·주문가능,2026-10-05T01:15
PH_DUMMY_01,2026-07-24,VA,"하루 2회(오전·오후), 월~토",11:00 / 16:00,0,Y,22,0,0,,virtual_dummy.xlsx,L52_공급조건·주문가능,2026-10-05T01:15
PH_DUMMY_01,2026-07-24,VB,"하루 1회, 월~금",15:00,100000,Y,8,1,0.125,,virtual_dummy.xlsx,L52_공급조건·주문가능,2026-10-05T01:15
PH_DUMMY_01,2026-07-24,VC,주 1회(화요일),전주 금요일,300000,N,0,0,,,virtual_dummy.xlsx,L52_공급조건·주문가능,2026-10-05T01:15
PH_DUMMY_01,2026-07-25,VA,"하루 2회(오전·오후), 월~토",11:00 / 16:00,0,Y,34,1,0.029,,virtual_dummy.xlsx,L52_공급조건·주문가능,2026-10-05T01:15
PH_DUMMY_01,2026-07-25,VB,"하루 1회, 월~금",15:00,100000,N,5,0,0,,virtual_dummy.xlsx,L52_공급조건·주문가능,2026-10-05T01:15
PH_DUMMY_01,2026-07-25,VC,주 1회(화요일),전주 금요일,300000,N,0,0,,,virtual_dummy.xlsx,L52_공급조건·주문가능,2026-10-05T01:15
PH_DUMMY_01,2026-07-26,VA,"하루 2회(오전·오후), 월~토",11:00 / 16:00,0,N,0,0,,,virtual_dummy.xlsx,L52_공급조건·주문가능,2026-10-05T01:15
PH_DUMMY_01,2026-07-26,VB,"하루 1회, 월~금",15:00,100000,N,0,0,,,virtual_dummy.xlsx,L52_공급조건·주문가능,2026-10-05T01:15
PH_DUMMY_01,2026-07-26,VC,주 1회(화요일),전주 금요일,300000,N,0,0,,,virtual_dummy.xlsx,L52_공급조건·주문가능,2026-10-05T01:15
PH_DUMMY_01,2026-07-27,VA,"하루 2회(오전·오후), 월~토",11:00 / 16:00,0,Y,33,0,0,,virtual_dummy.xlsx,L52_공급조건·주문가능,2026-10-05T01:15
PH_DUMMY_01,2026-07-27,VB,"하루 1회, 월~금",15:00,100000,Y,14,1,0.071,,virtual_dummy.xlsx,L52_공급조건·주문가능,2026-10-05T01:15
PH_DUMMY_01,2026-07-27,VC,주 1회(화요일),전주 금요일,300000,N,1,0,0,,virtual_dummy.xlsx,L52_공급조건·주문가능,2026-10-05T01:15
PH_DUMMY_01,2026-07-28,VA,"하루 2회(오전·오후), 월~토",11:00 / 16:00,0,Y,24,1,0.042,,virtual_dummy.xlsx,L52_공급조건·주문가능,2026-10-05T01:15
PH_DUMMY_01,2026-07-28,VB,"하루 1회, 월~금",15:00,100000,Y,6,0,0,,virtual_dummy.xlsx,L52_공급조건·주문가능,2026-10-05T01:15
PH_DUMMY_01,2026-07-28,VC,주 1회(화요일),전주 금요일,300000,Y,5,0,0,,virtual_dummy.xlsx,L52_공급조건·주문가능,2026-10-05T01:15
PH_DUMMY_01,2026-07-29,VA,"하루 2회(오전·오후), 월~토",11:00 / 16:00,0,Y,13,0,0,,virtual_dummy.xlsx,L52_공급조건·주문가능,2026-10-05T01:15
PH_DUMMY_01,2026-07-29,VB,"하루 1회, 월~금",15:00,100000,Y,9,0,0,,virtual_dummy.xlsx,L52_공급조건·주문가능,2026-10-05T01:15
PH_DUMMY_01,2026-07-29,VC,주 1회(화요일),전주 금요일,300000,N,0,0,,,virtual_dummy.xlsx,L52_공급조건·주문가능,2026-10-05T01:15
PH_DUMMY_01,2026-07-30,VA,"하루 2회(오전·오후), 월~토",11:00 / 16:00,0,Y,17,0,0,,virtual_dummy.xlsx,L52_공급조건·주문가능,2026-10-05T01:15
PH_DUMMY_01,2026-07-30,VB,"하루 1회, 월~금",15:00,100000,Y,7,0,0,,virtual_dummy.xlsx,L52_공급조건·주문가능,2026-10-05T01:15
PH_DUMMY_01,2026-07-30,VC,주 1회(화요일),전주 금요일,300000,N,0,0,,,virtual_dummy.xlsx,L52_공급조건·주문가능,2026-10-05T01:15
PH_DUMMY_01,2026-07-31,VA,"하루 2회(오전·오후), 월~토",11:00 / 16:00,0,Y,20,0,0,,virtual_dummy.xlsx,L52_공급조건·주문가능,2026-10-05T01:15
PH_DUMMY_01,2026-07-31,VB,"하루 1회, 월~금",15:00,100000,Y,9,0,0,,virtual_dummy.xlsx,L52_공급조건·주문가능,2026-10-05T01:15
PH_DUMMY_01,2026-07-31,VC,주 1회(화요일),전주 금요일,300000,N,0,0,,,virtual_dummy.xlsx,L52_공급조건·주문가능,2026-10-05T01:15
PH_DUMMY_01,2026-08-01,VA,"하루 2회(오전·오후), 월~토",11:00 / 16:00,0,Y,16,1,0.062,,virtual_dummy.xlsx,L52_공급조건·주문가능,2026-10-05T01:15
PH_DUMMY_01,2026-08-01,VB,"하루 1회, 월~금",15:00,100000,N,6,0,0,,virtual_dummy.xlsx,L52_공급조건·주문가능,2026-10-05T01:15
PH_DUMMY_01,2026-08-01,VC,주 1회(화요일),전주 금요일,300000,N,0,0,,,virtual_dummy.xlsx,L52_공급조건·주문가능,2026-10-05T01:15
PH_DUMMY_01,2026-08-02,VA,"하루 2회(오전·오후), 월~토",11:00 / 16:00,0,N,0,0,,,virtual_dummy.xlsx,L52_공급조건·주문가능,2026-10-05T01:15
PH_DUMMY_01,2026-08-02,VB,"하루 1회, 월~금",15:00,100000,N,0,0,,,virtual_dummy.xlsx,L52_공급조건·주문가능,2026-10-05T01:15
PH_DUMMY_01,2026-08-02,VC,주 1회(화요일),전주 금요일,300000,N,0,0,,,virtual_dummy.xlsx,L52_공급조건·주문가능,2026-10-05T01:15
PH_DUMMY_01,2026-08-03,VA,"하루 2회(오전·오후), 월~토",11:00 / 16:00,0,Y,39,1,0.026,,virtual_dummy.xlsx,L52_공급조건·주문가능,2026-10-05T01:15
PH_DUMMY_01,2026-08-03,VB,"하루 1회, 월~금",15:00,100000,Y,12,0,0,,virtual_dummy.xlsx,L52_공급조건·주문가능,2026-10-05T01:15
PH_DUMMY_01,2026-08-03,VC,주 1회(화요일),전주 금요일,300000,N,2,0,0,,virtual_dummy.xlsx,L52_공급조건·주문가능,2026-10-05T01:15
PH_DUMMY_01,2026-08-04,VA,"하루 2회(오전·오후), 월~토",11:00 / 16:00,0,Y,21,0,0,,virtual_dummy.xlsx,L52_공급조건·주문가능,2026-10-05T01:15
PH_DUMMY_01,2026-08-04,VB,"하루 1회, 월~금",15:00,100000,Y,8,0,0,,virtual_dummy.xlsx,L52_공급조건·주문가능,2026-10-05T01:15
PH_DUMMY_01,2026-08-04,VC,주 1회(화요일),전주 금요일,300000,Y,5,0,0,,virtual_dummy.xlsx,L52_공급조건·주문가능,2026-10-05T01:15
PH_DUMMY_01,2026-08-05,VA,"하루 2회(오전·오후), 월~토",11:00 / 16:00,0,Y,22,1,0.045,,virtual_dummy.xlsx,L52_공급조건·주문가능,2026-10-05T01:15
PH_DUMMY_01,2026-08-05,VB,"하루 1회, 월~금",15:00,100000,Y,5,0,0,,virtual_dummy.xlsx,L52_공급조건·주문가능,2026-10-05T01:15
PH_DUMMY_01,2026-08-05,VC,주 1회(화요일),전주 금요일,300000,N,0,0,,,virtual_dummy.xlsx,L52_공급조건·주문가능,2026-10-05T01:15
PH_DUMMY_01,2026-08-06,VA,"하루 2회(오전·오후), 월~토",11:00 / 16:00,0,Y,18,3,0.167,,virtual_dummy.xlsx,L52_공급조건·주문가능,2026-10-05T01:15
PH_DUMMY_01,2026-08-06,VB,"하루 1회, 월~금",15:00,100000,Y,5,0,0,,virtual_dummy.xlsx,L52_공급조건·주문가능,2026-10-05T01:15
PH_DUMMY_01,2026-08-06,VC,주 1회(화요일),전주 금요일,300000,N,0,0,,,virtual_dummy.xlsx,L52_공급조건·주문가능,2026-10-05T01:15
PH_DUMMY_01,2026-08-07,VA,"하루 2회(오전·오후), 월~토",11:00 / 16:00,0,Y,18,0,0,,virtual_dummy.xlsx,L52_공급조건·주문가능,2026-10-05T01:15
PH_DUMMY_01,2026-08-07,VB,"하루 1회, 월~금",15:00,100000,Y,11,0,0,,virtual_dummy.xlsx,L52_공급조건·주문가능,2026-10-05T01:15
PH_DUMMY_01,2026-08-07,VC,주 1회(화요일),전주 금요일,300000,N,0,0,,,virtual_dummy.xlsx,L52_공급조건·주문가능,2026-10-05T01:15
PH_DUMMY_01,2026-08-08,VA,"하루 2회(오전·오후), 월~토",11:00 / 16:00,0,Y,20,0,0,,virtual_dummy.xlsx,L52_공급조건·주문가능,2026-10-05T01:15
PH_DUMMY_01,2026-08-08,VB,"하루 1회, 월~금",15:00,100000,N,6,2,0.333,,virtual_dummy.xlsx,L52_공급조건·주문가능,2026-10-05T01:15
PH_DUMMY_01,2026-08-08,VC,주 1회(화요일),전주 금요일,300000,N,0,0,,,virtual_dummy.xlsx,L52_공급조건·주문가능,2026-10-05T01:15
PH_DUMMY_01,2026-08-09,VA,"하루 2회(오전·오후), 월~토",11:00 / 16:00,0,N,0,0,,,virtual_dummy.xlsx,L52_공급조건·주문가능,2026-10-05T01:15
PH_DUMMY_01,2026-08-09,VB,"하루 1회, 월~금",15:00,100000,N,0,0,,,virtual_dummy.xlsx,L52_공급조건·주문가능,2026-10-05T01:15
PH_DUMMY_01,2026-08-09,VC,주 1회(화요일),전주 금요일,300000,N,0,0,,,virtual_dummy.xlsx,L52_공급조건·주문가능,2026-10-05T01:15
PH_DUMMY_01,2026-08-10,VA,"하루 2회(오전·오후), 월~토",11:00 / 16:00,0,Y,44,0,0,,virtual_dummy.xlsx,L52_공급조건·주문가능,2026-10-05T01:15
PH_DUMMY_01,2026-08-10,VB,"하루 1회, 월~금",15:00,100000,Y,13,0,0,,virtual_dummy.xlsx,L52_공급조건·주문가능,2026-10-05T01:15
PH_DUMMY_01,2026-08-10,VC,주 1회(화요일),전주 금요일,300000,N,0,0,,,virtual_dummy.xlsx,L52_공급조건·주문가능,2026-10-05T01:15
PH_DUMMY_01,2026-08-11,VA,"하루 2회(오전·오후), 월~토",11:00 / 16:00,0,Y,24,1,0.042,,virtual_dummy.xlsx,L52_공급조건·주문가능,2026-10-05T01:15
PH_DUMMY_01,2026-08-11,VB,"하루 1회, 월~금",15:00,100000,Y,3,0,0,,virtual_dummy.xlsx,L52_공급조건·주문가능,2026-10-05T01:15
PH_DUMMY_01,2026-08-11,VC,주 1회(화요일),전주 금요일,300000,Y,7,0,0,,virtual_dummy.xlsx,L52_공급조건·주문가능,2026-10-05T01:15
PH_DUMMY_01,2026-08-12,VA,"하루 2회(오전·오후), 월~토",11:00 / 16:00,0,Y,14,1,0.071,,virtual_dummy.xlsx,L52_공급조건·주문가능,2026-10-05T01:15
PH_DUMMY_01,2026-08-12,VB,"하루 1회, 월~금",15:00,100000,Y,6,0,0,,virtual_dummy.xlsx,L52_공급조건·주문가능,2026-10-05T01:15
PH_DUMMY_01,2026-08-12,VC,주 1회(화요일),전주 금요일,300000,N,0,0,,,virtual_dummy.xlsx,L52_공급조건·주문가능,2026-10-05T01:15
PH_DUMMY_01,2026-08-13,VA,"하루 2회(오전·오후), 월~토",11:00 / 16:00,0,Y,19,0,0,,virtual_dummy.xlsx,L52_공급조건·주문가능,2026-10-05T01:15
PH_DUMMY_01,2026-08-13,VB,"하루 1회, 월~금",15:00,100000,Y,7,1,0.143,,virtual_dummy.xlsx,L52_공급조건·주문가능,2026-10-05T01:15
PH_DUMMY_01,2026-08-13,VC,주 1회(화요일),전주 금요일,300000,N,0,0,,,virtual_dummy.xlsx,L52_공급조건·주문가능,2026-10-05T01:15
PH_DUMMY_01,2026-08-14,VA,"하루 2회(오전·오후), 월~토",11:00 / 16:00,0,Y,19,0,0,,virtual_dummy.xlsx,L52_공급조건·주문가능,2026-10-05T01:15
PH_DUMMY_01,2026-08-14,VB,"하루 1회, 월~금",15:00,100000,Y,8,1,0.125,,virtual_dummy.xlsx,L52_공급조건·주문가능,2026-10-05T01:15
PH_DUMMY_01,2026-08-14,VC,주 1회(화요일),전주 금요일,300000,N,0,0,,,virtual_dummy.xlsx,L52_공급조건·주문가능,2026-10-05T01:15
PH_DUMMY_01,2026-08-15,VA,"하루 2회(오전·오후), 월~토",11:00 / 16:00,0,N,0,0,,,virtual_dummy.xlsx,L52_공급조건·주문가능,2026-10-05T01:15
PH_DUMMY_01,2026-08-15,VB,"하루 1회, 월~금",15:00,100000,N,0,0,,,virtual_dummy.xlsx,L52_공급조건·주문가능,2026-10-05T01:15
PH_DUMMY_01,2026-08-15,VC,주 1회(화요일),전주 금요일,300000,N,0,0,,,virtual_dummy.xlsx,L52_공급조건·주문가능,2026-10-05T01:15
PH_DUMMY_01,2026-08-16,VA,"하루 2회(오전·오후), 월~토",11:00 / 16:00,0,N,0,0,,,virtual_dummy.xlsx,L52_공급조건·주문가능,2026-10-05T01:15
PH_DUMMY_01,2026-08-16,VB,"하루 1회, 월~금",15:00,100000,N,0,0,,,virtual_dummy.xlsx,L52_공급조건·주문가능,2026-10-05T01:15
PH_DUMMY_01,2026-08-16,VC,주 1회(화요일),전주 금요일,300000,N,0,0,,,virtual_dummy.xlsx,L52_공급조건·주문가능,2026-10-05T01:15
PH_DUMMY_01,2026-08-17,VA,"하루 2회(오전·오후), 월~토",11:00 / 16:00,0,N,0,0,,,virtual_dummy.xlsx,L52_공급조건·주문가능,2026-10-05T01:15
PH_DUMMY_01,2026-08-17,VB,"하루 1회, 월~금",15:00,100000,N,0,0,,,virtual_dummy.xlsx,L52_공급조건·주문가능,2026-10-05T01:15
PH_DUMMY_01,2026-08-17,VC,주 1회(화요일),전주 금요일,300000,N,0,0,,,virtual_dummy.xlsx,L52_공급조건·주문가능,2026-10-05T01:15
PH_DUMMY_01,2026-08-18,VA,"하루 2회(오전·오후), 월~토",11:00 / 16:00,0,Y,44,0,0,,virtual_dummy.xlsx,L52_공급조건·주문가능,2026-10-05T01:15
PH_DUMMY_01,2026-08-18,VB,"하루 1회, 월~금",15:00,100000,Y,15,1,0.067,,virtual_dummy.xlsx,L52_공급조건·주문가능,2026-10-05T01:15
PH_DUMMY_01,2026-08-18,VC,주 1회(화요일),전주 금요일,300000,Y,9,0,0,,virtual_dummy.xlsx,L52_공급조건·주문가능,2026-10-05T01:15
PH_DUMMY_01,2026-08-19,VA,"하루 2회(오전·오후), 월~토",11:00 / 16:00,0,Y,15,0,0,,virtual_dummy.xlsx,L52_공급조건·주문가능,2026-10-05T01:15
PH_DUMMY_01,2026-08-19,VB,"하루 1회, 월~금",15:00,100000,Y,5,0,0,,virtual_dummy.xlsx,L52_공급조건·주문가능,2026-10-05T01:15
PH_DUMMY_01,2026-08-19,VC,주 1회(화요일),전주 금요일,300000,N,0,0,,,virtual_dummy.xlsx,L52_공급조건·주문가능,2026-10-05T01:15
PH_DUMMY_01,2026-08-20,VA,"하루 2회(오전·오후), 월~토",11:00 / 16:00,0,Y,16,1,0.062,,virtual_dummy.xlsx,L52_공급조건·주문가능,2026-10-05T01:15
PH_DUMMY_01,2026-08-20,VB,"하루 1회, 월~금",15:00,100000,Y,8,0,0,,virtual_dummy.xlsx,L52_공급조건·주문가능,2026-10-05T01:15
PH_DUMMY_01,2026-08-20,VC,주 1회(화요일),전주 금요일,300000,N,0,0,,,virtual_dummy.xlsx,L52_공급조건·주문가능,2026-10-05T01:15
PH_DUMMY_01,2026-08-21,VA,"하루 2회(오전·오후), 월~토",11:00 / 16:00,0,Y,24,0,0,,virtual_dummy.xlsx,L52_공급조건·주문가능,2026-10-05T01:15
PH_DUMMY_01,2026-08-21,VB,"하루 1회, 월~금",15:00,100000,Y,8,0,0,,virtual_dummy.xlsx,L52_공급조건·주문가능,2026-10-05T01:15
PH_DUMMY_01,2026-08-21,VC,주 1회(화요일),전주 금요일,300000,N,0,0,,,virtual_dummy.xlsx,L52_공급조건·주문가능,2026-10-05T01:15
PH_DUMMY_01,2026-08-22,VA,"하루 2회(오전·오후), 월~토",11:00 / 16:00,0,Y,25,1,0.04,,virtual_dummy.xlsx,L52_공급조건·주문가능,2026-10-05T01:15
PH_DUMMY_01,2026-08-22,VB,"하루 1회, 월~금",15:00,100000,N,8,0,0,,virtual_dummy.xlsx,L52_공급조건·주문가능,2026-10-05T01:15
PH_DUMMY_01,2026-08-22,VC,주 1회(화요일),전주 금요일,300000,N,0,0,,,virtual_dummy.xlsx,L52_공급조건·주문가능,2026-10-05T01:15
PH_DUMMY_01,2026-08-23,VA,"하루 2회(오전·오후), 월~토",11:00 / 16:00,0,N,0,0,,,virtual_dummy.xlsx,L52_공급조건·주문가능,2026-10-05T01:15
PH_DUMMY_01,2026-08-23,VB,"하루 1회, 월~금",15:00,100000,N,0,0,,,virtual_dummy.xlsx,L52_공급조건·주문가능,2026-10-05T01:15
PH_DUMMY_01,2026-08-23,VC,주 1회(화요일),전주 금요일,300000,N,0,0,,,virtual_dummy.xlsx,L52_공급조건·주문가능,2026-10-05T01:15
PH_DUMMY_01,2026-08-24,VA,"하루 2회(오전·오후), 월~토",11:00 / 16:00,0,Y,40,0,0,,virtual_dummy.xlsx,L52_공급조건·주문가능,2026-10-05T01:15
PH_DUMMY_01,2026-08-24,VB,"하루 1회, 월~금",15:00,100000,Y,14,2,0.143,,virtual_dummy.xlsx,L52_공급조건·주문가능,2026-10-05T01:15
PH_DUMMY_01,2026-08-24,VC,주 1회(화요일),전주 금요일,300000,N,2,0,0,,virtual_dummy.xlsx,L52_공급조건·주문가능,2026-10-05T01:15
PH_DUMMY_01,2026-08-25,VA,"하루 2회(오전·오후), 월~토",11:00 / 16:00,0,Y,17,0,0,,virtual_dummy.xlsx,L52_공급조건·주문가능,2026-10-05T01:15
PH_DUMMY_01,2026-08-25,VB,"하루 1회, 월~금",15:00,100000,Y,9,0,0,,virtual_dummy.xlsx,L52_공급조건·주문가능,2026-10-05T01:15
PH_DUMMY_01,2026-08-25,VC,주 1회(화요일),전주 금요일,300000,Y,10,0,0,,virtual_dummy.xlsx,L52_공급조건·주문가능,2026-10-05T01:15
PH_DUMMY_01,2026-08-26,VA,"하루 2회(오전·오후), 월~토",11:00 / 16:00,0,Y,16,0,0,,virtual_dummy.xlsx,L52_공급조건·주문가능,2026-10-05T01:15
PH_DUMMY_01,2026-08-26,VB,"하루 1회, 월~금",15:00,100000,Y,5,0,0,,virtual_dummy.xlsx,L52_공급조건·주문가능,2026-10-05T01:15
PH_DUMMY_01,2026-08-26,VC,주 1회(화요일),전주 금요일,300000,N,1,0,0,,virtual_dummy.xlsx,L52_공급조건·주문가능,2026-10-05T01:15
PH_DUMMY_01,2026-08-27,VA,"하루 2회(오전·오후), 월~토",11:00 / 16:00,0,Y,24,1,0.042,,virtual_dummy.xlsx,L52_공급조건·주문가능,2026-10-05T01:15
PH_DUMMY_01,2026-08-27,VB,"하루 1회, 월~금",15:00,100000,Y,12,2,0.167,,virtual_dummy.xlsx,L52_공급조건·주문가능,2026-10-05T01:15
PH_DUMMY_01,2026-08-27,VC,주 1회(화요일),전주 금요일,300000,N,0,0,,,virtual_dummy.xlsx,L52_공급조건·주문가능,2026-10-05T01:15
PH_DUMMY_01,2026-08-28,VA,"하루 2회(오전·오후), 월~토",11:00 / 16:00,0,Y,30,1,0.033,,virtual_dummy.xlsx,L52_공급조건·주문가능,2026-10-05T01:15
PH_DUMMY_01,2026-08-28,VB,"하루 1회, 월~금",15:00,100000,Y,3,0,0,,virtual_dummy.xlsx,L52_공급조건·주문가능,2026-10-05T01:15
PH_DUMMY_01,2026-08-28,VC,주 1회(화요일),전주 금요일,300000,N,1,0,0,,virtual_dummy.xlsx,L52_공급조건·주문가능,2026-10-05T01:15
PH_DUMMY_01,2026-08-29,VA,"하루 2회(오전·오후), 월~토",11:00 / 16:00,0,Y,18,1,0.056,,virtual_dummy.xlsx,L52_공급조건·주문가능,2026-10-05T01:15
PH_DUMMY_01,2026-08-29,VB,"하루 1회, 월~금",15:00,100000,N,6,0,0,,virtual_dummy.xlsx,L52_공급조건·주문가능,2026-10-05T01:15
PH_DUMMY_01,2026-08-29,VC,주 1회(화요일),전주 금요일,300000,N,0,0,,,virtual_dummy.xlsx,L52_공급조건·주문가능,2026-10-05T01:15
PH_DUMMY_01,2026-08-30,VA,"하루 2회(오전·오후), 월~토",11:00 / 16:00,0,N,0,0,,,virtual_dummy.xlsx,L52_공급조건·주문가능,2026-10-05T01:15
PH_DUMMY_01,2026-08-30,VB,"하루 1회, 월~금",15:00,100000,N,0,0,,,virtual_dummy.xlsx,L52_공급조건·주문가능,2026-10-05T01:15
PH_DUMMY_01,2026-08-30,VC,주 1회(화요일),전주 금요일,300000,N,0,0,,,virtual_dummy.xlsx,L52_공급조건·주문가능,2026-10-05T01:15
PH_DUMMY_01,2026-08-31,VA,"하루 2회(오전·오후), 월~토",11:00 / 16:00,0,Y,41,2,0.049,,virtual_dummy.xlsx,L52_공급조건·주문가능,2026-10-05T01:15
PH_DUMMY_01,2026-08-31,VB,"하루 1회, 월~금",15:00,100000,Y,12,0,0,,virtual_dummy.xlsx,L52_공급조건·주문가능,2026-10-05T01:15
PH_DUMMY_01,2026-08-31,VC,주 1회(화요일),전주 금요일,300000,N,1,0,0,,virtual_dummy.xlsx,L52_공급조건·주문가능,2026-10-05T01:15
PH_DUMMY_01,2026-09-01,VA,"하루 2회(오전·오후), 월~토",11:00 / 16:00,0,Y,21,0,0,,virtual_dummy.xlsx,L52_공급조건·주문가능,2026-10-05T01:15
PH_DUMMY_01,2026-09-01,VB,"하루 1회, 월~금",15:00,100000,Y,7,0,0,,virtual_dummy.xlsx,L52_공급조건·주문가능,2026-10-05T01:15
PH_DUMMY_01,2026-09-01,VC,주 1회(화요일),전주 금요일,300000,Y,4,0,0,,virtual_dummy.xlsx,L52_공급조건·주문가능,2026-10-05T01:15
PH_DUMMY_01,2026-09-02,VA,"하루 2회(오전·오후), 월~토",11:00 / 16:00,0,Y,27,1,0.037,,virtual_dummy.xlsx,L52_공급조건·주문가능,2026-10-05T01:15
PH_DUMMY_01,2026-09-02,VB,"하루 1회, 월~금",15:00,100000,Y,7,1,0.143,,virtual_dummy.xlsx,L52_공급조건·주문가능,2026-10-05T01:15
PH_DUMMY_01,2026-09-02,VC,주 1회(화요일),전주 금요일,300000,N,0,0,,,virtual_dummy.xlsx,L52_공급조건·주문가능,2026-10-05T01:15
PH_DUMMY_01,2026-09-03,VA,"하루 2회(오전·오후), 월~토",11:00 / 16:00,0,Y,25,1,0.04,,virtual_dummy.xlsx,L52_공급조건·주문가능,2026-10-05T01:15
PH_DUMMY_01,2026-09-03,VB,"하루 1회, 월~금",15:00,100000,Y,10,0,0,,virtual_dummy.xlsx,L52_공급조건·주문가능,2026-10-05T01:15
PH_DUMMY_01,2026-09-03,VC,주 1회(화요일),전주 금요일,300000,N,0,0,,,virtual_dummy.xlsx,L52_공급조건·주문가능,2026-10-05T01:15
PH_DUMMY_01,2026-09-04,VA,"하루 2회(오전·오후), 월~토",11:00 / 16:00,0,Y,24,2,0.083,,virtual_dummy.xlsx,L52_공급조건·주문가능,2026-10-05T01:15
PH_DUMMY_01,2026-09-04,VB,"하루 1회, 월~금",15:00,100000,Y,7,0,0,,virtual_dummy.xlsx,L52_공급조건·주문가능,2026-10-05T01:15
PH_DUMMY_01,2026-09-04,VC,주 1회(화요일),전주 금요일,300000,N,0,0,,,virtual_dummy.xlsx,L52_공급조건·주문가능,2026-10-05T01:15
PH_DUMMY_01,2026-09-05,VA,"하루 2회(오전·오후), 월~토",11:00 / 16:00,0,Y,17,0,0,,virtual_dummy.xlsx,L52_공급조건·주문가능,2026-10-05T01:15
PH_DUMMY_01,2026-09-05,VB,"하루 1회, 월~금",15:00,100000,N,4,0,0,,virtual_dummy.xlsx,L52_공급조건·주문가능,2026-10-05T01:15
PH_DUMMY_01,2026-09-05,VC,주 1회(화요일),전주 금요일,300000,N,0,0,,,virtual_dummy.xlsx,L52_공급조건·주문가능,2026-10-05T01:15
PH_DUMMY_01,2026-09-06,VA,"하루 2회(오전·오후), 월~토",11:00 / 16:00,0,N,0,0,,,virtual_dummy.xlsx,L52_공급조건·주문가능,2026-10-05T01:15
PH_DUMMY_01,2026-09-06,VB,"하루 1회, 월~금",15:00,100000,N,0,0,,,virtual_dummy.xlsx,L52_공급조건·주문가능,2026-10-05T01:15
PH_DUMMY_01,2026-09-06,VC,주 1회(화요일),전주 금요일,300000,N,0,0,,,virtual_dummy.xlsx,L52_공급조건·주문가능,2026-10-05T01:15
PH_DUMMY_01,2026-09-07,VA,"하루 2회(오전·오후), 월~토",11:00 / 16:00,0,Y,47,0,0,,virtual_dummy.xlsx,L52_공급조건·주문가능,2026-10-05T01:15
PH_DUMMY_01,2026-09-07,VB,"하루 1회, 월~금",15:00,100000,Y,14,0,0,,virtual_dummy.xlsx,L52_공급조건·주문가능,2026-10-05T01:15
PH_DUMMY_01,2026-09-07,VC,주 1회(화요일),전주 금요일,300000,N,1,0,0,,virtual_dummy.xlsx,L52_공급조건·주문가능,2026-10-05T01:15
PH_DUMMY_01,2026-09-08,VA,"하루 2회(오전·오후), 월~토",11:00 / 16:00,0,Y,23,0,0,,virtual_dummy.xlsx,L52_공급조건·주문가능,2026-10-05T01:15
PH_DUMMY_01,2026-09-08,VB,"하루 1회, 월~금",15:00,100000,Y,11,0,0,,virtual_dummy.xlsx,L52_공급조건·주문가능,2026-10-05T01:15
PH_DUMMY_01,2026-09-08,VC,주 1회(화요일),전주 금요일,300000,Y,12,0,0,,virtual_dummy.xlsx,L52_공급조건·주문가능,2026-10-05T01:15
PH_DUMMY_01,2026-09-09,VA,"하루 2회(오전·오후), 월~토",11:00 / 16:00,0,Y,28,0,0,,virtual_dummy.xlsx,L52_공급조건·주문가능,2026-10-05T01:15
PH_DUMMY_01,2026-09-09,VB,"하루 1회, 월~금",15:00,100000,Y,6,0,0,,virtual_dummy.xlsx,L52_공급조건·주문가능,2026-10-05T01:15
PH_DUMMY_01,2026-09-09,VC,주 1회(화요일),전주 금요일,300000,N,0,0,,,virtual_dummy.xlsx,L52_공급조건·주문가능,2026-10-05T01:15
PH_DUMMY_01,2026-09-10,VA,"하루 2회(오전·오후), 월~토",11:00 / 16:00,0,Y,14,2,0.143,,virtual_dummy.xlsx,L52_공급조건·주문가능,2026-10-05T01:15
PH_DUMMY_01,2026-09-10,VB,"하루 1회, 월~금",15:00,100000,Y,4,0,0,,virtual_dummy.xlsx,L52_공급조건·주문가능,2026-10-05T01:15
PH_DUMMY_01,2026-09-10,VC,주 1회(화요일),전주 금요일,300000,N,0,0,,,virtual_dummy.xlsx,L52_공급조건·주문가능,2026-10-05T01:15
PH_DUMMY_01,2026-09-11,VA,"하루 2회(오전·오후), 월~토",11:00 / 16:00,0,Y,24,0,0,,virtual_dummy.xlsx,L52_공급조건·주문가능,2026-10-05T01:15
PH_DUMMY_01,2026-09-11,VB,"하루 1회, 월~금",15:00,100000,Y,6,0,0,,virtual_dummy.xlsx,L52_공급조건·주문가능,2026-10-05T01:15
PH_DUMMY_01,2026-09-11,VC,주 1회(화요일),전주 금요일,300000,N,0,0,,,virtual_dummy.xlsx,L52_공급조건·주문가능,2026-10-05T01:15
PH_DUMMY_01,2026-09-12,VA,"하루 2회(오전·오후), 월~토",11:00 / 16:00,0,Y,24,1,0.042,,virtual_dummy.xlsx,L52_공급조건·주문가능,2026-10-05T01:15
PH_DUMMY_01,2026-09-12,VB,"하루 1회, 월~금",15:00,100000,N,2,1,0.5,,virtual_dummy.xlsx,L52_공급조건·주문가능,2026-10-05T01:15
PH_DUMMY_01,2026-09-12,VC,주 1회(화요일),전주 금요일,300000,N,0,0,,,virtual_dummy.xlsx,L52_공급조건·주문가능,2026-10-05T01:15
PH_DUMMY_01,2026-09-13,VA,"하루 2회(오전·오후), 월~토",11:00 / 16:00,0,N,0,0,,,virtual_dummy.xlsx,L52_공급조건·주문가능,2026-10-05T01:15
PH_DUMMY_01,2026-09-13,VB,"하루 1회, 월~금",15:00,100000,N,0,0,,,virtual_dummy.xlsx,L52_공급조건·주문가능,2026-10-05T01:15
PH_DUMMY_01,2026-09-13,VC,주 1회(화요일),전주 금요일,300000,N,0,0,,,virtual_dummy.xlsx,L52_공급조건·주문가능,2026-10-05T01:15
PH_DUMMY_01,2026-09-14,VA,"하루 2회(오전·오후), 월~토",11:00 / 16:00,0,Y,45,0,0,,virtual_dummy.xlsx,L52_공급조건·주문가능,2026-10-05T01:15
PH_DUMMY_01,2026-09-14,VB,"하루 1회, 월~금",15:00,100000,Y,13,0,0,,virtual_dummy.xlsx,L52_공급조건·주문가능,2026-10-05T01:15
PH_DUMMY_01,2026-09-14,VC,주 1회(화요일),전주 금요일,300000,N,1,0,0,,virtual_dummy.xlsx,L52_공급조건·주문가능,2026-10-05T01:15
PH_DUMMY_01,2026-09-15,VA,"하루 2회(오전·오후), 월~토",11:00 / 16:00,0,Y,19,1,0.053,,virtual_dummy.xlsx,L52_공급조건·주문가능,2026-10-05T01:15
PH_DUMMY_01,2026-09-15,VB,"하루 1회, 월~금",15:00,100000,Y,8,1,0.125,,virtual_dummy.xlsx,L52_공급조건·주문가능,2026-10-05T01:15
PH_DUMMY_01,2026-09-15,VC,주 1회(화요일),전주 금요일,300000,Y,5,0,0,,virtual_dummy.xlsx,L52_공급조건·주문가능,2026-10-05T01:15
PH_DUMMY_01,2026-09-16,VA,"하루 2회(오전·오후), 월~토",11:00 / 16:00,0,Y,19,1,0.053,,virtual_dummy.xlsx,L52_공급조건·주문가능,2026-10-05T01:15
PH_DUMMY_01,2026-09-16,VB,"하루 1회, 월~금",15:00,100000,Y,4,0,0,,virtual_dummy.xlsx,L52_공급조건·주문가능,2026-10-05T01:15
PH_DUMMY_01,2026-09-16,VC,주 1회(화요일),전주 금요일,300000,N,0,0,,,virtual_dummy.xlsx,L52_공급조건·주문가능,2026-10-05T01:15
PH_DUMMY_01,2026-09-17,VA,"하루 2회(오전·오후), 월~토",11:00 / 16:00,0,Y,30,1,0.033,,virtual_dummy.xlsx,L52_공급조건·주문가능,2026-10-05T01:15
PH_DUMMY_01,2026-09-17,VB,"하루 1회, 월~금",15:00,100000,Y,5,1,0.2,,virtual_dummy.xlsx,L52_공급조건·주문가능,2026-10-05T01:15
PH_DUMMY_01,2026-09-17,VC,주 1회(화요일),전주 금요일,300000,N,0,0,,,virtual_dummy.xlsx,L52_공급조건·주문가능,2026-10-05T01:15
PH_DUMMY_01,2026-09-18,VA,"하루 2회(오전·오후), 월~토",11:00 / 16:00,0,Y,23,1,0.043,,virtual_dummy.xlsx,L52_공급조건·주문가능,2026-10-05T01:15
PH_DUMMY_01,2026-09-18,VB,"하루 1회, 월~금",15:00,100000,Y,4,0,0,,virtual_dummy.xlsx,L52_공급조건·주문가능,2026-10-05T01:15
PH_DUMMY_01,2026-09-18,VC,주 1회(화요일),전주 금요일,300000,N,0,0,,,virtual_dummy.xlsx,L52_공급조건·주문가능,2026-10-05T01:15
PH_DUMMY_01,2026-09-19,VA,"하루 2회(오전·오후), 월~토",11:00 / 16:00,0,Y,16,1,0.062,,virtual_dummy.xlsx,L52_공급조건·주문가능,2026-10-05T01:15
PH_DUMMY_01,2026-09-19,VB,"하루 1회, 월~금",15:00,100000,N,6,0,0,,virtual_dummy.xlsx,L52_공급조건·주문가능,2026-10-05T01:15
PH_DUMMY_01,2026-09-19,VC,주 1회(화요일),전주 금요일,300000,N,0,0,,,virtual_dummy.xlsx,L52_공급조건·주문가능,2026-10-05T01:15
PH_DUMMY_01,2026-09-20,VA,"하루 2회(오전·오후), 월~토",11:00 / 16:00,0,N,0,0,,,virtual_dummy.xlsx,L52_공급조건·주문가능,2026-10-05T01:15
PH_DUMMY_01,2026-09-20,VB,"하루 1회, 월~금",15:00,100000,N,0,0,,,virtual_dummy.xlsx,L52_공급조건·주문가능,2026-10-05T01:15
PH_DUMMY_01,2026-09-20,VC,주 1회(화요일),전주 금요일,300000,N,0,0,,,virtual_dummy.xlsx,L52_공급조건·주문가능,2026-10-05T01:15
PH_DUMMY_01,2026-09-21,VA,"하루 2회(오전·오후), 월~토",11:00 / 16:00,0,Y,45,3,0.067,,virtual_dummy.xlsx,L52_공급조건·주문가능,2026-10-05T01:15
PH_DUMMY_01,2026-09-21,VB,"하루 1회, 월~금",15:00,100000,Y,9,1,0.111,,virtual_dummy.xlsx,L52_공급조건·주문가능,2026-10-05T01:15
PH_DUMMY_01,2026-09-21,VC,주 1회(화요일),전주 금요일,300000,N,1,0,0,,virtual_dummy.xlsx,L52_공급조건·주문가능,2026-10-05T01:15
PH_DUMMY_01,2026-09-22,VA,"하루 2회(오전·오후), 월~토",11:00 / 16:00,0,Y,17,0,0,,virtual_dummy.xlsx,L52_공급조건·주문가능,2026-10-05T01:15
PH_DUMMY_01,2026-09-22,VB,"하루 1회, 월~금",15:00,100000,Y,8,0,0,,virtual_dummy.xlsx,L52_공급조건·주문가능,2026-10-05T01:15
PH_DUMMY_01,2026-09-22,VC,주 1회(화요일),전주 금요일,300000,Y,5,0,0,,virtual_dummy.xlsx,L52_공급조건·주문가능,2026-10-05T01:15
PH_DUMMY_01,2026-09-23,VA,"하루 2회(오전·오후), 월~토",11:00 / 16:00,0,Y,18,1,0.056,,virtual_dummy.xlsx,L52_공급조건·주문가능,2026-10-05T01:15
PH_DUMMY_01,2026-09-23,VB,"하루 1회, 월~금",15:00,100000,Y,8,0,0,,virtual_dummy.xlsx,L52_공급조건·주문가능,2026-10-05T01:15
PH_DUMMY_01,2026-09-23,VC,주 1회(화요일),전주 금요일,300000,N,0,0,,,virtual_dummy.xlsx,L52_공급조건·주문가능,2026-10-05T01:15
PH_DUMMY_01,2026-09-24,VA,"하루 2회(오전·오후), 월~토",11:00 / 16:00,0,N,0,0,,,virtual_dummy.xlsx,L52_공급조건·주문가능,2026-10-05T01:15
PH_DUMMY_01,2026-09-24,VB,"하루 1회, 월~금",15:00,100000,N,0,0,,,virtual_dummy.xlsx,L52_공급조건·주문가능,2026-10-05T01:15
PH_DUMMY_01,2026-09-24,VC,주 1회(화요일),전주 금요일,300000,N,0,0,,,virtual_dummy.xlsx,L52_공급조건·주문가능,2026-10-05T01:15
PH_DUMMY_01,2026-09-25,VA,"하루 2회(오전·오후), 월~토",11:00 / 16:00,0,N,0,0,,,virtual_dummy.xlsx,L52_공급조건·주문가능,2026-10-05T01:15
PH_DUMMY_01,2026-09-25,VB,"하루 1회, 월~금",15:00,100000,N,0,0,,,virtual_dummy.xlsx,L52_공급조건·주문가능,2026-10-05T01:15
PH_DUMMY_01,2026-09-25,VC,주 1회(화요일),전주 금요일,300000,N,0,0,,,virtual_dummy.xlsx,L52_공급조건·주문가능,2026-10-05T01:15
PH_DUMMY_01,2026-09-26,VA,"하루 2회(오전·오후), 월~토",11:00 / 16:00,0,N,0,0,,,virtual_dummy.xlsx,L52_공급조건·주문가능,2026-10-05T01:15
PH_DUMMY_01,2026-09-26,VB,"하루 1회, 월~금",15:00,100000,N,0,0,,,virtual_dummy.xlsx,L52_공급조건·주문가능,2026-10-05T01:15
PH_DUMMY_01,2026-09-26,VC,주 1회(화요일),전주 금요일,300000,N,0,0,,,virtual_dummy.xlsx,L52_공급조건·주문가능,2026-10-05T01:15
PH_DUMMY_01,2026-09-27,VA,"하루 2회(오전·오후), 월~토",11:00 / 16:00,0,N,0,0,,,virtual_dummy.xlsx,L52_공급조건·주문가능,2026-10-05T01:15
PH_DUMMY_01,2026-09-27,VB,"하루 1회, 월~금",15:00,100000,N,0,0,,,virtual_dummy.xlsx,L52_공급조건·주문가능,2026-10-05T01:15
PH_DUMMY_01,2026-09-27,VC,주 1회(화요일),전주 금요일,300000,N,0,0,,,virtual_dummy.xlsx,L52_공급조건·주문가능,2026-10-05T01:15
PH_DUMMY_01,2026-09-28,VA,"하루 2회(오전·오후), 월~토",11:00 / 16:00,0,Y,51,1,0.02,,virtual_dummy.xlsx,L52_공급조건·주문가능,2026-10-05T01:15
PH_DUMMY_01,2026-09-28,VB,"하루 1회, 월~금",15:00,100000,Y,20,0,0,,virtual_dummy.xlsx,L52_공급조건·주문가능,2026-10-05T01:15
PH_DUMMY_01,2026-09-28,VC,주 1회(화요일),전주 금요일,300000,N,0,0,,,virtual_dummy.xlsx,L52_공급조건·주문가능,2026-10-05T01:15
PH_DUMMY_01,2026-09-29,VA,"하루 2회(오전·오후), 월~토",11:00 / 16:00,0,Y,15,2,0.133,,virtual_dummy.xlsx,L52_공급조건·주문가능,2026-10-05T01:15
PH_DUMMY_01,2026-09-29,VB,"하루 1회, 월~금",15:00,100000,Y,6,0,0,,virtual_dummy.xlsx,L52_공급조건·주문가능,2026-10-05T01:15
PH_DUMMY_01,2026-09-29,VC,주 1회(화요일),전주 금요일,300000,Y,5,0,0,,virtual_dummy.xlsx,L52_공급조건·주문가능,2026-10-05T01:15
PH_DUMMY_01,2026-09-30,VA,"하루 2회(오전·오후), 월~토",11:00 / 16:00,0,Y,23,2,0.087,,virtual_dummy.xlsx,L52_공급조건·주문가능,2026-10-05T01:15
PH_DUMMY_01,2026-09-30,VB,"하루 1회, 월~금",15:00,100000,Y,4,0,0,,virtual_dummy.xlsx,L52_공급조건·주문가능,2026-10-05T01:15
PH_DUMMY_01,2026-09-30,VC,주 1회(화요일),전주 금요일,300000,N,0,0,,,virtual_dummy.xlsx,L52_공급조건·주문가능,2026-10-05T01:15
PH_DUMMY_01,2026-10-01,VA,"하루 2회(오전·오후), 월~토",11:00 / 16:00,0,Y,21,0,0,,virtual_dummy.xlsx,L52_공급조건·주문가능,2026-10-05T01:15
PH_DUMMY_01,2026-10-01,VB,"하루 1회, 월~금",15:00,100000,Y,6,0,0,,virtual_dummy.xlsx,L52_공급조건·주문가능,2026-10-05T01:15
PH_DUMMY_01,2026-10-01,VC,주 1회(화요일),전주 금요일,300000,N,0,0,,,virtual_dummy.xlsx,L52_공급조건·주문가능,2026-10-05T01:15
PH_DUMMY_01,2026-10-02,VA,"하루 2회(오전·오후), 월~토",11:00 / 16:00,0,Y,26,1,0.038,,virtual_dummy.xlsx,L52_공급조건·주문가능,2026-10-05T01:15
PH_DUMMY_01,2026-10-02,VB,"하루 1회, 월~금",15:00,100000,Y,1,0,0,,virtual_dummy.xlsx,L52_공급조건·주문가능,2026-10-05T01:15
PH_DUMMY_01,2026-10-02,VC,주 1회(화요일),전주 금요일,300000,N,0,0,,,virtual_dummy.xlsx,L52_공급조건·주문가능,2026-10-05T01:15
PH_DUMMY_01,2026-10-03,VA,"하루 2회(오전·오후), 월~토",11:00 / 16:00,0,N,0,0,,,virtual_dummy.xlsx,L52_공급조건·주문가능,2026-10-05T01:15
PH_DUMMY_01,2026-10-03,VB,"하루 1회, 월~금",15:00,100000,N,0,0,,,virtual_dummy.xlsx,L52_공급조건·주문가능,2026-10-05T01:15
PH_DUMMY_01,2026-10-03,VC,주 1회(화요일),전주 금요일,300000,N,0,0,,,virtual_dummy.xlsx,L52_공급조건·주문가능,2026-10-05T01:15
PH_DUMMY_01,2026-10-04,VA,"하루 2회(오전·오후), 월~토",11:00 / 16:00,0,N,0,0,,,virtual_dummy.xlsx,L52_공급조건·주문가능,2026-10-05T01:15
PH_DUMMY_01,2026-10-04,VB,"하루 1회, 월~금",15:00,100000,N,0,0,,,virtual_dummy.xlsx,L52_공급조건·주문가능,2026-10-05T01:15
PH_DUMMY_01,2026-10-04,VC,주 1회(화요일),전주 금요일,300000,N,0,0,,,virtual_dummy.xlsx,L52_공급조건·주문가능,2026-10-05T01:15
PH_DUMMY_01,2026-10-05,VA,"하루 2회(오전·오후), 월~토",11:00 / 16:00,0,N,0,0,,,virtual_dummy.xlsx,L52_공급조건·주문가능,2026-10-05T01:15
PH_DUMMY_01,2026-10-05,VB,"하루 1회, 월~금",15:00,100000,N,0,0,,,virtual_dummy.xlsx,L52_공급조건·주문가능,2026-10-05T01:15
PH_DUMMY_01,2026-10-05,VC,주 1회(화요일),전주 금요일,300000,N,0,0,,,virtual_dummy.xlsx,L52_공급조건·주문가능,2026-10-05T01:15
PH_DUMMY_01,2026-10-06,VA,"하루 2회(오전·오후), 월~토",11:00 / 16:00,0,Y,53,3,0.057,,virtual_dummy.xlsx,L52_공급조건·주문가능,2026-10-05T01:15
PH_DUMMY_01,2026-10-06,VB,"하루 1회, 월~금",15:00,100000,Y,18,0,0,,virtual_dummy.xlsx,L52_공급조건·주문가능,2026-10-05T01:15
PH_DUMMY_01,2026-10-06,VC,주 1회(화요일),전주 금요일,300000,Y,3,0,0,,virtual_dummy.xlsx,L52_공급조건·주문가능,2026-10-05T01:15
PH_DUMMY_01,2026-10-07,VA,"하루 2회(오전·오후), 월~토",11:00 / 16:00,0,Y,20,1,0.05,,virtual_dummy.xlsx,L52_공급조건·주문가능,2026-10-05T01:15
PH_DUMMY_01,2026-10-07,VB,"하루 1회, 월~금",15:00,100000,Y,9,1,0.111,,virtual_dummy.xlsx,L52_공급조건·주문가능,2026-10-05T01:15
PH_DUMMY_01,2026-10-07,VC,주 1회(화요일),전주 금요일,300000,N,0,0,,,virtual_dummy.xlsx,L52_공급조건·주문가능,2026-10-05T01:15
PH_DUMMY_01,2026-10-08,VA,"하루 2회(오전·오후), 월~토",11:00 / 16:00,0,Y,19,0,0,,virtual_dummy.xlsx,L52_공급조건·주문가능,2026-10-05T01:15
PH_DUMMY_01,2026-10-08,VB,"하루 1회, 월~금",15:00,100000,Y,3,0,0,,virtual_dummy.xlsx,L52_공급조건·주문가능,2026-10-05T01:15
PH_DUMMY_01,2026-10-08,VC,주 1회(화요일),전주 금요일,300000,N,0,0,,,virtual_dummy.xlsx,L52_공급조건·주문가능,2026-10-05T01:15
PH_DUMMY_01,2026-10-09,VA,"하루 2회(오전·오후), 월~토",11:00 / 16:00,0,N,0,0,,,virtual_dummy.xlsx,L52_공급조건·주문가능,2026-10-05T01:15
PH_DUMMY_01,2026-10-09,VB,"하루 1회, 월~금",15:00,100000,N,0,0,,,virtual_dummy.xlsx,L52_공급조건·주문가능,2026-10-05T01:15
PH_DUMMY_01,2026-10-09,VC,주 1회(화요일),전주 금요일,300000,N,0,0,,,virtual_dummy.xlsx,L52_공급조건·주문가능,2026-10-05T01:15
PH_DUMMY_01,2026-10-10,VA,"하루 2회(오전·오후), 월~토",11:00 / 16:00,0,Y,17,0,0,,virtual_dummy.xlsx,L52_공급조건·주문가능,2026-10-05T01:15
PH_DUMMY_01,2026-10-10,VB,"하루 1회, 월~금",15:00,100000,N,6,0,0,,virtual_dummy.xlsx,L52_공급조건·주문가능,2026-10-05T01:15
PH_DUMMY_01,2026-10-10,VC,주 1회(화요일),전주 금요일,300000,N,0,0,,,virtual_dummy.xlsx,L52_공급조건·주문가능,2026-10-05T01:15
PH_DUMMY_01,2026-10-11,VA,"하루 2회(오전·오후), 월~토",11:00 / 16:00,0,N,0,0,,,virtual_dummy.xlsx,L52_공급조건·주문가능,2026-10-05T01:15
PH_DUMMY_01,2026-10-11,VB,"하루 1회, 월~금",15:00,100000,N,0,0,,,virtual_dummy.xlsx,L52_공급조건·주문가능,2026-10-05T01:15
PH_DUMMY_01,2026-10-11,VC,주 1회(화요일),전주 금요일,300000,N,0,0,,,virtual_dummy.xlsx,L52_공급조건·주문가능,2026-10-05T01:15
PH_DUMMY_01,2026-10-12,VA,"하루 2회(오전·오후), 월~토",11:00 / 16:00,0,Y,47,0,0,,virtual_dummy.xlsx,L52_공급조건·주문가능,2026-10-05T01:15
PH_DUMMY_01,2026-10-12,VB,"하루 1회, 월~금",15:00,100000,Y,19,1,0.053,,virtual_dummy.xlsx,L52_공급조건·주문가능,2026-10-05T01:15
PH_DUMMY_01,2026-10-12,VC,주 1회(화요일),전주 금요일,300000,N,0,0,,,virtual_dummy.xlsx,L52_공급조건·주문가능,2026-10-05T01:15
PH_DUMMY_01,2026-10-13,VA,"하루 2회(오전·오후), 월~토",11:00 / 16:00,0,Y,26,0,0,,virtual_dummy.xlsx,L52_공급조건·주문가능,2026-10-05T01:15
PH_DUMMY_01,2026-10-13,VB,"하루 1회, 월~금",15:00,100000,Y,8,0,0,,virtual_dummy.xlsx,L52_공급조건·주문가능,2026-10-05T01:15
PH_DUMMY_01,2026-10-13,VC,주 1회(화요일),전주 금요일,300000,Y,6,0,0,,virtual_dummy.xlsx,L52_공급조건·주문가능,2026-10-05T01:15
PH_DUMMY_01,2026-10-14,VA,"하루 2회(오전·오후), 월~토",11:00 / 16:00,0,Y,21,0,0,,virtual_dummy.xlsx,L52_공급조건·주문가능,2026-10-05T01:15
PH_DUMMY_01,2026-10-14,VB,"하루 1회, 월~금",15:00,100000,Y,8,0,0,,virtual_dummy.xlsx,L52_공급조건·주문가능,2026-10-05T01:15
PH_DUMMY_01,2026-10-14,VC,주 1회(화요일),전주 금요일,300000,N,0,0,,,virtual_dummy.xlsx,L52_공급조건·주문가능,2026-10-05T01:15
PH_DUMMY_01,2026-10-15,VA,"하루 2회(오전·오후), 월~토",11:00 / 16:00,0,Y,12,0,0,,virtual_dummy.xlsx,L52_공급조건·주문가능,2026-10-05T01:15
PH_DUMMY_01,2026-10-15,VB,"하루 1회, 월~금",15:00,100000,Y,7,0,0,,virtual_dummy.xlsx,L52_공급조건·주문가능,2026-10-05T01:15
PH_DUMMY_01,2026-10-15,VC,주 1회(화요일),전주 금요일,300000,N,0,0,,,virtual_dummy.xlsx,L52_공급조건·주문가능,2026-10-05T01:15
PH_DUMMY_01,2026-10-16,VA,"하루 2회(오전·오후), 월~토",11:00 / 16:00,0,Y,20,0,0,,virtual_dummy.xlsx,L52_공급조건·주문가능,2026-10-05T01:15
PH_DUMMY_01,2026-10-16,VB,"하루 1회, 월~금",15:00,100000,Y,9,0,0,,virtual_dummy.xlsx,L52_공급조건·주문가능,2026-10-05T01:15
PH_DUMMY_01,2026-10-16,VC,주 1회(화요일),전주 금요일,300000,N,0,0,,,virtual_dummy.xlsx,L52_공급조건·주문가능,2026-10-05T01:15
PH_DUMMY_01,2026-10-17,VA,"하루 2회(오전·오후), 월~토",11:00 / 16:00,0,Y,27,0,0,,virtual_dummy.xlsx,L52_공급조건·주문가능,2026-10-05T01:15
PH_DUMMY_01,2026-10-17,VB,"하루 1회, 월~금",15:00,100000,N,9,0,0,,virtual_dummy.xlsx,L52_공급조건·주문가능,2026-10-05T01:15
PH_DUMMY_01,2026-10-17,VC,주 1회(화요일),전주 금요일,300000,N,1,0,0,,virtual_dummy.xlsx,L52_공급조건·주문가능,2026-10-05T01:15
PH_DUMMY_01,2026-10-18,VA,"하루 2회(오전·오후), 월~토",11:00 / 16:00,0,N,0,0,,,virtual_dummy.xlsx,L52_공급조건·주문가능,2026-10-05T01:15
PH_DUMMY_01,2026-10-18,VB,"하루 1회, 월~금",15:00,100000,N,0,0,,,virtual_dummy.xlsx,L52_공급조건·주문가능,2026-10-05T01:15
PH_DUMMY_01,2026-10-18,VC,주 1회(화요일),전주 금요일,300000,N,0,0,,,virtual_dummy.xlsx,L52_공급조건·주문가능,2026-10-05T01:15
PH_DUMMY_01,2026-10-19,VA,"하루 2회(오전·오후), 월~토",11:00 / 16:00,0,Y,36,1,0.028,,virtual_dummy.xlsx,L52_공급조건·주문가능,2026-10-05T01:15
PH_DUMMY_01,2026-10-19,VB,"하루 1회, 월~금",15:00,100000,Y,16,1,0.062,,virtual_dummy.xlsx,L52_공급조건·주문가능,2026-10-05T01:15
PH_DUMMY_01,2026-10-19,VC,주 1회(화요일),전주 금요일,300000,N,2,0,0,,virtual_dummy.xlsx,L52_공급조건·주문가능,2026-10-05T01:15
PH_DUMMY_01,2026-10-20,VA,"하루 2회(오전·오후), 월~토",11:00 / 16:00,0,Y,30,1,0.033,,virtual_dummy.xlsx,L52_공급조건·주문가능,2026-10-05T01:15
PH_DUMMY_01,2026-10-20,VB,"하루 1회, 월~금",15:00,100000,Y,4,0,0,,virtual_dummy.xlsx,L52_공급조건·주문가능,2026-10-05T01:15
PH_DUMMY_01,2026-10-20,VC,주 1회(화요일),전주 금요일,300000,Y,11,1,0.091,,virtual_dummy.xlsx,L52_공급조건·주문가능,2026-10-05T01:15
PH_DUMMY_01,2026-10-21,VA,"하루 2회(오전·오후), 월~토",11:00 / 16:00,0,Y,16,0,0,,virtual_dummy.xlsx,L52_공급조건·주문가능,2026-10-05T01:15
PH_DUMMY_01,2026-10-21,VB,"하루 1회, 월~금",15:00,100000,Y,5,0,0,,virtual_dummy.xlsx,L52_공급조건·주문가능,2026-10-05T01:15
PH_DUMMY_01,2026-10-21,VC,주 1회(화요일),전주 금요일,300000,N,0,0,,,virtual_dummy.xlsx,L52_공급조건·주문가능,2026-10-05T01:15
PH_DUMMY_01,2026-10-22,VA,"하루 2회(오전·오후), 월~토",11:00 / 16:00,0,Y,23,2,0.087,,virtual_dummy.xlsx,L52_공급조건·주문가능,2026-10-05T01:15
PH_DUMMY_01,2026-10-22,VB,"하루 1회, 월~금",15:00,100000,Y,10,2,0.2,,virtual_dummy.xlsx,L52_공급조건·주문가능,2026-10-05T01:15
PH_DUMMY_01,2026-10-22,VC,주 1회(화요일),전주 금요일,300000,N,0,0,,,virtual_dummy.xlsx,L52_공급조건·주문가능,2026-10-05T01:15
PH_DUMMY_01,2026-10-23,VA,"하루 2회(오전·오후), 월~토",11:00 / 16:00,0,Y,20,0,0,,virtual_dummy.xlsx,L52_공급조건·주문가능,2026-10-05T01:15
PH_DUMMY_01,2026-10-23,VB,"하루 1회, 월~금",15:00,100000,Y,8,1,0.125,,virtual_dummy.xlsx,L52_공급조건·주문가능,2026-10-05T01:15
PH_DUMMY_01,2026-10-23,VC,주 1회(화요일),전주 금요일,300000,N,0,0,,,virtual_dummy.xlsx,L52_공급조건·주문가능,2026-10-05T01:15
PH_DUMMY_01,2026-10-24,VA,"하루 2회(오전·오후), 월~토",11:00 / 16:00,0,Y,22,1,0.045,,virtual_dummy.xlsx,L52_공급조건·주문가능,2026-10-05T01:15
PH_DUMMY_01,2026-10-24,VB,"하루 1회, 월~금",15:00,100000,N,9,1,0.111,,virtual_dummy.xlsx,L52_공급조건·주문가능,2026-10-05T01:15
PH_DUMMY_01,2026-10-24,VC,주 1회(화요일),전주 금요일,300000,N,0,0,,,virtual_dummy.xlsx,L52_공급조건·주문가능,2026-10-05T01:15
PH_DUMMY_01,2026-10-25,VA,"하루 2회(오전·오후), 월~토",11:00 / 16:00,0,N,0,0,,,virtual_dummy.xlsx,L52_공급조건·주문가능,2026-10-05T01:15
PH_DUMMY_01,2026-10-25,VB,"하루 1회, 월~금",15:00,100000,N,0,0,,,virtual_dummy.xlsx,L52_공급조건·주문가능,2026-10-05T01:15
PH_DUMMY_01,2026-10-25,VC,주 1회(화요일),전주 금요일,300000,N,0,0,,,virtual_dummy.xlsx,L52_공급조건·주문가능,2026-10-05T01:15
PH_DUMMY_01,2026-10-26,VA,"하루 2회(오전·오후), 월~토",11:00 / 16:00,0,Y,38,1,0.026,,virtual_dummy.xlsx,L52_공급조건·주문가능,2026-10-05T01:15
PH_DUMMY_01,2026-10-26,VB,"하루 1회, 월~금",15:00,100000,Y,11,0,0,,virtual_dummy.xlsx,L52_공급조건·주문가능,2026-10-05T01:15
PH_DUMMY_01,2026-10-26,VC,주 1회(화요일),전주 금요일,300000,N,1,0,0,,virtual_dummy.xlsx,L52_공급조건·주문가능,2026-10-05T01:15
PH_DUMMY_01,2026-10-27,VA,"하루 2회(오전·오후), 월~토",11:00 / 16:00,0,Y,16,0,0,,virtual_dummy.xlsx,L52_공급조건·주문가능,2026-10-05T01:15
PH_DUMMY_01,2026-10-27,VB,"하루 1회, 월~금",15:00,100000,Y,6,0,0,,virtual_dummy.xlsx,L52_공급조건·주문가능,2026-10-05T01:15
PH_DUMMY_01,2026-10-27,VC,주 1회(화요일),전주 금요일,300000,Y,5,0,0,,virtual_dummy.xlsx,L52_공급조건·주문가능,2026-10-05T01:15
PH_DUMMY_01,2026-10-28,VA,"하루 2회(오전·오후), 월~토",11:00 / 16:00,0,Y,15,1,0.067,,virtual_dummy.xlsx,L52_공급조건·주문가능,2026-10-05T01:15
PH_DUMMY_01,2026-10-28,VB,"하루 1회, 월~금",15:00,100000,Y,10,0,0,,virtual_dummy.xlsx,L52_공급조건·주문가능,2026-10-05T01:15
PH_DUMMY_01,2026-10-28,VC,주 1회(화요일),전주 금요일,300000,N,0,0,,,virtual_dummy.xlsx,L52_공급조건·주문가능,2026-10-05T01:15
PH_DUMMY_01,2026-10-29,VA,"하루 2회(오전·오후), 월~토",11:00 / 16:00,0,Y,22,1,0.045,,virtual_dummy.xlsx,L52_공급조건·주문가능,2026-10-05T01:15
PH_DUMMY_01,2026-10-29,VB,"하루 1회, 월~금",15:00,100000,Y,3,0,0,,virtual_dummy.xlsx,L52_공급조건·주문가능,2026-10-05T01:15
PH_DUMMY_01,2026-10-29,VC,주 1회(화요일),전주 금요일,300000,N,0,0,,,virtual_dummy.xlsx,L52_공급조건·주문가능,2026-10-05T01:15
PH_DUMMY_01,2026-10-30,VA,"하루 2회(오전·오후), 월~토",11:00 / 16:00,0,Y,21,0,0,,virtual_dummy.xlsx,L52_공급조건·주문가능,2026-10-05T01:15
PH_DUMMY_01,2026-10-30,VB,"하루 1회, 월~금",15:00,100000,Y,15,0,0,,virtual_dummy.xlsx,L52_공급조건·주문가능,2026-10-05T01:15
PH_DUMMY_01,2026-10-30,VC,주 1회(화요일),전주 금요일,300000,N,0,0,,,virtual_dummy.xlsx,L52_공급조건·주문가능,2026-10-05T01:15
PH_DUMMY_01,2026-10-31,VA,"하루 2회(오전·오후), 월~토",11:00 / 16:00,0,Y,19,4,0.211,,virtual_dummy.xlsx,L52_공급조건·주문가능,2026-10-05T01:15
PH_DUMMY_01,2026-10-31,VB,"하루 1회, 월~금",15:00,100000,N,6,0,0,,virtual_dummy.xlsx,L52_공급조건·주문가능,2026-10-05T01:15
PH_DUMMY_01,2026-10-31,VC,주 1회(화요일),전주 금요일,300000,N,0,0,,,virtual_dummy.xlsx,L52_공급조건·주문가능,2026-10-05T01:15
PH_DUMMY_01,2026-11-01,VA,"하루 2회(오전·오후), 월~토",11:00 / 16:00,0,N,0,0,,,virtual_dummy.xlsx,L52_공급조건·주문가능,2026-10-05T01:15
PH_DUMMY_01,2026-11-01,VB,"하루 1회, 월~금",15:00,100000,N,0,0,,,virtual_dummy.xlsx,L52_공급조건·주문가능,2026-10-05T01:15
PH_DUMMY_01,2026-11-01,VC,주 1회(화요일),전주 금요일,300000,N,0,0,,,virtual_dummy.xlsx,L52_공급조건·주문가능,2026-10-05T01:15
PH_DUMMY_01,2026-11-02,VA,"하루 2회(오전·오후), 월~토",11:00 / 16:00,0,Y,36,1,0.028,,virtual_dummy.xlsx,L52_공급조건·주문가능,2026-10-05T01:15
PH_DUMMY_01,2026-11-02,VB,"하루 1회, 월~금",15:00,100000,Y,18,1,0.056,,virtual_dummy.xlsx,L52_공급조건·주문가능,2026-10-05T01:15
PH_DUMMY_01,2026-11-02,VC,주 1회(화요일),전주 금요일,300000,N,1,0,0,,virtual_dummy.xlsx,L52_공급조건·주문가능,2026-10-05T01:15
PH_DUMMY_01,2026-11-03,VA,"하루 2회(오전·오후), 월~토",11:00 / 16:00,0,Y,25,1,0.04,,virtual_dummy.xlsx,L52_공급조건·주문가능,2026-10-05T01:15
PH_DUMMY_01,2026-11-03,VB,"하루 1회, 월~금",15:00,100000,Y,2,0,0,,virtual_dummy.xlsx,L52_공급조건·주문가능,2026-10-05T01:15
PH_DUMMY_01,2026-11-03,VC,주 1회(화요일),전주 금요일,300000,Y,1,0,0,,virtual_dummy.xlsx,L52_공급조건·주문가능,2026-10-05T01:15
PH_DUMMY_01,2026-11-04,VA,"하루 2회(오전·오후), 월~토",11:00 / 16:00,0,Y,26,0,0,,virtual_dummy.xlsx,L52_공급조건·주문가능,2026-10-05T01:15
PH_DUMMY_01,2026-11-04,VB,"하루 1회, 월~금",15:00,100000,Y,8,1,0.125,,virtual_dummy.xlsx,L52_공급조건·주문가능,2026-10-05T01:15
PH_DUMMY_01,2026-11-04,VC,주 1회(화요일),전주 금요일,300000,N,0,0,,,virtual_dummy.xlsx,L52_공급조건·주문가능,2026-10-05T01:15
PH_DUMMY_01,2026-11-05,VA,"하루 2회(오전·오후), 월~토",11:00 / 16:00,0,Y,22,0,0,,virtual_dummy.xlsx,L52_공급조건·주문가능,2026-10-05T01:15
PH_DUMMY_01,2026-11-05,VB,"하루 1회, 월~금",15:00,100000,Y,11,0,0,,virtual_dummy.xlsx,L52_공급조건·주문가능,2026-10-05T01:15
PH_DUMMY_01,2026-11-05,VC,주 1회(화요일),전주 금요일,300000,N,0,0,,,virtual_dummy.xlsx,L52_공급조건·주문가능,2026-10-05T01:15
PH_DUMMY_01,2026-11-06,VA,"하루 2회(오전·오후), 월~토",11:00 / 16:00,0,Y,27,0,0,,virtual_dummy.xlsx,L52_공급조건·주문가능,2026-10-05T01:15
PH_DUMMY_01,2026-11-06,VB,"하루 1회, 월~금",15:00,100000,Y,7,1,0.143,,virtual_dummy.xlsx,L52_공급조건·주문가능,2026-10-05T01:15
PH_DUMMY_01,2026-11-06,VC,주 1회(화요일),전주 금요일,300000,N,0,0,,,virtual_dummy.xlsx,L52_공급조건·주문가능,2026-10-05T01:15
PH_DUMMY_01,2026-11-07,VA,"하루 2회(오전·오후), 월~토",11:00 / 16:00,0,Y,23,0,0,,virtual_dummy.xlsx,L52_공급조건·주문가능,2026-10-05T01:15
PH_DUMMY_01,2026-11-07,VB,"하루 1회, 월~금",15:00,100000,N,9,0,0,,virtual_dummy.xlsx,L52_공급조건·주문가능,2026-10-05T01:15
PH_DUMMY_01,2026-11-07,VC,주 1회(화요일),전주 금요일,300000,N,0,0,,,virtual_dummy.xlsx,L52_공급조건·주문가능,2026-10-05T01:15
PH_DUMMY_01,2026-11-08,VA,"하루 2회(오전·오후), 월~토",11:00 / 16:00,0,N,0,0,,,virtual_dummy.xlsx,L52_공급조건·주문가능,2026-10-05T01:15
PH_DUMMY_01,2026-11-08,VB,"하루 1회, 월~금",15:00,100000,N,0,0,,,virtual_dummy.xlsx,L52_공급조건·주문가능,2026-10-05T01:15
PH_DUMMY_01,2026-11-08,VC,주 1회(화요일),전주 금요일,300000,N,0,0,,,virtual_dummy.xlsx,L52_공급조건·주문가능,2026-10-05T01:15
PH_DUMMY_01,2026-11-09,VA,"하루 2회(오전·오후), 월~토",11:00 / 16:00,0,Y,40,1,0.025,,virtual_dummy.xlsx,L52_공급조건·주문가능,2026-10-05T01:15
PH_DUMMY_01,2026-11-09,VB,"하루 1회, 월~금",15:00,100000,Y,16,0,0,,virtual_dummy.xlsx,L52_공급조건·주문가능,2026-10-05T01:15
PH_DUMMY_01,2026-11-09,VC,주 1회(화요일),전주 금요일,300000,N,2,0,0,,virtual_dummy.xlsx,L52_공급조건·주문가능,2026-10-05T01:15
PH_DUMMY_01,2026-11-10,VA,"하루 2회(오전·오후), 월~토",11:00 / 16:00,0,Y,28,0,0,,virtual_dummy.xlsx,L52_공급조건·주문가능,2026-10-05T01:15
PH_DUMMY_01,2026-11-10,VB,"하루 1회, 월~금",15:00,100000,Y,5,0,0,,virtual_dummy.xlsx,L52_공급조건·주문가능,2026-10-05T01:15
PH_DUMMY_01,2026-11-10,VC,주 1회(화요일),전주 금요일,300000,Y,7,0,0,,virtual_dummy.xlsx,L52_공급조건·주문가능,2026-10-05T01:15
PH_DUMMY_01,2026-11-11,VA,"하루 2회(오전·오후), 월~토",11:00 / 16:00,0,Y,31,1,0.032,,virtual_dummy.xlsx,L52_공급조건·주문가능,2026-10-05T01:15
PH_DUMMY_01,2026-11-11,VB,"하루 1회, 월~금",15:00,100000,Y,10,0,0,,virtual_dummy.xlsx,L52_공급조건·주문가능,2026-10-05T01:15
PH_DUMMY_01,2026-11-11,VC,주 1회(화요일),전주 금요일,300000,N,0,0,,,virtual_dummy.xlsx,L52_공급조건·주문가능,2026-10-05T01:15
PH_DUMMY_01,2026-11-12,VA,"하루 2회(오전·오후), 월~토",11:00 / 16:00,0,Y,21,1,0.048,,virtual_dummy.xlsx,L52_공급조건·주문가능,2026-10-05T01:15
PH_DUMMY_01,2026-11-12,VB,"하루 1회, 월~금",15:00,100000,Y,8,0,0,,virtual_dummy.xlsx,L52_공급조건·주문가능,2026-10-05T01:15
PH_DUMMY_01,2026-11-12,VC,주 1회(화요일),전주 금요일,300000,N,0,0,,,virtual_dummy.xlsx,L52_공급조건·주문가능,2026-10-05T01:15
PH_DUMMY_01,2026-11-13,VA,"하루 2회(오전·오후), 월~토",11:00 / 16:00,0,Y,30,0,0,,virtual_dummy.xlsx,L52_공급조건·주문가능,2026-10-05T01:15
PH_DUMMY_01,2026-11-13,VB,"하루 1회, 월~금",15:00,100000,Y,4,0,0,,virtual_dummy.xlsx,L52_공급조건·주문가능,2026-10-05T01:15
PH_DUMMY_01,2026-11-13,VC,주 1회(화요일),전주 금요일,300000,N,0,0,,,virtual_dummy.xlsx,L52_공급조건·주문가능,2026-10-05T01:15
PH_DUMMY_01,2026-11-14,VA,"하루 2회(오전·오후), 월~토",11:00 / 16:00,0,Y,29,0,0,,virtual_dummy.xlsx,L52_공급조건·주문가능,2026-10-05T01:15
PH_DUMMY_01,2026-11-14,VB,"하루 1회, 월~금",15:00,100000,N,12,2,0.167,,virtual_dummy.xlsx,L52_공급조건·주문가능,2026-10-05T01:15
PH_DUMMY_01,2026-11-14,VC,주 1회(화요일),전주 금요일,300000,N,0,0,,,virtual_dummy.xlsx,L52_공급조건·주문가능,2026-10-05T01:15
PH_DUMMY_01,2026-11-15,VA,"하루 2회(오전·오후), 월~토",11:00 / 16:00,0,N,0,0,,,virtual_dummy.xlsx,L52_공급조건·주문가능,2026-10-05T01:15
PH_DUMMY_01,2026-11-15,VB,"하루 1회, 월~금",15:00,100000,N,0,0,,,virtual_dummy.xlsx,L52_공급조건·주문가능,2026-10-05T01:15
PH_DUMMY_01,2026-11-15,VC,주 1회(화요일),전주 금요일,300000,N,0,0,,,virtual_dummy.xlsx,L52_공급조건·주문가능,2026-10-05T01:15
PH_DUMMY_01,2026-11-16,VA,"하루 2회(오전·오후), 월~토",11:00 / 16:00,0,Y,39,1,0.026,,virtual_dummy.xlsx,L52_공급조건·주문가능,2026-10-05T01:15
PH_DUMMY_01,2026-11-16,VB,"하루 1회, 월~금",15:00,100000,Y,11,1,0.091,,virtual_dummy.xlsx,L52_공급조건·주문가능,2026-10-05T01:15
PH_DUMMY_01,2026-11-16,VC,주 1회(화요일),전주 금요일,300000,N,1,0,0,,virtual_dummy.xlsx,L52_공급조건·주문가능,2026-10-05T01:15
PH_DUMMY_01,2026-11-17,VA,"하루 2회(오전·오후), 월~토",11:00 / 16:00,0,Y,18,0,0,,virtual_dummy.xlsx,L52_공급조건·주문가능,2026-10-05T01:15
PH_DUMMY_01,2026-11-17,VB,"하루 1회, 월~금",15:00,100000,Y,7,0,0,,virtual_dummy.xlsx,L52_공급조건·주문가능,2026-10-05T01:15
PH_DUMMY_01,2026-11-17,VC,주 1회(화요일),전주 금요일,300000,Y,4,0,0,,virtual_dummy.xlsx,L52_공급조건·주문가능,2026-10-05T01:15
PH_DUMMY_01,2026-11-18,VA,"하루 2회(오전·오후), 월~토",11:00 / 16:00,0,Y,26,0,0,,virtual_dummy.xlsx,L52_공급조건·주문가능,2026-10-05T01:15
PH_DUMMY_01,2026-11-18,VB,"하루 1회, 월~금",15:00,100000,Y,10,1,0.1,,virtual_dummy.xlsx,L52_공급조건·주문가능,2026-10-05T01:15
PH_DUMMY_01,2026-11-18,VC,주 1회(화요일),전주 금요일,300000,N,0,0,,,virtual_dummy.xlsx,L52_공급조건·주문가능,2026-10-05T01:15
PH_DUMMY_01,2026-11-19,VA,"하루 2회(오전·오후), 월~토",11:00 / 16:00,0,Y,22,1,0.045,,virtual_dummy.xlsx,L52_공급조건·주문가능,2026-10-05T01:15
PH_DUMMY_01,2026-11-19,VB,"하루 1회, 월~금",15:00,100000,Y,4,1,0.25,,virtual_dummy.xlsx,L52_공급조건·주문가능,2026-10-05T01:15
PH_DUMMY_01,2026-11-19,VC,주 1회(화요일),전주 금요일,300000,N,0,0,,,virtual_dummy.xlsx,L52_공급조건·주문가능,2026-10-05T01:15
PH_DUMMY_01,2026-11-20,VA,"하루 2회(오전·오후), 월~토",11:00 / 16:00,0,Y,21,0,0,,virtual_dummy.xlsx,L52_공급조건·주문가능,2026-10-05T01:15
PH_DUMMY_01,2026-11-20,VB,"하루 1회, 월~금",15:00,100000,Y,10,1,0.1,아세트아미노펜 현탁액(소아용) 공급률 40%,virtual_dummy.xlsx,L52_공급조건·주문가능,2026-10-05T01:15
PH_DUMMY_01,2026-11-20,VC,주 1회(화요일),전주 금요일,300000,N,0,0,,,virtual_dummy.xlsx,L52_공급조건·주문가능,2026-10-05T01:15
PH_DUMMY_01,2026-11-21,VA,"하루 2회(오전·오후), 월~토",11:00 / 16:00,0,Y,37,1,0.027,,virtual_dummy.xlsx,L52_공급조건·주문가능,2026-10-05T01:15
PH_DUMMY_01,2026-11-21,VB,"하루 1회, 월~금",15:00,100000,N,3,0,0,아세트아미노펜 현탁액(소아용) 공급률 40%,virtual_dummy.xlsx,L52_공급조건·주문가능,2026-10-05T01:15
PH_DUMMY_01,2026-11-21,VC,주 1회(화요일),전주 금요일,300000,N,0,0,,,virtual_dummy.xlsx,L52_공급조건·주문가능,2026-10-05T01:15
PH_DUMMY_01,2026-11-22,VA,"하루 2회(오전·오후), 월~토",11:00 / 16:00,0,N,0,0,,,virtual_dummy.xlsx,L52_공급조건·주문가능,2026-10-05T01:15
PH_DUMMY_01,2026-11-22,VB,"하루 1회, 월~금",15:00,100000,N,0,0,,,virtual_dummy.xlsx,L52_공급조건·주문가능,2026-10-05T01:15
PH_DUMMY_01,2026-11-22,VC,주 1회(화요일),전주 금요일,300000,N,0,0,,,virtual_dummy.xlsx,L52_공급조건·주문가능,2026-10-05T01:15
PH_DUMMY_01,2026-11-23,VA,"하루 2회(오전·오후), 월~토",11:00 / 16:00,0,Y,38,1,0.026,,virtual_dummy.xlsx,L52_공급조건·주문가능,2026-10-05T01:15
PH_DUMMY_01,2026-11-23,VB,"하루 1회, 월~금",15:00,100000,Y,17,2,0.118,아세트아미노펜 현탁액(소아용) 공급률 40%,virtual_dummy.xlsx,L52_공급조건·주문가능,2026-10-05T01:15
PH_DUMMY_01,2026-11-23,VC,주 1회(화요일),전주 금요일,300000,N,1,0,0,,virtual_dummy.xlsx,L52_공급조건·주문가능,2026-10-05T01:15
PH_DUMMY_01,2026-11-24,VA,"하루 2회(오전·오후), 월~토",11:00 / 16:00,0,Y,22,0,0,,virtual_dummy.xlsx,L52_공급조건·주문가능,2026-10-05T01:15
PH_DUMMY_01,2026-11-24,VB,"하루 1회, 월~금",15:00,100000,Y,8,0,0,아세트아미노펜 현탁액(소아용) 공급률 40%,virtual_dummy.xlsx,L52_공급조건·주문가능,2026-10-05T01:15
PH_DUMMY_01,2026-11-24,VC,주 1회(화요일),전주 금요일,300000,Y,8,0,0,,virtual_dummy.xlsx,L52_공급조건·주문가능,2026-10-05T01:15
PH_DUMMY_01,2026-11-25,VA,"하루 2회(오전·오후), 월~토",11:00 / 16:00,0,Y,16,0,0,,virtual_dummy.xlsx,L52_공급조건·주문가능,2026-10-05T01:15
PH_DUMMY_01,2026-11-25,VB,"하루 1회, 월~금",15:00,100000,Y,9,1,0.111,아세트아미노펜 현탁액(소아용) 공급률 40%,virtual_dummy.xlsx,L52_공급조건·주문가능,2026-10-05T01:15
PH_DUMMY_01,2026-11-25,VC,주 1회(화요일),전주 금요일,300000,N,0,0,,,virtual_dummy.xlsx,L52_공급조건·주문가능,2026-10-05T01:15
PH_DUMMY_01,2026-11-26,VA,"하루 2회(오전·오후), 월~토",11:00 / 16:00,0,Y,28,1,0.036,,virtual_dummy.xlsx,L52_공급조건·주문가능,2026-10-05T01:15
PH_DUMMY_01,2026-11-26,VB,"하루 1회, 월~금",15:00,100000,Y,7,0,0,아세트아미노펜 현탁액(소아용) 공급률 40%,virtual_dummy.xlsx,L52_공급조건·주문가능,2026-10-05T01:15
PH_DUMMY_01,2026-11-26,VC,주 1회(화요일),전주 금요일,300000,N,0,0,,,virtual_dummy.xlsx,L52_공급조건·주문가능,2026-10-05T01:15
PH_DUMMY_01,2026-11-27,VA,"하루 2회(오전·오후), 월~토",11:00 / 16:00,0,Y,15,1,0.067,,virtual_dummy.xlsx,L52_공급조건·주문가능,2026-10-05T01:15
PH_DUMMY_01,2026-11-27,VB,"하루 1회, 월~금",15:00,100000,Y,7,2,0.286,아세트아미노펜 현탁액(소아용) 공급률 40%,virtual_dummy.xlsx,L52_공급조건·주문가능,2026-10-05T01:15
PH_DUMMY_01,2026-11-27,VC,주 1회(화요일),전주 금요일,300000,N,0,0,,,virtual_dummy.xlsx,L52_공급조건·주문가능,2026-10-05T01:15
PH_DUMMY_01,2026-11-28,VA,"하루 2회(오전·오후), 월~토",11:00 / 16:00,0,Y,16,1,0.062,,virtual_dummy.xlsx,L52_공급조건·주문가능,2026-10-05T01:15
PH_DUMMY_01,2026-11-28,VB,"하루 1회, 월~금",15:00,100000,N,4,1,0.25,아세트아미노펜 현탁액(소아용) 공급률 40%,virtual_dummy.xlsx,L52_공급조건·주문가능,2026-10-05T01:15
PH_DUMMY_01,2026-11-28,VC,주 1회(화요일),전주 금요일,300000,N,0,0,,,virtual_dummy.xlsx,L52_공급조건·주문가능,2026-10-05T01:15
PH_DUMMY_01,2026-11-29,VA,"하루 2회(오전·오후), 월~토",11:00 / 16:00,0,N,0,0,,,virtual_dummy.xlsx,L52_공급조건·주문가능,2026-10-05T01:15
PH_DUMMY_01,2026-11-29,VB,"하루 1회, 월~금",15:00,100000,N,0,0,,,virtual_dummy.xlsx,L52_공급조건·주문가능,2026-10-05T01:15
PH_DUMMY_01,2026-11-29,VC,주 1회(화요일),전주 금요일,300000,N,0,0,,,virtual_dummy.xlsx,L52_공급조건·주문가능,2026-10-05T01:15
PH_DUMMY_01,2026-11-30,VA,"하루 2회(오전·오후), 월~토",11:00 / 16:00,0,Y,39,2,0.051,,virtual_dummy.xlsx,L52_공급조건·주문가능,2026-10-05T01:15
PH_DUMMY_01,2026-11-30,VB,"하루 1회, 월~금",15:00,100000,Y,14,3,0.214,아세트아미노펜 현탁액(소아용) 공급률 40%,virtual_dummy.xlsx,L52_공급조건·주문가능,2026-10-05T01:15
PH_DUMMY_01,2026-11-30,VC,주 1회(화요일),전주 금요일,300000,N,2,0,0,,virtual_dummy.xlsx,L52_공급조건·주문가능,2026-10-05T01:15
PH_DUMMY_01,2026-12-01,VA,"하루 2회(오전·오후), 월~토",11:00 / 16:00,0,Y,21,0,0,아목시실린캡슐 500mg(제네릭) 공급률 50%,virtual_dummy.xlsx,L52_공급조건·주문가능,2026-10-05T01:15
PH_DUMMY_01,2026-12-01,VB,"하루 1회, 월~금",15:00,100000,Y,5,1,0.2,아세트아미노펜 현탁액(소아용) 공급률 40%,virtual_dummy.xlsx,L52_공급조건·주문가능,2026-10-05T01:15
PH_DUMMY_01,2026-12-01,VC,주 1회(화요일),전주 금요일,300000,Y,3,0,0,,virtual_dummy.xlsx,L52_공급조건·주문가능,2026-10-05T01:15
PH_DUMMY_01,2026-12-02,VA,"하루 2회(오전·오후), 월~토",11:00 / 16:00,0,Y,21,0,0,아목시실린캡슐 500mg(제네릭) 공급률 50%,virtual_dummy.xlsx,L52_공급조건·주문가능,2026-10-05T01:15
PH_DUMMY_01,2026-12-02,VB,"하루 1회, 월~금",15:00,100000,Y,3,1,0.333,아세트아미노펜 현탁액(소아용) 공급률 40%,virtual_dummy.xlsx,L52_공급조건·주문가능,2026-10-05T01:15
PH_DUMMY_01,2026-12-02,VC,주 1회(화요일),전주 금요일,300000,N,0,0,,,virtual_dummy.xlsx,L52_공급조건·주문가능,2026-10-05T01:15
PH_DUMMY_01,2026-12-03,VA,"하루 2회(오전·오후), 월~토",11:00 / 16:00,0,Y,27,0,0,아목시실린캡슐 500mg(제네릭) 공급률 50%,virtual_dummy.xlsx,L52_공급조건·주문가능,2026-10-05T01:15
PH_DUMMY_01,2026-12-03,VB,"하루 1회, 월~금",15:00,100000,Y,9,1,0.111,아세트아미노펜 현탁액(소아용) 공급률 40%,virtual_dummy.xlsx,L52_공급조건·주문가능,2026-10-05T01:15
PH_DUMMY_01,2026-12-03,VC,주 1회(화요일),전주 금요일,300000,N,0,0,,,virtual_dummy.xlsx,L52_공급조건·주문가능,2026-10-05T01:15
PH_DUMMY_01,2026-12-04,VA,"하루 2회(오전·오후), 월~토",11:00 / 16:00,0,Y,21,1,0.048,아목시실린캡슐 500mg(제네릭) 공급률 50%,virtual_dummy.xlsx,L52_공급조건·주문가능,2026-10-05T01:15
PH_DUMMY_01,2026-12-04,VB,"하루 1회, 월~금",15:00,100000,Y,9,1,0.111,아세트아미노펜 현탁액(소아용) 공급률 40%,virtual_dummy.xlsx,L52_공급조건·주문가능,2026-10-05T01:15
PH_DUMMY_01,2026-12-04,VC,주 1회(화요일),전주 금요일,300000,N,0,0,,,virtual_dummy.xlsx,L52_공급조건·주문가능,2026-10-05T01:15
PH_DUMMY_01,2026-12-05,VA,"하루 2회(오전·오후), 월~토",11:00 / 16:00,0,Y,32,2,0.062,아목시실린캡슐 500mg(제네릭) 공급률 50%,virtual_dummy.xlsx,L52_공급조건·주문가능,2026-10-05T01:15
PH_DUMMY_01,2026-12-05,VB,"하루 1회, 월~금",15:00,100000,N,6,2,0.333,아세트아미노펜 현탁액(소아용) 공급률 40%,virtual_dummy.xlsx,L52_공급조건·주문가능,2026-10-05T01:15
PH_DUMMY_01,2026-12-05,VC,주 1회(화요일),전주 금요일,300000,N,0,0,,,virtual_dummy.xlsx,L52_공급조건·주문가능,2026-10-05T01:15
PH_DUMMY_01,2026-12-06,VA,"하루 2회(오전·오후), 월~토",11:00 / 16:00,0,N,0,0,,,virtual_dummy.xlsx,L52_공급조건·주문가능,2026-10-05T01:15
PH_DUMMY_01,2026-12-06,VB,"하루 1회, 월~금",15:00,100000,N,0,0,,,virtual_dummy.xlsx,L52_공급조건·주문가능,2026-10-05T01:15
PH_DUMMY_01,2026-12-06,VC,주 1회(화요일),전주 금요일,300000,N,0,0,,,virtual_dummy.xlsx,L52_공급조건·주문가능,2026-10-05T01:15
PH_DUMMY_01,2026-12-07,VA,"하루 2회(오전·오후), 월~토",11:00 / 16:00,0,Y,40,4,0.1,아목시실린캡슐 500mg(제네릭) 공급률 50%,virtual_dummy.xlsx,L52_공급조건·주문가능,2026-10-05T01:15
PH_DUMMY_01,2026-12-07,VB,"하루 1회, 월~금",15:00,100000,Y,12,3,0.25,아세트아미노펜 현탁액(소아용) 공급률 40%,virtual_dummy.xlsx,L52_공급조건·주문가능,2026-10-05T01:15
PH_DUMMY_01,2026-12-07,VC,주 1회(화요일),전주 금요일,300000,N,1,0,0,,virtual_dummy.xlsx,L52_공급조건·주문가능,2026-10-05T01:15
PH_DUMMY_01,2026-12-08,VA,"하루 2회(오전·오후), 월~토",11:00 / 16:00,0,Y,23,3,0.13,아목시실린캡슐 500mg(제네릭) 공급률 50%,virtual_dummy.xlsx,L52_공급조건·주문가능,2026-10-05T01:15
PH_DUMMY_01,2026-12-08,VB,"하루 1회, 월~금",15:00,100000,Y,7,0,0,아세트아미노펜 현탁액(소아용) 공급률 40%,virtual_dummy.xlsx,L52_공급조건·주문가능,2026-10-05T01:15
PH_DUMMY_01,2026-12-08,VC,주 1회(화요일),전주 금요일,300000,Y,6,0,0,,virtual_dummy.xlsx,L52_공급조건·주문가능,2026-10-05T01:15
PH_DUMMY_01,2026-12-09,VA,"하루 2회(오전·오후), 월~토",11:00 / 16:00,0,Y,28,3,0.107,아목시실린캡슐 500mg(제네릭) 공급률 50%,virtual_dummy.xlsx,L52_공급조건·주문가능,2026-10-05T01:15
PH_DUMMY_01,2026-12-09,VB,"하루 1회, 월~금",15:00,100000,Y,4,1,0.25,아세트아미노펜 현탁액(소아용) 공급률 40%,virtual_dummy.xlsx,L52_공급조건·주문가능,2026-10-05T01:15
PH_DUMMY_01,2026-12-09,VC,주 1회(화요일),전주 금요일,300000,N,0,0,,,virtual_dummy.xlsx,L52_공급조건·주문가능,2026-10-05T01:15
PH_DUMMY_01,2026-12-10,VA,"하루 2회(오전·오후), 월~토",11:00 / 16:00,0,Y,24,0,0,아목시실린캡슐 500mg(제네릭) 공급률 50%,virtual_dummy.xlsx,L52_공급조건·주문가능,2026-10-05T01:15
PH_DUMMY_01,2026-12-10,VB,"하루 1회, 월~금",15:00,100000,Y,10,2,0.2,아세트아미노펜 현탁액(소아용) 공급률 40%,virtual_dummy.xlsx,L52_공급조건·주문가능,2026-10-05T01:15
PH_DUMMY_01,2026-12-10,VC,주 1회(화요일),전주 금요일,300000,N,0,0,,,virtual_dummy.xlsx,L52_공급조건·주문가능,2026-10-05T01:15
PH_DUMMY_01,2026-12-11,VA,"하루 2회(오전·오후), 월~토",11:00 / 16:00,0,Y,25,0,0,아목시실린캡슐 500mg(제네릭) 공급률 50%,virtual_dummy.xlsx,L52_공급조건·주문가능,2026-10-05T01:15
PH_DUMMY_01,2026-12-11,VB,"하루 1회, 월~금",15:00,100000,Y,3,1,0.333,아세트아미노펜 현탁액(소아용) 공급률 40%,virtual_dummy.xlsx,L52_공급조건·주문가능,2026-10-05T01:15
PH_DUMMY_01,2026-12-11,VC,주 1회(화요일),전주 금요일,300000,N,0,0,,,virtual_dummy.xlsx,L52_공급조건·주문가능,2026-10-05T01:15
PH_DUMMY_01,2026-12-12,VA,"하루 2회(오전·오후), 월~토",11:00 / 16:00,0,Y,12,0,0,아목시실린캡슐 500mg(제네릭) 공급률 50%,virtual_dummy.xlsx,L52_공급조건·주문가능,2026-10-05T01:15
PH_DUMMY_01,2026-12-12,VB,"하루 1회, 월~금",15:00,100000,N,12,2,0.167,아세트아미노펜 현탁액(소아용) 공급률 40%,virtual_dummy.xlsx,L52_공급조건·주문가능,2026-10-05T01:15
PH_DUMMY_01,2026-12-12,VC,주 1회(화요일),전주 금요일,300000,N,0,0,,,virtual_dummy.xlsx,L52_공급조건·주문가능,2026-10-05T01:15
PH_DUMMY_01,2026-12-13,VA,"하루 2회(오전·오후), 월~토",11:00 / 16:00,0,N,0,0,,,virtual_dummy.xlsx,L52_공급조건·주문가능,2026-10-05T01:15
PH_DUMMY_01,2026-12-13,VB,"하루 1회, 월~금",15:00,100000,N,0,0,,,virtual_dummy.xlsx,L52_공급조건·주문가능,2026-10-05T01:15
PH_DUMMY_01,2026-12-13,VC,주 1회(화요일),전주 금요일,300000,N,0,0,,,virtual_dummy.xlsx,L52_공급조건·주문가능,2026-10-05T01:15
PH_DUMMY_01,2026-12-14,VA,"하루 2회(오전·오후), 월~토",11:00 / 16:00,0,Y,62,4,0.065,아목시실린캡슐 500mg(제네릭) 공급률 50%,virtual_dummy.xlsx,L52_공급조건·주문가능,2026-10-05T01:15
PH_DUMMY_01,2026-12-14,VB,"하루 1회, 월~금",15:00,100000,Y,12,1,0.083,아세트아미노펜 현탁액(소아용) 공급률 40%,virtual_dummy.xlsx,L52_공급조건·주문가능,2026-10-05T01:15
PH_DUMMY_01,2026-12-14,VC,주 1회(화요일),전주 금요일,300000,N,0,0,,,virtual_dummy.xlsx,L52_공급조건·주문가능,2026-10-05T01:15
PH_DUMMY_01,2026-12-15,VA,"하루 2회(오전·오후), 월~토",11:00 / 16:00,0,Y,23,2,0.087,아목시실린캡슐 500mg(제네릭) 공급률 50%,virtual_dummy.xlsx,L52_공급조건·주문가능,2026-10-05T01:15
PH_DUMMY_01,2026-12-15,VB,"하루 1회, 월~금",15:00,100000,Y,4,0,0,아세트아미노펜 현탁액(소아용) 공급률 40%,virtual_dummy.xlsx,L52_공급조건·주문가능,2026-10-05T01:15
PH_DUMMY_01,2026-12-15,VC,주 1회(화요일),전주 금요일,300000,Y,5,0,0,,virtual_dummy.xlsx,L52_공급조건·주문가능,2026-10-05T01:15
PH_DUMMY_01,2026-12-16,VA,"하루 2회(오전·오후), 월~토",11:00 / 16:00,0,Y,14,1,0.071,아목시실린캡슐 500mg(제네릭) 공급률 50%,virtual_dummy.xlsx,L52_공급조건·주문가능,2026-10-05T01:15
PH_DUMMY_01,2026-12-16,VB,"하루 1회, 월~금",15:00,100000,Y,6,1,0.167,아세트아미노펜 현탁액(소아용) 공급률 40%,virtual_dummy.xlsx,L52_공급조건·주문가능,2026-10-05T01:15
PH_DUMMY_01,2026-12-16,VC,주 1회(화요일),전주 금요일,300000,N,0,0,,,virtual_dummy.xlsx,L52_공급조건·주문가능,2026-10-05T01:15
PH_DUMMY_01,2026-12-17,VA,"하루 2회(오전·오후), 월~토",11:00 / 16:00,0,Y,21,0,0,아목시실린캡슐 500mg(제네릭) 공급률 50%,virtual_dummy.xlsx,L52_공급조건·주문가능,2026-10-05T01:15
PH_DUMMY_01,2026-12-17,VB,"하루 1회, 월~금",15:00,100000,Y,8,2,0.25,아세트아미노펜 현탁액(소아용) 공급률 40%,virtual_dummy.xlsx,L52_공급조건·주문가능,2026-10-05T01:15
PH_DUMMY_01,2026-12-17,VC,주 1회(화요일),전주 금요일,300000,N,0,0,,,virtual_dummy.xlsx,L52_공급조건·주문가능,2026-10-05T01:15
PH_DUMMY_01,2026-12-18,VA,"하루 2회(오전·오후), 월~토",11:00 / 16:00,0,Y,23,2,0.087,아목시실린캡슐 500mg(제네릭) 공급률 50%,virtual_dummy.xlsx,L52_공급조건·주문가능,2026-10-05T01:15
PH_DUMMY_01,2026-12-18,VB,"하루 1회, 월~금",15:00,100000,Y,7,1,0.143,아세트아미노펜 현탁액(소아용) 공급률 40%,virtual_dummy.xlsx,L52_공급조건·주문가능,2026-10-05T01:15
PH_DUMMY_01,2026-12-18,VC,주 1회(화요일),전주 금요일,300000,N,0,0,,,virtual_dummy.xlsx,L52_공급조건·주문가능,2026-10-05T01:15
PH_DUMMY_01,2026-12-19,VA,"하루 2회(오전·오후), 월~토",11:00 / 16:00,0,Y,17,0,0,아목시실린캡슐 500mg(제네릭) 공급률 50%,virtual_dummy.xlsx,L52_공급조건·주문가능,2026-10-05T01:15
PH_DUMMY_01,2026-12-19,VB,"하루 1회, 월~금",15:00,100000,N,9,1,0.111,아세트아미노펜 현탁액(소아용) 공급률 40%,virtual_dummy.xlsx,L52_공급조건·주문가능,2026-10-05T01:15
PH_DUMMY_01,2026-12-19,VC,주 1회(화요일),전주 금요일,300000,N,0,0,,,virtual_dummy.xlsx,L52_공급조건·주문가능,2026-10-05T01:15
PH_DUMMY_01,2026-12-20,VA,"하루 2회(오전·오후), 월~토",11:00 / 16:00,0,N,0,0,,,virtual_dummy.xlsx,L52_공급조건·주문가능,2026-10-05T01:15
PH_DUMMY_01,2026-12-20,VB,"하루 1회, 월~금",15:00,100000,N,0,0,,,virtual_dummy.xlsx,L52_공급조건·주문가능,2026-10-05T01:15
PH_DUMMY_01,2026-12-20,VC,주 1회(화요일),전주 금요일,300000,N,0,0,,,virtual_dummy.xlsx,L52_공급조건·주문가능,2026-10-05T01:15
PH_DUMMY_01,2026-12-21,VA,"하루 2회(오전·오후), 월~토",11:00 / 16:00,0,Y,49,1,0.02,,virtual_dummy.xlsx,L52_공급조건·주문가능,2026-10-05T01:15
PH_DUMMY_01,2026-12-21,VB,"하루 1회, 월~금",15:00,100000,Y,13,1,0.077,아세트아미노펜 현탁액(소아용) 공급률 40%,virtual_dummy.xlsx,L52_공급조건·주문가능,2026-10-05T01:15
PH_DUMMY_01,2026-12-21,VC,주 1회(화요일),전주 금요일,300000,N,1,0,0,,virtual_dummy.xlsx,L52_공급조건·주문가능,2026-10-05T01:15
PH_DUMMY_01,2026-12-22,VA,"하루 2회(오전·오후), 월~토",11:00 / 16:00,0,Y,21,1,0.048,,virtual_dummy.xlsx,L52_공급조건·주문가능,2026-10-05T01:15
PH_DUMMY_01,2026-12-22,VB,"하루 1회, 월~금",15:00,100000,Y,10,2,0.2,아세트아미노펜 현탁액(소아용) 공급률 40%,virtual_dummy.xlsx,L52_공급조건·주문가능,2026-10-05T01:15
PH_DUMMY_01,2026-12-22,VC,주 1회(화요일),전주 금요일,300000,Y,4,0,0,,virtual_dummy.xlsx,L52_공급조건·주문가능,2026-10-05T01:15
PH_DUMMY_01,2026-12-23,VA,"하루 2회(오전·오후), 월~토",11:00 / 16:00,0,Y,21,2,0.095,,virtual_dummy.xlsx,L52_공급조건·주문가능,2026-10-05T01:15
PH_DUMMY_01,2026-12-23,VB,"하루 1회, 월~금",15:00,100000,Y,12,1,0.083,아세트아미노펜 현탁액(소아용) 공급률 40%,virtual_dummy.xlsx,L52_공급조건·주문가능,2026-10-05T01:15
PH_DUMMY_01,2026-12-23,VC,주 1회(화요일),전주 금요일,300000,N,0,0,,,virtual_dummy.xlsx,L52_공급조건·주문가능,2026-10-05T01:15
PH_DUMMY_01,2026-12-24,VA,"하루 2회(오전·오후), 월~토",11:00 / 16:00,0,Y,14,0,0,,virtual_dummy.xlsx,L52_공급조건·주문가능,2026-10-05T01:15
PH_DUMMY_01,2026-12-24,VB,"하루 1회, 월~금",15:00,100000,Y,6,1,0.167,아세트아미노펜 현탁액(소아용) 공급률 40%,virtual_dummy.xlsx,L52_공급조건·주문가능,2026-10-05T01:15
PH_DUMMY_01,2026-12-24,VC,주 1회(화요일),전주 금요일,300000,N,0,0,,,virtual_dummy.xlsx,L52_공급조건·주문가능,2026-10-05T01:15
PH_DUMMY_01,2026-12-25,VA,"하루 2회(오전·오후), 월~토",11:00 / 16:00,0,N,0,0,,,virtual_dummy.xlsx,L52_공급조건·주문가능,2026-10-05T01:15
PH_DUMMY_01,2026-12-25,VB,"하루 1회, 월~금",15:00,100000,N,0,0,,,virtual_dummy.xlsx,L52_공급조건·주문가능,2026-10-05T01:15
PH_DUMMY_01,2026-12-25,VC,주 1회(화요일),전주 금요일,300000,N,0,0,,,virtual_dummy.xlsx,L52_공급조건·주문가능,2026-10-05T01:15
PH_DUMMY_01,2026-12-26,VA,"하루 2회(오전·오후), 월~토",11:00 / 16:00,0,Y,15,1,0.067,,virtual_dummy.xlsx,L52_공급조건·주문가능,2026-10-05T01:15
PH_DUMMY_01,2026-12-26,VB,"하루 1회, 월~금",15:00,100000,N,10,2,0.2,아세트아미노펜 현탁액(소아용) 공급률 40%,virtual_dummy.xlsx,L52_공급조건·주문가능,2026-10-05T01:15
PH_DUMMY_01,2026-12-26,VC,주 1회(화요일),전주 금요일,300000,N,0,0,,,virtual_dummy.xlsx,L52_공급조건·주문가능,2026-10-05T01:15
PH_DUMMY_01,2026-12-27,VA,"하루 2회(오전·오후), 월~토",11:00 / 16:00,0,N,0,0,,,virtual_dummy.xlsx,L52_공급조건·주문가능,2026-10-05T01:15
PH_DUMMY_01,2026-12-27,VB,"하루 1회, 월~금",15:00,100000,N,0,0,,,virtual_dummy.xlsx,L52_공급조건·주문가능,2026-10-05T01:15
PH_DUMMY_01,2026-12-27,VC,주 1회(화요일),전주 금요일,300000,N,0,0,,,virtual_dummy.xlsx,L52_공급조건·주문가능,2026-10-05T01:15
PH_DUMMY_01,2026-12-28,VA,"하루 2회(오전·오후), 월~토",11:00 / 16:00,0,Y,43,3,0.07,,virtual_dummy.xlsx,L52_공급조건·주문가능,2026-10-05T01:15
PH_DUMMY_01,2026-12-28,VB,"하루 1회, 월~금",15:00,100000,Y,18,3,0.167,아세트아미노펜 현탁액(소아용) 공급률 40%,virtual_dummy.xlsx,L52_공급조건·주문가능,2026-10-05T01:15
PH_DUMMY_01,2026-12-28,VC,주 1회(화요일),전주 금요일,300000,N,1,0,0,,virtual_dummy.xlsx,L52_공급조건·주문가능,2026-10-05T01:15
PH_DUMMY_01,2026-12-29,VA,"하루 2회(오전·오후), 월~토",11:00 / 16:00,0,Y,14,2,0.143,,virtual_dummy.xlsx,L52_공급조건·주문가능,2026-10-05T01:15
PH_DUMMY_01,2026-12-29,VB,"하루 1회, 월~금",15:00,100000,Y,4,0,0,아세트아미노펜 현탁액(소아용) 공급률 40%,virtual_dummy.xlsx,L52_공급조건·주문가능,2026-10-05T01:15
PH_DUMMY_01,2026-12-29,VC,주 1회(화요일),전주 금요일,300000,Y,8,1,0.125,,virtual_dummy.xlsx,L52_공급조건·주문가능,2026-10-05T01:15
PH_DUMMY_01,2026-12-30,VA,"하루 2회(오전·오후), 월~토",11:00 / 16:00,0,Y,29,2,0.069,,virtual_dummy.xlsx,L52_공급조건·주문가능,2026-10-05T01:15
PH_DUMMY_01,2026-12-30,VB,"하루 1회, 월~금",15:00,100000,Y,9,1,0.111,아세트아미노펜 현탁액(소아용) 공급률 40%,virtual_dummy.xlsx,L52_공급조건·주문가능,2026-10-05T01:15
PH_DUMMY_01,2026-12-30,VC,주 1회(화요일),전주 금요일,300000,N,0,0,,,virtual_dummy.xlsx,L52_공급조건·주문가능,2026-10-05T01:15
PH_DUMMY_01,2026-12-31,VA,"하루 2회(오전·오후), 월~토",11:00 / 16:00,0,Y,31,3,0.097,,virtual_dummy.xlsx,L52_공급조건·주문가능,2026-10-05T01:15
PH_DUMMY_01,2026-12-31,VB,"하루 1회, 월~금",15:00,100000,Y,6,2,0.333,아세트아미노펜 현탁액(소아용) 공급률 40%,virtual_dummy.xlsx,L52_공급조건·주문가능,2026-10-05T01:15
PH_DUMMY_01,2026-12-31,VC,주 1회(화요일),전주 금요일,300000,N,0,0,,,virtual_dummy.xlsx,L52_공급조건·주문가능,2026-10-05T01:15
